altitude,cadence,distance,enhanced_altitude,enhanced_speed,heart_rate,power,speed,timestamp
261.0,85,7.01,261.0,7.011,128,166,7.011,2024-06-05 10:59:31
257.20000000000005,84,13.66,257.20000000000005,6.645,127,193,6.645,2024-06-05 10:59:32
259.0,83,21.05,259.0,7.391,124,178,7.391,2024-06-05 10:59:33
259.79999999999995,85,28.34,259.79999999999995,7.293,128,205,7.293,2024-06-05 10:59:34
262.79999999999995,88,37.15,262.79999999999995,8.811,127,177,8.811,2024-06-05 10:59:35
256.79999999999995,87,44.22,256.79999999999995,7.065,135,178,7.065,2024-06-05 10:59:36
261.4,84,51.35,261.4,7.133,128,173,7.133,2024-06-05 10:59:37
257.20000000000005,88,57.84,257.20000000000005,6.492,126,173,6.492,2024-06-05 10:59:38
261.6,81,65.51,261.6,7.673,134,193,7.673,2024-06-05 10:59:39
258.79999999999995,87,72.87,258.79999999999995,7.355,128,182,7.355,2024-06-05 10:59:40
261.20000000000005,82,80.66,261.20000000000005,7.788,125,189,7.788,2024-06-05 10:59:41
257.4,84,87.64,257.4,6.989,133,172,6.989,2024-06-05 10:59:42
261.20000000000005,85,94.78,261.20000000000005,7.131,137,181,7.131,2024-06-05 10:59:43
259.79999999999995,89,101.91,259.79999999999995,7.13,125,171,7.13,2024-06-05 10:59:44
256.20000000000005,88,108.78,256.20000000000005,6.872,131,179,6.872,2024-06-05 10:59:45
259.6,82,115.83,259.6,7.048,136,187,7.048,2024-06-05 10:59:46
258.20000000000005,87,122.9,258.20000000000005,7.073,132,191,7.073,2024-06-05 10:59:47
257.4,88,130.44,257.4,7.542,125,189,7.542,2024-06-05 10:59:48
259.0,90,138.44,259.0,7.995,128,180,7.995,2024-06-05 10:59:49
259.20000000000005,83,145.5,259.20000000000005,7.059,127,171,7.059,2024-06-05 10:59:50
259.79999999999995,87,152.59,259.79999999999995,7.092,127,184,7.092,2024-06-05 10:59:51
258.79999999999995,89,159.61,258.79999999999995,7.027,127,192,7.027,2024-06-05 10:59:52
262.4,85,167.05,262.4,7.439,128,167,7.439,2024-06-05 10:59:53
258.0,86,174.08,258.0,7.028,128,185,7.028,2024-06-05 10:59:54
257.79999999999995,83,181.36,257.79999999999995,7.274,122,170,7.274,2024-06-05 10:59:55
260.6,84,187.45,260.6,6.091,133,185,6.091,2024-06-05 10:59:56
259.0,85,193.57,259.0,6.119,133,183,6.119,2024-06-05 10:59:57
256.20000000000005,79,200.47,256.20000000000005,6.905,128,182,6.905,2024-06-05 10:59:58
258.4,84,207.21,258.4,6.741,124,175,6.741,2024-06-05 10:59:59
258.0,84,215.1,258.0,7.888,130,184,7.888,2024-06-05 11:00:00
259.0,86,222.27,259.0,7.172,137,178,7.172,2024-06-05 11:00:01
259.20000000000005,85,229.17,259.20000000000005,6.899,124,167,6.899,2024-06-05 11:00:02
261.6,88,236.6,261.6,7.423,133,157,7.423,2024-06-05 11:00:03
262.0,83,242.89,262.0,6.295,121,174,6.295,2024-06-05 11:00:04
259.6,86,249.7,259.6,6.809,130,184,6.809,2024-06-05 11:00:05
262.4,88,256.31,262.4,6.614,129,185,6.614,2024-06-05 11:00:06
262.20000000000005,89,263.02,262.20000000000005,6.704,133,179,6.704,2024-06-05 11:00:07
257.20000000000005,78,270.14,257.20000000000005,7.127,129,156,7.127,2024-06-05 11:00:08
259.20000000000005,83,277.01,259.20000000000005,6.862,131,187,6.862,2024-06-05 11:00:09
262.20000000000005,86,283.67,262.20000000000005,6.662,118,172,6.662,2024-06-05 11:00:10
259.0,84,290.77,259.0,7.101,127,167,7.101,2024-06-05 11:00:11
262.0,81,297.5,262.0,6.731,123,185,6.731,2024-06-05 11:00:12
257.4,84,304.11,257.4,6.609,127,180,6.609,2024-06-05 11:00:13
260.20000000000005,84,310.61,260.20000000000005,6.504,126,185,6.504,2024-06-05 11:00:14
256.20000000000005,84,317.28,256.20000000000005,6.667,136,156,6.667,2024-06-05 11:00:15
256.4,82,323.56,256.4,6.283,124,174,6.283,2024-06-05 11:00:16
259.6,87,331.31,259.6,7.747,130,189,7.747,2024-06-05 11:00:17
257.20000000000005,84,338.43,257.20000000000005,7.121,137,154,7.121,2024-06-05 11:00:18
262.20000000000005,81,345.73,262.20000000000005,7.299,134,175,7.299,2024-06-05 11:00:19
257.4,83,352.23,257.4,6.497,130,199,6.497,2024-06-05 11:00:20
262.6,84,359.77,262.6,7.537,127,192,7.537,2024-06-05 11:00:21
262.0,85,366.06,262.0,6.292,135,152,6.292,2024-06-05 11:00:22
260.4,83,374.01,260.4,7.948,134,189,7.948,2024-06-05 11:00:23
257.4,78,381.23,257.4,7.227,117,181,7.227,2024-06-05 11:00:24
259.0,85,388.34,259.0,7.107,144,165,7.107,2024-06-05 11:00:25
262.0,83,395.1,262.0,6.76,121,176,6.76,2024-06-05 11:00:26
259.0,83,402.47,259.0,7.374,139,182,7.374,2024-06-05 11:00:27
261.20000000000005,84,409.73,261.20000000000005,7.261,136,191,7.261,2024-06-05 11:00:28
257.20000000000005,83,417.78,257.20000000000005,8.042,126,192,8.042,2024-06-05 11:00:29
259.20000000000005,90,424.57,259.20000000000005,6.788,127,163,6.788,2024-06-05 11:00:30
256.6,86,430.49,256.6,5.927,133,187,5.927,2024-06-05 11:00:31
257.0,82,437.93,257.0,7.438,128,201,7.438,2024-06-05 11:00:32
258.4,87,446.16,258.4,8.23,136,173,8.23,2024-06-05 11:00:33
258.20000000000005,85,453.5,258.20000000000005,7.338,134,173,7.338,2024-06-05 11:00:34
261.20000000000005,82,461.27,261.20000000000005,7.777,129,171,7.777,2024-06-05 11:00:35
263.6,83,467.09,263.6,5.816,131,173,5.816,2024-06-05 11:00:36
258.6,85,474.04,258.6,6.953,134,166,6.953,2024-06-05 11:00:37
262.20000000000005,83,480.87,262.20000000000005,6.823,128,172,6.823,2024-06-05 11:00:38
257.79999999999995,84,488.33,257.79999999999995,7.468,126,151,7.468,2024-06-05 11:00:39
256.4,81,495.38,256.4,7.044,134,184,7.044,2024-06-05 11:00:40
260.4,88,503.12,260.4,7.739,129,185,7.739,2024-06-05 11:00:41
260.4,83,511.04,260.4,7.924,133,175,7.924,2024-06-05 11:00:42
261.20000000000005,84,518.52,261.20000000000005,7.483,123,184,7.483,2024-06-05 11:00:43
259.79999999999995,86,525.12,259.79999999999995,6.597,117,184,6.597,2024-06-05 11:00:44
258.6,85,530.95,258.6,5.832,133,181,5.832,2024-06-05 11:00:45
257.4,84,538.89,257.4,7.933,131,186,7.933,2024-06-05 11:00:46
262.0,85,546.3,262.0,7.417,133,195,7.417,2024-06-05 11:00:47
261.6,84,553.97,261.6,7.664,130,168,7.664,2024-06-05 11:00:48
255.0,86,561.3,255.0,7.332,136,193,7.332,2024-06-05 11:00:49
257.6,81,568.34,257.6,7.044,129,174,7.044,2024-06-05 11:00:50
261.79999999999995,90,575.03,261.79999999999995,6.684,132,201,6.684,2024-06-05 11:00:51
260.4,86,581.81,260.4,6.782,124,178,6.782,2024-06-05 11:00:52
262.6,83,588.02,262.6,6.207,132,186,6.207,2024-06-05 11:00:53
261.20000000000005,91,594.86,261.20000000000005,6.843,126,185,6.843,2024-06-05 11:00:54
258.20000000000005,81,601.57,258.20000000000005,6.706,129,183,6.706,2024-06-05 11:00:55
258.6,83,608.62,258.6,7.052,132,171,7.052,2024-06-05 11:00:56
260.6,89,615.72,260.6,7.099,128,189,7.099,2024-06-05 11:00:57
263.0,83,622.57,263.0,6.85,123,174,6.85,2024-06-05 11:00:58
259.20000000000005,86,629.54,259.20000000000005,6.969,136,199,6.969,2024-06-05 11:00:59
261.4,88,635.72,261.4,6.181,121,179,6.181,2024-06-05 11:01:00
263.79999999999995,84,642.33,263.79999999999995,6.613,134,184,6.613,2024-06-05 11:01:01
257.4,84,649.28,257.4,6.947,121,182,6.947,2024-06-05 11:01:02
259.4,81,657.07,259.4,7.792,126,182,7.792,2024-06-05 11:01:03
259.79999999999995,89,663.01,259.79999999999995,5.94,125,164,5.94,2024-06-05 11:01:04
260.0,84,670.5,260.0,7.494,132,167,7.494,2024-06-05 11:01:05
260.6,87,678.81,260.6,8.309,130,183,8.309,2024-06-05 11:01:06
258.6,85,685.96,258.6,7.151,136,189,7.151,2024-06-05 11:01:07
258.79999999999995,90,694.19,258.79999999999995,8.228,131,178,8.228,2024-06-05 11:01:08
261.6,86,701.68,261.6,7.485,129,177,7.485,2024-06-05 11:01:09
260.4,87,709.0,260.4,7.324,130,190,7.324,2024-06-05 11:01:10
259.4,80,715.51,259.4,6.511,126,177,6.511,2024-06-05 11:01:11
257.79999999999995,83,723.16,257.79999999999995,7.65,132,170,7.65,2024-06-05 11:01:12
260.0,83,729.88,260.0,6.721,136,184,6.721,2024-06-05 11:01:13
260.4,88,737.57,260.4,7.683,131,169,7.683,2024-06-05 11:01:14
257.20000000000005,84,744.03,257.20000000000005,6.464,126,181,6.464,2024-06-05 11:01:15
257.6,82,750.92,257.6,6.888,124,187,6.888,2024-06-05 11:01:16
261.20000000000005,85,759.48,261.20000000000005,8.565,129,181,8.565,2024-06-05 11:01:17
257.79999999999995,78,766.25,257.79999999999995,6.768,132,179,6.768,2024-06-05 11:01:18
261.0,79,772.81,261.0,6.557,130,175,6.557,2024-06-05 11:01:19
259.0,84,779.64,259.0,6.831,135,192,6.831,2024-06-05 11:01:20
260.20000000000005,83,787.06,260.20000000000005,7.419,123,172,7.419,2024-06-05 11:01:21
257.4,86,794.64,257.4,7.58,126,153,7.58,2024-06-05 11:01:22
261.6,88,801.78,261.6,7.141,137,194,7.141,2024-06-05 11:01:23
260.79999999999995,86,808.99,260.79999999999995,7.21,128,181,7.21,2024-06-05 11:01:24
260.6,83,815.75,260.6,6.759,127,168,6.759,2024-06-05 11:01:25
258.20000000000005,82,822.73,258.20000000000005,6.98,122,173,6.98,2024-06-05 11:01:26
257.20000000000005,87,829.57,257.20000000000005,6.842,132,155,6.842,2024-06-05 11:01:27
260.0,86,836.45,260.0,6.885,133,177,6.885,2024-06-05 11:01:28
261.4,83,842.66,261.4,6.202,139,190,6.202,2024-06-05 11:01:29
259.0,87,849.75,259.0,7.096,127,185,7.096,2024-06-05 11:01:30
261.79999999999995,85,857.36,261.79999999999995,7.605,129,182,7.605,2024-06-05 11:01:31
260.6,89,864.96,260.6,7.605,140,180,7.605,2024-06-05 11:01:32
257.20000000000005,83,872.78,257.20000000000005,7.816,128,180,7.816,2024-06-05 11:01:33
261.20000000000005,83,878.95,261.20000000000005,6.172,127,189,6.172,2024-06-05 11:01:34
262.20000000000005,82,886.91,262.20000000000005,7.958,139,185,7.958,2024-06-05 11:01:35
261.6,82,893.25,261.6,6.348,129,183,6.348,2024-06-05 11:01:36
260.79999999999995,85,899.14,260.79999999999995,5.885,127,174,5.885,2024-06-05 11:01:37
259.0,82,906.53,259.0,7.389,130,190,7.389,2024-06-05 11:01:38
257.0,84,913.59,257.0,7.063,129,185,7.063,2024-06-05 11:01:39
261.20000000000005,87,920.27,261.20000000000005,6.679,129,164,6.679,2024-06-05 11:01:40
261.0,87,927.55,261.0,7.277,133,179,7.277,2024-06-05 11:01:41
262.6,85,934.38,262.6,6.834,131,169,6.834,2024-06-05 11:01:42
261.79999999999995,84,941.4,261.79999999999995,7.023,124,175,7.023,2024-06-05 11:01:43
261.79999999999995,86,948.71,261.79999999999995,7.301,128,172,7.301,2024-06-05 11:01:44
262.4,84,955.74,262.4,7.032,135,165,7.032,2024-06-05 11:01:45
257.4,82,962.58,257.4,6.842,129,172,6.842,2024-06-05 11:01:46
260.0,84,969.52,260.0,6.943,123,187,6.943,2024-06-05 11:01:47
258.79999999999995,81,976.84,258.79999999999995,7.322,119,181,7.322,2024-06-05 11:01:48
263.6,86,984.36,263.6,7.511,126,173,7.511,2024-06-05 11:01:49
258.0,87,990.62,258.0,6.26,122,172,6.26,2024-06-05 11:01:50
259.79999999999995,83,997.11,259.79999999999995,6.498,132,179,6.498,2024-06-05 11:01:51
262.6,82,1005.14,262.6,8.025,123,190,8.025,2024-06-05 11:01:52
260.20000000000005,87,1012.37,260.20000000000005,7.237,122,166,7.237,2024-06-05 11:01:53
257.79999999999995,84,1020.28,257.79999999999995,7.907,133,166,7.907,2024-06-05 11:01:54
259.6,88,1027.33,259.6,7.052,133,176,7.052,2024-06-05 11:01:55
261.79999999999995,83,1033.95,261.79999999999995,6.611,125,168,6.611,2024-06-05 11:01:56
260.4,79,1040.97,260.4,7.025,122,176,7.025,2024-06-05 11:01:57
259.4,83,1047.76,259.4,6.788,137,187,6.788,2024-06-05 11:01:58
260.20000000000005,78,1055.05,260.20000000000005,7.291,142,196,7.291,2024-06-05 11:01:59
254.79999999999995,85,1062.43,254.79999999999995,7.384,130,174,7.384,2024-06-05 11:02:00
263.0,80,1070.31,263.0,7.875,128,194,7.875,2024-06-05 11:02:01
264.79999999999995,82,1077.53,264.79999999999995,7.221,125,172,7.221,2024-06-05 11:02:02
261.4,83,1084.45,261.4,6.927,128,165,6.927,2024-06-05 11:02:03
260.20000000000005,88,1092.19,260.20000000000005,7.733,132,165,7.733,2024-06-05 11:02:04
259.4,81,1099.78,259.4,7.588,125,187,7.588,2024-06-05 11:02:05
256.6,80,1106.06,256.6,6.287,133,182,6.287,2024-06-05 11:02:06
265.4,86,1112.51,265.4,6.443,125,185,6.443,2024-06-05 11:02:07
261.20000000000005,89,1119.95,261.20000000000005,7.442,128,172,7.442,2024-06-05 11:02:08
263.0,78,1127.75,263.0,7.798,133,168,7.798,2024-06-05 11:02:09
261.6,82,1134.91,261.6,7.16,131,202,7.16,2024-06-05 11:02:10
260.4,87,1142.81,260.4,7.907,124,198,7.907,2024-06-05 11:02:11
258.20000000000005,84,1149.55,258.20000000000005,6.737,130,180,6.737,2024-06-05 11:02:12
261.0,87,1156.96,261.0,7.413,122,182,7.413,2024-06-05 11:02:13
261.0,85,1162.89,261.0,5.928,131,180,5.928,2024-06-05 11:02:14
262.79999999999995,78,1169.52,262.79999999999995,6.632,132,176,6.632,2024-06-05 11:02:15
260.4,85,1177.24,260.4,7.716,132,199,7.716,2024-06-05 11:02:16
260.6,81,1184.07,260.6,6.831,142,195,6.831,2024-06-05 11:02:17
261.0,85,1191.08,261.0,7.008,133,185,7.008,2024-06-05 11:02:18
259.20000000000005,84,1198.54,259.20000000000005,7.459,133,196,7.459,2024-06-05 11:02:19
257.6,87,1205.42,257.6,6.884,132,167,6.884,2024-06-05 11:02:20
260.6,89,1212.72,260.6,7.302,135,198,7.302,2024-06-05 11:02:21
261.79999999999995,87,1219.06,261.79999999999995,6.341,121,174,6.341,2024-06-05 11:02:22
260.0,84,1226.32,260.0,7.252,124,172,7.252,2024-06-05 11:02:23
258.0,84,1232.71,258.0,6.394,128,183,6.394,2024-06-05 11:02:24
262.6,84,1240.66,262.6,7.95,134,178,7.95,2024-06-05 11:02:25
261.4,86,1248.15,261.4,7.49,119,189,7.49,2024-06-05 11:02:26
261.79999999999995,89,1255.27,261.79999999999995,7.117,134,167,7.117,2024-06-05 11:02:27
260.6,86,1262.53,260.6,7.259,136,173,7.259,2024-06-05 11:02:28
258.20000000000005,86,1269.06,258.20000000000005,6.536,138,170,6.536,2024-06-05 11:02:29
258.79999999999995,87,1275.13,258.79999999999995,6.065,130,184,6.065,2024-06-05 11:02:30
256.6,84,1282.21,256.6,7.087,125,191,7.087,2024-06-05 11:02:31
261.20000000000005,88,1288.73,261.20000000000005,6.517,120,180,6.517,2024-06-05 11:02:32
259.20000000000005,83,1296.11,259.20000000000005,7.382,126,165,7.382,2024-06-05 11:02:33
260.6,82,1302.82,260.6,6.707,125,169,6.707,2024-06-05 11:02:34
264.20000000000005,85,1310.08,264.20000000000005,7.257,122,174,7.257,2024-06-05 11:02:35
263.6,77,1317.69,263.6,7.612,125,179,7.612,2024-06-05 11:02:36
256.79999999999995,86,1325.21,256.79999999999995,7.521,133,179,7.521,2024-06-05 11:02:37
260.0,83,1331.68,260.0,6.472,122,179,6.472,2024-06-05 11:02:38
256.6,78,1337.54,256.6,5.86,140,185,5.86,2024-06-05 11:02:39
259.4,79,1345.25,259.4,7.71,132,186,7.71,2024-06-05 11:02:40
260.4,86,1353.11,260.4,7.857,125,195,7.857,2024-06-05 11:02:41
257.4,85,1360.04,257.4,6.928,123,187,6.928,2024-06-05 11:02:42
256.6,83,1367.35,256.6,7.311,125,189,7.311,2024-06-05 11:02:43
259.20000000000005,85,1375.05,259.20000000000005,7.702,137,188,7.702,2024-06-05 11:02:44
261.0,86,1383.1,261.0,8.047,130,160,8.047,2024-06-05 11:02:45
261.79999999999995,86,1390.13,261.79999999999995,7.03,132,170,7.03,2024-06-05 11:02:46
261.6,80,1396.91,261.6,6.785,127,182,6.785,2024-06-05 11:02:47
258.0,87,1404.8,258.0,7.887,124,182,7.887,2024-06-05 11:02:48
258.79999999999995,87,1411.84,258.79999999999995,7.041,129,177,7.041,2024-06-05 11:02:49
260.20000000000005,82,1418.17,260.20000000000005,6.331,118,173,6.331,2024-06-05 11:02:50
258.6,83,1425.81,258.6,7.643,127,171,7.643,2024-06-05 11:02:51
261.4,88,1433.7,261.4,7.891,133,180,7.891,2024-06-05 11:02:52
257.20000000000005,87,1440.4,257.20000000000005,6.7,141,179,6.7,2024-06-05 11:02:53
259.6,82,1448.15,259.6,7.747,128,183,7.747,2024-06-05 11:02:54
261.6,86,1455.17,261.6,7.022,126,173,7.022,2024-06-05 11:02:55
258.20000000000005,91,1462.08,258.20000000000005,6.909,129,189,6.909,2024-06-05 11:02:56
261.4,87,1467.85,261.4,5.766,127,194,5.766,2024-06-05 11:02:57
261.0,84,1475.2,261.0,7.358,125,174,7.358,2024-06-05 11:02:58
258.4,84,1483.01,258.4,7.808,134,179,7.808,2024-06-05 11:02:59
257.79999999999995,84,1490.31,257.79999999999995,7.298,136,180,7.298,2024-06-05 11:03:00
261.0,88,1498.16,261.0,7.85,127,182,7.85,2024-06-05 11:03:01
259.4,80,1505.68,259.4,7.516,132,169,7.516,2024-06-05 11:03:02
258.4,92,1513.7,258.4,8.023,129,190,8.023,2024-06-05 11:03:03
259.4,81,1521.0,259.4,7.302,137,176,7.302,2024-06-05 11:03:04
263.0,86,1527.9,263.0,6.893,140,174,6.893,2024-06-05 11:03:05
258.79999999999995,85,1535.74,258.79999999999995,7.841,130,182,7.841,2024-06-05 11:03:06
260.0,86,1543.52,260.0,7.786,129,158,7.786,2024-06-05 11:03:07
261.6,86,1550.55,261.6,7.025,124,172,7.025,2024-06-05 11:03:08
260.79999999999995,83,1557.49,260.79999999999995,6.947,134,179,6.947,2024-06-05 11:03:09
258.20000000000005,87,1564.55,258.20000000000005,7.055,134,176,7.055,2024-06-05 11:03:10
257.4,83,1571.47,257.4,6.92,127,174,6.92,2024-06-05 11:03:11
259.20000000000005,85,1577.42,259.20000000000005,5.946,129,188,5.946,2024-06-05 11:03:12
258.79999999999995,85,1584.45,258.79999999999995,7.036,129,193,7.036,2024-06-05 11:03:13
261.4,87,1590.51,261.4,6.054,134,180,6.054,2024-06-05 11:03:14
260.0,82,1597.3,260.0,6.795,129,186,6.795,2024-06-05 11:03:15
257.79999999999995,83,1604.84,257.79999999999995,7.535,123,179,7.535,2024-06-05 11:03:16
260.79999999999995,85,1612.28,260.79999999999995,7.445,133,179,7.445,2024-06-05 11:03:17
260.4,79,1620.54,260.4,8.256,125,173,8.256,2024-06-05 11:03:18
259.6,82,1627.18,259.6,6.644,138,171,6.644,2024-06-05 11:03:19
258.6,84,1634.48,258.6,7.297,127,188,7.297,2024-06-05 11:03:20
259.20000000000005,87,1641.73,259.20000000000005,7.257,130,192,7.257,2024-06-05 11:03:21
263.4,86,1648.86,263.4,7.128,134,191,7.128,2024-06-05 11:03:22
260.0,81,1656.08,260.0,7.214,131,187,7.214,2024-06-05 11:03:23
258.20000000000005,87,1664.56,258.20000000000005,8.481,141,176,8.481,2024-06-05 11:03:24
262.0,85,1670.72,262.0,6.167,127,173,6.167,2024-06-05 11:03:25
260.20000000000005,82,1678.26,260.20000000000005,7.54,124,171,7.54,2024-06-05 11:03:26
259.6,77,1685.8,259.6,7.532,135,173,7.532,2024-06-05 11:03:27
261.0,84,1693.33,261.0,7.529,134,197,7.529,2024-06-05 11:03:28
257.4,88,1700.95,257.4,7.622,127,167,7.622,2024-06-05 11:03:29
261.79999999999995,82,1707.67,261.79999999999995,6.722,130,170,6.722,2024-06-05 11:03:30
262.20000000000005,84,1714.84,262.20000000000005,7.168,126,175,7.168,2024-06-05 11:03:31
256.6,95,1722.5,256.6,7.663,129,173,7.663,2024-06-05 11:03:32
257.4,82,1729.73,257.4,7.232,130,170,7.232,2024-06-05 11:03:33
261.20000000000005,84,1737.02,261.20000000000005,7.285,125,166,7.285,2024-06-05 11:03:34
261.4,84,1744.57,261.4,7.55,122,175,7.55,2024-06-05 11:03:35
257.0,84,1751.55,257.0,6.982,132,165,6.982,2024-06-05 11:03:36
260.4,81,1758.67,260.4,7.117,131,183,7.117,2024-06-05 11:03:37
260.0,88,1766.33,260.0,7.663,125,189,7.663,2024-06-05 11:03:38
263.79999999999995,84,1773.5,263.79999999999995,7.173,134,180,7.173,2024-06-05 11:03:39
262.0,82,1781.65,262.0,8.144,124,163,8.144,2024-06-05 11:03:40
260.4,85,1788.64,260.4,6.992,130,170,6.992,2024-06-05 11:03:41
258.4,87,1795.43,258.4,6.796,127,170,6.796,2024-06-05 11:03:42
261.6,90,1803.63,261.6,8.2,135,160,8.2,2024-06-05 11:03:43
258.20000000000005,89,1810.6,258.20000000000005,6.968,131,175,6.968,2024-06-05 11:03:44
262.4,88,1817.95,262.4,7.347,141,187,7.347,2024-06-05 11:03:45
262.4,86,1824.87,262.4,6.925,128,164,6.925,2024-06-05 11:03:46
263.79999999999995,83,1832.28,263.79999999999995,7.404,123,178,7.404,2024-06-05 11:03:47
258.79999999999995,88,1839.39,258.79999999999995,7.115,127,193,7.115,2024-06-05 11:03:48
258.4,81,1847.64,258.4,8.247,127,183,8.247,2024-06-05 11:03:49
258.0,84,1855.02,258.0,7.377,132,162,7.377,2024-06-05 11:03:50
258.20000000000005,89,1861.51,258.20000000000005,6.497,133,173,6.497,2024-06-05 11:03:51
260.20000000000005,84,1867.78,260.20000000000005,6.271,138,179,6.271,2024-06-05 11:03:52
262.4,82,1874.91,262.4,7.125,125,169,7.125,2024-06-05 11:03:53
256.4,82,1881.45,256.4,6.538,137,181,6.538,2024-06-05 11:03:54
261.6,79,1889.32,261.6,7.874,130,175,7.874,2024-06-05 11:03:55
258.20000000000005,82,1896.85,258.20000000000005,7.528,120,193,7.528,2024-06-05 11:03:56
259.20000000000005,80,1903.83,259.20000000000005,6.982,132,168,6.982,2024-06-05 11:03:57
262.0,85,1911.66,262.0,7.828,129,184,7.828,2024-06-05 11:03:58
262.0,85,1918.71,262.0,7.05,125,187,7.05,2024-06-05 11:03:59
260.20000000000005,84,1925.11,260.20000000000005,6.398,125,185,6.398,2024-06-05 11:04:00
260.6,84,1932.05,260.6,6.938,133,174,6.938,2024-06-05 11:04:01
260.4,86,1938.67,260.4,6.62,130,185,6.62,2024-06-05 11:04:02
258.4,88,1945.97,258.4,7.308,132,177,7.308,2024-06-05 11:04:03
260.6,86,1953.22,260.6,7.246,133,154,7.246,2024-06-05 11:04:04
259.0,87,1960.67,259.0,7.451,131,156,7.451,2024-06-05 11:04:05
261.4,84,1967.98,261.4,7.312,140,191,7.312,2024-06-05 11:04:06
258.79999999999995,88,1975.13,258.79999999999995,7.148,129,185,7.148,2024-06-05 11:04:07
258.79999999999995,85,1982.43,258.79999999999995,7.301,131,190,7.301,2024-06-05 11:04:08
258.20000000000005,84,1989.48,258.20000000000005,7.052,129,187,7.052,2024-06-05 11:04:09
258.20000000000005,84,1997.5,258.20000000000005,8.017,127,172,8.017,2024-06-05 11:04:10
260.20000000000005,82,2003.85,260.20000000000005,6.353,129,186,6.353,2024-06-05 11:04:11
258.20000000000005,87,2010.5,258.20000000000005,6.646,126,176,6.646,2024-06-05 11:04:12
258.4,86,2017.16,258.4,6.661,129,192,6.661,2024-06-05 11:04:13
256.4,82,2024.48,256.4,7.32,128,183,7.32,2024-06-05 11:04:14
259.79999999999995,87,2031.81,259.79999999999995,7.333,129,179,7.333,2024-06-05 11:04:15
260.0,83,2039.76,260.0,7.945,130,176,7.945,2024-06-05 11:04:16
257.0,90,2046.86,257.0,7.1,125,177,7.1,2024-06-05 11:04:17
264.20000000000005,82,2054.18,264.20000000000005,7.317,133,182,7.317,2024-06-05 11:04:18
261.79999999999995,85,2060.39,261.79999999999995,6.217,127,179,6.217,2024-06-05 11:04:19
264.79999999999995,87,2067.13,264.79999999999995,6.737,125,194,6.737,2024-06-05 11:04:20
258.79999999999995,87,2074.29,258.79999999999995,7.158,130,183,7.158,2024-06-05 11:04:21
259.6,87,2081.1,259.6,6.816,126,199,6.816,2024-06-05 11:04:22
258.6,80,2088.05,258.6,6.947,135,175,6.947,2024-06-05 11:04:23
261.4,81,2096.02,261.4,7.975,133,190,7.975,2024-06-05 11:04:24
258.4,93,2103.03,258.4,7.002,128,169,7.002,2024-06-05 11:04:25
259.79999999999995,83,2109.99,259.79999999999995,6.966,128,187,6.966,2024-06-05 11:04:26
258.79999999999995,82,2117.13,258.79999999999995,7.142,132,183,7.142,2024-06-05 11:04:27
260.6,87,2125.0,260.6,7.87,134,177,7.87,2024-06-05 11:04:28
262.20000000000005,82,2132.01,262.20000000000005,7.005,130,191,7.005,2024-06-05 11:04:29
254.0,86,2139.54,254.0,7.526,126,187,7.526,2024-06-05 11:04:30
264.20000000000005,84,2147.01,264.20000000000005,7.472,134,179,7.472,2024-06-05 11:04:31
260.6,87,2154.72,260.6,7.715,124,183,7.715,2024-06-05 11:04:32
262.79999999999995,82,2161.47,262.79999999999995,6.752,125,180,6.752,2024-06-05 11:04:33
260.79999999999995,79,2168.46,260.79999999999995,6.985,131,181,6.985,2024-06-05 11:04:34
262.79999999999995,83,2175.02,262.79999999999995,6.561,128,180,6.561,2024-06-05 11:04:35
263.4,88,2183.04,263.4,8.02,127,178,8.02,2024-06-05 11:04:36
261.0,87,2189.68,261.0,6.643,123,173,6.643,2024-06-05 11:04:37
260.0,86,2196.28,260.0,6.598,124,169,6.598,2024-06-05 11:04:38
257.0,89,2202.16,257.0,5.874,132,180,5.874,2024-06-05 11:04:39
260.0,88,2208.78,260.0,6.625,122,189,6.625,2024-06-05 11:04:40
261.79999999999995,83,2216.08,261.79999999999995,7.299,122,187,7.299,2024-06-05 11:04:41
263.20000000000005,89,2222.96,263.20000000000005,6.876,124,186,6.876,2024-06-05 11:04:42
261.4,85,2229.71,261.4,6.754,128,192,6.754,2024-06-05 11:04:43
257.4,82,2236.98,257.4,7.265,132,184,7.265,2024-06-05 11:04:44
261.79999999999995,86,2244.32,261.79999999999995,7.341,133,171,7.341,2024-06-05 11:04:45
262.20000000000005,79,2251.3,262.20000000000005,6.988,129,161,6.988,2024-06-05 11:04:46
260.20000000000005,89,2258.63,260.20000000000005,7.325,131,190,7.325,2024-06-05 11:04:47
261.79999999999995,82,2266.6,261.79999999999995,7.966,120,177,7.966,2024-06-05 11:04:48
258.4,82,2274.14,258.4,7.541,125,193,7.541,2024-06-05 11:04:49
259.79999999999995,81,2281.37,259.79999999999995,7.238,133,190,7.238,2024-06-05 11:04:50
257.6,81,2288.3,257.6,6.925,128,177,6.925,2024-06-05 11:04:51
262.4,78,2296.63,262.4,8.333,129,175,8.333,2024-06-05 11:04:52
257.6,83,2305.05,257.6,8.421,127,178,8.421,2024-06-05 11:04:53
257.6,85,2312.35,257.6,7.297,128,184,7.297,2024-06-05 11:04:54
258.79999999999995,89,2319.86,258.79999999999995,7.505,133,190,7.505,2024-06-05 11:04:55
258.6,85,2326.89,258.6,7.032,134,195,7.032,2024-06-05 11:04:56
260.4,85,2333.68,260.4,6.795,124,180,6.795,2024-06-05 11:04:57
259.4,82,2340.55,259.4,6.871,125,204,6.871,2024-06-05 11:04:58
255.60000000000002,89,2347.95,255.60000000000002,7.396,128,166,7.396,2024-06-05 11:04:59
260.4,86,2354.65,260.4,6.696,132,192,6.696,2024-06-05 11:05:00
259.0,85,2361.47,259.0,6.822,124,170,6.822,2024-06-05 11:05:01
258.0,83,2368.9,258.0,7.429,131,185,7.429,2024-06-05 11:05:02
258.20000000000005,84,2376.46,258.20000000000005,7.564,135,165,7.564,2024-06-05 11:05:03
258.20000000000005,87,2384.26,258.20000000000005,7.799,120,170,7.799,2024-06-05 11:05:04
258.20000000000005,81,2391.64,258.20000000000005,7.384,136,185,7.384,2024-06-05 11:05:05
260.4,85,2398.05,260.4,6.402,130,178,6.402,2024-06-05 11:05:06
257.0,86,2405.12,257.0,7.071,122,191,7.071,2024-06-05 11:05:07
260.4,82,2412.41,260.4,7.298,131,169,7.298,2024-06-05 11:05:08
257.20000000000005,85,2418.62,257.20000000000005,6.211,131,176,6.211,2024-06-05 11:05:09
258.79999999999995,86,2426.25,258.79999999999995,7.627,121,180,7.627,2024-06-05 11:05:10
259.6,85,2432.72,259.6,6.464,137,178,6.464,2024-06-05 11:05:11
257.20000000000005,82,2440.64,257.20000000000005,7.923,117,191,7.923,2024-06-05 11:05:12
261.79999999999995,79,2447.5,261.79999999999995,6.857,122,187,6.857,2024-06-05 11:05:13
258.20000000000005,88,2454.22,258.20000000000005,6.728,138,180,6.728,2024-06-05 11:05:14
259.6,85,2461.83,259.6,7.611,127,184,7.611,2024-06-05 11:05:15
261.0,83,2469.18,261.0,7.344,132,183,7.344,2024-06-05 11:05:16
258.20000000000005,87,2476.45,258.20000000000005,7.273,127,178,7.273,2024-06-05 11:05:17
258.0,86,2484.51,258.0,8.056,120,171,8.056,2024-06-05 11:05:18
262.79999999999995,81,2492.16,262.79999999999995,7.654,123,190,7.654,2024-06-05 11:05:19
258.6,82,2498.65,258.6,6.486,129,173,6.486,2024-06-05 11:05:20
258.4,93,2505.49,258.4,6.847,129,185,6.847,2024-06-05 11:05:21
257.6,88,2512.49,257.6,6.995,132,178,6.995,2024-06-05 11:05:22
261.79999999999995,87,2520.42,261.79999999999995,7.928,130,158,7.928,2024-06-05 11:05:23
264.6,89,2527.52,264.6,7.098,120,163,7.098,2024-06-05 11:05:24
262.4,84,2534.15,262.4,6.631,132,162,6.631,2024-06-05 11:05:25
259.20000000000005,89,2542.55,259.20000000000005,8.403,132,191,8.403,2024-06-05 11:05:26
262.20000000000005,85,2549.22,262.20000000000005,6.671,127,192,6.671,2024-06-05 11:05:27
258.4,88,2556.64,258.4,7.42,125,179,7.42,2024-06-05 11:05:28
259.0,84,2562.97,259.0,6.335,131,182,6.335,2024-06-05 11:05:29
257.20000000000005,83,2570.02,257.20000000000005,7.041,126,187,7.041,2024-06-05 11:05:30
259.0,82,2577.26,259.0,7.246,121,201,7.246,2024-06-05 11:05:31
260.0,92,2584.51,260.0,7.245,125,172,7.245,2024-06-05 11:05:32
258.20000000000005,84,2590.28,258.20000000000005,5.777,139,172,5.777,2024-06-05 11:05:33
259.6,81,2597.22,259.6,6.935,129,168,6.935,2024-06-05 11:05:34
259.20000000000005,82,2604.42,259.20000000000005,7.203,140,189,7.203,2024-06-05 11:05:35
260.20000000000005,84,2611.5,260.20000000000005,7.077,138,191,7.077,2024-06-05 11:05:36
264.79999999999995,88,2618.83,264.79999999999995,7.327,127,189,7.327,2024-06-05 11:05:37
259.20000000000005,82,2626.76,259.20000000000005,7.93,142,183,7.93,2024-06-05 11:05:38
261.79999999999995,84,2633.69,261.79999999999995,6.934,129,190,6.934,2024-06-05 11:05:39
261.0,87,2639.92,261.0,6.233,134,160,6.233,2024-06-05 11:05:40
257.6,86,2647.37,257.6,7.45,141,184,7.45,2024-06-05 11:05:41
262.0,85,2654.8,262.0,7.43,130,193,7.43,2024-06-05 11:05:42
259.4,85,2661.8,259.4,6.996,127,178,6.996,2024-06-05 11:05:43
258.4,82,2668.55,258.4,6.753,128,180,6.753,2024-06-05 11:05:44
255.20000000000005,85,2675.8,255.20000000000005,7.249,126,182,7.249,2024-06-05 11:05:45
259.20000000000005,77,2683.39,259.20000000000005,7.594,127,185,7.594,2024-06-05 11:05:46
257.20000000000005,86,2691.0,257.20000000000005,7.61,121,179,7.61,2024-06-05 11:05:47
261.0,84,2698.23,261.0,7.227,118,179,7.227,2024-06-05 11:05:48
259.0,89,2705.89,259.0,7.657,119,186,7.657,2024-06-05 11:05:49
260.4,77,2713.01,260.4,7.125,133,193,7.125,2024-06-05 11:05:50
260.0,88,2720.66,260.0,7.647,132,167,7.647,2024-06-05 11:05:51
260.79999999999995,83,2727.57,260.79999999999995,6.909,127,181,6.909,2024-06-05 11:05:52
259.4,84,2734.22,259.4,6.65,133,186,6.65,2024-06-05 11:05:53
264.6,82,2741.8,264.6,7.585,138,182,7.585,2024-06-05 11:05:54
259.6,79,2749.15,259.6,7.35,127,168,7.35,2024-06-05 11:05:55
259.20000000000005,89,2756.54,259.20000000000005,7.386,129,163,7.386,2024-06-05 11:05:56
259.6,82,2763.71,259.6,7.17,128,205,7.17,2024-06-05 11:05:57
264.0,87,2771.24,264.0,7.529,131,177,7.529,2024-06-05 11:05:58
262.6,88,2778.23,262.6,6.995,130,181,6.995,2024-06-05 11:05:59
260.6,86,2784.59,260.6,6.352,131,188,6.352,2024-06-05 11:06:00
263.4,86,2791.44,263.4,6.859,125,174,6.859,2024-06-05 11:06:01
258.6,85,2798.38,258.6,6.931,130,181,6.931,2024-06-05 11:06:02
257.79999999999995,83,2805.73,257.79999999999995,7.359,133,182,7.359,2024-06-05 11:06:03
262.4,82,2811.65,262.4,5.919,132,189,5.919,2024-06-05 11:06:04
258.6,76,2817.73,258.6,6.081,131,186,6.081,2024-06-05 11:06:05
264.0,83,2825.14,264.0,7.401,128,153,7.401,2024-06-05 11:06:06
262.4,86,2832.48,262.4,7.348,126,167,7.348,2024-06-05 11:06:07
259.0,85,2839.11,259.0,6.63,132,159,6.63,2024-06-05 11:06:08
258.79999999999995,80,2845.89,258.79999999999995,6.778,124,177,6.778,2024-06-05 11:06:09
259.79999999999995,85,2853.07,259.79999999999995,7.18,132,178,7.18,2024-06-05 11:06:10
257.4,87,2859.82,257.4,6.746,124,193,6.746,2024-06-05 11:06:11
262.0,87,2866.3,262.0,6.48,132,172,6.48,2024-06-05 11:06:12
259.4,88,2873.53,259.4,7.23,136,173,7.23,2024-06-05 11:06:13
258.4,83,2881.3,258.4,7.773,133,199,7.773,2024-06-05 11:06:14
255.79999999999995,90,2888.31,255.79999999999995,7.01,133,185,7.01,2024-06-05 11:06:15
261.4,83,2896.0,261.4,7.685,135,173,7.685,2024-06-05 11:06:16
262.4,80,2903.1,262.4,7.104,127,180,7.104,2024-06-05 11:06:17
259.4,90,2910.08,259.4,6.976,122,196,6.976,2024-06-05 11:06:18
261.20000000000005,90,2917.32,261.20000000000005,7.243,141,169,7.243,2024-06-05 11:06:19
261.0,90,2924.76,261.0,7.441,132,172,7.441,2024-06-05 11:06:20
259.6,91,2931.54,259.6,6.776,127,178,6.776,2024-06-05 11:06:21
256.6,84,2939.01,256.6,7.478,119,181,7.478,2024-06-05 11:06:22
260.6,82,2946.35,260.6,7.34,133,186,7.34,2024-06-05 11:06:23
259.4,84,2953.88,259.4,7.528,127,173,7.528,2024-06-05 11:06:24
257.6,83,2961.14,257.6,7.259,140,181,7.259,2024-06-05 11:06:25
260.0,88,2968.14,260.0,7.003,131,192,7.003,2024-06-05 11:06:26
255.79999999999995,87,2975.13,255.79999999999995,6.985,130,168,6.985,2024-06-05 11:06:27
259.4,82,2982.39,259.4,7.263,139,174,7.263,2024-06-05 11:06:28
260.0,82,2989.02,260.0,6.629,134,166,6.629,2024-06-05 11:06:29
260.79999999999995,84,2996.34,260.79999999999995,7.314,129,168,7.314,2024-06-05 11:06:30
258.79999999999995,84,3003.65,258.79999999999995,7.311,126,191,7.311,2024-06-05 11:06:31
260.4,80,3011.13,260.4,7.48,133,186,7.48,2024-06-05 11:06:32
259.0,82,3018.64,259.0,7.512,135,177,7.512,2024-06-05 11:06:33
262.79999999999995,91,3026.03,262.79999999999995,7.392,132,190,7.392,2024-06-05 11:06:34
261.20000000000005,81,3033.21,261.20000000000005,7.182,134,169,7.182,2024-06-05 11:06:35
261.6,84,3041.02,261.6,7.803,130,190,7.803,2024-06-05 11:06:36
262.4,80,3047.88,262.4,6.867,134,163,6.867,2024-06-05 11:06:37
259.79999999999995,86,3055.28,259.79999999999995,7.401,133,158,7.401,2024-06-05 11:06:38
261.20000000000005,83,3063.46,261.20000000000005,8.174,123,195,8.174,2024-06-05 11:06:39
264.6,81,3069.47,264.6,6.014,128,179,6.014,2024-06-05 11:06:40
259.6,79,3076.71,259.6,7.237,133,184,7.237,2024-06-05 11:06:41
261.79999999999995,85,3084.31,261.79999999999995,7.597,130,188,7.597,2024-06-05 11:06:42
259.20000000000005,89,3091.93,259.20000000000005,7.627,130,189,7.627,2024-06-05 11:06:43
262.79999999999995,83,3098.76,262.79999999999995,6.825,124,187,6.825,2024-06-05 11:06:44
261.0,85,3106.09,261.0,7.332,129,180,7.332,2024-06-05 11:06:45
260.79999999999995,89,3113.02,260.79999999999995,6.932,124,183,6.932,2024-06-05 11:06:46
264.0,84,3120.69,264.0,7.671,124,203,7.671,2024-06-05 11:06:47
263.4,89,3127.91,263.4,7.22,139,170,7.22,2024-06-05 11:06:48
262.4,88,3135.25,262.4,7.334,126,173,7.334,2024-06-05 11:06:49
263.20000000000005,87,3142.81,263.20000000000005,7.568,133,184,7.568,2024-06-05 11:06:50
257.6,86,3150.15,257.6,7.334,133,195,7.334,2024-06-05 11:06:51
259.79999999999995,83,3157.35,259.79999999999995,7.205,130,179,7.205,2024-06-05 11:06:52
258.79999999999995,83,3164.76,258.79999999999995,7.411,128,187,7.411,2024-06-05 11:06:53
256.4,83,3171.51,256.4,6.749,135,187,6.749,2024-06-05 11:06:54
259.4,88,3179.19,259.4,7.682,148,189,7.682,2024-06-05 11:06:55
258.20000000000005,86,3186.98,258.20000000000005,7.783,130,167,7.783,2024-06-05 11:06:56
256.79999999999995,82,3194.29,256.79999999999995,7.308,125,178,7.308,2024-06-05 11:06:57
258.6,88,3202.3,258.6,8.019,137,164,8.019,2024-06-05 11:06:58
260.4,91,3209.59,260.4,7.286,131,170,7.286,2024-06-05 11:06:59
261.20000000000005,85,3216.45,261.20000000000005,6.86,131,157,6.86,2024-06-05 11:07:00
259.6,85,3222.92,259.6,6.473,125,187,6.473,2024-06-05 11:07:01
263.20000000000005,81,3230.67,263.20000000000005,7.741,131,168,7.741,2024-06-05 11:07:02
262.20000000000005,89,3238.53,262.20000000000005,7.862,125,175,7.862,2024-06-05 11:07:03
262.20000000000005,88,3245.16,262.20000000000005,6.637,131,186,6.637,2024-06-05 11:07:04
258.0,87,3252.96,258.0,7.799,133,161,7.799,2024-06-05 11:07:05
259.0,85,3259.39,259.0,6.422,128,185,6.422,2024-06-05 11:07:06
257.0,86,3266.64,257.0,7.258,127,176,7.258,2024-06-05 11:07:07
260.4,90,3274.33,260.4,7.682,135,174,7.682,2024-06-05 11:07:08
261.20000000000005,89,3280.7,261.20000000000005,6.375,127,172,6.375,2024-06-05 11:07:09
258.4,82,3287.28,258.4,6.584,135,190,6.584,2024-06-05 11:07:10
257.20000000000005,85,3294.68,257.20000000000005,7.393,122,174,7.393,2024-06-05 11:07:11
263.0,84,3302.21,263.0,7.53,135,194,7.53,2024-06-05 11:07:12
258.0,87,3310.08,258.0,7.877,132,185,7.877,2024-06-05 11:07:13
257.20000000000005,82,3316.14,257.20000000000005,6.054,130,172,6.054,2024-06-05 11:07:14
259.6,88,3322.67,259.6,6.53,131,167,6.53,2024-06-05 11:07:15
259.0,83,3330.77,259.0,8.105,118,185,8.105,2024-06-05 11:07:16
259.79999999999995,81,3337.31,259.79999999999995,6.532,119,172,6.532,2024-06-05 11:07:17
262.6,85,3344.11,262.6,6.807,125,168,6.807,2024-06-05 11:07:18
259.6,84,3352.04,259.6,7.927,131,176,7.927,2024-06-05 11:07:19
263.20000000000005,86,3360.06,263.20000000000005,8.02,131,184,8.02,2024-06-05 11:07:20
260.6,85,3366.74,260.6,6.68,134,182,6.68,2024-06-05 11:07:21
260.20000000000005,82,3373.53,260.20000000000005,6.793,123,182,6.793,2024-06-05 11:07:22
260.79999999999995,80,3380.69,260.79999999999995,7.16,124,196,7.16,2024-06-05 11:07:23
261.0,84,3388.11,261.0,7.421,129,189,7.421,2024-06-05 11:07:24
259.0,78,3394.79,259.0,6.673,130,181,6.673,2024-06-05 11:07:25
257.20000000000005,87,3401.28,257.20000000000005,6.494,132,174,6.494,2024-06-05 11:07:26
263.79999999999995,82,3408.48,263.79999999999995,7.2,127,159,7.2,2024-06-05 11:07:27
255.20000000000005,83,3416.08,255.20000000000005,7.604,131,172,7.604,2024-06-05 11:07:28
261.79999999999995,81,3423.03,261.79999999999995,6.946,133,180,6.946,2024-06-05 11:07:29
257.6,80,3430.14,257.6,7.109,128,162,7.109,2024-06-05 11:07:30
259.6,80,3437.5,259.6,7.362,132,170,7.362,2024-06-05 11:07:31
260.20000000000005,83,3445.28,260.20000000000005,7.775,147,183,7.775,2024-06-05 11:07:32
257.0,88,3452.04,257.0,6.767,138,194,6.767,2024-06-05 11:07:33
261.79999999999995,89,3460.46,261.79999999999995,8.415,131,165,8.415,2024-06-05 11:07:34
259.20000000000005,82,3468.17,259.20000000000005,7.71,130,177,7.71,2024-06-05 11:07:35
263.20000000000005,77,3475.68,263.20000000000005,7.511,131,183,7.511,2024-06-05 11:07:36
260.4,85,3482.81,260.4,7.129,134,176,7.129,2024-06-05 11:07:37
259.79999999999995,90,3489.99,259.79999999999995,7.182,126,157,7.182,2024-06-05 11:07:38
259.20000000000005,88,3497.27,259.20000000000005,7.281,124,199,7.281,2024-06-05 11:07:39
260.0,84,3504.26,260.0,6.992,129,176,6.992,2024-06-05 11:07:40
262.0,85,3510.87,262.0,6.604,124,173,6.604,2024-06-05 11:07:41
258.6,86,3517.62,258.6,6.748,130,164,6.748,2024-06-05 11:07:42
256.4,86,3524.84,256.4,7.225,132,181,7.225,2024-06-05 11:07:43
259.6,83,3531.32,259.6,6.478,126,164,6.478,2024-06-05 11:07:44
257.4,85,3537.85,257.4,6.532,122,178,6.532,2024-06-05 11:07:45
261.0,87,3544.94,261.0,7.092,135,173,7.092,2024-06-05 11:07:46
257.20000000000005,82,3552.45,257.20000000000005,7.501,133,176,7.501,2024-06-05 11:07:47
260.0,80,3559.98,260.0,7.534,130,181,7.534,2024-06-05 11:07:48
257.20000000000005,86,3567.49,257.20000000000005,7.51,133,178,7.51,2024-06-05 11:07:49
258.20000000000005,83,3574.7,258.20000000000005,7.206,131,186,7.206,2024-06-05 11:07:50
261.79999999999995,86,3581.57,261.79999999999995,6.872,132,168,6.872,2024-06-05 11:07:51
259.79999999999995,86,3588.39,259.79999999999995,6.825,131,195,6.825,2024-06-05 11:07:52
261.0,79,3595.7,261.0,7.303,123,176,7.303,2024-06-05 11:07:53
254.79999999999995,86,3602.94,254.79999999999995,7.241,140,194,7.241,2024-06-05 11:07:54
257.4,86,3609.89,257.4,6.955,133,171,6.955,2024-06-05 11:07:55
260.0,84,3617.31,260.0,7.418,124,175,7.418,2024-06-05 11:07:56
262.0,80,3624.97,262.0,7.656,123,163,7.656,2024-06-05 11:07:57
258.6,78,3632.3,258.6,7.332,133,186,7.332,2024-06-05 11:07:58
259.20000000000005,80,3638.7,259.20000000000005,6.408,129,176,6.408,2024-06-05 11:07:59
258.79999999999995,83,3645.91,258.79999999999995,7.205,133,193,7.205,2024-06-05 11:08:00
261.6,85,3653.17,261.6,7.259,131,184,7.259,2024-06-05 11:08:01
259.0,81,3660.56,259.0,7.394,127,188,7.394,2024-06-05 11:08:02
261.79999999999995,86,3667.18,261.79999999999995,6.613,125,164,6.613,2024-06-05 11:08:03
262.6,85,3673.4,262.6,6.226,129,175,6.226,2024-06-05 11:08:04
261.4,85,3680.45,261.4,7.052,132,172,7.052,2024-06-05 11:08:05
259.0,88,3687.69,259.0,7.238,128,181,7.238,2024-06-05 11:08:06
258.6,82,3694.51,258.6,6.82,123,170,6.82,2024-06-05 11:08:07
259.0,88,3701.2,259.0,6.693,128,183,6.693,2024-06-05 11:08:08
260.20000000000005,85,3707.53,260.20000000000005,6.329,126,187,6.329,2024-06-05 11:08:09
258.6,82,3714.78,258.6,7.25,136,171,7.25,2024-06-05 11:08:10
259.6,79,3721.2,259.6,6.411,129,166,6.411,2024-06-05 11:08:11
259.6,87,3728.68,259.6,7.485,130,184,7.485,2024-06-05 11:08:12
259.79999999999995,80,3736.25,259.79999999999995,7.573,131,177,7.573,2024-06-05 11:08:13
259.20000000000005,83,3743.49,259.20000000000005,7.238,138,168,7.238,2024-06-05 11:08:14
260.6,84,3750.02,260.6,6.527,131,191,6.527,2024-06-05 11:08:15
260.4,84,3757.14,260.4,7.123,140,179,7.123,2024-06-05 11:08:16
259.4,88,3764.77,259.4,7.624,133,177,7.624,2024-06-05 11:08:17
258.6,86,3770.98,258.6,6.21,141,177,6.21,2024-06-05 11:08:18
260.6,89,3778.4,260.6,7.426,126,185,7.426,2024-06-05 11:08:19
259.79999999999995,83,3785.22,259.79999999999995,6.818,132,193,6.818,2024-06-05 11:08:20
257.20000000000005,87,3792.54,257.20000000000005,7.323,127,176,7.323,2024-06-05 11:08:21
258.20000000000005,84,3799.59,258.20000000000005,7.044,132,172,7.044,2024-06-05 11:08:22
261.0,83,3806.47,261.0,6.88,127,182,6.88,2024-06-05 11:08:23
264.6,86,3813.7,264.6,7.231,124,191,7.231,2024-06-05 11:08:24
261.20000000000005,84,3822.04,261.20000000000005,8.343,132,191,8.343,2024-06-05 11:08:25
255.79999999999995,84,3828.97,255.79999999999995,6.924,132,191,6.924,2024-06-05 11:08:26
262.79999999999995,84,3836.95,262.79999999999995,7.988,125,173,7.988,2024-06-05 11:08:27
258.79999999999995,80,3843.74,258.79999999999995,6.787,136,161,6.787,2024-06-05 11:08:28
259.79999999999995,84,3851.03,259.79999999999995,7.295,135,175,7.295,2024-06-05 11:08:29
263.0,83,3857.92,263.0,6.89,133,176,6.89,2024-06-05 11:08:30
259.4,83,3865.41,259.4,7.487,122,166,7.487,2024-06-05 11:08:31
261.20000000000005,83,3872.14,261.20000000000005,6.724,128,198,6.724,2024-06-05 11:08:32
261.20000000000005,81,3880.01,261.20000000000005,7.874,124,174,7.874,2024-06-05 11:08:33
261.4,82,3887.47,261.4,7.455,128,178,7.455,2024-06-05 11:08:34
260.6,78,3893.97,260.6,6.5,133,188,6.5,2024-06-05 11:08:35
261.6,87,3899.99,261.6,6.025,135,170,6.025,2024-06-05 11:08:36
258.79999999999995,82,3906.92,258.79999999999995,6.926,136,175,6.926,2024-06-05 11:08:37
259.0,89,3912.89,259.0,5.974,137,181,5.974,2024-06-05 11:08:38
259.4,89,3919.98,259.4,7.094,133,184,7.094,2024-06-05 11:08:39
259.20000000000005,82,3926.48,259.20000000000005,6.496,130,189,6.496,2024-06-05 11:08:40
256.20000000000005,88,3933.75,256.20000000000005,7.273,122,186,7.273,2024-06-05 11:08:41
261.20000000000005,83,3941.54,261.20000000000005,7.785,130,176,7.785,2024-06-05 11:08:42
257.0,87,3948.4,257.0,6.863,127,192,6.863,2024-06-05 11:08:43
261.0,86,3955.75,261.0,7.352,136,174,7.352,2024-06-05 11:08:44
258.4,88,3963.24,258.4,7.492,124,187,7.492,2024-06-05 11:08:45
259.6,81,3970.99,259.6,7.748,131,180,7.748,2024-06-05 11:08:46
262.0,86,3978.24,262.0,7.248,127,183,7.248,2024-06-05 11:08:47
259.0,85,3986.03,259.0,7.79,133,174,7.79,2024-06-05 11:08:48
259.79999999999995,82,3993.57,259.79999999999995,7.537,127,177,7.537,2024-06-05 11:08:49
261.4,84,4000.59,261.4,7.025,130,176,7.025,2024-06-05 11:08:50
260.79999999999995,90,4007.11,260.79999999999995,6.523,131,197,6.523,2024-06-05 11:08:51
259.4,83,4014.17,259.4,7.059,130,177,7.059,2024-06-05 11:08:52
258.6,83,4021.74,258.6,7.564,130,187,7.564,2024-06-05 11:08:53
259.4,90,4028.71,259.4,6.973,135,198,6.973,2024-06-05 11:08:54
259.6,81,4036.64,259.6,7.93,129,171,7.93,2024-06-05 11:08:55
261.4,80,4044.14,261.4,7.497,129,169,7.497,2024-06-05 11:08:56
260.20000000000005,88,4051.27,260.20000000000005,7.135,126,177,7.135,2024-06-05 11:08:57
258.4,90,4058.1,258.4,6.83,125,189,6.83,2024-06-05 11:08:58
262.20000000000005,84,4065.3,262.20000000000005,7.201,142,179,7.201,2024-06-05 11:08:59
260.0,85,4072.19,260.0,6.885,130,183,6.885,2024-06-05 11:09:00
259.4,87,4079.48,259.4,7.294,123,167,7.294,2024-06-05 11:09:01
260.4,86,4086.07,260.4,6.592,128,180,6.592,2024-06-05 11:09:02
261.6,79,4093.7,261.6,7.624,128,188,7.624,2024-06-05 11:09:03
261.4,86,4100.81,261.4,7.111,127,186,7.111,2024-06-05 11:09:04
258.0,88,4107.55,258.0,6.738,120,154,6.738,2024-06-05 11:09:05
261.79999999999995,82,4114.64,261.79999999999995,7.094,127,169,7.094,2024-06-05 11:09:06
261.20000000000005,86,4121.89,261.20000000000005,7.247,137,178,7.247,2024-06-05 11:09:07
260.20000000000005,85,4128.72,260.20000000000005,6.832,120,192,6.832,2024-06-05 11:09:08
259.4,85,4135.68,259.4,6.962,124,179,6.962,2024-06-05 11:09:09
256.6,84,4143.57,256.6,7.885,126,181,7.885,2024-06-05 11:09:10
258.79999999999995,81,4150.6,258.79999999999995,7.037,125,185,7.037,2024-06-05 11:09:11
257.4,87,4157.59,257.4,6.989,133,180,6.989,2024-06-05 11:09:12
259.20000000000005,82,4164.46,259.20000000000005,6.868,125,172,6.868,2024-06-05 11:09:13
260.0,82,4171.19,260.0,6.735,135,181,6.735,2024-06-05 11:09:14
256.4,88,4179.19,256.4,7.992,133,185,7.992,2024-06-05 11:09:15
258.20000000000005,86,4186.35,258.20000000000005,7.166,128,148,7.166,2024-06-05 11:09:16
260.6,86,4192.89,260.6,6.534,128,169,6.534,2024-06-05 11:09:17
260.20000000000005,89,4201.03,260.20000000000005,8.148,125,176,8.148,2024-06-05 11:09:18
258.79999999999995,86,4207.74,258.79999999999995,6.71,131,170,6.71,2024-06-05 11:09:19
258.0,86,4214.43,258.0,6.684,124,179,6.684,2024-06-05 11:09:20
256.79999999999995,87,4221.86,256.79999999999995,7.435,134,176,7.435,2024-06-05 11:09:21
259.4,86,4229.17,259.4,7.302,146,190,7.302,2024-06-05 11:09:22
261.79999999999995,77,4236.18,261.79999999999995,7.014,133,178,7.014,2024-06-05 11:09:23
258.0,79,4243.38,258.0,7.198,128,163,7.198,2024-06-05 11:09:24
260.20000000000005,86,4250.24,260.20000000000005,6.865,132,181,6.865,2024-06-05 11:09:25
260.0,84,4257.59,260.0,7.344,129,192,7.344,2024-06-05 11:09:26
261.4,87,4264.95,261.4,7.366,115,154,7.366,2024-06-05 11:09:27
256.6,79,4272.01,256.6,7.055,129,168,7.055,2024-06-05 11:09:28
256.20000000000005,82,4279.78,256.20000000000005,7.776,134,199,7.776,2024-06-05 11:09:29
259.4,88,4288.04,259.4,8.257,134,209,8.257,2024-06-05 11:09:30
259.79999999999995,76,4295.31,259.79999999999995,7.27,137,175,7.27,2024-06-05 11:09:31
256.0,81,4302.24,256.0,6.928,128,179,6.928,2024-06-05 11:09:32
257.6,85,4309.33,257.6,7.087,132,171,7.087,2024-06-05 11:09:33
260.6,84,4316.31,260.6,6.987,126,173,6.987,2024-06-05 11:09:34
260.4,86,4323.41,260.4,7.097,121,181,7.097,2024-06-05 11:09:35
258.4,78,4330.9,258.4,7.491,138,176,7.491,2024-06-05 11:09:36
255.39999999999998,89,4337.3,255.39999999999998,6.4,126,184,6.4,2024-06-05 11:09:37
259.4,85,4345.58,259.4,8.275,138,178,8.275,2024-06-05 11:09:38
261.4,84,4352.52,261.4,6.941,122,183,6.941,2024-06-05 11:09:39
263.79999999999995,88,4359.82,263.79999999999995,7.306,126,180,7.306,2024-06-05 11:09:40
260.79999999999995,87,4366.23,260.79999999999995,6.407,130,180,6.407,2024-06-05 11:09:41
258.4,91,4374.13,258.4,7.9,131,193,7.9,2024-06-05 11:09:42
259.6,85,4380.58,259.6,6.451,127,176,6.451,2024-06-05 11:09:43
260.20000000000005,81,4387.96,260.20000000000005,7.378,136,183,7.378,2024-06-05 11:09:44
260.0,87,4395.08,260.0,7.116,135,182,7.116,2024-06-05 11:09:45
258.6,88,4402.07,258.6,6.993,127,175,6.993,2024-06-05 11:09:46
262.6,88,4408.75,262.6,6.683,117,198,6.683,2024-06-05 11:09:47
259.20000000000005,84,4416.0,259.20000000000005,7.248,133,188,7.248,2024-06-05 11:09:48
260.79999999999995,85,4423.69,260.79999999999995,7.693,126,180,7.693,2024-06-05 11:09:49
259.4,85,4431.16,259.4,7.465,129,187,7.465,2024-06-05 11:09:50
257.6,90,4438.39,257.6,7.231,125,166,7.231,2024-06-05 11:09:51
258.6,87,4445.49,258.6,7.1,129,193,7.1,2024-06-05 11:09:52
261.20000000000005,87,4453.24,261.20000000000005,7.75,124,169,7.75,2024-06-05 11:09:53
260.20000000000005,84,4460.39,260.20000000000005,7.146,130,185,7.146,2024-06-05 11:09:54
258.79999999999995,80,4467.39,258.79999999999995,7.002,132,177,7.002,2024-06-05 11:09:55
258.0,89,4474.97,258.0,7.582,128,182,7.582,2024-06-05 11:09:56
258.79999999999995,87,4482.67,258.79999999999995,7.702,134,175,7.702,2024-06-05 11:09:57
259.0,82,4488.74,259.0,6.071,141,171,6.071,2024-06-05 11:09:58
257.79999999999995,84,4496.32,257.79999999999995,7.572,125,154,7.572,2024-06-05 11:09:59
260.4,81,4503.14,260.4,6.827,127,188,6.827,2024-06-05 11:10:00
257.4,86,4511.32,257.4,8.178,128,177,8.178,2024-06-05 11:10:01
257.4,83,4518.53,257.4,7.211,132,177,7.211,2024-06-05 11:10:02
261.4,86,4526.14,261.4,7.609,133,160,7.609,2024-06-05 11:10:03
258.79999999999995,88,4532.57,258.79999999999995,6.429,127,176,6.429,2024-06-05 11:10:04
258.79999999999995,88,4539.76,258.79999999999995,7.194,128,194,7.194,2024-06-05 11:10:05
263.20000000000005,80,4547.55,263.20000000000005,7.782,135,190,7.782,2024-06-05 11:10:06
260.79999999999995,78,4554.23,260.79999999999995,6.687,132,184,6.687,2024-06-05 11:10:07
263.20000000000005,86,4561.94,263.20000000000005,7.707,131,155,7.707,2024-06-05 11:10:08
260.20000000000005,82,4569.36,260.20000000000005,7.421,134,194,7.421,2024-06-05 11:10:09
261.0,84,4576.64,261.0,7.281,138,189,7.281,2024-06-05 11:10:10
259.6,85,4583.48,259.6,6.838,131,178,6.838,2024-06-05 11:10:11
262.0,86,4590.25,262.0,6.774,145,179,6.774,2024-06-05 11:10:12
258.0,87,4597.2,258.0,6.941,133,177,6.941,2024-06-05 11:10:13
257.4,81,4604.37,257.4,7.174,135,170,7.174,2024-06-05 11:10:14
260.4,85,4611.37,260.4,7.0,128,171,7.0,2024-06-05 11:10:15
258.0,82,4618.38,258.0,7.01,131,187,7.01,2024-06-05 11:10:16
258.4,86,4625.09,258.4,6.712,128,185,6.712,2024-06-05 11:10:17
261.20000000000005,83,4631.8,261.20000000000005,6.707,131,169,6.707,2024-06-05 11:10:18
258.4,85,4638.83,258.4,7.028,136,179,7.028,2024-06-05 11:10:19
261.79999999999995,84,4646.94,261.79999999999995,8.113,130,177,8.113,2024-06-05 11:10:20
261.4,85,4655.29,261.4,8.348,132,190,8.348,2024-06-05 11:10:21
260.0,85,4662.76,260.0,7.476,131,175,7.476,2024-06-05 11:10:22
262.0,89,4669.56,262.0,6.794,129,170,6.794,2024-06-05 11:10:23
260.20000000000005,89,4676.57,260.20000000000005,7.016,130,169,7.016,2024-06-05 11:10:24
261.20000000000005,87,4684.19,261.20000000000005,7.619,133,184,7.619,2024-06-05 11:10:25
259.0,82,4692.2,259.0,8.005,128,176,8.005,2024-06-05 11:10:26
259.0,87,4699.63,259.0,7.438,120,167,7.438,2024-06-05 11:10:27
261.79999999999995,81,4705.98,261.79999999999995,6.341,131,193,6.341,2024-06-05 11:10:28
259.0,83,4713.29,259.0,7.314,132,195,7.314,2024-06-05 11:10:29
259.79999999999995,84,4720.25,259.79999999999995,6.959,126,174,6.959,2024-06-05 11:10:30
259.20000000000005,80,4726.05,259.20000000000005,5.806,138,171,5.806,2024-06-05 11:10:31
258.6,83,4733.55,258.6,7.493,126,181,7.493,2024-06-05 11:10:32
260.4,82,4740.73,260.4,7.185,131,176,7.185,2024-06-05 11:10:33
259.0,87,4748.31,259.0,7.579,132,167,7.579,2024-06-05 11:10:34
259.4,85,4755.41,259.4,7.1,130,168,7.1,2024-06-05 11:10:35
259.4,88,4763.21,259.4,7.802,133,193,7.802,2024-06-05 11:10:36
258.79999999999995,83,4770.29,258.79999999999995,7.078,123,178,7.078,2024-06-05 11:10:37
259.0,90,4778.08,259.0,7.785,125,194,7.785,2024-06-05 11:10:38
259.79999999999995,89,4785.59,259.79999999999995,7.517,133,174,7.517,2024-06-05 11:10:39
257.79999999999995,86,4793.11,257.79999999999995,7.514,138,174,7.514,2024-06-05 11:10:40
259.4,86,4799.68,259.4,6.578,128,177,6.578,2024-06-05 11:10:41
260.4,80,4806.96,260.4,7.277,126,175,7.277,2024-06-05 11:10:42
257.20000000000005,81,4813.66,257.20000000000005,6.702,131,190,6.702,2024-06-05 11:10:43
260.4,86,4820.94,260.4,7.276,130,184,7.276,2024-06-05 11:10:44
261.6,88,4828.1,261.6,7.155,136,161,7.155,2024-06-05 11:10:45
261.79999999999995,84,4835.8,261.79999999999995,7.701,126,177,7.701,2024-06-05 11:10:46
259.0,87,4844.26,259.0,8.463,135,164,8.463,2024-06-05 11:10:47
257.79999999999995,83,4850.84,257.79999999999995,6.578,133,183,6.578,2024-06-05 11:10:48
259.6,85,4858.76,259.6,7.924,134,191,7.924,2024-06-05 11:10:49
260.0,87,4866.19,260.0,7.433,137,170,7.433,2024-06-05 11:10:50
260.20000000000005,87,4874.03,260.20000000000005,7.831,133,168,7.831,2024-06-05 11:10:51
260.79999999999995,82,4880.38,260.79999999999995,6.35,133,177,6.35,2024-06-05 11:10:52
263.6,80,4887.79,263.6,7.42,126,195,7.42,2024-06-05 11:10:53
262.79999999999995,88,4894.6,262.79999999999995,6.809,129,182,6.809,2024-06-05 11:10:54
262.0,80,4902.22,262.0,7.615,136,162,7.615,2024-06-05 11:10:55
260.0,85,4909.33,260.0,7.11,131,176,7.11,2024-06-05 11:10:56
262.0,90,4916.55,262.0,7.22,132,184,7.22,2024-06-05 11:10:57
263.4,83,4923.65,263.4,7.101,126,183,7.101,2024-06-05 11:10:58
263.20000000000005,82,4930.3,263.20000000000005,6.655,130,174,6.655,2024-06-05 11:10:59
261.0,86,4937.87,261.0,7.563,134,174,7.563,2024-06-05 11:11:00
257.6,84,4944.83,257.6,6.962,135,187,6.962,2024-06-05 11:11:01
258.0,78,4951.58,258.0,6.754,124,168,6.754,2024-06-05 11:11:02
261.79999999999995,84,4958.75,261.79999999999995,7.161,129,185,7.161,2024-06-05 11:11:03
261.0,89,4965.39,261.0,6.641,134,176,6.641,2024-06-05 11:11:04
260.0,90,4972.66,260.0,7.273,128,186,7.273,2024-06-05 11:11:05
258.4,87,4980.51,258.4,7.851,133,154,7.851,2024-06-05 11:11:06
259.79999999999995,86,4988.73,259.79999999999995,8.216,128,185,8.216,2024-06-05 11:11:07
259.0,89,4995.97,259.0,7.245,127,193,7.245,2024-06-05 11:11:08
262.20000000000005,85,5003.77,262.20000000000005,7.804,127,175,7.804,2024-06-05 11:11:09
259.20000000000005,88,5011.06,259.20000000000005,7.281,126,158,7.281,2024-06-05 11:11:10
258.0,86,5018.48,258.0,7.42,131,178,7.42,2024-06-05 11:11:11
258.4,83,5026.76,258.4,8.286,125,179,8.286,2024-06-05 11:11:12
260.6,83,5033.39,260.6,6.627,126,182,6.627,2024-06-05 11:11:13
256.20000000000005,79,5040.2,256.20000000000005,6.812,123,180,6.812,2024-06-05 11:11:14
261.79999999999995,89,5047.87,261.79999999999995,7.67,137,174,7.67,2024-06-05 11:11:15
261.79999999999995,86,5055.07,261.79999999999995,7.2,140,188,7.2,2024-06-05 11:11:16
261.79999999999995,85,5063.44,261.79999999999995,8.366,130,179,8.366,2024-06-05 11:11:17
261.0,85,5070.37,261.0,6.936,129,185,6.936,2024-06-05 11:11:18
261.0,77,5077.78,261.0,7.406,125,191,7.406,2024-06-05 11:11:19
260.20000000000005,86,5085.05,260.20000000000005,7.267,131,172,7.267,2024-06-05 11:11:20
257.0,87,5091.86,257.0,6.81,128,191,6.81,2024-06-05 11:11:21
263.0,78,5098.85,263.0,6.999,129,176,6.999,2024-06-05 11:11:22
260.6,83,5105.34,260.6,6.481,129,177,6.481,2024-06-05 11:11:23
260.6,85,5111.72,260.6,6.382,139,179,6.382,2024-06-05 11:11:24
258.4,85,5119.44,258.4,7.725,127,185,7.725,2024-06-05 11:11:25
261.4,85,5126.37,261.4,6.93,130,191,6.93,2024-06-05 11:11:26
260.4,76,5133.32,260.4,6.952,124,176,6.952,2024-06-05 11:11:27
260.79999999999995,86,5139.63,260.79999999999995,6.31,122,179,6.31,2024-06-05 11:11:28
255.20000000000005,84,5146.67,255.20000000000005,7.034,125,189,7.034,2024-06-05 11:11:29
259.6,84,5153.93,259.6,7.26,133,176,7.26,2024-06-05 11:11:30
257.4,86,5160.75,257.4,6.818,128,207,6.818,2024-06-05 11:11:31
260.20000000000005,89,5167.35,260.20000000000005,6.601,136,171,6.601,2024-06-05 11:11:32
256.4,82,5175.1,256.4,7.753,123,181,7.753,2024-06-05 11:11:33
260.20000000000005,80,5183.38,260.20000000000005,8.28,130,185,8.28,2024-06-05 11:11:34
257.6,84,5190.31,257.6,6.93,118,166,6.93,2024-06-05 11:11:35
262.6,83,5196.6,262.6,6.291,126,177,6.291,2024-06-05 11:11:36
261.0,87,5203.78,261.0,7.179,131,171,7.179,2024-06-05 11:11:37
262.4,82,5211.08,262.4,7.305,127,175,7.305,2024-06-05 11:11:38
261.4,83,5218.24,261.4,7.153,126,191,7.153,2024-06-05 11:11:39
258.20000000000005,88,5224.59,258.20000000000005,6.355,139,167,6.355,2024-06-05 11:11:40
262.4,75,5232.04,262.4,7.451,126,185,7.451,2024-06-05 11:11:41
261.6,86,5239.06,261.6,7.014,127,187,7.014,2024-06-05 11:11:42
262.79999999999995,87,5245.78,262.79999999999995,6.726,127,179,6.726,2024-06-05 11:11:43
263.20000000000005,85,5253.3,263.20000000000005,7.515,125,198,7.515,2024-06-05 11:11:44
258.20000000000005,80,5260.22,258.20000000000005,6.926,133,171,6.926,2024-06-05 11:11:45
259.6,86,5266.93,259.6,6.703,117,186,6.703,2024-06-05 11:11:46
258.20000000000005,83,5273.62,258.20000000000005,6.695,124,170,6.695,2024-06-05 11:11:47
260.6,87,5281.06,260.6,7.438,127,193,7.438,2024-06-05 11:11:48
262.4,83,5288.31,262.4,7.251,134,172,7.251,2024-06-05 11:11:49
259.6,87,5296.4,259.6,8.093,131,163,8.093,2024-06-05 11:11:50
261.6,82,5302.68,261.6,6.278,133,181,6.278,2024-06-05 11:11:51
258.0,80,5308.91,258.0,6.225,124,172,6.225,2024-06-05 11:11:52
259.4,84,5316.42,259.4,7.514,123,178,7.514,2024-06-05 11:11:53
256.0,81,5324.35,256.0,7.93,127,163,7.93,2024-06-05 11:11:54
260.6,85,5331.38,260.6,7.032,131,179,7.032,2024-06-05 11:11:55
259.20000000000005,87,5339.06,259.20000000000005,7.672,125,192,7.672,2024-06-05 11:11:56
262.79999999999995,85,5345.9,262.79999999999995,6.844,126,176,6.844,2024-06-05 11:11:57
258.79999999999995,84,5352.45,258.79999999999995,6.546,122,155,6.546,2024-06-05 11:11:58
261.0,83,5360.0,261.0,7.553,141,170,7.553,2024-06-05 11:11:59
260.20000000000005,86,5366.88,260.20000000000005,6.881,121,188,6.881,2024-06-05 11:12:00
258.6,83,5374.04,258.6,7.161,124,189,7.161,2024-06-05 11:12:01
262.6,83,5382.13,262.6,8.087,126,193,8.087,2024-06-05 11:12:02
255.60000000000002,87,5389.72,255.60000000000002,7.596,125,194,7.596,2024-06-05 11:12:03
262.79999999999995,82,5396.82,262.79999999999995,7.094,132,198,7.094,2024-06-05 11:12:04
257.79999999999995,83,5403.78,257.79999999999995,6.963,123,177,6.963,2024-06-05 11:12:05
259.6,82,5410.28,259.6,6.499,126,184,6.499,2024-06-05 11:12:06
258.6,88,5418.2,258.6,7.918,129,198,7.918,2024-06-05 11:12:07
262.0,83,5425.85,262.0,7.655,139,176,7.655,2024-06-05 11:12:08
259.0,83,5432.89,259.0,7.038,132,180,7.038,2024-06-05 11:12:09
260.4,87,5439.93,260.4,7.038,130,188,7.038,2024-06-05 11:12:10
262.79999999999995,81,5446.87,262.79999999999995,6.944,129,170,6.944,2024-06-05 11:12:11
258.6,79,5454.05,258.6,7.179,125,189,7.179,2024-06-05 11:12:12
262.6,81,5460.95,262.6,6.898,134,176,6.898,2024-06-05 11:12:13
259.20000000000005,86,5468.36,259.20000000000005,7.409,129,174,7.409,2024-06-05 11:12:14
258.4,85,5476.16,258.4,7.801,134,195,7.801,2024-06-05 11:12:15
258.4,91,5483.45,258.4,7.289,127,173,7.289,2024-06-05 11:12:16
261.79999999999995,80,5491.13,261.79999999999995,7.678,132,184,7.678,2024-06-05 11:12:17
260.79999999999995,88,5498.77,260.79999999999995,7.642,139,187,7.642,2024-06-05 11:12:18
258.20000000000005,84,5505.8,258.20000000000005,7.028,122,178,7.028,2024-06-05 11:12:19
259.6,89,5512.77,259.6,6.969,130,176,6.969,2024-06-05 11:12:20
261.20000000000005,83,5520.84,261.20000000000005,8.069,128,172,8.069,2024-06-05 11:12:21
263.20000000000005,88,5528.3,263.20000000000005,7.461,120,182,7.461,2024-06-05 11:12:22
256.6,84,5535.03,256.6,6.731,129,158,6.731,2024-06-05 11:12:23
261.0,85,5541.55,261.0,6.52,121,187,6.52,2024-06-05 11:12:24
260.79999999999995,92,5548.56,260.79999999999995,7.011,128,195,7.011,2024-06-05 11:12:25
257.0,87,5555.49,257.0,6.928,127,190,6.928,2024-06-05 11:12:26
255.20000000000005,87,5563.18,255.20000000000005,7.699,129,179,7.699,2024-06-05 11:12:27
260.6,84,5570.39,260.6,7.208,127,180,7.208,2024-06-05 11:12:28
262.79999999999995,86,5578.32,262.79999999999995,7.928,135,181,7.928,2024-06-05 11:12:29
259.20000000000005,84,5585.74,259.20000000000005,7.421,137,188,7.421,2024-06-05 11:12:30
260.20000000000005,85,5593.11,260.20000000000005,7.365,124,168,7.365,2024-06-05 11:12:31
259.79999999999995,81,5600.6,259.79999999999995,7.491,125,170,7.491,2024-06-05 11:12:32
260.79999999999995,89,5607.92,260.79999999999995,7.324,129,185,7.324,2024-06-05 11:12:33
260.0,82,5614.42,260.0,6.498,123,185,6.498,2024-06-05 11:12:34
260.79999999999995,89,5621.79,260.79999999999995,7.37,127,172,7.37,2024-06-05 11:12:35
261.0,88,5628.84,261.0,7.048,129,178,7.048,2024-06-05 11:12:36
255.60000000000002,87,5635.96,255.60000000000002,7.123,129,185,7.123,2024-06-05 11:12:37
258.6,85,5644.36,258.6,8.399,130,186,8.399,2024-06-05 11:12:38
261.6,83,5651.28,261.6,6.924,130,188,6.924,2024-06-05 11:12:39
260.6,84,5658.24,260.6,6.953,127,188,6.953,2024-06-05 11:12:40
257.6,82,5666.17,257.6,7.934,125,187,7.934,2024-06-05 11:12:41
259.20000000000005,86,5673.5,259.20000000000005,7.332,133,183,7.332,2024-06-05 11:12:42
257.20000000000005,85,5681.35,257.20000000000005,7.845,124,172,7.845,2024-06-05 11:12:43
259.0,85,5688.84,259.0,7.492,138,184,7.492,2024-06-05 11:12:44
261.4,83,5696.04,261.4,7.201,133,182,7.201,2024-06-05 11:12:45
257.4,82,5702.42,257.4,6.383,128,180,6.383,2024-06-05 11:12:46
259.79999999999995,92,5709.25,259.79999999999995,6.833,129,163,6.833,2024-06-05 11:12:47
259.79999999999995,83,5717.15,259.79999999999995,7.899,120,175,7.899,2024-06-05 11:12:48
259.6,86,5724.31,259.6,7.155,123,160,7.155,2024-06-05 11:12:49
259.79999999999995,87,5731.2,259.79999999999995,6.89,125,198,6.89,2024-06-05 11:12:50
259.79999999999995,83,5738.93,259.79999999999995,7.727,122,167,7.727,2024-06-05 11:12:51
262.4,86,5746.81,262.4,7.882,131,201,7.882,2024-06-05 11:12:52
258.4,81,5754.14,258.4,7.328,129,203,7.328,2024-06-05 11:12:53
260.20000000000005,83,5761.32,260.20000000000005,7.186,130,178,7.186,2024-06-05 11:12:54
261.79999999999995,85,5768.73,261.79999999999995,7.408,135,180,7.408,2024-06-05 11:12:55
264.6,86,5774.92,264.6,6.193,121,168,6.193,2024-06-05 11:12:56
259.79999999999995,87,5782.84,259.79999999999995,7.918,132,193,7.918,2024-06-05 11:12:57
258.20000000000005,84,5790.29,258.20000000000005,7.454,127,174,7.454,2024-06-05 11:12:58
259.79999999999995,82,5797.36,259.79999999999995,7.07,134,196,7.07,2024-06-05 11:12:59
256.6,88,5804.5,256.6,7.133,131,173,7.133,2024-06-05 11:13:00
262.20000000000005,88,5811.48,262.20000000000005,6.983,129,178,6.983,2024-06-05 11:13:01
260.20000000000005,80,5819.13,260.20000000000005,7.651,132,172,7.651,2024-06-05 11:13:02
258.4,83,5825.75,258.4,6.624,132,176,6.624,2024-06-05 11:13:03
260.4,80,5833.28,260.4,7.521,123,176,7.521,2024-06-05 11:13:04
263.79999999999995,84,5841.14,263.79999999999995,7.863,124,165,7.863,2024-06-05 11:13:05
260.6,84,5847.89,260.6,6.747,125,168,6.747,2024-06-05 11:13:06
256.0,82,5855.02,256.0,7.132,131,172,7.132,2024-06-05 11:13:07
257.6,86,5862.55,257.6,7.53,124,180,7.53,2024-06-05 11:13:08
257.4,86,5869.31,257.4,6.762,125,183,6.762,2024-06-05 11:13:09
263.20000000000005,82,5875.66,263.20000000000005,6.347,137,171,6.347,2024-06-05 11:13:10
260.79999999999995,86,5882.49,260.79999999999995,6.829,135,167,6.829,2024-06-05 11:13:11
266.6,89,5890.16,266.6,7.678,129,177,7.678,2024-06-05 11:13:12
258.6,88,5897.23,258.6,7.062,130,169,7.062,2024-06-05 11:13:13
260.0,86,5904.64,260.0,7.415,139,183,7.415,2024-06-05 11:13:14
260.6,81,5912.17,260.6,7.531,131,161,7.531,2024-06-05 11:13:15
262.0,80,5919.89,262.0,7.722,131,176,7.722,2024-06-05 11:13:16
257.6,85,5927.06,257.6,7.168,122,187,7.168,2024-06-05 11:13:17
259.6,83,5933.92,259.6,6.855,139,189,6.855,2024-06-05 11:13:18
260.20000000000005,82,5939.97,260.20000000000005,6.057,130,173,6.057,2024-06-05 11:13:19
259.79999999999995,85,5946.99,259.79999999999995,7.011,126,179,7.011,2024-06-05 11:13:20
258.79999999999995,81,5953.99,258.79999999999995,7.009,123,171,7.009,2024-06-05 11:13:21
256.79999999999995,86,5960.13,256.79999999999995,6.131,140,168,6.131,2024-06-05 11:13:22
256.79999999999995,80,5967.25,256.79999999999995,7.124,125,185,7.124,2024-06-05 11:13:23
259.6,81,5974.81,259.6,7.559,133,184,7.559,2024-06-05 11:13:24
262.6,85,5981.91,262.6,7.106,128,187,7.106,2024-06-05 11:13:25
260.4,85,5989.05,260.4,7.135,124,184,7.135,2024-06-05 11:13:26
262.0,86,5996.62,262.0,7.571,128,193,7.571,2024-06-05 11:13:27
262.79999999999995,83,6004.13,262.79999999999995,7.512,127,169,7.512,2024-06-05 11:13:28
260.6,87,6011.25,260.6,7.123,133,170,7.123,2024-06-05 11:13:29
261.6,90,6018.44,261.6,7.185,139,178,7.185,2024-06-05 11:13:30
260.4,84,6024.72,260.4,6.279,125,171,6.279,2024-06-05 11:13:31
258.0,88,6031.94,258.0,7.225,137,190,7.225,2024-06-05 11:13:32
261.0,83,6039.63,261.0,7.686,129,168,7.686,2024-06-05 11:13:33
259.6,85,6045.66,259.6,6.03,130,190,6.03,2024-06-05 11:13:34
258.0,85,6053.95,258.0,8.287,127,159,8.287,2024-06-05 11:13:35
263.0,85,6061.08,263.0,7.135,129,191,7.135,2024-06-05 11:13:36
259.0,85,6067.94,259.0,6.861,131,197,6.861,2024-06-05 11:13:37
259.79999999999995,85,6075.22,259.79999999999995,7.282,124,193,7.282,2024-06-05 11:13:38
260.0,90,6082.19,260.0,6.965,123,175,6.965,2024-06-05 11:13:39
260.20000000000005,87,6089.45,260.20000000000005,7.263,132,179,7.263,2024-06-05 11:13:40
262.4,84,6096.01,262.4,6.559,129,175,6.559,2024-06-05 11:13:41
264.0,83,6103.65,264.0,7.641,123,181,7.641,2024-06-05 11:13:42
259.6,89,6111.01,259.6,7.354,137,190,7.354,2024-06-05 11:13:43
259.4,83,6117.83,259.4,6.819,130,181,6.819,2024-06-05 11:13:44
259.79999999999995,79,6125.25,259.79999999999995,7.422,133,167,7.422,2024-06-05 11:13:45
264.6,85,6132.72,264.6,7.475,134,181,7.475,2024-06-05 11:13:46
260.79999999999995,83,6140.25,260.79999999999995,7.531,130,171,7.531,2024-06-05 11:13:47
257.20000000000005,83,6147.66,257.20000000000005,7.411,130,181,7.411,2024-06-05 11:13:48
258.6,88,6154.44,258.6,6.772,121,166,6.772,2024-06-05 11:13:49
259.0,82,6162.24,259.0,7.806,133,175,7.806,2024-06-05 11:13:50
260.0,84,6170.44,260.0,8.2,128,169,8.2,2024-06-05 11:13:51
258.6,81,6177.58,258.6,7.14,123,183,7.14,2024-06-05 11:13:52
259.0,87,6184.2,259.0,6.617,130,177,6.617,2024-06-05 11:13:53
257.0,82,6190.97,257.0,6.772,127,186,6.772,2024-06-05 11:13:54
259.79999999999995,87,6198.38,259.79999999999995,7.409,131,191,7.409,2024-06-05 11:13:55
260.4,81,6204.96,260.4,6.583,121,168,6.583,2024-06-05 11:13:56
261.20000000000005,85,6212.56,261.20000000000005,7.598,126,175,7.598,2024-06-05 11:13:57
258.6,87,6219.81,258.6,7.248,132,173,7.248,2024-06-05 11:13:58
259.6,92,6227.34,259.6,7.53,127,179,7.53,2024-06-05 11:13:59
258.4,83,6234.29,258.4,6.949,124,177,6.949,2024-06-05 11:14:00
259.79999999999995,85,6241.79,259.79999999999995,7.498,138,176,7.498,2024-06-05 11:14:01
257.20000000000005,85,6248.77,257.20000000000005,6.984,138,177,6.984,2024-06-05 11:14:02
265.79999999999995,84,6256.88,265.79999999999995,8.115,139,187,8.115,2024-06-05 11:14:03
254.60000000000002,84,6265.55,254.60000000000002,8.67,140,199,8.67,2024-06-05 11:14:04
262.20000000000005,89,6272.71,262.20000000000005,7.152,132,179,7.152,2024-06-05 11:14:05
261.0,83,6280.47,261.0,7.761,123,182,7.761,2024-06-05 11:14:06
261.79999999999995,86,6287.39,261.79999999999995,6.924,124,181,6.924,2024-06-05 11:14:07
260.6,84,6294.84,260.6,7.451,133,183,7.451,2024-06-05 11:14:08
259.79999999999995,84,6301.13,259.79999999999995,6.292,138,179,6.292,2024-06-05 11:14:09
260.4,82,6308.76,260.4,7.63,126,178,7.63,2024-06-05 11:14:10
259.4,86,6315.62,259.4,6.853,134,191,6.853,2024-06-05 11:14:11
259.0,87,6322.61,259.0,6.99,129,186,6.99,2024-06-05 11:14:12
259.79999999999995,86,6329.52,259.79999999999995,6.91,138,180,6.91,2024-06-05 11:14:13
260.4,84,6337.34,260.4,7.822,128,180,7.822,2024-06-05 11:14:14
265.0,88,6344.65,265.0,7.309,130,185,7.309,2024-06-05 11:14:15
261.6,84,6351.94,261.6,7.29,125,204,7.29,2024-06-05 11:14:16
257.0,81,6358.68,257.0,6.737,128,177,6.737,2024-06-05 11:14:17
262.0,86,6366.04,262.0,7.363,129,180,7.363,2024-06-05 11:14:18
262.4,82,6372.87,262.4,6.833,122,177,6.833,2024-06-05 11:14:19
257.79999999999995,85,6380.06,257.79999999999995,7.189,133,157,7.189,2024-06-05 11:14:20
264.0,86,6387.15,264.0,7.091,136,176,7.091,2024-06-05 11:14:21
261.6,87,6393.96,261.6,6.807,132,172,6.807,2024-06-05 11:14:22
262.20000000000005,86,6401.01,262.20000000000005,7.055,135,183,7.055,2024-06-05 11:14:23
262.6,84,6408.19,262.6,7.173,142,148,7.173,2024-06-05 11:14:24
262.20000000000005,84,6415.36,262.20000000000005,7.168,133,189,7.168,2024-06-05 11:14:25
262.4,81,6422.38,262.4,7.027,127,190,7.027,2024-06-05 11:14:26
261.0,82,6430.11,261.0,7.723,133,167,7.723,2024-06-05 11:14:27
259.79999999999995,86,6437.38,259.79999999999995,7.277,131,169,7.277,2024-06-05 11:14:28
259.6,84,6444.45,259.6,7.071,135,185,7.071,2024-06-05 11:14:29
257.0,80,6450.84,257.0,6.383,131,177,6.383,2024-06-05 11:14:30
261.20000000000005,83,6457.85,261.20000000000005,7.017,131,164,7.017,2024-06-05 11:14:31
258.0,85,6465.17,258.0,7.313,127,180,7.313,2024-06-05 11:14:32
260.79999999999995,82,6472.91,260.79999999999995,7.744,141,188,7.744,2024-06-05 11:14:33
260.20000000000005,87,6480.47,260.20000000000005,7.562,126,182,7.562,2024-06-05 11:14:34
260.0,83,6487.48,260.0,7.01,124,196,7.01,2024-06-05 11:14:35
262.0,85,6494.48,262.0,6.997,122,174,6.997,2024-06-05 11:14:36
261.0,85,6501.5,261.0,7.017,138,169,7.017,2024-06-05 11:14:37
259.4,83,6508.79,259.4,7.292,135,162,7.292,2024-06-05 11:14:38
258.6,90,6515.66,258.6,6.869,132,180,6.869,2024-06-05 11:14:39
261.4,84,6522.85,261.4,7.188,130,155,7.188,2024-06-05 11:14:40
257.79999999999995,83,6529.18,257.79999999999995,6.336,132,166,6.336,2024-06-05 11:14:41
259.6,81,6536.0,259.6,6.82,117,187,6.82,2024-06-05 11:14:42
259.79999999999995,84,6542.88,259.79999999999995,6.878,127,178,6.878,2024-06-05 11:14:43
255.60000000000002,86,6550.79,255.60000000000002,7.91,135,185,7.91,2024-06-05 11:14:44
260.6,85,6558.42,260.6,7.633,131,193,7.633,2024-06-05 11:14:45
255.0,84,6566.4,255.0,7.972,125,181,7.972,2024-06-05 11:14:46
255.79999999999995,82,6573.73,255.79999999999995,7.331,120,181,7.331,2024-06-05 11:14:47
260.20000000000005,85,6581.17,260.20000000000005,7.446,137,185,7.446,2024-06-05 11:14:48
262.4,85,6589.04,262.4,7.871,128,170,7.871,2024-06-05 11:14:49
257.0,87,6595.37,257.0,6.324,135,177,6.324,2024-06-05 11:14:50
261.6,82,6602.12,261.6,6.749,130,169,6.749,2024-06-05 11:14:51
261.20000000000005,84,6609.34,261.20000000000005,7.221,132,173,7.221,2024-06-05 11:14:52
258.6,84,6616.51,258.6,7.17,130,182,7.17,2024-06-05 11:14:53
260.4,79,6624.16,260.4,7.649,121,145,7.649,2024-06-05 11:14:54
264.20000000000005,83,6631.41,264.20000000000005,7.254,125,195,7.254,2024-06-05 11:14:55
261.20000000000005,77,6638.14,261.20000000000005,6.728,125,164,6.728,2024-06-05 11:14:56
262.6,89,6644.65,262.6,6.515,136,183,6.515,2024-06-05 11:14:57
262.4,85,6652.04,262.4,7.389,130,194,7.389,2024-06-05 11:14:58
255.60000000000002,84,6658.42,255.60000000000002,6.374,127,189,6.374,2024-06-05 11:14:59
260.4,82,6665.83,260.4,7.413,138,190,7.413,2024-06-05 11:15:00
262.0,86,6673.28,262.0,7.446,128,162,7.446,2024-06-05 11:15:01
260.4,78,6680.54,260.4,7.261,121,171,7.261,2024-06-05 11:15:02
259.6,80,6688.54,259.6,8.001,127,181,8.001,2024-06-05 11:15:03
257.6,85,6696.41,257.6,7.874,128,196,7.874,2024-06-05 11:15:04
262.0,86,6703.83,262.0,7.416,135,171,7.416,2024-06-05 11:15:05
262.0,83,6711.89,262.0,8.059,130,170,8.059,2024-06-05 11:15:06
257.0,84,6719.54,257.0,7.655,129,188,7.655,2024-06-05 11:15:07
261.4,81,6727.46,261.4,7.916,126,166,7.916,2024-06-05 11:15:08
260.4,85,6734.34,260.4,6.879,132,186,6.879,2024-06-05 11:15:09
261.0,86,6742.37,261.0,8.032,137,177,8.032,2024-06-05 11:15:10
259.0,85,6749.09,259.0,6.727,128,172,6.727,2024-06-05 11:15:11
260.0,87,6756.24,260.0,7.141,130,170,7.141,2024-06-05 11:15:12
262.4,86,6763.48,262.4,7.242,131,166,7.242,2024-06-05 11:15:13
258.20000000000005,84,6771.49,258.20000000000005,8.012,131,178,8.012,2024-06-05 11:15:14
262.79999999999995,81,6778.94,262.79999999999995,7.448,127,189,7.448,2024-06-05 11:15:15
260.79999999999995,83,6785.58,260.79999999999995,6.638,124,185,6.638,2024-06-05 11:15:16
260.4,82,6792.78,260.4,7.205,132,184,7.205,2024-06-05 11:15:17
262.20000000000005,86,6799.77,262.20000000000005,6.987,134,180,6.987,2024-06-05 11:15:18
261.0,83,6806.86,261.0,7.09,124,183,7.09,2024-06-05 11:15:19
257.4,87,6814.12,257.4,7.264,133,173,7.264,2024-06-05 11:15:20
258.0,82,6820.79,258.0,6.67,128,177,6.67,2024-06-05 11:15:21
261.20000000000005,87,6828.03,261.20000000000005,7.242,124,184,7.242,2024-06-05 11:15:22
259.0,81,6834.14,259.0,6.103,138,183,6.103,2024-06-05 11:15:23
258.0,86,6840.55,258.0,6.412,134,163,6.412,2024-06-05 11:15:24
260.20000000000005,88,6847.4,260.20000000000005,6.854,140,192,6.854,2024-06-05 11:15:25
260.79999999999995,81,6854.39,260.79999999999995,6.989,125,160,6.989,2024-06-05 11:15:26
260.0,89,6861.62,260.0,7.226,136,176,7.226,2024-06-05 11:15:27
259.0,81,6868.11,259.0,6.494,132,183,6.494,2024-06-05 11:15:28
259.6,85,6875.28,259.6,7.171,129,179,7.171,2024-06-05 11:15:29
257.0,85,6881.75,257.0,6.468,125,172,6.468,2024-06-05 11:15:30
260.6,87,6888.75,260.6,6.999,132,182,6.999,2024-06-05 11:15:31
264.0,82,6896.32,264.0,7.566,133,187,7.566,2024-06-05 11:15:32
259.4,78,6903.24,259.4,6.92,145,172,6.92,2024-06-05 11:15:33
254.79999999999995,86,6910.51,254.79999999999995,7.274,129,187,7.274,2024-06-05 11:15:34
258.6,86,6917.51,258.6,6.998,132,178,6.998,2024-06-05 11:15:35
260.79999999999995,85,6924.07,260.79999999999995,6.563,129,184,6.563,2024-06-05 11:15:36
264.6,87,6932.24,264.6,8.173,126,182,8.173,2024-06-05 11:15:37
262.6,85,6939.14,262.6,6.895,135,173,6.895,2024-06-05 11:15:38
260.20000000000005,82,6946.45,260.20000000000005,7.307,132,160,7.307,2024-06-05 11:15:39
259.0,87,6954.19,259.0,7.74,136,191,7.74,2024-06-05 11:15:40
259.0,84,6960.9,259.0,6.715,130,191,6.715,2024-06-05 11:15:41
257.4,87,6967.21,257.4,6.311,129,180,6.311,2024-06-05 11:15:42
257.4,88,6974.66,257.4,7.445,128,174,7.445,2024-06-05 11:15:43
261.4,81,6982.44,261.4,7.783,131,183,7.783,2024-06-05 11:15:44
260.6,85,6989.17,260.6,6.731,142,193,6.731,2024-06-05 11:15:45
260.20000000000005,81,6996.08,260.20000000000005,6.912,131,183,6.912,2024-06-05 11:15:46
261.6,85,7002.8,261.6,6.718,126,186,6.718,2024-06-05 11:15:47
259.4,81,7010.69,259.4,7.89,130,169,7.89,2024-06-05 11:15:48
257.79999999999995,84,7018.2,257.79999999999995,7.511,119,180,7.511,2024-06-05 11:15:49
261.0,80,7025.84,261.0,7.637,131,157,7.637,2024-06-05 11:15:50
261.20000000000005,87,7033.35,261.20000000000005,7.512,126,168,7.512,2024-06-05 11:15:51
259.6,89,7040.55,259.6,7.199,125,192,7.199,2024-06-05 11:15:52
262.0,86,7047.63,262.0,7.079,128,189,7.079,2024-06-05 11:15:53
260.20000000000005,83,7054.97,260.20000000000005,7.343,130,197,7.343,2024-06-05 11:15:54
258.6,83,7063.03,258.6,8.053,132,193,8.053,2024-06-05 11:15:55
262.0,85,7070.76,262.0,7.738,132,177,7.738,2024-06-05 11:15:56
255.60000000000002,86,7078.59,255.60000000000002,7.824,131,193,7.824,2024-06-05 11:15:57
261.79999999999995,91,7086.27,261.79999999999995,7.685,131,183,7.685,2024-06-05 11:15:58
259.20000000000005,84,7093.73,259.20000000000005,7.453,130,185,7.453,2024-06-05 11:15:59
259.79999999999995,81,7100.93,259.79999999999995,7.199,133,179,7.199,2024-06-05 11:16:00
262.6,86,7107.65,262.6,6.726,119,170,6.726,2024-06-05 11:16:01
262.0,83,7115.29,262.0,7.639,134,184,7.639,2024-06-05 11:16:02
258.6,85,7122.26,258.6,6.968,129,183,6.968,2024-06-05 11:16:03
263.0,87,7129.78,263.0,7.52,126,185,7.52,2024-06-05 11:16:04
262.79999999999995,87,7137.74,262.79999999999995,7.956,129,184,7.956,2024-06-05 11:16:05
256.79999999999995,86,7145.57,256.79999999999995,7.833,134,169,7.833,2024-06-05 11:16:06
256.4,86,7152.34,256.4,6.768,127,177,6.768,2024-06-05 11:16:07
259.20000000000005,89,7160.93,259.20000000000005,8.594,133,188,8.594,2024-06-05 11:16:08
260.20000000000005,87,7168.32,260.20000000000005,7.389,138,178,7.389,2024-06-05 11:16:09
260.0,87,7175.17,260.0,6.847,131,196,6.847,2024-06-05 11:16:10
257.6,89,7183.15,257.6,7.98,132,177,7.98,2024-06-05 11:16:11
261.79999999999995,81,7190.48,261.79999999999995,7.337,133,174,7.337,2024-06-05 11:16:12
257.79999999999995,87,7197.94,257.79999999999995,7.456,127,178,7.456,2024-06-05 11:16:13
263.20000000000005,89,7204.82,263.20000000000005,6.879,130,176,6.879,2024-06-05 11:16:14
260.79999999999995,86,7211.45,260.79999999999995,6.628,119,163,6.628,2024-06-05 11:16:15
261.6,80,7219.09,261.6,7.642,122,190,7.642,2024-06-05 11:16:16
257.6,82,7225.61,257.6,6.517,135,172,6.517,2024-06-05 11:16:17
256.20000000000005,85,7232.6,256.20000000000005,6.997,135,194,6.997,2024-06-05 11:16:18
258.6,82,7240.5,258.6,7.893,128,194,7.893,2024-06-05 11:16:19
260.0,80,7247.11,260.0,6.618,128,172,6.618,2024-06-05 11:16:20
261.20000000000005,88,7254.54,261.20000000000005,7.43,124,167,7.43,2024-06-05 11:16:21
258.79999999999995,87,7262.02,258.79999999999995,7.473,141,180,7.473,2024-06-05 11:16:22
261.6,85,7270.01,261.6,7.993,121,167,7.993,2024-06-05 11:16:23
257.79999999999995,86,7277.62,257.79999999999995,7.611,128,178,7.611,2024-06-05 11:16:24
261.4,81,7284.99,261.4,7.372,131,192,7.372,2024-06-05 11:16:25
262.4,87,7291.41,262.4,6.423,133,178,6.423,2024-06-05 11:16:26
262.0,83,7298.98,262.0,7.569,131,175,7.569,2024-06-05 11:16:27
259.4,86,7306.03,259.4,7.041,128,180,7.041,2024-06-05 11:16:28
258.0,86,7313.47,258.0,7.443,124,198,7.443,2024-06-05 11:16:29
259.4,83,7320.92,259.4,7.447,125,191,7.447,2024-06-05 11:16:30
261.4,82,7327.37,261.4,6.458,127,186,6.458,2024-06-05 11:16:31
260.6,85,7335.85,260.6,8.479,132,189,8.479,2024-06-05 11:16:32
259.79999999999995,82,7343.46,259.79999999999995,7.608,132,176,7.608,2024-06-05 11:16:33
265.6,85,7351.75,265.6,8.29,128,184,8.29,2024-06-05 11:16:34
261.79999999999995,86,7359.55,261.79999999999995,7.8,134,191,7.8,2024-06-05 11:16:35
258.20000000000005,86,7366.06,258.20000000000005,6.506,125,197,6.506,2024-06-05 11:16:36
260.20000000000005,81,7373.55,260.20000000000005,7.495,138,211,7.495,2024-06-05 11:16:37
261.0,79,7380.85,261.0,7.303,124,177,7.303,2024-06-05 11:16:38
259.79999999999995,85,7388.33,259.79999999999995,7.477,123,168,7.477,2024-06-05 11:16:39
256.79999999999995,86,7395.53,256.79999999999995,7.193,120,171,7.193,2024-06-05 11:16:40
261.6,83,7403.35,261.6,7.821,132,182,7.821,2024-06-05 11:16:41
256.4,85,7411.04,256.4,7.693,125,170,7.693,2024-06-05 11:16:42
259.79999999999995,88,7417.69,259.79999999999995,6.653,120,177,6.653,2024-06-05 11:16:43
259.0,84,7424.35,259.0,6.658,141,171,6.658,2024-06-05 11:16:44
260.4,88,7431.04,260.4,6.686,126,195,6.686,2024-06-05 11:16:45
259.6,84,7437.82,259.6,6.789,129,169,6.789,2024-06-05 11:16:46
258.6,88,7444.57,258.6,6.743,130,186,6.743,2024-06-05 11:16:47
259.20000000000005,82,7451.04,259.20000000000005,6.469,128,167,6.469,2024-06-05 11:16:48
259.6,83,7458.37,259.6,7.338,130,188,7.338,2024-06-05 11:16:49
260.0,83,7465.45,260.0,7.074,128,173,7.074,2024-06-05 11:16:50
262.0,83,7473.36,262.0,7.914,139,190,7.914,2024-06-05 11:16:51
262.0,86,7479.46,262.0,6.099,128,182,6.099,2024-06-05 11:16:52
262.4,86,7486.91,262.4,7.45,131,174,7.45,2024-06-05 11:16:53
257.6,86,7493.55,257.6,6.643,133,174,6.643,2024-06-05 11:16:54
259.20000000000005,83,7501.45,259.20000000000005,7.896,122,184,7.896,2024-06-05 11:16:55
259.4,85,7508.43,259.4,6.981,131,182,6.981,2024-06-05 11:16:56
261.79999999999995,85,7515.1,261.79999999999995,6.674,138,153,6.674,2024-06-05 11:16:57
261.79999999999995,84,7522.58,261.79999999999995,7.477,131,202,7.477,2024-06-05 11:16:58
261.6,87,7529.98,261.6,7.4,131,179,7.4,2024-06-05 11:16:59
258.4,81,7537.14,258.4,7.156,128,170,7.156,2024-06-05 11:17:00
258.0,84,7544.64,258.0,7.504,123,188,7.504,2024-06-05 11:17:01
259.4,81,7552.14,259.4,7.494,129,195,7.494,2024-06-05 11:17:02
257.6,83,7559.88,257.6,7.747,127,180,7.747,2024-06-05 11:17:03
257.0,82,7566.88,257.0,6.997,132,168,6.997,2024-06-05 11:17:04
259.6,87,7574.25,259.6,7.368,125,183,7.368,2024-06-05 11:17:05
259.4,84,7581.55,259.4,7.298,129,176,7.298,2024-06-05 11:17:06
259.79999999999995,87,7588.23,259.79999999999995,6.683,138,184,6.683,2024-06-05 11:17:07
259.79999999999995,85,7594.48,259.79999999999995,6.252,129,179,6.252,2024-06-05 11:17:08
258.20000000000005,87,7601.46,258.20000000000005,6.981,136,155,6.981,2024-06-05 11:17:09
261.4,87,7609.74,261.4,8.28,135,185,8.28,2024-06-05 11:17:10
258.0,80,7616.62,258.0,6.872,137,197,6.872,2024-06-05 11:17:11
260.79999999999995,90,7624.0,260.79999999999995,7.385,124,175,7.385,2024-06-05 11:17:12
258.20000000000005,87,7630.96,258.20000000000005,6.958,126,175,6.958,2024-06-05 11:17:13
260.20000000000005,83,7639.06,260.20000000000005,8.098,127,187,8.098,2024-06-05 11:17:14
260.4,82,7645.91,260.4,6.854,130,180,6.854,2024-06-05 11:17:15
261.79999999999995,78,7653.03,261.79999999999995,7.116,136,170,7.116,2024-06-05 11:17:16
258.79999999999995,86,7660.75,258.79999999999995,7.723,128,178,7.723,2024-06-05 11:17:17
260.4,84,7668.61,260.4,7.865,129,195,7.865,2024-06-05 11:17:18
258.4,79,7675.56,258.4,6.946,121,194,6.946,2024-06-05 11:17:19
257.6,82,7683.5,257.6,7.944,122,203,7.944,2024-06-05 11:17:20
260.0,88,7690.74,260.0,7.237,133,169,7.237,2024-06-05 11:17:21
256.79999999999995,86,7698.52,256.79999999999995,7.785,129,193,7.785,2024-06-05 11:17:22
259.4,78,7705.51,259.4,6.98,133,181,6.98,2024-06-05 11:17:23
258.4,85,7712.38,258.4,6.872,129,173,6.872,2024-06-05 11:17:24
259.20000000000005,82,7720.29,259.20000000000005,7.911,142,185,7.911,2024-06-05 11:17:25
258.4,87,7727.4,258.4,7.11,131,173,7.11,2024-06-05 11:17:26
259.79999999999995,85,7735.08,259.79999999999995,7.678,135,186,7.678,2024-06-05 11:17:27
260.20000000000005,88,7741.41,260.20000000000005,6.334,130,180,6.334,2024-06-05 11:17:28
263.4,85,7748.99,263.4,7.581,141,203,7.581,2024-06-05 11:17:29
259.4,85,7756.02,259.4,7.032,134,189,7.032,2024-06-05 11:17:30
260.0,84,7763.38,260.0,7.356,134,174,7.356,2024-06-05 11:17:31
260.20000000000005,82,7770.59,260.20000000000005,7.218,134,176,7.218,2024-06-05 11:17:32
257.0,86,7776.82,257.0,6.221,122,184,6.221,2024-06-05 11:17:33
262.0,79,7784.23,262.0,7.417,128,177,7.417,2024-06-05 11:17:34
256.79999999999995,85,7790.97,256.79999999999995,6.742,125,171,6.742,2024-06-05 11:17:35
259.79999999999995,86,7797.73,259.79999999999995,6.756,131,179,6.756,2024-06-05 11:17:36
260.6,82,7805.02,260.6,7.29,135,174,7.29,2024-06-05 11:17:37
256.6,84,7811.27,256.6,6.247,139,184,6.247,2024-06-05 11:17:38
261.6,84,7818.03,261.6,6.76,127,199,6.76,2024-06-05 11:17:39
264.0,85,7824.46,264.0,6.433,127,149,6.433,2024-06-05 11:17:40
257.4,85,7830.88,257.4,6.419,128,173,6.419,2024-06-05 11:17:41
258.4,78,7838.39,258.4,7.505,130,177,7.505,2024-06-05 11:17:42
257.4,85,7845.06,257.4,6.678,134,167,6.678,2024-06-05 11:17:43
256.6,84,7851.96,256.6,6.9,127,182,6.9,2024-06-05 11:17:44
261.4,82,7858.7,261.4,6.738,135,186,6.738,2024-06-05 11:17:45
260.6,81,7865.95,260.6,7.249,132,191,7.249,2024-06-05 11:17:46
258.0,80,7873.41,258.0,7.456,136,197,7.456,2024-06-05 11:17:47
261.20000000000005,84,7880.49,261.20000000000005,7.086,128,186,7.086,2024-06-05 11:17:48
264.79999999999995,88,7887.78,264.79999999999995,7.288,142,182,7.288,2024-06-05 11:17:49
260.79999999999995,89,7894.12,260.79999999999995,6.341,132,166,6.341,2024-06-05 11:17:50
261.20000000000005,84,7901.92,261.20000000000005,7.803,125,177,7.803,2024-06-05 11:17:51
260.6,88,7909.3,260.6,7.375,127,185,7.375,2024-06-05 11:17:52
261.6,88,7916.79,261.6,7.488,131,177,7.488,2024-06-05 11:17:53
259.6,84,7924.96,259.6,8.176,135,180,8.176,2024-06-05 11:17:54
260.20000000000005,86,7932.13,260.20000000000005,7.167,129,178,7.167,2024-06-05 11:17:55
259.0,79,7939.22,259.0,7.09,133,173,7.09,2024-06-05 11:17:56
259.0,87,7945.77,259.0,6.55,137,184,6.55,2024-06-05 11:17:57
264.20000000000005,87,7952.28,264.20000000000005,6.51,129,190,6.51,2024-06-05 11:17:58
259.20000000000005,88,7960.38,259.20000000000005,8.106,121,164,8.106,2024-06-05 11:17:59
262.0,82,7966.93,262.0,6.543,138,183,6.543,2024-06-05 11:18:00
261.6,81,7974.17,261.6,7.24,133,172,7.24,2024-06-05 11:18:01
260.20000000000005,83,7981.3,260.20000000000005,7.135,124,207,7.135,2024-06-05 11:18:02
259.79999999999995,80,7987.74,259.79999999999995,6.434,127,176,6.434,2024-06-05 11:18:03
259.4,84,7995.22,259.4,7.484,127,204,7.484,2024-06-05 11:18:04
264.0,81,8002.2,264.0,6.984,130,167,6.984,2024-06-05 11:18:05
259.79999999999995,81,8010.29,259.79999999999995,8.09,130,179,8.09,2024-06-05 11:18:06
263.0,86,8017.54,263.0,7.249,133,187,7.249,2024-06-05 11:18:07
260.79999999999995,85,8024.86,260.79999999999995,7.318,125,169,7.318,2024-06-05 11:18:08
257.4,85,8031.59,257.4,6.728,132,173,6.728,2024-06-05 11:18:09
261.4,82,8038.54,261.4,6.949,135,186,6.949,2024-06-05 11:18:10
258.0,85,8046.19,258.0,7.651,133,186,7.651,2024-06-05 11:18:11
260.20000000000005,81,8052.54,260.20000000000005,6.354,135,179,6.354,2024-06-05 11:18:12
264.0,85,8059.62,264.0,7.078,131,181,7.078,2024-06-05 11:18:13
261.20000000000005,84,8066.43,261.20000000000005,6.809,130,186,6.809,2024-06-05 11:18:14
259.20000000000005,85,8072.99,259.20000000000005,6.56,125,179,6.56,2024-06-05 11:18:15
259.79999999999995,85,8080.0,259.79999999999995,7.009,135,174,7.009,2024-06-05 11:18:16
261.20000000000005,87,8086.5,261.20000000000005,6.496,129,177,6.496,2024-06-05 11:18:17
261.4,87,8093.41,261.4,6.916,131,194,6.916,2024-06-05 11:18:18
256.79999999999995,83,8100.57,256.79999999999995,7.158,122,193,7.158,2024-06-05 11:18:19
257.79999999999995,89,8107.25,257.79999999999995,6.679,133,174,6.679,2024-06-05 11:18:20
261.4,83,8113.58,261.4,6.328,135,172,6.328,2024-06-05 11:18:21
259.6,83,8121.27,259.6,7.694,133,179,7.694,2024-06-05 11:18:22
259.4,83,8128.34,259.4,7.07,131,190,7.07,2024-06-05 11:18:23
261.6,86,8135.13,261.6,6.795,132,198,6.795,2024-06-05 11:18:24
258.4,84,8141.62,258.4,6.488,130,176,6.488,2024-06-05 11:18:25
260.4,88,8149.52,260.4,7.897,122,178,7.897,2024-06-05 11:18:26
264.4,83,8156.33,264.4,6.811,130,182,6.811,2024-06-05 11:18:27
261.4,83,8163.52,261.4,7.187,136,175,7.187,2024-06-05 11:18:28
262.4,84,8170.63,262.4,7.111,132,196,7.111,2024-06-05 11:18:29
257.6,81,8177.23,257.6,6.606,130,167,6.606,2024-06-05 11:18:30
261.79999999999995,85,8185.21,261.79999999999995,7.978,132,190,7.978,2024-06-05 11:18:31
259.79999999999995,85,8192.95,259.79999999999995,7.741,131,175,7.741,2024-06-05 11:18:32
257.4,84,8201.1,257.4,8.146,132,179,8.146,2024-06-05 11:18:33
259.20000000000005,83,8207.85,259.20000000000005,6.75,128,194,6.75,2024-06-05 11:18:34
259.79999999999995,82,8214.77,259.79999999999995,6.926,123,166,6.926,2024-06-05 11:18:35
256.20000000000005,90,8220.95,256.20000000000005,6.175,127,187,6.175,2024-06-05 11:18:36
265.20000000000005,86,8228.73,265.20000000000005,7.784,128,195,7.784,2024-06-05 11:18:37
258.6,79,8236.23,258.6,7.495,125,171,7.495,2024-06-05 11:18:38
261.0,85,8243.31,261.0,7.085,130,193,7.085,2024-06-05 11:18:39
262.0,84,8249.6,262.0,6.285,129,168,6.285,2024-06-05 11:18:40
258.4,86,8256.88,258.4,7.279,132,172,7.279,2024-06-05 11:18:41
262.20000000000005,83,8264.16,262.20000000000005,7.278,136,189,7.278,2024-06-05 11:18:42
257.20000000000005,84,8270.91,257.20000000000005,6.755,133,177,6.755,2024-06-05 11:18:43
261.4,87,8278.77,261.4,7.858,127,189,7.858,2024-06-05 11:18:44
258.20000000000005,81,8286.25,258.20000000000005,7.481,141,171,7.481,2024-06-05 11:18:45
258.79999999999995,81,8294.79,258.79999999999995,8.542,126,198,8.542,2024-06-05 11:18:46
261.0,86,8301.88,261.0,7.088,124,191,7.088,2024-06-05 11:18:47
260.79999999999995,88,8309.08,260.79999999999995,7.205,129,171,7.205,2024-06-05 11:18:48
256.4,81,8316.02,256.4,6.931,126,179,6.931,2024-06-05 11:18:49
257.20000000000005,90,8323.42,257.20000000000005,7.404,133,187,7.404,2024-06-05 11:18:50
258.4,83,8330.79,258.4,7.375,135,178,7.375,2024-06-05 11:18:51
261.0,87,8337.48,261.0,6.683,131,185,6.683,2024-06-05 11:18:52
258.79999999999995,81,8345.39,258.79999999999995,7.91,140,174,7.91,2024-06-05 11:18:53
260.4,80,8351.6,260.4,6.216,130,175,6.216,2024-06-05 11:18:54
259.4,83,8359.17,259.4,7.563,130,192,7.563,2024-06-05 11:18:55
259.4,87,8366.1,259.4,6.931,135,210,6.931,2024-06-05 11:18:56
260.20000000000005,80,8373.01,260.20000000000005,6.916,127,171,6.916,2024-06-05 11:18:57
259.20000000000005,83,8379.57,259.20000000000005,6.561,134,174,6.561,2024-06-05 11:18:58
259.79999999999995,81,8386.44,259.79999999999995,6.865,129,192,6.865,2024-06-05 11:18:59
258.6,81,8394.23,258.6,7.795,125,176,7.795,2024-06-05 11:19:00
261.6,87,8401.67,261.6,7.433,135,184,7.433,2024-06-05 11:19:01
258.6,87,8408.66,258.6,6.996,129,183,6.996,2024-06-05 11:19:02
256.4,78,8415.62,256.4,6.955,136,177,6.955,2024-06-05 11:19:03
264.4,82,8421.42,264.4,5.801,130,181,5.801,2024-06-05 11:19:04
256.6,86,8428.93,256.6,7.517,134,181,7.517,2024-06-05 11:19:05
260.6,81,8436.3,260.6,7.367,124,177,7.367,2024-06-05 11:19:06
258.6,82,8443.91,258.6,7.611,133,175,7.611,2024-06-05 11:19:07
260.6,82,8451.05,260.6,7.14,134,161,7.14,2024-06-05 11:19:08
254.39999999999998,85,8458.52,254.39999999999998,7.463,128,172,7.463,2024-06-05 11:19:09
260.20000000000005,80,8465.54,260.20000000000005,7.019,128,190,7.019,2024-06-05 11:19:10
256.79999999999995,82,8472.52,256.79999999999995,6.989,132,185,6.989,2024-06-05 11:19:11
259.4,85,8479.74,259.4,7.211,126,186,7.211,2024-06-05 11:19:12
257.4,80,8487.07,257.4,7.338,131,195,7.338,2024-06-05 11:19:13
259.20000000000005,81,8494.74,259.20000000000005,7.664,127,187,7.664,2024-06-05 11:19:14
259.20000000000005,79,8503.02,259.20000000000005,8.283,129,173,8.283,2024-06-05 11:19:15
259.79999999999995,83,8510.9,259.79999999999995,7.876,132,184,7.876,2024-06-05 11:19:16
258.79999999999995,88,8518.11,258.79999999999995,7.214,128,178,7.214,2024-06-05 11:19:17
259.6,85,8525.41,259.6,7.298,130,190,7.298,2024-06-05 11:19:18
264.4,86,8533.76,264.4,8.355,122,195,8.355,2024-06-05 11:19:19
263.20000000000005,81,8541.5,263.20000000000005,7.737,126,173,7.737,2024-06-05 11:19:20
257.79999999999995,89,8549.11,257.79999999999995,7.607,137,176,7.607,2024-06-05 11:19:21
262.4,85,8556.75,262.4,7.646,132,180,7.646,2024-06-05 11:19:22
260.20000000000005,75,8563.86,260.20000000000005,7.107,123,181,7.107,2024-06-05 11:19:23
260.4,85,8571.34,260.4,7.48,135,180,7.48,2024-06-05 11:19:24
258.6,79,8578.79,258.6,7.445,120,194,7.445,2024-06-05 11:19:25
262.79999999999995,83,8585.71,262.79999999999995,6.921,127,168,6.921,2024-06-05 11:19:26
262.79999999999995,86,8592.72,262.79999999999995,7.009,130,187,7.009,2024-06-05 11:19:27
258.79999999999995,81,8600.67,258.79999999999995,7.953,124,193,7.953,2024-06-05 11:19:28
263.6,91,8608.61,263.6,7.94,117,183,7.94,2024-06-05 11:19:29
260.79999999999995,82,8615.28,260.79999999999995,6.669,127,190,6.669,2024-06-05 11:19:30
260.79999999999995,84,8623.33,260.79999999999995,8.049,127,176,8.049,2024-06-05 11:19:31
258.79999999999995,81,8630.51,258.79999999999995,7.182,135,172,7.182,2024-06-05 11:19:32
263.6,85,8637.46,263.6,6.951,130,173,6.951,2024-06-05 11:19:33
257.20000000000005,82,8645.26,257.20000000000005,7.803,131,186,7.803,2024-06-05 11:19:34
257.0,86,8653.34,257.0,8.079,128,190,8.079,2024-06-05 11:19:35
258.4,79,8661.14,258.4,7.802,126,178,7.802,2024-06-05 11:19:36
258.0,86,8668.38,258.0,7.239,124,161,7.239,2024-06-05 11:19:37
264.4,85,8675.27,264.4,6.887,127,185,6.887,2024-06-05 11:19:38
259.6,81,8683.64,259.6,8.372,129,189,8.372,2024-06-05 11:19:39
258.79999999999995,86,8690.63,258.79999999999995,6.986,130,177,6.986,2024-06-05 11:19:40
259.79999999999995,87,8697.83,259.79999999999995,7.199,129,174,7.199,2024-06-05 11:19:41
257.0,85,8704.28,257.0,6.453,132,168,6.453,2024-06-05 11:19:42
260.0,83,8711.4,260.0,7.118,135,180,7.118,2024-06-05 11:19:43
256.4,87,8718.34,256.4,6.94,126,165,6.94,2024-06-05 11:19:44
263.6,87,8726.24,263.6,7.901,134,188,7.901,2024-06-05 11:19:45
261.79999999999995,84,8733.25,261.79999999999995,7.008,132,179,7.008,2024-06-05 11:19:46
260.6,81,8740.19,260.6,6.942,134,165,6.942,2024-06-05 11:19:47
258.79999999999995,82,8747.78,258.79999999999995,7.596,128,180,7.596,2024-06-05 11:19:48
260.79999999999995,91,8755.8,260.79999999999995,8.015,137,185,8.015,2024-06-05 11:19:49
260.6,87,8761.95,260.6,6.154,124,178,6.154,2024-06-05 11:19:50
261.0,87,8769.95,261.0,8.0,129,163,8.0,2024-06-05 11:19:51
257.79999999999995,86,8776.57,257.79999999999995,6.615,130,188,6.615,2024-06-05 11:19:52
259.0,82,8784.23,259.0,7.664,126,185,7.664,2024-06-05 11:19:53
259.0,86,8791.04,259.0,6.813,132,181,6.813,2024-06-05 11:19:54
259.4,88,8798.81,259.4,7.768,132,169,7.768,2024-06-05 11:19:55
263.79999999999995,77,8805.81,263.79999999999995,7.0,135,189,7.0,2024-06-05 11:19:56
257.6,90,8813.09,257.6,7.282,119,182,7.282,2024-06-05 11:19:57
258.79999999999995,84,8821.35,258.79999999999995,8.251,131,182,8.251,2024-06-05 11:19:58
260.0,83,8828.94,260.0,7.596,124,184,7.596,2024-06-05 11:19:59
259.20000000000005,82,8835.71,259.20000000000005,6.768,133,165,6.768,2024-06-05 11:20:00
258.6,86,8843.18,258.6,7.466,127,171,7.466,2024-06-05 11:20:01
261.79999999999995,86,8851.02,261.79999999999995,7.847,136,180,7.847,2024-06-05 11:20:02
262.0,90,8858.89,262.0,7.865,128,175,7.865,2024-06-05 11:20:03
261.0,82,8866.06,261.0,7.176,134,185,7.176,2024-06-05 11:20:04
262.0,83,8873.43,262.0,7.364,132,198,7.364,2024-06-05 11:20:05
264.6,86,8880.91,264.6,7.483,125,188,7.483,2024-06-05 11:20:06
263.4,89,8888.36,263.4,7.45,129,189,7.45,2024-06-05 11:20:07
259.79999999999995,92,8895.95,259.79999999999995,7.593,120,182,7.593,2024-06-05 11:20:08
262.79999999999995,82,8903.18,262.79999999999995,7.225,133,176,7.225,2024-06-05 11:20:09
258.4,87,8910.92,258.4,7.739,128,178,7.739,2024-06-05 11:20:10
261.4,86,8918.0,261.4,7.08,121,181,7.08,2024-06-05 11:20:11
258.4,84,8924.52,258.4,6.525,135,200,6.525,2024-06-05 11:20:12
260.79999999999995,85,8931.08,260.79999999999995,6.552,123,173,6.552,2024-06-05 11:20:13
260.79999999999995,87,8937.87,260.79999999999995,6.792,130,169,6.792,2024-06-05 11:20:14
259.6,85,8944.19,259.6,6.321,131,175,6.321,2024-06-05 11:20:15
257.6,82,8952.16,257.6,7.968,123,173,7.968,2024-06-05 11:20:16
261.79999999999995,89,8959.74,261.79999999999995,7.586,134,172,7.586,2024-06-05 11:20:17
261.79999999999995,85,8966.81,261.79999999999995,7.071,123,196,7.071,2024-06-05 11:20:18
262.4,83,8973.89,262.4,7.078,136,197,7.078,2024-06-05 11:20:19
258.4,80,8981.74,258.4,7.846,136,198,7.846,2024-06-05 11:20:20
262.0,83,8987.78,262.0,6.045,136,173,6.045,2024-06-05 11:20:21
257.4,82,8994.86,257.4,7.077,130,204,7.077,2024-06-05 11:20:22
257.6,84,9002.17,257.6,7.306,133,193,7.306,2024-06-05 11:20:23
262.0,80,9009.73,262.0,7.563,127,174,7.563,2024-06-05 11:20:24
259.79999999999995,84,9015.76,259.79999999999995,6.028,126,163,6.028,2024-06-05 11:20:25
261.79999999999995,88,9023.08,261.79999999999995,7.326,128,163,7.326,2024-06-05 11:20:26
260.0,84,9029.9,260.0,6.816,130,177,6.816,2024-06-05 11:20:27
262.79999999999995,81,9036.35,262.79999999999995,6.449,125,196,6.449,2024-06-05 11:20:28
257.20000000000005,81,9043.71,257.20000000000005,7.358,121,182,7.358,2024-06-05 11:20:29
257.4,89,9050.79,257.4,7.087,123,191,7.087,2024-06-05 11:20:30
260.79999999999995,89,9057.94,260.79999999999995,7.145,135,183,7.145,2024-06-05 11:20:31
260.4,80,9064.83,260.4,6.895,130,186,6.895,2024-06-05 11:20:32
260.4,85,9071.76,260.4,6.928,120,183,6.928,2024-06-05 11:20:33
257.79999999999995,85,9078.23,257.79999999999995,6.465,134,185,6.465,2024-06-05 11:20:34
260.79999999999995,83,9084.18,260.79999999999995,5.951,131,181,5.951,2024-06-05 11:20:35
264.6,87,9091.23,264.6,7.055,124,178,7.055,2024-06-05 11:20:36
255.79999999999995,84,9098.53,255.79999999999995,7.301,139,178,7.301,2024-06-05 11:20:37
259.4,83,9105.63,259.4,7.104,125,175,7.104,2024-06-05 11:20:38
263.6,85,9113.83,263.6,8.191,135,177,8.191,2024-06-05 11:20:39
256.0,85,9120.32,256.0,6.497,133,190,6.497,2024-06-05 11:20:40
258.6,85,9127.17,258.6,6.853,129,169,6.853,2024-06-05 11:20:41
259.0,91,9134.18,259.0,7.009,127,172,7.009,2024-06-05 11:20:42
261.0,83,9142.67,261.0,8.483,129,171,8.483,2024-06-05 11:20:43
259.20000000000005,84,9150.28,259.20000000000005,7.612,127,177,7.612,2024-06-05 11:20:44
263.6,81,9158.22,263.6,7.941,131,170,7.941,2024-06-05 11:20:45
258.20000000000005,86,9164.51,258.20000000000005,6.29,131,190,6.29,2024-06-05 11:20:46
257.6,84,9171.58,257.6,7.066,130,165,7.066,2024-06-05 11:20:47
260.6,79,9177.71,260.6,6.129,125,170,6.129,2024-06-05 11:20:48
261.4,82,9185.02,261.4,7.318,132,169,7.318,2024-06-05 11:20:49
260.0,76,9192.31,260.0,7.29,125,204,7.29,2024-06-05 11:20:50
260.20000000000005,83,9199.73,260.20000000000005,7.415,131,173,7.415,2024-06-05 11:20:51
260.79999999999995,88,9206.47,260.79999999999995,6.744,129,179,6.744,2024-06-05 11:20:52
258.6,88,9214.54,258.6,8.072,128,170,8.072,2024-06-05 11:20:53
261.20000000000005,87,9222.15,261.20000000000005,7.602,121,185,7.602,2024-06-05 11:20:54
256.4,87,9229.09,256.4,6.943,129,161,6.943,2024-06-05 11:20:55
262.79999999999995,88,9236.38,262.79999999999995,7.288,141,176,7.288,2024-06-05 11:20:56
259.79999999999995,85,9243.51,259.79999999999995,7.13,127,182,7.13,2024-06-05 11:20:57
260.0,82,9251.28,260.0,7.769,140,189,7.769,2024-06-05 11:20:58
258.0,81,9258.8,258.0,7.528,129,180,7.528,2024-06-05 11:20:59
259.79999999999995,83,9265.67,259.79999999999995,6.867,127,176,6.867,2024-06-05 11:21:00
261.20000000000005,86,9272.87,261.20000000000005,7.199,122,184,7.199,2024-06-05 11:21:01
261.0,82,9280.26,261.0,7.394,135,166,7.394,2024-06-05 11:21:02
259.6,87,9287.0,259.6,6.743,131,186,6.743,2024-06-05 11:21:03
258.20000000000005,79,9294.97,258.20000000000005,7.968,139,180,7.968,2024-06-05 11:21:04
261.20000000000005,86,9302.41,261.20000000000005,7.44,127,184,7.44,2024-06-05 11:21:05
259.6,86,9309.76,259.6,7.35,127,181,7.35,2024-06-05 11:21:06
260.4,87,9317.19,260.4,7.43,124,177,7.43,2024-06-05 11:21:07
258.20000000000005,87,9323.92,258.20000000000005,6.729,131,163,6.729,2024-06-05 11:21:08
258.0,82,9330.58,258.0,6.659,132,164,6.659,2024-06-05 11:21:09
258.6,81,9337.71,258.6,7.123,130,168,7.123,2024-06-05 11:21:10
258.79999999999995,87,9345.06,258.79999999999995,7.355,128,210,7.355,2024-06-05 11:21:11
260.79999999999995,80,9352.27,260.79999999999995,7.211,123,169,7.211,2024-06-05 11:21:12
261.20000000000005,84,9359.02,261.20000000000005,6.746,127,185,6.746,2024-06-05 11:21:13
260.20000000000005,86,9367.0,260.20000000000005,7.987,129,184,7.987,2024-06-05 11:21:14
260.0,79,9375.06,260.0,8.057,133,186,8.057,2024-06-05 11:21:15
264.0,86,9382.93,264.0,7.869,137,177,7.869,2024-06-05 11:21:16
260.79999999999995,83,9390.03,260.79999999999995,7.102,129,194,7.102,2024-06-05 11:21:17
260.4,82,9397.67,260.4,7.641,131,185,7.641,2024-06-05 11:21:18
259.79999999999995,81,9404.4,259.79999999999995,6.731,129,182,6.731,2024-06-05 11:21:19
257.6,87,9411.1,257.6,6.695,129,189,6.695,2024-06-05 11:21:20
255.20000000000005,82,9418.04,255.20000000000005,6.94,126,194,6.94,2024-06-05 11:21:21
257.20000000000005,82,9425.48,257.20000000000005,7.438,124,178,7.438,2024-06-05 11:21:22
260.20000000000005,84,9432.95,260.20000000000005,7.472,133,175,7.472,2024-06-05 11:21:23
259.6,83,9439.99,259.6,7.042,133,182,7.042,2024-06-05 11:21:24
258.4,81,9446.94,258.4,6.95,126,182,6.95,2024-06-05 11:21:25
259.79999999999995,85,9454.33,259.79999999999995,7.394,135,180,7.394,2024-06-05 11:21:26
258.6,86,9462.07,258.6,7.731,123,180,7.731,2024-06-05 11:21:27
258.6,82,9469.38,258.6,7.312,127,190,7.312,2024-06-05 11:21:28
258.79999999999995,89,9477.28,258.79999999999995,7.899,133,202,7.899,2024-06-05 11:21:29
258.20000000000005,83,9484.78,258.20000000000005,7.505,132,190,7.505,2024-06-05 11:21:30
258.20000000000005,87,9492.5,258.20000000000005,7.715,136,186,7.715,2024-06-05 11:21:31
258.4,85,9499.55,258.4,7.054,126,198,7.054,2024-06-05 11:21:32
259.6,88,9506.8,259.6,7.249,122,188,7.249,2024-06-05 11:21:33
259.79999999999995,84,9513.37,259.79999999999995,6.575,138,172,6.575,2024-06-05 11:21:34
258.20000000000005,80,9519.12,258.20000000000005,5.744,124,179,5.744,2024-06-05 11:21:35
259.20000000000005,85,9525.52,259.20000000000005,6.406,132,157,6.406,2024-06-05 11:21:36
258.4,86,9531.82,258.4,6.292,128,186,6.292,2024-06-05 11:21:37
260.4,88,9538.74,260.4,6.927,129,177,6.927,2024-06-05 11:21:38
257.4,82,9546.14,257.4,7.396,132,181,7.396,2024-06-05 11:21:39
262.4,86,9552.83,262.4,6.692,124,184,6.692,2024-06-05 11:21:40
261.0,83,9559.88,261.0,7.051,125,195,7.051,2024-06-05 11:21:41
258.4,83,9567.86,258.4,7.978,127,177,7.978,2024-06-05 11:21:42
259.0,85,9574.39,259.0,6.526,128,163,6.526,2024-06-05 11:21:43
259.6,80,9582.07,259.6,7.679,134,179,7.679,2024-06-05 11:21:44
258.6,85,9589.78,258.6,7.719,137,172,7.719,2024-06-05 11:21:45
257.79999999999995,83,9597.25,257.79999999999995,7.466,123,182,7.466,2024-06-05 11:21:46
260.79999999999995,83,9604.54,260.79999999999995,7.294,125,171,7.294,2024-06-05 11:21:47
258.4,91,9611.0,258.4,6.453,128,177,6.453,2024-06-05 11:21:48
259.6,84,9618.14,259.6,7.142,131,175,7.142,2024-06-05 11:21:49
260.0,85,9626.02,260.0,7.88,137,186,7.88,2024-06-05 11:21:50
259.20000000000005,81,9633.07,259.20000000000005,7.046,128,197,7.046,2024-06-05 11:21:51
261.4,88,9640.63,261.4,7.567,128,175,7.567,2024-06-05 11:21:52
259.6,88,9647.59,259.6,6.954,123,171,6.954,2024-06-05 11:21:53
262.6,79,9655.33,262.6,7.744,124,179,7.744,2024-06-05 11:21:54
260.6,82,9662.77,260.6,7.435,134,175,7.435,2024-06-05 11:21:55
259.0,86,9670.05,259.0,7.288,127,178,7.288,2024-06-05 11:21:56
258.20000000000005,83,9677.38,258.20000000000005,7.322,130,199,7.322,2024-06-05 11:21:57
260.79999999999995,84,9684.71,260.79999999999995,7.337,126,163,7.337,2024-06-05 11:21:58
261.79999999999995,82,9691.98,261.79999999999995,7.264,123,179,7.264,2024-06-05 11:21:59
257.6,86,9698.8,257.6,6.825,127,191,6.825,2024-06-05 11:22:00
260.0,80,9705.79,260.0,6.986,143,179,6.986,2024-06-05 11:22:01
264.0,90,9713.09,264.0,7.304,131,186,7.304,2024-06-05 11:22:02
259.6,85,9720.03,259.6,6.938,133,181,6.938,2024-06-05 11:22:03
259.6,80,9727.68,259.6,7.653,131,178,7.653,2024-06-05 11:22:04
262.6,79,9734.37,262.6,6.685,134,180,6.685,2024-06-05 11:22:05
259.4,86,9740.98,259.4,6.608,131,185,6.608,2024-06-05 11:22:06
259.0,88,9748.02,259.0,7.046,130,173,7.046,2024-06-05 11:22:07
258.0,87,9755.71,258.0,7.692,139,175,7.692,2024-06-05 11:22:08
261.0,91,9762.73,261.0,7.018,131,172,7.018,2024-06-05 11:22:09
261.79999999999995,84,9769.93,261.79999999999995,7.199,127,182,7.199,2024-06-05 11:22:10
258.20000000000005,84,9776.21,258.20000000000005,6.275,135,173,6.275,2024-06-05 11:22:11
259.79999999999995,87,9783.33,259.79999999999995,7.12,128,173,7.12,2024-06-05 11:22:12
261.79999999999995,84,9789.35,261.79999999999995,6.024,132,174,6.024,2024-06-05 11:22:13
260.4,86,9796.28,260.4,6.926,131,183,6.926,2024-06-05 11:22:14
261.20000000000005,76,9803.28,261.20000000000005,7.005,127,175,7.005,2024-06-05 11:22:15
263.79999999999995,85,9809.72,263.79999999999995,6.434,132,153,6.434,2024-06-05 11:22:16
263.0,84,9816.91,263.0,7.198,128,184,7.198,2024-06-05 11:22:17
258.6,83,9824.7,258.6,7.787,130,179,7.787,2024-06-05 11:22:18
257.4,84,9832.15,257.4,7.45,120,164,7.45,2024-06-05 11:22:19
261.0,82,9839.08,261.0,6.93,131,179,6.93,2024-06-05 11:22:20
262.0,84,9846.37,262.0,7.286,124,183,7.286,2024-06-05 11:22:21
261.0,83,9853.26,261.0,6.892,124,176,6.892,2024-06-05 11:22:22
257.6,87,9859.35,257.6,6.091,129,188,6.091,2024-06-05 11:22:23
262.0,87,9866.92,262.0,7.573,121,174,7.573,2024-06-05 11:22:24
260.0,85,9874.25,260.0,7.324,126,182,7.324,2024-06-05 11:22:25
260.6,89,9881.1,260.6,6.857,136,176,6.857,2024-06-05 11:22:26
259.20000000000005,84,9888.37,259.20000000000005,7.266,136,180,7.266,2024-06-05 11:22:27
259.4,86,9896.11,259.4,7.737,133,180,7.737,2024-06-05 11:22:28
257.20000000000005,85,9902.8,257.20000000000005,6.694,130,192,6.694,2024-06-05 11:22:29
260.6,81,9909.7,260.6,6.903,134,177,6.903,2024-06-05 11:22:30
255.79999999999995,85,9916.82,255.79999999999995,7.114,126,184,7.114,2024-06-05 11:22:31
260.79999999999995,84,9924.58,260.79999999999995,7.763,123,195,7.763,2024-06-05 11:22:32
257.0,81,9931.19,257.0,6.61,130,181,6.61,2024-06-05 11:22:33
260.20000000000005,82,9937.94,260.20000000000005,6.75,134,182,6.75,2024-06-05 11:22:34
259.0,78,9944.34,259.0,6.395,125,182,6.395,2024-06-05 11:22:35
260.20000000000005,85,9951.34,260.20000000000005,7.007,129,168,7.007,2024-06-05 11:22:36
260.20000000000005,82,9958.03,260.20000000000005,6.691,133,186,6.691,2024-06-05 11:22:37
260.20000000000005,86,9965.18,260.20000000000005,7.147,124,175,7.147,2024-06-05 11:22:38
258.20000000000005,85,9972.96,258.20000000000005,7.784,123,177,7.784,2024-06-05 11:22:39
263.79999999999995,80,9979.64,263.79999999999995,6.671,130,174,6.671,2024-06-05 11:22:40
262.6,85,9987.0,262.6,7.368,129,181,7.368,2024-06-05 11:22:41
259.20000000000005,90,9994.23,259.20000000000005,7.224,130,195,7.224,2024-06-05 11:22:42
257.4,85,10003.0,257.4,8.773,121,178,8.773,2024-06-05 11:22:43
260.79999999999995,82,10010.19,260.79999999999995,7.192,130,167,7.192,2024-06-05 11:22:44
257.4,86,10016.99,257.4,6.797,130,176,6.797,2024-06-05 11:22:45
261.0,87,10024.98,261.0,7.995,128,172,7.995,2024-06-05 11:22:46
258.0,84,10031.29,258.0,6.306,132,188,6.306,2024-06-05 11:22:47
258.79999999999995,84,10038.96,258.79999999999995,7.667,123,194,7.667,2024-06-05 11:22:48
254.20000000000005,85,10045.84,254.20000000000005,6.883,135,190,6.883,2024-06-05 11:22:49
265.20000000000005,85,10053.68,265.20000000000005,7.839,133,187,7.839,2024-06-05 11:22:50
262.0,85,10061.58,262.0,7.899,131,177,7.899,2024-06-05 11:22:51
260.6,87,10069.97,260.6,8.394,129,183,8.394,2024-06-05 11:22:52
262.20000000000005,84,10077.87,262.20000000000005,7.894,135,180,7.894,2024-06-05 11:22:53
256.79999999999995,88,10085.52,256.79999999999995,7.655,128,184,7.655,2024-06-05 11:22:54
261.0,87,10092.14,261.0,6.618,124,195,6.618,2024-06-05 11:22:55
260.6,88,10099.49,260.6,7.355,125,189,7.355,2024-06-05 11:22:56
259.6,82,10106.12,259.6,6.625,133,175,6.625,2024-06-05 11:22:57
259.79999999999995,85,10113.82,259.79999999999995,7.702,124,186,7.702,2024-06-05 11:22:58
265.6,86,10121.2,265.6,7.377,128,176,7.377,2024-06-05 11:22:59
259.6,87,10129.18,259.6,7.984,127,168,7.984,2024-06-05 11:23:00
259.79999999999995,87,10136.58,259.79999999999995,7.394,126,168,7.394,2024-06-05 11:23:01
258.0,84,10143.57,258.0,6.992,140,200,6.992,2024-06-05 11:23:02
263.79999999999995,84,10149.69,263.79999999999995,6.119,134,184,6.119,2024-06-05 11:23:03
264.6,84,10157.18,264.6,7.492,138,162,7.492,2024-06-05 11:23:04
259.6,84,10163.56,259.6,6.383,122,179,6.383,2024-06-05 11:23:05
258.6,80,10170.83,258.6,7.268,116,178,7.268,2024-06-05 11:23:06
261.20000000000005,85,10177.82,261.20000000000005,6.986,128,175,6.986,2024-06-05 11:23:07
260.6,78,10185.1,260.6,7.285,136,190,7.285,2024-06-05 11:23:08
259.0,87,10191.95,259.0,6.845,127,181,6.845,2024-06-05 11:23:09
261.20000000000005,89,10199.14,261.20000000000005,7.196,133,172,7.196,2024-06-05 11:23:10
258.20000000000005,83,10207.69,258.20000000000005,8.546,134,186,8.546,2024-06-05 11:23:11
257.79999999999995,81,10214.41,257.79999999999995,6.718,129,178,6.718,2024-06-05 11:23:12
258.20000000000005,79,10222.16,258.20000000000005,7.753,126,173,7.753,2024-06-05 11:23:13
258.79999999999995,82,10229.1,258.79999999999995,6.943,130,172,6.943,2024-06-05 11:23:14
257.79999999999995,84,10235.71,257.79999999999995,6.613,128,178,6.613,2024-06-05 11:23:15
257.79999999999995,87,10242.55,257.79999999999995,6.832,131,177,6.832,2024-06-05 11:23:16
256.4,83,10250.17,256.4,7.626,127,192,7.626,2024-06-05 11:23:17
259.0,82,10257.48,259.0,7.303,123,192,7.303,2024-06-05 11:23:18
257.20000000000005,82,10264.83,257.20000000000005,7.358,133,177,7.358,2024-06-05 11:23:19
260.6,86,10272.31,260.6,7.476,122,193,7.476,2024-06-05 11:23:20
263.0,89,10279.1,263.0,6.789,133,170,6.789,2024-06-05 11:23:21
258.0,85,10285.56,258.0,6.457,126,181,6.457,2024-06-05 11:23:22
259.0,84,10292.7,259.0,7.143,131,173,7.143,2024-06-05 11:23:23
259.4,86,10300.46,259.4,7.756,126,186,7.756,2024-06-05 11:23:24
260.6,80,10308.11,260.6,7.652,126,176,7.652,2024-06-05 11:23:25
256.79999999999995,86,10314.6,256.79999999999995,6.496,121,182,6.496,2024-06-05 11:23:26
258.20000000000005,87,10321.44,258.20000000000005,6.842,133,178,6.842,2024-06-05 11:23:27
255.39999999999998,87,10328.07,255.39999999999998,6.622,138,183,6.622,2024-06-05 11:23:28
262.20000000000005,80,10336.16,262.20000000000005,8.09,127,165,8.09,2024-06-05 11:23:29
259.4,87,10342.77,259.4,6.617,133,176,6.617,2024-06-05 11:23:30
262.79999999999995,86,10349.42,262.79999999999995,6.647,126,181,6.647,2024-06-05 11:23:31
261.20000000000005,83,10356.97,261.20000000000005,7.554,138,179,7.554,2024-06-05 11:23:32
262.0,84,10365.32,262.0,8.345,129,175,8.345,2024-06-05 11:23:33
261.4,88,10372.32,261.4,7.005,124,189,7.005,2024-06-05 11:23:34
258.79999999999995,82,10379.73,258.79999999999995,7.41,128,177,7.41,2024-06-05 11:23:35
260.4,82,10386.46,260.4,6.726,133,167,6.726,2024-06-05 11:23:36
259.4,86,10394.26,259.4,7.798,130,177,7.798,2024-06-05 11:23:37
259.4,81,10401.53,259.4,7.269,138,172,7.269,2024-06-05 11:23:38
263.0,87,10408.96,263.0,7.428,130,162,7.428,2024-06-05 11:23:39
259.20000000000005,80,10415.87,259.20000000000005,6.91,131,180,6.91,2024-06-05 11:23:40
261.4,88,10422.53,261.4,6.666,132,165,6.666,2024-06-05 11:23:41
259.6,84,10429.66,259.6,7.127,125,190,7.127,2024-06-05 11:23:42
260.79999999999995,84,10436.43,260.79999999999995,6.769,128,169,6.769,2024-06-05 11:23:43
261.20000000000005,89,10443.79,261.20000000000005,7.365,125,188,7.365,2024-06-05 11:23:44
259.20000000000005,88,10450.75,259.20000000000005,6.953,126,183,6.953,2024-06-05 11:23:45
259.0,78,10458.89,259.0,8.148,135,179,8.148,2024-06-05 11:23:46
260.20000000000005,83,10465.59,260.20000000000005,6.7,128,178,6.7,2024-06-05 11:23:47
258.6,83,10472.74,258.6,7.15,122,194,7.15,2024-06-05 11:23:48
261.0,86,10480.21,261.0,7.462,135,178,7.462,2024-06-05 11:23:49
262.0,80,10487.4,262.0,7.193,125,183,7.193,2024-06-05 11:23:50
262.0,84,10495.34,262.0,7.943,121,182,7.943,2024-06-05 11:23:51
259.79999999999995,86,10502.1,259.79999999999995,6.757,113,179,6.757,2024-06-05 11:23:52
261.20000000000005,86,10509.65,261.20000000000005,7.55,130,195,7.55,2024-06-05 11:23:53
263.0,83,10517.1,263.0,7.451,122,160,7.451,2024-06-05 11:23:54
260.6,82,10523.91,260.6,6.813,137,175,6.813,2024-06-05 11:23:55
256.79999999999995,85,10530.4,256.79999999999995,6.482,131,185,6.482,2024-06-05 11:23:56
259.0,84,10537.78,259.0,7.388,122,171,7.388,2024-06-05 11:23:57
260.6,85,10544.07,260.6,6.291,136,181,6.291,2024-06-05 11:23:58
256.79999999999995,81,10551.46,256.79999999999995,7.388,132,177,7.388,2024-06-05 11:23:59
258.6,90,10558.03,258.6,6.566,127,165,6.566,2024-06-05 11:24:00
257.0,83,10565.28,257.0,7.251,120,187,7.251,2024-06-05 11:24:01
257.4,89,10572.1,257.4,6.823,125,180,6.823,2024-06-05 11:24:02
260.4,87,10579.04,260.4,6.943,126,163,6.943,2024-06-05 11:24:03
259.20000000000005,83,10586.02,259.20000000000005,6.978,137,179,6.978,2024-06-05 11:24:04
260.79999999999995,83,10594.19,260.79999999999995,8.163,128,186,8.163,2024-06-05 11:24:05
258.6,93,10601.06,258.6,6.869,126,199,6.869,2024-06-05 11:24:06
260.20000000000005,88,10608.02,260.20000000000005,6.969,136,174,6.969,2024-06-05 11:24:07
257.0,87,10615.89,257.0,7.862,140,182,7.862,2024-06-05 11:24:08
259.79999999999995,85,10622.87,259.79999999999995,6.982,120,170,6.982,2024-06-05 11:24:09
259.20000000000005,87,10630.75,259.20000000000005,7.878,136,184,7.878,2024-06-05 11:24:10
258.4,83,10637.78,258.4,7.034,131,192,7.034,2024-06-05 11:24:11
260.20000000000005,87,10644.26,260.20000000000005,6.479,125,170,6.479,2024-06-05 11:24:12
261.6,84,10651.9,261.6,7.643,129,174,7.643,2024-06-05 11:24:13
262.6,83,10659.7,262.6,7.799,136,189,7.799,2024-06-05 11:24:14
259.79999999999995,89,10666.36,259.79999999999995,6.66,128,186,6.66,2024-06-05 11:24:15
259.6,87,10674.07,259.6,7.707,124,164,7.707,2024-06-05 11:24:16
257.6,82,10682.0,257.6,7.934,130,176,7.934,2024-06-05 11:24:17
260.0,83,10688.76,260.0,6.754,136,170,6.754,2024-06-05 11:24:18
262.79999999999995,83,10696.03,262.79999999999995,7.278,124,176,7.278,2024-06-05 11:24:19
261.20000000000005,86,10702.5,261.20000000000005,6.466,131,193,6.466,2024-06-05 11:24:20
259.20000000000005,79,10709.75,259.20000000000005,7.252,119,167,7.252,2024-06-05 11:24:21
257.0,89,10716.31,257.0,6.558,126,174,6.558,2024-06-05 11:24:22
257.6,86,10723.93,257.6,7.614,123,207,7.614,2024-06-05 11:24:23
261.20000000000005,82,10731.08,261.20000000000005,7.159,135,174,7.159,2024-06-05 11:24:24
259.79999999999995,87,10737.87,259.79999999999995,6.785,137,176,6.785,2024-06-05 11:24:25
258.20000000000005,82,10745.29,258.20000000000005,7.424,132,177,7.424,2024-06-05 11:24:26
261.6,79,10752.12,261.6,6.827,129,189,6.827,2024-06-05 11:24:27
264.4,86,10758.98,264.4,6.86,132,176,6.86,2024-06-05 11:24:28
259.6,84,10766.94,259.6,7.96,130,173,7.96,2024-06-05 11:24:29
258.20000000000005,85,10774.06,258.20000000000005,7.121,118,165,7.121,2024-06-05 11:24:30
258.20000000000005,89,10781.76,258.20000000000005,7.696,123,153,7.696,2024-06-05 11:24:31
261.0,84,10789.23,261.0,7.475,130,186,7.475,2024-06-05 11:24:32
257.4,85,10796.34,257.4,7.105,122,168,7.105,2024-06-05 11:24:33
264.4,85,10804.54,264.4,8.2,125,179,8.2,2024-06-05 11:24:34
256.4,84,10812.3,256.4,7.765,130,162,7.765,2024-06-05 11:24:35
261.20000000000005,91,10819.83,261.20000000000005,7.528,123,186,7.528,2024-06-05 11:24:36
256.4,84,10827.59,256.4,7.755,132,172,7.755,2024-06-05 11:24:37
261.79999999999995,85,10835.32,261.79999999999995,7.738,134,163,7.738,2024-06-05 11:24:38
258.79999999999995,86,10842.75,258.79999999999995,7.427,130,183,7.427,2024-06-05 11:24:39
257.4,89,10849.94,257.4,7.191,122,190,7.191,2024-06-05 11:24:40
261.4,85,10857.17,261.4,7.224,133,176,7.224,2024-06-05 11:24:41
261.4,86,10864.2,261.4,7.037,120,196,7.037,2024-06-05 11:24:42
259.4,89,10870.94,259.4,6.732,132,177,6.732,2024-06-05 11:24:43
257.0,87,10878.03,257.0,7.094,139,177,7.094,2024-06-05 11:24:44
263.0,84,10886.05,263.0,8.022,128,168,8.022,2024-06-05 11:24:45
259.6,88,10892.76,259.6,6.713,129,178,6.713,2024-06-05 11:24:46
263.0,86,10900.34,263.0,7.574,131,171,7.574,2024-06-05 11:24:47
261.6,75,10907.09,261.6,6.75,131,200,6.75,2024-06-05 11:24:48
258.20000000000005,82,10914.08,258.20000000000005,6.997,136,188,6.997,2024-06-05 11:24:49
259.20000000000005,85,10921.82,259.20000000000005,7.738,128,181,7.738,2024-06-05 11:24:50
259.20000000000005,86,10929.33,259.20000000000005,7.504,114,161,7.504,2024-06-05 11:24:51
260.20000000000005,82,10935.28,260.20000000000005,5.954,122,191,5.954,2024-06-05 11:24:52
260.79999999999995,88,10942.48,260.79999999999995,7.205,132,178,7.205,2024-06-05 11:24:53
258.6,88,10950.02,258.6,7.539,138,175,7.539,2024-06-05 11:24:54
259.6,84,10956.86,259.6,6.839,129,169,6.839,2024-06-05 11:24:55
264.0,87,10964.32,264.0,7.458,132,174,7.458,2024-06-05 11:24:56
256.4,86,10970.58,256.4,6.261,126,190,6.261,2024-06-05 11:24:57
259.79999999999995,84,10978.08,259.79999999999995,7.498,126,183,7.498,2024-06-05 11:24:58
259.79999999999995,82,10986.14,259.79999999999995,8.059,130,192,8.059,2024-06-05 11:24:59
258.79999999999995,81,10992.91,258.79999999999995,6.767,132,178,6.767,2024-06-05 11:25:00
262.0,86,10999.89,262.0,6.981,131,157,6.981,2024-06-05 11:25:01
259.79999999999995,83,11007.35,259.79999999999995,7.459,131,187,7.459,2024-06-05 11:25:02
258.6,87,11014.48,258.6,7.137,127,181,7.137,2024-06-05 11:25:03
259.6,86,11021.24,259.6,6.758,129,158,6.758,2024-06-05 11:25:04
257.79999999999995,91,11028.55,257.79999999999995,7.307,126,186,7.307,2024-06-05 11:25:05
259.4,87,11036.07,259.4,7.517,128,193,7.517,2024-06-05 11:25:06
258.0,90,11043.13,258.0,7.06,134,170,7.06,2024-06-05 11:25:07
262.4,85,11050.54,262.4,7.409,132,168,7.409,2024-06-05 11:25:08
258.0,81,11058.23,258.0,7.689,137,178,7.689,2024-06-05 11:25:09
260.79999999999995,87,11066.37,260.79999999999995,8.149,125,179,8.149,2024-06-05 11:25:10
260.0,88,11073.47,260.0,7.098,122,195,7.098,2024-06-05 11:25:11
262.4,84,11081.28,262.4,7.81,127,185,7.81,2024-06-05 11:25:12
262.0,79,11088.4,262.0,7.113,125,161,7.113,2024-06-05 11:25:13
259.0,83,11094.6,259.0,6.204,122,179,6.204,2024-06-05 11:25:14
260.0,85,11101.23,260.0,6.629,122,180,6.629,2024-06-05 11:25:15
259.4,89,11108.29,259.4,7.058,126,188,7.058,2024-06-05 11:25:16
261.79999999999995,92,11115.36,261.79999999999995,7.069,126,185,7.069,2024-06-05 11:25:17
257.0,87,11122.85,257.0,7.496,134,186,7.496,2024-06-05 11:25:18
260.79999999999995,82,11129.66,260.79999999999995,6.811,129,174,6.811,2024-06-05 11:25:19
265.6,90,11137.27,265.6,7.608,127,185,7.608,2024-06-05 11:25:20
259.0,83,11143.87,259.0,6.6,132,188,6.6,2024-06-05 11:25:21
261.0,80,11150.31,261.0,6.437,134,179,6.437,2024-06-05 11:25:22
258.6,83,11156.99,258.6,6.683,127,181,6.683,2024-06-05 11:25:23
261.79999999999995,85,11164.31,261.79999999999995,7.319,128,181,7.319,2024-06-05 11:25:24
259.6,89,11171.28,259.6,6.971,129,182,6.971,2024-06-05 11:25:25
258.0,88,11179.55,258.0,8.27,130,193,8.27,2024-06-05 11:25:26
262.79999999999995,83,11186.96,262.79999999999995,7.414,118,170,7.414,2024-06-05 11:25:27
259.0,86,11193.42,259.0,6.457,131,186,6.457,2024-06-05 11:25:28
260.79999999999995,86,11200.91,260.79999999999995,7.489,126,163,7.489,2024-06-05 11:25:29
261.6,88,11208.5,261.6,7.586,123,180,7.586,2024-06-05 11:25:30
260.0,81,11215.79,260.0,7.296,122,190,7.296,2024-06-05 11:25:31
258.0,84,11222.65,258.0,6.862,129,181,6.862,2024-06-05 11:25:32
258.20000000000005,83,11229.82,258.20000000000005,7.165,117,181,7.165,2024-06-05 11:25:33
258.0,82,11236.68,258.0,6.86,129,157,6.86,2024-06-05 11:25:34
261.6,83,11243.06,261.6,6.379,135,180,6.379,2024-06-05 11:25:35
258.6,82,11250.05,258.6,6.993,118,188,6.993,2024-06-05 11:25:36
259.79999999999995,82,11257.38,259.79999999999995,7.323,132,178,7.323,2024-06-05 11:25:37
261.20000000000005,90,11264.14,261.20000000000005,6.761,137,189,6.761,2024-06-05 11:25:38
261.79999999999995,83,11272.1,261.79999999999995,7.961,130,177,7.961,2024-06-05 11:25:39
261.0,86,11279.15,261.0,7.049,120,186,7.049,2024-06-05 11:25:40
261.6,81,11287.07,261.6,7.925,137,181,7.925,2024-06-05 11:25:41
261.6,84,11293.75,261.6,6.681,127,174,6.681,2024-06-05 11:25:42
260.20000000000005,87,11300.98,260.20000000000005,7.229,125,176,7.229,2024-06-05 11:25:43
261.20000000000005,80,11308.59,261.20000000000005,7.607,134,191,7.607,2024-06-05 11:25:44
259.79999999999995,86,11315.92,259.79999999999995,7.327,127,187,7.327,2024-06-05 11:25:45
261.6,86,11322.72,261.6,6.802,132,166,6.802,2024-06-05 11:25:46
260.0,81,11330.02,260.0,7.303,130,190,7.303,2024-06-05 11:25:47
262.6,84,11337.66,262.6,7.639,126,165,7.639,2024-06-05 11:25:48
260.0,84,11344.63,260.0,6.968,133,193,6.968,2024-06-05 11:25:49
260.0,82,11352.17,260.0,7.546,125,178,7.546,2024-06-05 11:25:50
258.20000000000005,83,11359.07,258.20000000000005,6.898,121,169,6.898,2024-06-05 11:25:51
260.79999999999995,87,11366.1,260.79999999999995,7.029,125,184,7.029,2024-06-05 11:25:52
257.0,84,11373.46,257.0,7.357,127,184,7.357,2024-06-05 11:25:53
261.6,83,11379.7,261.6,6.245,122,189,6.245,2024-06-05 11:25:54
261.0,83,11386.6,261.0,6.899,135,175,6.899,2024-06-05 11:25:55
262.4,86,11393.54,262.4,6.939,124,187,6.939,2024-06-05 11:25:56
261.20000000000005,87,11400.59,261.20000000000005,7.047,128,183,7.047,2024-06-05 11:25:57
260.20000000000005,83,11407.5,260.20000000000005,6.917,134,189,6.917,2024-06-05 11:25:58
260.79999999999995,80,11415.18,260.79999999999995,7.673,137,182,7.673,2024-06-05 11:25:59
259.6,81,11422.64,259.6,7.464,131,170,7.464,2024-06-05 11:26:00
262.0,86,11429.84,262.0,7.197,127,185,7.197,2024-06-05 11:26:01
260.0,84,11437.14,260.0,7.299,120,173,7.299,2024-06-05 11:26:02
258.79999999999995,84,11445.23,258.79999999999995,8.088,136,182,8.088,2024-06-05 11:26:03
265.0,87,11452.38,265.0,7.158,122,176,7.158,2024-06-05 11:26:04
257.4,88,11459.83,257.4,7.442,126,167,7.442,2024-06-05 11:26:05
258.0,86,11467.39,258.0,7.565,129,162,7.565,2024-06-05 11:26:06
260.20000000000005,88,11473.86,260.20000000000005,6.47,124,204,6.47,2024-06-05 11:26:07
260.20000000000005,87,11480.45,260.20000000000005,6.589,134,178,6.589,2024-06-05 11:26:08
259.79999999999995,83,11487.77,259.79999999999995,7.316,121,183,7.316,2024-06-05 11:26:09
257.0,88,11495.29,257.0,7.527,125,184,7.527,2024-06-05 11:26:10
259.0,84,11502.13,259.0,6.841,124,179,6.841,2024-06-05 11:26:11
256.20000000000005,90,11509.44,256.20000000000005,7.308,125,186,7.308,2024-06-05 11:26:12
261.4,84,11516.81,261.4,7.372,131,168,7.372,2024-06-05 11:26:13
259.4,88,11524.04,259.4,7.224,140,191,7.224,2024-06-05 11:26:14
255.79999999999995,86,11530.92,255.79999999999995,6.877,119,166,6.877,2024-06-05 11:26:15
259.79999999999995,84,11538.31,259.79999999999995,7.398,129,180,7.398,2024-06-05 11:26:16
260.20000000000005,85,11545.64,260.20000000000005,7.323,129,173,7.323,2024-06-05 11:26:17
260.79999999999995,85,11553.06,260.79999999999995,7.421,126,182,7.421,2024-06-05 11:26:18
258.20000000000005,91,11560.93,258.20000000000005,7.87,115,170,7.87,2024-06-05 11:26:19
259.0,81,11567.88,259.0,6.948,123,174,6.948,2024-06-05 11:26:20
261.0,86,11574.77,261.0,6.897,131,189,6.897,2024-06-05 11:26:21
260.6,88,11582.34,260.6,7.568,131,162,7.568,2024-06-05 11:26:22
260.4,86,11590.73,260.4,8.388,131,188,8.388,2024-06-05 11:26:23
263.79999999999995,80,11598.48,263.79999999999995,7.748,133,188,7.748,2024-06-05 11:26:24
261.79999999999995,91,11605.72,261.79999999999995,7.238,124,183,7.238,2024-06-05 11:26:25
253.79999999999995,84,11612.83,253.79999999999995,7.119,127,182,7.119,2024-06-05 11:26:26
260.20000000000005,81,11619.5,260.20000000000005,6.661,132,191,6.661,2024-06-05 11:26:27
257.4,82,11627.11,257.4,7.619,121,185,7.619,2024-06-05 11:26:28
256.20000000000005,85,11634.47,256.20000000000005,7.36,132,187,7.36,2024-06-05 11:26:29
261.0,83,11641.81,261.0,7.333,134,170,7.333,2024-06-05 11:26:30
261.79999999999995,83,11649.99,261.79999999999995,8.185,129,181,8.185,2024-06-05 11:26:31
259.0,87,11657.81,259.0,7.816,129,192,7.816,2024-06-05 11:26:32
258.0,80,11665.23,258.0,7.42,125,178,7.42,2024-06-05 11:26:33
260.0,87,11672.04,260.0,6.814,134,180,6.814,2024-06-05 11:26:34
260.6,82,11679.41,260.6,7.368,132,189,7.368,2024-06-05 11:26:35
260.4,88,11686.43,260.4,7.015,129,181,7.015,2024-06-05 11:26:36
262.4,86,11693.01,262.4,6.587,131,168,6.587,2024-06-05 11:26:37
261.4,88,11699.58,261.4,6.568,123,168,6.568,2024-06-05 11:26:38
261.4,78,11707.19,261.4,7.613,118,159,7.613,2024-06-05 11:26:39
261.0,84,11715.19,261.0,8.002,129,176,8.002,2024-06-05 11:26:40
259.0,75,11722.4,259.0,7.201,130,176,7.201,2024-06-05 11:26:41
261.79999999999995,85,11729.4,261.79999999999995,7.003,129,182,7.003,2024-06-05 11:26:42
259.20000000000005,86,11736.4,259.20000000000005,7.004,136,178,7.004,2024-06-05 11:26:43
260.6,83,11744.27,260.6,7.872,133,202,7.872,2024-06-05 11:26:44
258.4,85,11752.29,258.4,8.019,129,174,8.019,2024-06-05 11:26:45
263.4,89,11759.35,263.4,7.056,122,174,7.056,2024-06-05 11:26:46
263.20000000000005,83,11766.79,263.20000000000005,7.443,135,178,7.443,2024-06-05 11:26:47
259.6,86,11773.88,259.6,7.09,143,174,7.09,2024-06-05 11:26:48
259.6,90,11780.31,259.6,6.431,125,181,6.431,2024-06-05 11:26:49
259.4,85,11787.16,259.4,6.851,121,172,6.851,2024-06-05 11:26:50
262.20000000000005,78,11794.2,262.20000000000005,7.037,128,172,7.037,2024-06-05 11:26:51
261.20000000000005,87,11801.57,261.20000000000005,7.365,131,188,7.365,2024-06-05 11:26:52
258.6,85,11809.98,258.6,8.415,125,185,8.415,2024-06-05 11:26:53
260.20000000000005,84,11817.57,260.20000000000005,7.588,132,186,7.588,2024-06-05 11:26:54
257.79999999999995,85,11824.34,257.79999999999995,6.773,137,181,6.773,2024-06-05 11:26:55
259.6,82,11830.87,259.6,6.529,127,172,6.529,2024-06-05 11:26:56
262.4,86,11837.93,262.4,7.056,135,169,7.056,2024-06-05 11:26:57
259.79999999999995,81,11845.45,259.79999999999995,7.519,128,170,7.519,2024-06-05 11:26:58
260.20000000000005,86,11852.99,260.20000000000005,7.54,123,172,7.54,2024-06-05 11:26:59
260.4,87,11860.27,260.4,7.288,129,178,7.288,2024-06-05 11:27:00
260.6,82,11866.69,260.6,6.414,137,182,6.414,2024-06-05 11:27:01
260.20000000000005,86,11874.89,260.20000000000005,8.202,129,184,8.202,2024-06-05 11:27:02
258.4,82,11881.72,258.4,6.829,130,174,6.829,2024-06-05 11:27:03
259.4,86,11888.78,259.4,7.064,132,169,7.064,2024-06-05 11:27:04
263.4,81,11895.18,263.4,6.4,134,194,6.4,2024-06-05 11:27:05
260.6,84,11902.1,260.6,6.915,130,174,6.915,2024-06-05 11:27:06
263.6,87,11909.47,263.6,7.372,135,161,7.372,2024-06-05 11:27:07
255.20000000000005,90,11916.12,255.20000000000005,6.65,125,191,6.65,2024-06-05 11:27:08
258.79999999999995,85,11923.86,258.79999999999995,7.736,131,176,7.736,2024-06-05 11:27:09
263.79999999999995,91,11931.65,263.79999999999995,7.793,132,170,7.793,2024-06-05 11:27:10
259.20000000000005,89,11939.12,259.20000000000005,7.474,142,185,7.474,2024-06-05 11:27:11
263.0,87,11946.79,263.0,7.668,132,167,7.668,2024-06-05 11:27:12
260.79999999999995,87,11954.04,260.79999999999995,7.247,120,197,7.247,2024-06-05 11:27:13
262.0,84,11961.99,262.0,7.951,123,204,7.951,2024-06-05 11:27:14
259.0,83,11968.83,259.0,6.84,137,167,6.84,2024-06-05 11:27:15
258.4,83,11976.16,258.4,7.325,136,162,7.325,2024-06-05 11:27:16
257.6,77,11982.84,257.6,6.682,128,176,6.682,2024-06-05 11:27:17
262.4,84,11989.72,262.4,6.88,130,189,6.88,2024-06-05 11:27:18
259.4,88,11997.6,259.4,7.886,130,186,7.886,2024-06-05 11:27:19
261.6,85,12004.72,261.6,7.112,124,180,7.112,2024-06-05 11:27:20
258.20000000000005,89,12011.68,258.20000000000005,6.967,131,169,6.967,2024-06-05 11:27:21
263.20000000000005,87,12018.95,263.20000000000005,7.265,126,177,7.265,2024-06-05 11:27:22
262.6,86,12026.0,262.6,7.048,126,174,7.048,2024-06-05 11:27:23
262.79999999999995,80,12033.29,262.79999999999995,7.29,132,170,7.29,2024-06-05 11:27:24
258.0,82,12040.33,258.0,7.046,131,181,7.046,2024-06-05 11:27:25
257.20000000000005,88,12046.92,257.20000000000005,6.592,133,183,6.592,2024-06-05 11:27:26
258.4,86,12053.99,258.4,7.07,129,181,7.07,2024-06-05 11:27:27
260.6,85,12061.37,260.6,7.372,133,171,7.372,2024-06-05 11:27:28
259.79999999999995,83,12068.75,259.79999999999995,7.386,130,184,7.386,2024-06-05 11:27:29
257.6,84,12075.84,257.6,7.086,128,175,7.086,2024-06-05 11:27:30
262.4,83,12083.22,262.4,7.382,122,168,7.382,2024-06-05 11:27:31
262.4,82,12091.01,262.4,7.795,127,174,7.795,2024-06-05 11:27:32
260.4,86,12098.48,260.4,7.462,129,196,7.462,2024-06-05 11:27:33
257.79999999999995,85,12105.84,257.79999999999995,7.366,130,181,7.366,2024-06-05 11:27:34
260.4,85,12113.16,260.4,7.316,132,196,7.316,2024-06-05 11:27:35
262.6,78,12119.44,262.6,6.28,128,179,6.28,2024-06-05 11:27:36
258.20000000000005,87,12126.23,258.20000000000005,6.791,133,166,6.791,2024-06-05 11:27:37
257.6,82,12131.93,257.6,5.696,134,194,5.696,2024-06-05 11:27:38
259.20000000000005,85,12139.41,259.20000000000005,7.484,128,166,7.484,2024-06-05 11:27:39
258.6,83,12146.29,258.6,6.883,130,178,6.883,2024-06-05 11:27:40
259.20000000000005,86,12153.72,259.20000000000005,7.43,130,163,7.43,2024-06-05 11:27:41
261.6,84,12161.41,261.6,7.686,139,177,7.686,2024-06-05 11:27:42
262.20000000000005,85,12168.98,262.20000000000005,7.576,127,175,7.576,2024-06-05 11:27:43
260.79999999999995,82,12176.15,260.79999999999995,7.161,124,179,7.161,2024-06-05 11:27:44
264.6,80,12182.52,264.6,6.372,132,190,6.372,2024-06-05 11:27:45
262.20000000000005,79,12189.41,262.20000000000005,6.887,133,179,6.887,2024-06-05 11:27:46
259.20000000000005,81,12196.86,259.20000000000005,7.451,136,154,7.451,2024-06-05 11:27:47
262.79999999999995,84,12203.8,262.79999999999995,6.941,135,170,6.941,2024-06-05 11:27:48
259.4,87,12211.09,259.4,7.29,128,183,7.29,2024-06-05 11:27:49
261.4,86,12219.17,261.4,8.087,132,205,8.087,2024-06-05 11:27:50
261.79999999999995,81,12226.42,261.79999999999995,7.245,128,174,7.245,2024-06-05 11:27:51
260.79999999999995,81,12233.77,260.79999999999995,7.349,123,172,7.349,2024-06-05 11:27:52
259.4,84,12240.95,259.4,7.186,136,197,7.186,2024-06-05 11:27:53
259.0,88,12246.55,259.0,5.594,127,176,5.594,2024-06-05 11:27:54
260.20000000000005,92,12253.86,260.20000000000005,7.317,134,187,7.317,2024-06-05 11:27:55
257.20000000000005,87,12260.56,257.20000000000005,6.695,132,177,6.695,2024-06-05 11:27:56
264.0,83,12267.36,264.0,6.797,121,172,6.797,2024-06-05 11:27:57
258.79999999999995,85,12275.47,258.79999999999995,8.111,136,182,8.111,2024-06-05 11:27:58
259.0,88,12282.58,259.0,7.114,128,179,7.114,2024-06-05 11:27:59
260.4,85,12288.71,260.4,6.132,132,178,6.132,2024-06-05 11:28:00
260.4,85,12296.3,260.4,7.591,130,168,7.591,2024-06-05 11:28:01
259.4,77,12303.41,259.4,7.11,134,184,7.11,2024-06-05 11:28:02
261.0,82,12310.32,261.0,6.905,135,171,6.905,2024-06-05 11:28:03
258.4,81,12317.49,258.4,7.169,129,181,7.169,2024-06-05 11:28:04
257.6,87,12324.31,257.6,6.822,128,187,6.822,2024-06-05 11:28:05
259.4,85,12330.81,259.4,6.497,128,172,6.497,2024-06-05 11:28:06
258.4,86,12338.47,258.4,7.665,129,157,7.665,2024-06-05 11:28:07
260.4,85,12345.93,260.4,7.457,133,183,7.457,2024-06-05 11:28:08
260.20000000000005,86,12352.75,260.20000000000005,6.82,138,175,6.82,2024-06-05 11:28:09
260.6,83,12359.99,260.6,7.242,132,174,7.242,2024-06-05 11:28:10
261.6,85,12366.51,261.6,6.522,131,184,6.522,2024-06-05 11:28:11
262.4,84,12374.11,262.4,7.602,125,182,7.602,2024-06-05 11:28:12
255.79999999999995,84,12380.66,255.79999999999995,6.55,124,188,6.55,2024-06-05 11:28:13
260.79999999999995,90,12388.19,260.79999999999995,7.526,133,196,7.526,2024-06-05 11:28:14
257.6,82,12395.45,257.6,7.255,119,190,7.255,2024-06-05 11:28:15
262.20000000000005,88,12402.86,262.20000000000005,7.418,132,184,7.418,2024-06-05 11:28:16
260.6,84,12409.6,260.6,6.736,127,170,6.736,2024-06-05 11:28:17
258.79999999999995,79,12416.48,258.79999999999995,6.879,136,172,6.879,2024-06-05 11:28:18
257.6,80,12423.77,257.6,7.287,133,186,7.287,2024-06-05 11:28:19
261.20000000000005,87,12430.71,261.20000000000005,6.947,134,170,6.947,2024-06-05 11:28:20
259.6,87,12438.05,259.6,7.341,134,174,7.341,2024-06-05 11:28:21
260.6,81,12444.85,260.6,6.794,128,176,6.794,2024-06-05 11:28:22
263.0,86,12452.49,263.0,7.638,129,181,7.638,2024-06-05 11:28:23
258.79999999999995,83,12460.79,258.79999999999995,8.309,127,175,8.309,2024-06-05 11:28:24
262.4,86,12468.17,262.4,7.373,124,191,7.373,2024-06-05 11:28:25
262.6,86,12474.9,262.6,6.735,125,166,6.735,2024-06-05 11:28:26
264.4,91,12481.06,264.4,6.161,130,183,6.161,2024-06-05 11:28:27
261.0,83,12488.21,261.0,7.149,139,185,7.149,2024-06-05 11:28:28
259.0,86,12495.69,259.0,7.48,127,180,7.48,2024-06-05 11:28:29
263.20000000000005,89,12502.81,263.20000000000005,7.121,134,172,7.121,2024-06-05 11:28:30
261.4,87,12510.31,261.4,7.5,133,173,7.5,2024-06-05 11:28:31
260.6,84,12517.93,260.6,7.616,127,181,7.616,2024-06-05 11:28:32
259.6,83,12525.49,259.6,7.56,132,176,7.56,2024-06-05 11:28:33
258.79999999999995,83,12533.22,258.79999999999995,7.736,128,179,7.736,2024-06-05 11:28:34
263.4,84,12540.76,263.4,7.538,129,163,7.538,2024-06-05 11:28:35
262.20000000000005,82,12547.84,262.20000000000005,7.078,136,171,7.078,2024-06-05 11:28:36
261.6,79,12554.87,261.6,7.032,125,171,7.032,2024-06-05 11:28:37
257.0,84,12561.84,257.0,6.968,118,194,6.968,2024-06-05 11:28:38
257.0,86,12569.04,257.0,7.204,130,184,7.204,2024-06-05 11:28:39
261.6,88,12577.16,261.6,8.114,127,176,8.114,2024-06-05 11:28:40
260.6,85,12584.94,260.6,7.786,130,178,7.786,2024-06-05 11:28:41
256.6,91,12592.31,256.6,7.364,134,174,7.364,2024-06-05 11:28:42
258.6,83,12598.71,258.6,6.404,133,186,6.404,2024-06-05 11:28:43
261.0,83,12605.64,261.0,6.929,132,178,6.929,2024-06-05 11:28:44
256.79999999999995,87,12612.63,256.79999999999995,6.993,128,197,6.993,2024-06-05 11:28:45
257.6,83,12619.01,257.6,6.375,121,195,6.375,2024-06-05 11:28:46
263.0,85,12625.92,263.0,6.907,126,180,6.907,2024-06-05 11:28:47
260.0,87,12633.04,260.0,7.129,128,177,7.129,2024-06-05 11:28:48
258.79999999999995,82,12639.66,258.79999999999995,6.619,137,183,6.619,2024-06-05 11:28:49
263.20000000000005,88,12647.11,263.20000000000005,7.442,135,164,7.442,2024-06-05 11:28:50
261.6,84,12654.32,261.6,7.216,138,191,7.216,2024-06-05 11:28:51
260.4,86,12662.08,260.4,7.761,131,176,7.761,2024-06-05 11:28:52
258.4,83,12669.61,258.4,7.531,140,172,7.531,2024-06-05 11:28:53
261.4,85,12676.71,261.4,7.098,127,169,7.098,2024-06-05 11:28:54
261.0,87,12684.2,261.0,7.49,121,188,7.49,2024-06-05 11:28:55
264.0,81,12690.59,264.0,6.392,131,180,6.392,2024-06-05 11:28:56
262.6,87,12698.69,262.6,8.094,125,180,8.094,2024-06-05 11:28:57
261.20000000000005,88,12705.7,261.20000000000005,7.013,123,177,7.013,2024-06-05 11:28:58
259.4,83,12712.68,259.4,6.98,128,168,6.98,2024-06-05 11:28:59
258.4,88,12719.88,258.4,7.201,129,174,7.201,2024-06-05 11:29:00
261.20000000000005,90,12726.9,261.20000000000005,7.021,124,186,7.021,2024-06-05 11:29:01
255.79999999999995,80,12734.07,255.79999999999995,7.164,133,185,7.164,2024-06-05 11:29:02
257.79999999999995,84,12741.76,257.79999999999995,7.689,130,173,7.689,2024-06-05 11:29:03
258.20000000000005,84,12748.18,258.20000000000005,6.42,122,183,6.42,2024-06-05 11:29:04
259.4,81,12754.64,259.4,6.467,128,177,6.467,2024-06-05 11:29:05
258.79999999999995,87,12762.1,258.79999999999995,7.461,125,186,7.461,2024-06-05 11:29:06
260.79999999999995,83,12769.92,260.79999999999995,7.818,125,190,7.818,2024-06-05 11:29:07
260.6,85,12776.66,260.6,6.742,122,192,6.742,2024-06-05 11:29:08
257.79999999999995,79,12783.6,257.79999999999995,6.941,130,184,6.941,2024-06-05 11:29:09
264.4,85,12791.19,264.4,7.59,124,179,7.59,2024-06-05 11:29:10
258.20000000000005,85,12799.25,258.20000000000005,8.054,123,171,8.054,2024-06-05 11:29:11
261.0,81,12805.82,261.0,6.574,126,161,6.574,2024-06-05 11:29:12
256.20000000000005,89,12813.4,256.20000000000005,7.576,128,184,7.576,2024-06-05 11:29:13
260.4,86,12820.64,260.4,7.243,135,193,7.243,2024-06-05 11:29:14
261.79999999999995,81,12827.34,261.79999999999995,6.701,131,184,6.701,2024-06-05 11:29:15
260.20000000000005,88,12833.99,260.20000000000005,6.652,137,176,6.652,2024-06-05 11:29:16
259.20000000000005,82,12841.27,259.20000000000005,7.28,124,179,7.28,2024-06-05 11:29:17
260.20000000000005,88,12848.28,260.20000000000005,7.004,128,187,7.004,2024-06-05 11:29:18
260.79999999999995,84,12856.48,260.79999999999995,8.207,120,174,8.207,2024-06-05 11:29:19
261.6,83,12863.81,261.6,7.328,131,184,7.328,2024-06-05 11:29:20
261.6,86,12871.12,261.6,7.303,131,171,7.303,2024-06-05 11:29:21
262.4,90,12878.76,262.4,7.642,132,172,7.642,2024-06-05 11:29:22
264.0,86,12885.88,264.0,7.126,133,176,7.126,2024-06-05 11:29:23
263.20000000000005,82,12893.04,263.20000000000005,7.157,125,172,7.157,2024-06-05 11:29:24
264.20000000000005,87,12900.06,264.20000000000005,7.018,135,175,7.018,2024-06-05 11:29:25
261.20000000000005,81,12907.36,261.20000000000005,7.301,123,179,7.301,2024-06-05 11:29:26
261.20000000000005,86,12914.44,261.20000000000005,7.085,132,181,7.085,2024-06-05 11:29:27
263.20000000000005,84,12921.89,263.20000000000005,7.442,136,181,7.442,2024-06-05 11:29:28
260.79999999999995,81,12928.97,260.79999999999995,7.086,139,187,7.086,2024-06-05 11:29:29
257.6,84,12936.35,257.6,7.379,126,186,7.379,2024-06-05 11:29:30
261.20000000000005,82,12942.84,261.20000000000005,6.489,125,199,6.489,2024-06-05 11:29:31
258.20000000000005,86,12950.49,258.20000000000005,7.652,126,180,7.652,2024-06-05 11:29:32
262.0,85,12957.48,262.0,6.993,146,180,6.993,2024-06-05 11:29:33
257.79999999999995,86,12964.22,257.79999999999995,6.74,126,180,6.74,2024-06-05 11:29:34
260.4,83,12972.04,260.4,7.819,125,178,7.819,2024-06-05 11:29:35
260.0,85,12978.44,260.0,6.392,137,189,6.392,2024-06-05 11:29:36
257.0,82,12986.02,257.0,7.583,122,182,7.583,2024-06-05 11:29:37
263.6,87,12993.68,263.6,7.662,137,173,7.662,2024-06-05 11:29:38
258.6,88,13001.23,258.6,7.548,130,182,7.548,2024-06-05 11:29:39
259.20000000000005,83,13008.72,259.20000000000005,7.489,137,200,7.489,2024-06-05 11:29:40
261.6,85,13015.42,261.6,6.706,133,175,6.706,2024-06-05 11:29:41
259.6,87,13022.5,259.6,7.078,133,175,7.078,2024-06-05 11:29:42
258.20000000000005,89,13029.56,258.20000000000005,7.057,117,187,7.057,2024-06-05 11:29:43
263.6,77,13036.81,263.6,7.251,136,188,7.251,2024-06-05 11:29:44
263.0,86,13044.35,263.0,7.544,127,199,7.544,2024-06-05 11:29:45
259.20000000000005,83,13052.09,259.20000000000005,7.738,136,180,7.738,2024-06-05 11:29:46
257.6,83,13059.5,257.6,7.409,124,166,7.409,2024-06-05 11:29:47
258.6,87,13066.41,258.6,6.915,129,178,6.915,2024-06-05 11:29:48
260.20000000000005,83,13074.14,260.20000000000005,7.722,132,182,7.722,2024-06-05 11:29:49
258.79999999999995,87,13081.47,258.79999999999995,7.331,131,170,7.331,2024-06-05 11:29:50
256.4,76,13088.59,256.4,7.119,133,162,7.119,2024-06-05 11:29:51
265.20000000000005,89,13096.46,265.20000000000005,7.874,128,177,7.874,2024-06-05 11:29:52
260.20000000000005,84,13102.86,260.20000000000005,6.403,127,193,6.403,2024-06-05 11:29:53
259.20000000000005,83,13110.53,259.20000000000005,7.671,126,169,7.671,2024-06-05 11:29:54
261.4,85,13117.95,261.4,7.42,134,182,7.42,2024-06-05 11:29:55
261.4,86,13125.38,261.4,7.427,130,194,7.427,2024-06-05 11:29:56
259.79999999999995,86,13133.03,259.79999999999995,7.648,129,192,7.648,2024-06-05 11:29:57
262.0,84,13140.5,262.0,7.471,132,175,7.471,2024-06-05 11:29:58
263.20000000000005,83,13147.69,263.20000000000005,7.192,134,169,7.192,2024-06-05 11:29:59
262.4,79,13155.85,262.4,8.162,133,198,8.162,2024-06-05 11:30:00
260.4,82,13162.71,260.4,6.858,130,174,6.858,2024-06-05 11:30:01
257.6,84,13170.29,257.6,7.579,132,177,7.579,2024-06-05 11:30:02
258.20000000000005,84,13177.5,258.20000000000005,7.209,134,176,7.209,2024-06-05 11:30:03
261.4,79,13185.73,261.4,8.236,128,186,8.236,2024-06-05 11:30:04
261.0,83,13192.45,261.0,6.717,126,181,6.717,2024-06-05 11:30:05
258.0,85,13199.39,258.0,6.935,122,191,6.935,2024-06-05 11:30:06
257.79999999999995,86,13205.9,257.79999999999995,6.517,124,175,6.517,2024-06-05 11:30:07
259.6,84,13212.72,259.6,6.817,130,187,6.817,2024-06-05 11:30:08
261.0,79,13220.0,261.0,7.28,123,190,7.28,2024-06-05 11:30:09
260.0,87,13227.11,260.0,7.106,124,178,7.106,2024-06-05 11:30:10
260.20000000000005,84,13234.44,260.20000000000005,7.329,133,192,7.329,2024-06-05 11:30:11
260.79999999999995,86,13241.27,260.79999999999995,6.834,132,188,6.834,2024-06-05 11:30:12
262.79999999999995,85,13248.18,262.79999999999995,6.908,126,168,6.908,2024-06-05 11:30:13
263.0,85,13255.2,263.0,7.021,137,157,7.021,2024-06-05 11:30:14
260.0,87,13262.84,260.0,7.637,116,190,7.637,2024-06-05 11:30:15
258.20000000000005,87,13269.09,258.20000000000005,6.254,126,169,6.254,2024-06-05 11:30:16
261.0,87,13276.73,261.0,7.64,132,168,7.64,2024-06-05 11:30:17
261.79999999999995,90,13283.07,261.79999999999995,6.345,128,169,6.345,2024-06-05 11:30:18
258.6,85,13290.04,258.6,6.965,117,166,6.965,2024-06-05 11:30:19
262.4,82,13296.22,262.4,6.184,131,171,6.184,2024-06-05 11:30:20
263.20000000000005,85,13303.9,263.20000000000005,7.676,127,200,7.676,2024-06-05 11:30:21
259.6,84,13311.36,259.6,7.457,135,180,7.457,2024-06-05 11:30:22
259.79999999999995,88,13318.62,259.79999999999995,7.26,129,179,7.26,2024-06-05 11:30:23
258.6,84,13325.69,258.6,7.07,122,177,7.07,2024-06-05 11:30:24
259.20000000000005,82,13333.09,259.20000000000005,7.399,125,183,7.399,2024-06-05 11:30:25
263.6,84,13340.05,263.6,6.959,134,165,6.959,2024-06-05 11:30:26
257.6,81,13347.28,257.6,7.239,125,172,7.239,2024-06-05 11:30:27
262.6,85,13354.54,262.6,7.259,130,164,7.259,2024-06-05 11:30:28
262.20000000000005,87,13362.48,262.20000000000005,7.939,134,192,7.939,2024-06-05 11:30:29
259.20000000000005,83,13370.24,259.20000000000005,7.759,135,197,7.759,2024-06-05 11:30:30
262.4,84,13378.34,262.4,8.097,135,171,8.097,2024-06-05 11:30:31
264.0,85,13385.06,264.0,6.72,137,185,6.72,2024-06-05 11:30:32
259.0,82,13391.49,259.0,6.431,131,167,6.431,2024-06-05 11:30:33
258.20000000000005,84,13399.57,258.20000000000005,8.082,135,174,8.082,2024-06-05 11:30:34
262.6,80,13406.39,262.6,6.821,129,177,6.821,2024-06-05 11:30:35
263.20000000000005,85,13414.1,263.20000000000005,7.706,120,177,7.706,2024-06-05 11:30:36
260.79999999999995,85,13420.29,260.79999999999995,6.192,131,199,6.192,2024-06-05 11:30:37
259.0,82,13428.04,259.0,7.752,126,186,7.752,2024-06-05 11:30:38
264.4,84,13435.54,264.4,7.501,131,177,7.501,2024-06-05 11:30:39
259.79999999999995,88,13442.58,259.79999999999995,7.037,132,184,7.037,2024-06-05 11:30:40
260.6,87,13449.89,260.6,7.31,131,183,7.31,2024-06-05 11:30:41
262.6,86,13458.2,262.6,8.309,130,178,8.309,2024-06-05 11:30:42
256.20000000000005,84,13465.31,256.20000000000005,7.113,124,168,7.113,2024-06-05 11:30:43
260.0,82,13472.5,260.0,7.191,128,174,7.191,2024-06-05 11:30:44
263.0,84,13480.19,263.0,7.688,123,183,7.688,2024-06-05 11:30:45
260.79999999999995,82,13487.56,260.79999999999995,7.374,129,174,7.374,2024-06-05 11:30:46
260.20000000000005,81,13495.06,260.20000000000005,7.494,128,188,7.494,2024-06-05 11:30:47
259.4,85,13502.38,259.4,7.323,138,185,7.323,2024-06-05 11:30:48
258.6,83,13509.9,258.6,7.516,124,185,7.516,2024-06-05 11:30:49
259.4,80,13516.72,259.4,6.822,123,165,6.822,2024-06-05 11:30:50
258.20000000000005,86,13523.75,258.20000000000005,7.027,129,189,7.027,2024-06-05 11:30:51
259.79999999999995,84,13531.15,259.79999999999995,7.407,134,184,7.407,2024-06-05 11:30:52
259.20000000000005,85,13538.51,259.20000000000005,7.352,128,191,7.352,2024-06-05 11:30:53
262.6,85,13545.57,262.6,7.06,125,181,7.06,2024-06-05 11:30:54
260.4,82,13552.63,260.4,7.064,132,182,7.064,2024-06-05 11:30:55
259.6,85,13560.23,259.6,7.596,133,176,7.596,2024-06-05 11:30:56
260.0,88,13567.81,260.0,7.581,131,186,7.581,2024-06-05 11:30:57
257.6,87,13575.67,257.6,7.861,128,170,7.861,2024-06-05 11:30:58
260.4,85,13582.81,260.4,7.145,122,170,7.145,2024-06-05 11:30:59
257.6,85,13590.34,257.6,7.526,135,186,7.526,2024-06-05 11:31:00
262.20000000000005,86,13598.55,262.20000000000005,8.213,128,177,8.213,2024-06-05 11:31:01
263.0,82,13606.21,263.0,7.659,136,167,7.659,2024-06-05 11:31:02
260.0,85,13613.58,260.0,7.375,136,184,7.375,2024-06-05 11:31:03
258.6,81,13620.69,258.6,7.102,128,179,7.102,2024-06-05 11:31:04
257.0,79,13628.12,257.0,7.435,127,171,7.435,2024-06-05 11:31:05
261.0,88,13635.47,261.0,7.349,125,184,7.349,2024-06-05 11:31:06
262.6,83,13642.37,262.6,6.901,128,192,6.901,2024-06-05 11:31:07
261.0,83,13650.26,261.0,7.891,131,188,7.891,2024-06-05 11:31:08
261.4,88,13657.58,261.4,7.316,128,168,7.316,2024-06-05 11:31:09
259.6,87,13665.18,259.6,7.604,132,177,7.604,2024-06-05 11:31:10
261.6,85,13672.84,261.6,7.656,133,209,7.656,2024-06-05 11:31:11
256.4,83,13680.09,256.4,7.254,126,194,7.254,2024-06-05 11:31:12
261.4,88,13687.55,261.4,7.456,131,158,7.456,2024-06-05 11:31:13
259.79999999999995,80,13695.2,259.79999999999995,7.655,130,173,7.655,2024-06-05 11:31:14
254.79999999999995,90,13702.41,254.79999999999995,7.209,132,201,7.209,2024-06-05 11:31:15
261.79999999999995,84,13710.65,261.79999999999995,8.236,134,168,8.236,2024-06-05 11:31:16
261.79999999999995,81,13717.28,261.79999999999995,6.632,124,156,6.632,2024-06-05 11:31:17
261.0,86,13724.86,261.0,7.58,127,180,7.58,2024-06-05 11:31:18
259.4,84,13731.85,259.4,6.989,140,180,6.989,2024-06-05 11:31:19
257.79999999999995,86,13739.63,257.79999999999995,7.777,132,178,7.777,2024-06-05 11:31:20
261.6,84,13747.62,261.6,7.995,131,161,7.995,2024-06-05 11:31:21
258.4,85,13754.31,258.4,6.682,130,166,6.682,2024-06-05 11:31:22
259.6,86,13761.3,259.6,6.992,128,203,6.992,2024-06-05 11:31:23
261.6,88,13767.97,261.6,6.668,128,193,6.668,2024-06-05 11:31:24
261.4,83,13775.27,261.4,7.303,128,188,7.303,2024-06-05 11:31:25
262.6,84,13782.68,262.6,7.416,126,176,7.416,2024-06-05 11:31:26
259.6,82,13791.15,259.6,8.467,129,168,8.467,2024-06-05 11:31:27
260.20000000000005,84,13798.88,260.20000000000005,7.723,125,188,7.723,2024-06-05 11:31:28
264.6,91,13806.27,264.6,7.397,124,177,7.397,2024-06-05 11:31:29
260.20000000000005,83,13813.79,260.20000000000005,7.521,133,170,7.521,2024-06-05 11:31:30
257.6,83,13821.03,257.6,7.236,127,180,7.236,2024-06-05 11:31:31
256.6,85,13828.17,256.6,7.143,128,180,7.143,2024-06-05 11:31:32
259.6,82,13835.18,259.6,7.004,128,186,7.004,2024-06-05 11:31:33
260.4,84,13843.2,260.4,8.018,129,183,8.018,2024-06-05 11:31:34
261.0,87,13850.92,261.0,7.724,136,194,7.724,2024-06-05 11:31:35
259.79999999999995,83,13857.97,259.79999999999995,7.051,138,179,7.051,2024-06-05 11:31:36
260.0,86,13865.7,260.0,7.735,134,186,7.735,2024-06-05 11:31:37
262.4,82,13872.72,262.4,7.015,133,183,7.015,2024-06-05 11:31:38
259.4,84,13879.94,259.4,7.221,125,179,7.221,2024-06-05 11:31:39
256.4,84,13887.37,256.4,7.428,121,180,7.428,2024-06-05 11:31:40
258.20000000000005,85,13894.83,258.20000000000005,7.464,124,185,7.464,2024-06-05 11:31:41
261.4,86,13901.65,261.4,6.821,127,177,6.821,2024-06-05 11:31:42
260.0,84,13909.15,260.0,7.5,129,166,7.5,2024-06-05 11:31:43
260.6,85,13916.37,260.6,7.214,134,182,7.214,2024-06-05 11:31:44
262.20000000000005,82,13923.12,262.20000000000005,6.75,128,199,6.75,2024-06-05 11:31:45
260.0,88,13930.44,260.0,7.322,130,168,7.322,2024-06-05 11:31:46
259.79999999999995,83,13937.15,259.79999999999995,6.715,131,189,6.715,2024-06-05 11:31:47
259.20000000000005,83,13944.41,259.20000000000005,7.254,130,173,7.254,2024-06-05 11:31:48
261.79999999999995,85,13951.27,261.79999999999995,6.862,132,187,6.862,2024-06-05 11:31:49
259.4,92,13959.32,259.4,8.045,135,175,8.045,2024-06-05 11:31:50
258.79999999999995,84,13966.29,258.79999999999995,6.979,134,196,6.979,2024-06-05 11:31:51
259.6,89,13974.01,259.6,7.712,127,168,7.712,2024-06-05 11:31:52
261.79999999999995,83,13981.16,261.79999999999995,7.151,130,191,7.151,2024-06-05 11:31:53
259.20000000000005,79,13988.68,259.20000000000005,7.523,135,183,7.523,2024-06-05 11:31:54
257.0,87,13996.02,257.0,7.339,125,191,7.339,2024-06-05 11:31:55
266.4,88,14002.51,266.4,6.49,123,179,6.49,2024-06-05 11:31:56
258.79999999999995,86,14009.27,258.79999999999995,6.765,126,197,6.765,2024-06-05 11:31:57
260.0,86,14017.21,260.0,7.936,137,181,7.936,2024-06-05 11:31:58
259.79999999999995,87,14024.93,259.79999999999995,7.724,133,175,7.724,2024-06-05 11:31:59
262.20000000000005,89,14032.02,262.20000000000005,7.086,136,191,7.086,2024-06-05 11:32:00
259.6,82,14039.17,259.6,7.149,122,158,7.149,2024-06-05 11:32:01
260.20000000000005,87,14045.68,260.20000000000005,6.515,116,183,6.515,2024-06-05 11:32:02
257.6,83,14052.79,257.6,7.101,130,178,7.101,2024-06-05 11:32:03
260.79999999999995,85,14060.03,260.79999999999995,7.247,123,171,7.247,2024-06-05 11:32:04
262.0,84,14066.79,262.0,6.753,130,177,6.753,2024-06-05 11:32:05
257.6,82,14073.27,257.6,6.482,127,174,6.482,2024-06-05 11:32:06
260.4,85,14080.15,260.4,6.886,133,185,6.886,2024-06-05 11:32:07
259.6,89,14086.97,259.6,6.821,136,167,6.821,2024-06-05 11:32:08
260.0,81,14093.43,260.0,6.458,126,176,6.458,2024-06-05 11:32:09
258.0,88,14101.42,258.0,7.992,132,171,7.992,2024-06-05 11:32:10
257.0,83,14108.15,257.0,6.73,133,186,6.73,2024-06-05 11:32:11
259.79999999999995,81,14115.6,259.79999999999995,7.447,134,171,7.447,2024-06-05 11:32:12
262.20000000000005,84,14122.56,262.20000000000005,6.956,130,189,6.956,2024-06-05 11:32:13
260.4,85,14129.15,260.4,6.595,133,164,6.595,2024-06-05 11:32:14
258.6,80,14136.86,258.6,7.704,127,182,7.704,2024-06-05 11:32:15
260.79999999999995,87,14144.08,260.79999999999995,7.222,126,169,7.222,2024-06-05 11:32:16
259.20000000000005,86,14151.25,259.20000000000005,7.17,128,178,7.17,2024-06-05 11:32:17
259.79999999999995,85,14158.09,259.79999999999995,6.842,131,184,6.842,2024-06-05 11:32:18
261.79999999999995,85,14164.98,261.79999999999995,6.885,129,168,6.885,2024-06-05 11:32:19
259.0,85,14172.42,259.0,7.44,120,179,7.44,2024-06-05 11:32:20
261.20000000000005,82,14179.72,261.20000000000005,7.307,138,172,7.307,2024-06-05 11:32:21
263.0,87,14186.49,263.0,6.767,131,184,6.767,2024-06-05 11:32:22
261.20000000000005,79,14194.17,261.20000000000005,7.681,129,191,7.681,2024-06-05 11:32:23
259.20000000000005,82,14201.53,259.20000000000005,7.356,127,169,7.356,2024-06-05 11:32:24
259.20000000000005,89,14210.12,259.20000000000005,8.597,119,180,8.597,2024-06-05 11:32:25
263.0,78,14217.89,263.0,7.769,126,172,7.769,2024-06-05 11:32:26
260.6,88,14225.06,260.6,7.169,129,186,7.169,2024-06-05 11:32:27
265.20000000000005,85,14232.09,265.20000000000005,7.03,140,186,7.03,2024-06-05 11:32:28
260.0,83,14238.95,260.0,6.854,129,179,6.854,2024-06-05 11:32:29
265.6,85,14246.51,265.6,7.567,129,180,7.567,2024-06-05 11:32:30
262.6,78,14253.58,262.6,7.064,127,173,7.064,2024-06-05 11:32:31
262.4,83,14260.35,262.4,6.776,121,175,6.776,2024-06-05 11:32:32
259.0,85,14267.74,259.0,7.384,128,177,7.384,2024-06-05 11:32:33
260.20000000000005,86,14274.92,260.20000000000005,7.179,135,176,7.179,2024-06-05 11:32:34
259.79999999999995,84,14281.97,259.79999999999995,7.055,133,176,7.055,2024-06-05 11:32:35
259.4,85,14289.31,259.4,7.344,123,177,7.344,2024-06-05 11:32:36
261.4,83,14296.52,261.4,7.205,133,210,7.205,2024-06-05 11:32:37
260.20000000000005,87,14303.49,260.20000000000005,6.974,126,191,6.974,2024-06-05 11:32:38
260.4,78,14310.35,260.4,6.856,131,160,6.856,2024-06-05 11:32:39
259.0,87,14317.7,259.0,7.345,124,176,7.345,2024-06-05 11:32:40
258.4,87,14324.29,258.4,6.597,126,168,6.597,2024-06-05 11:32:41
262.79999999999995,83,14331.94,262.79999999999995,7.645,134,183,7.645,2024-06-05 11:32:42
258.20000000000005,78,14338.81,258.20000000000005,6.875,128,202,6.875,2024-06-05 11:32:43
261.0,85,14345.18,261.0,6.365,130,173,6.365,2024-06-05 11:32:44
262.20000000000005,89,14352.89,262.20000000000005,7.712,123,182,7.712,2024-06-05 11:32:45
261.6,87,14359.92,261.6,7.026,133,181,7.026,2024-06-05 11:32:46
261.6,84,14367.18,261.6,7.262,119,179,7.262,2024-06-05 11:32:47
260.20000000000005,89,14374.61,260.20000000000005,7.436,128,179,7.436,2024-06-05 11:32:48
257.79999999999995,84,14381.47,257.79999999999995,6.856,135,175,6.856,2024-06-05 11:32:49
259.79999999999995,78,14388.97,259.79999999999995,7.505,125,188,7.505,2024-06-05 11:32:50
256.0,91,14396.62,256.0,7.65,132,188,7.65,2024-06-05 11:32:51
257.79999999999995,82,14403.18,257.79999999999995,6.55,125,182,6.55,2024-06-05 11:32:52
262.79999999999995,91,14410.17,262.79999999999995,6.999,131,174,6.999,2024-06-05 11:32:53
257.0,87,14418.13,257.0,7.956,129,197,7.956,2024-06-05 11:32:54
256.79999999999995,84,14425.59,256.79999999999995,7.465,126,177,7.465,2024-06-05 11:32:55
256.4,85,14433.11,256.4,7.52,133,174,7.52,2024-06-05 11:32:56
259.0,88,14440.59,259.0,7.479,129,172,7.479,2024-06-05 11:32:57
260.4,90,14446.85,260.4,6.26,128,191,6.26,2024-06-05 11:32:58
257.4,85,14454.18,257.4,7.326,135,187,7.326,2024-06-05 11:32:59
262.6,84,14461.13,262.6,6.95,125,186,6.95,2024-06-05 11:33:00
262.6,85,14468.59,262.6,7.463,140,185,7.463,2024-06-05 11:33:01
263.20000000000005,85,14477.0,263.20000000000005,8.406,125,167,8.406,2024-06-05 11:33:02
257.20000000000005,91,14484.71,257.20000000000005,7.713,134,193,7.713,2024-06-05 11:33:03
262.20000000000005,75,14491.59,262.20000000000005,6.877,134,192,6.877,2024-06-05 11:33:04
260.20000000000005,81,14499.32,260.20000000000005,7.732,127,176,7.732,2024-06-05 11:33:05
262.4,84,14506.16,262.4,6.841,117,171,6.841,2024-06-05 11:33:06
260.20000000000005,76,14514.16,260.20000000000005,8.003,121,175,8.003,2024-06-05 11:33:07
260.4,87,14521.42,260.4,7.254,130,179,7.254,2024-06-05 11:33:08
261.0,84,14528.23,261.0,6.814,124,175,6.814,2024-06-05 11:33:09
259.20000000000005,84,14535.45,259.20000000000005,7.219,136,181,7.219,2024-06-05 11:33:10
258.79999999999995,82,14542.3,258.79999999999995,6.849,121,181,6.849,2024-06-05 11:33:11
265.0,83,14549.01,265.0,6.71,128,195,6.71,2024-06-05 11:33:12
263.20000000000005,78,14556.81,263.20000000000005,7.795,126,170,7.795,2024-06-05 11:33:13
259.6,89,14562.81,259.6,6.006,134,179,6.006,2024-06-05 11:33:14
256.0,86,14570.44,256.0,7.624,129,188,7.624,2024-06-05 11:33:15
264.20000000000005,84,14576.83,264.20000000000005,6.395,127,176,6.395,2024-06-05 11:33:16
264.20000000000005,81,14584.42,264.20000000000005,7.594,129,172,7.594,2024-06-05 11:33:17
257.4,82,14591.52,257.4,7.099,124,175,7.099,2024-06-05 11:33:18
256.6,83,14598.65,256.6,7.125,133,179,7.125,2024-06-05 11:33:19
256.20000000000005,85,14606.1,256.20000000000005,7.456,123,194,7.456,2024-06-05 11:33:20
257.20000000000005,84,14613.43,257.20000000000005,7.329,125,178,7.329,2024-06-05 11:33:21
257.6,88,14621.68,257.6,8.248,125,166,8.248,2024-06-05 11:33:22
259.4,85,14629.13,259.4,7.444,135,187,7.444,2024-06-05 11:33:23
259.0,90,14636.24,259.0,7.111,120,179,7.111,2024-06-05 11:33:24
260.79999999999995,85,14643.73,260.79999999999995,7.489,117,186,7.489,2024-06-05 11:33:25
260.4,87,14650.74,260.4,7.017,127,174,7.017,2024-06-05 11:33:26
262.0,85,14657.31,262.0,6.565,130,167,6.565,2024-06-05 11:33:27
261.20000000000005,82,14665.03,261.20000000000005,7.724,137,190,7.724,2024-06-05 11:33:28
259.4,84,14673.13,259.4,8.097,132,173,8.097,2024-06-05 11:33:29
258.6,85,14681.23,258.6,8.096,134,166,8.096,2024-06-05 11:33:30
261.4,89,14687.47,261.4,6.245,132,179,6.245,2024-06-05 11:33:31
261.0,90,14694.22,261.0,6.754,137,172,6.754,2024-06-05 11:33:32
262.6,81,14701.31,262.6,7.082,121,182,7.082,2024-06-05 11:33:33
261.20000000000005,89,14708.39,261.20000000000005,7.086,127,171,7.086,2024-06-05 11:33:34
263.4,83,14715.16,263.4,6.766,129,192,6.766,2024-06-05 11:33:35
262.0,78,14722.22,262.0,7.058,131,179,7.058,2024-06-05 11:33:36
260.0,83,14729.9,260.0,7.684,132,180,7.684,2024-06-05 11:33:37
259.6,83,14736.79,259.6,6.893,129,184,6.893,2024-06-05 11:33:38
258.79999999999995,84,14743.97,258.79999999999995,7.172,124,173,7.172,2024-06-05 11:33:39
258.0,83,14750.99,258.0,7.022,129,180,7.022,2024-06-05 11:33:40
258.6,84,14758.36,258.6,7.369,120,196,7.369,2024-06-05 11:33:41
260.6,84,14766.5,260.6,8.139,125,200,8.139,2024-06-05 11:33:42
261.20000000000005,85,14774.14,261.20000000000005,7.649,132,190,7.649,2024-06-05 11:33:43
261.6,80,14780.93,261.6,6.786,133,190,6.786,2024-06-05 11:33:44
260.6,82,14788.53,260.6,7.596,131,184,7.596,2024-06-05 11:33:45
261.4,86,14794.95,261.4,6.425,129,176,6.425,2024-06-05 11:33:46
261.79999999999995,88,14803.26,261.79999999999995,8.308,129,178,8.308,2024-06-05 11:33:47
261.6,89,14810.57,261.6,7.316,127,201,7.316,2024-06-05 11:33:48
259.20000000000005,86,14817.33,259.20000000000005,6.759,132,175,6.759,2024-06-05 11:33:49
257.4,87,14824.24,257.4,6.907,131,188,6.907,2024-06-05 11:33:50
258.4,86,14831.22,258.4,6.978,122,172,6.978,2024-06-05 11:33:51
258.6,83,14839.11,258.6,7.894,132,179,7.894,2024-06-05 11:33:52
261.79999999999995,86,14846.82,261.79999999999995,7.708,126,179,7.708,2024-06-05 11:33:53
259.4,84,14853.66,259.4,6.841,136,173,6.841,2024-06-05 11:33:54
259.4,84,14860.86,259.4,7.202,135,191,7.202,2024-06-05 11:33:55
262.0,84,14867.8,262.0,6.938,127,189,6.938,2024-06-05 11:33:56
259.4,86,14873.89,259.4,6.09,138,193,6.09,2024-06-05 11:33:57
261.79999999999995,82,14881.51,261.79999999999995,7.62,127,179,7.62,2024-06-05 11:33:58
262.4,86,14888.78,262.4,7.269,131,191,7.269,2024-06-05 11:33:59
259.6,81,14895.84,259.6,7.063,126,180,7.063,2024-06-05 11:34:00
263.4,79,14902.7,263.4,6.858,132,179,6.858,2024-06-05 11:34:01
257.79999999999995,85,14909.17,257.79999999999995,6.47,129,178,6.47,2024-06-05 11:34:02
260.4,85,14916.59,260.4,7.415,140,162,7.415,2024-06-05 11:34:03
259.20000000000005,86,14923.44,259.20000000000005,6.855,134,179,6.855,2024-06-05 11:34:04
263.20000000000005,80,14929.85,263.20000000000005,6.411,135,168,6.411,2024-06-05 11:34:05
260.20000000000005,80,14937.17,260.20000000000005,7.313,134,179,7.313,2024-06-05 11:34:06
257.79999999999995,86,14944.48,257.79999999999995,7.311,129,174,7.311,2024-06-05 11:34:07
260.6,84,14951.54,260.6,7.064,128,179,7.064,2024-06-05 11:34:08
258.6,88,14959.16,258.6,7.618,133,183,7.618,2024-06-05 11:34:09
261.0,83,14966.15,261.0,6.986,135,188,6.986,2024-06-05 11:34:10
262.6,86,14973.06,262.6,6.917,120,175,6.917,2024-06-05 11:34:11
261.20000000000005,81,14979.63,261.20000000000005,6.569,127,194,6.569,2024-06-05 11:34:12
263.20000000000005,82,14987.31,263.20000000000005,7.678,123,182,7.678,2024-06-05 11:34:13
261.4,86,14994.08,261.4,6.772,125,166,6.772,2024-06-05 11:34:14
259.6,83,15001.52,259.6,7.439,130,180,7.439,2024-06-05 11:34:15
263.4,83,15007.93,263.4,6.405,129,176,6.405,2024-06-05 11:34:16
261.6,85,15014.6,261.6,6.672,139,180,6.672,2024-06-05 11:34:17
264.0,88,15021.63,264.0,7.03,141,177,7.03,2024-06-05 11:34:18
263.79999999999995,86,15029.22,263.79999999999995,7.592,139,180,7.592,2024-06-05 11:34:19
261.79999999999995,87,15036.15,261.79999999999995,6.925,129,189,6.925,2024-06-05 11:34:20
258.6,83,15043.78,258.6,7.631,129,174,7.631,2024-06-05 11:34:21
259.20000000000005,85,15051.51,259.20000000000005,7.733,128,185,7.733,2024-06-05 11:34:22
257.0,83,15058.02,257.0,6.506,142,195,6.506,2024-06-05 11:34:23
260.79999999999995,81,15064.41,260.79999999999995,6.394,138,191,6.394,2024-06-05 11:34:24
259.0,86,15071.49,259.0,7.082,129,187,7.082,2024-06-05 11:34:25
261.0,81,15078.35,261.0,6.854,118,172,6.854,2024-06-05 11:34:26
262.79999999999995,83,15085.58,262.79999999999995,7.235,126,181,7.235,2024-06-05 11:34:27
262.20000000000005,87,15093.07,262.20000000000005,7.49,128,169,7.49,2024-06-05 11:34:28
259.79999999999995,88,15100.26,259.79999999999995,7.19,132,193,7.19,2024-06-05 11:34:29
260.4,82,15107.05,260.4,6.787,130,183,6.787,2024-06-05 11:34:30
259.79999999999995,84,15113.58,259.79999999999995,6.529,137,170,6.529,2024-06-05 11:34:31
261.4,85,15119.99,261.4,6.41,131,179,6.41,2024-06-05 11:34:32
257.4,86,15127.42,257.4,7.434,136,196,7.434,2024-06-05 11:34:33
260.4,89,15134.53,260.4,7.111,130,165,7.111,2024-06-05 11:34:34
262.4,84,15142.34,262.4,7.804,136,178,7.804,2024-06-05 11:34:35
262.0,89,15150.76,262.0,8.427,132,200,8.427,2024-06-05 11:34:36
260.4,87,15157.88,260.4,7.118,133,176,7.118,2024-06-05 11:34:37
259.4,86,15165.15,259.4,7.268,133,179,7.268,2024-06-05 11:34:38
258.4,89,15172.5,258.4,7.352,135,166,7.352,2024-06-05 11:34:39
259.79999999999995,83,15180.09,259.79999999999995,7.587,127,173,7.587,2024-06-05 11:34:40
257.79999999999995,88,15186.9,257.79999999999995,6.809,135,175,6.809,2024-06-05 11:34:41
260.4,83,15194.49,260.4,7.595,129,186,7.595,2024-06-05 11:34:42
260.79999999999995,85,15202.49,260.79999999999995,8.001,134,202,8.001,2024-06-05 11:34:43
263.4,84,15208.89,263.4,6.401,131,174,6.401,2024-06-05 11:34:44
259.20000000000005,88,15216.21,259.20000000000005,7.321,125,192,7.321,2024-06-05 11:34:45
261.6,83,15223.71,261.6,7.501,129,169,7.501,2024-06-05 11:34:46
262.0,86,15231.06,262.0,7.343,128,171,7.343,2024-06-05 11:34:47
262.6,85,15238.38,262.6,7.319,125,173,7.319,2024-06-05 11:34:48
264.0,85,15244.78,264.0,6.403,128,172,6.403,2024-06-05 11:34:49
259.4,85,15251.7,259.4,6.919,138,187,6.919,2024-06-05 11:34:50
261.0,83,15258.97,261.0,7.271,135,191,7.271,2024-06-05 11:34:51
258.4,90,15266.49,258.4,7.518,124,183,7.518,2024-06-05 11:34:52
260.4,84,15274.28,260.4,7.795,129,174,7.795,2024-06-05 11:34:53
261.0,84,15281.07,261.0,6.792,122,177,6.792,2024-06-05 11:34:54
261.4,84,15289.27,261.4,8.195,131,178,8.195,2024-06-05 11:34:55
259.20000000000005,81,15296.03,259.20000000000005,6.763,117,177,6.763,2024-06-05 11:34:56
258.20000000000005,79,15302.36,258.20000000000005,6.326,123,185,6.326,2024-06-05 11:34:57
259.20000000000005,82,15309.78,259.20000000000005,7.418,131,182,7.418,2024-06-05 11:34:58
260.4,86,15317.19,260.4,7.417,130,184,7.417,2024-06-05 11:34:59
259.0,81,15324.83,259.0,7.632,125,174,7.632,2024-06-05 11:35:00
256.4,86,15331.97,256.4,7.149,131,176,7.149,2024-06-05 11:35:01
259.0,84,15339.44,259.0,7.468,139,179,7.468,2024-06-05 11:35:02
262.6,87,15345.83,262.6,6.392,134,185,6.392,2024-06-05 11:35:03
259.79999999999995,80,15353.02,259.79999999999995,7.187,124,164,7.187,2024-06-05 11:35:04
257.6,85,15361.04,257.6,8.016,136,174,8.016,2024-06-05 11:35:05
259.0,81,15367.96,259.0,6.923,126,181,6.923,2024-06-05 11:35:06
261.0,86,15374.78,261.0,6.821,135,181,6.821,2024-06-05 11:35:07
260.6,87,15382.38,260.6,7.6,130,180,7.6,2024-06-05 11:35:08
260.6,83,15389.54,260.6,7.156,136,179,7.156,2024-06-05 11:35:09
259.6,80,15396.49,259.6,6.951,126,169,6.951,2024-06-05 11:35:10
256.20000000000005,84,15403.77,256.20000000000005,7.281,125,171,7.281,2024-06-05 11:35:11
259.0,84,15410.64,259.0,6.869,135,195,6.869,2024-06-05 11:35:12
261.20000000000005,80,15417.1,261.20000000000005,6.463,131,183,6.463,2024-06-05 11:35:13
261.20000000000005,83,15425.59,261.20000000000005,8.49,121,186,8.49,2024-06-05 11:35:14
258.79999999999995,86,15432.35,258.79999999999995,6.757,137,187,6.757,2024-06-05 11:35:15
257.20000000000005,86,15440.45,257.20000000000005,8.097,126,203,8.097,2024-06-05 11:35:16
260.6,85,15447.35,260.6,6.9,128,176,6.9,2024-06-05 11:35:17
259.6,88,15454.24,259.6,6.893,125,185,6.893,2024-06-05 11:35:18
259.6,85,15460.87,259.6,6.634,127,191,6.634,2024-06-05 11:35:19
261.0,84,15467.56,261.0,6.686,129,177,6.686,2024-06-05 11:35:20
258.79999999999995,82,15475.33,258.79999999999995,7.766,134,163,7.766,2024-06-05 11:35:21
260.0,80,15482.6,260.0,7.271,133,176,7.271,2024-06-05 11:35:22
257.79999999999995,85,15490.13,257.79999999999995,7.53,121,183,7.53,2024-06-05 11:35:23
259.6,84,15497.22,259.6,7.091,126,178,7.091,2024-06-05 11:35:24
256.4,77,15503.96,256.4,6.745,130,174,6.745,2024-06-05 11:35:25
260.6,83,15511.58,260.6,7.62,125,173,7.62,2024-06-05 11:35:26
258.4,86,15518.97,258.4,7.392,129,182,7.392,2024-06-05 11:35:27
263.6,93,15526.54,263.6,7.566,118,176,7.566,2024-06-05 11:35:28
260.20000000000005,84,15534.18,260.20000000000005,7.643,129,188,7.643,2024-06-05 11:35:29
261.79999999999995,88,15541.05,261.79999999999995,6.866,131,182,6.866,2024-06-05 11:35:30
260.4,83,15548.05,260.4,7.0,127,188,7.0,2024-06-05 11:35:31
261.20000000000005,85,15554.64,261.20000000000005,6.592,132,183,6.592,2024-06-05 11:35:32
265.4,83,15561.98,265.4,7.343,132,190,7.343,2024-06-05 11:35:33
260.6,87,15568.19,260.6,6.208,124,172,6.208,2024-06-05 11:35:34
260.6,79,15576.09,260.6,7.902,127,170,7.902,2024-06-05 11:35:35
259.6,82,15582.78,259.6,6.686,121,178,6.686,2024-06-05 11:35:36
257.6,88,15589.36,257.6,6.581,131,183,6.581,2024-06-05 11:35:37
262.79999999999995,88,15595.99,262.79999999999995,6.635,122,184,6.635,2024-06-05 11:35:38
259.4,82,15603.46,259.4,7.468,130,158,7.468,2024-06-05 11:35:39
259.20000000000005,84,15610.61,259.20000000000005,7.142,130,167,7.142,2024-06-05 11:35:40
263.4,85,15617.87,263.4,7.261,139,174,7.261,2024-06-05 11:35:41
260.4,88,15623.94,260.4,6.072,128,175,6.072,2024-06-05 11:35:42
261.79999999999995,85,15631.58,261.79999999999995,7.644,132,191,7.644,2024-06-05 11:35:43
256.79999999999995,86,15638.56,256.79999999999995,6.983,138,170,6.983,2024-06-05 11:35:44
262.20000000000005,79,15645.28,262.20000000000005,6.715,128,177,6.715,2024-06-05 11:35:45
261.0,83,15652.11,261.0,6.832,123,180,6.832,2024-06-05 11:35:46
260.20000000000005,85,15658.61,260.20000000000005,6.502,130,173,6.502,2024-06-05 11:35:47
263.4,86,15664.94,263.4,6.324,132,177,6.324,2024-06-05 11:35:48
259.6,90,15671.61,259.6,6.672,131,179,6.672,2024-06-05 11:35:49
257.6,86,15677.8,257.6,6.192,135,187,6.192,2024-06-05 11:35:50
259.20000000000005,87,15684.77,259.20000000000005,6.974,128,192,6.974,2024-06-05 11:35:51
256.0,84,15692.04,256.0,7.267,126,174,7.267,2024-06-05 11:35:52
259.79999999999995,85,15699.47,259.79999999999995,7.429,128,182,7.429,2024-06-05 11:35:53
258.79999999999995,84,15706.15,258.79999999999995,6.678,135,184,6.678,2024-06-05 11:35:54
264.0,87,15713.66,264.0,7.51,140,169,7.51,2024-06-05 11:35:55
258.0,86,15720.85,258.0,7.187,134,189,7.187,2024-06-05 11:35:56
260.0,80,15727.48,260.0,6.637,129,180,6.637,2024-06-05 11:35:57
262.0,85,15735.95,262.0,8.464,121,166,8.464,2024-06-05 11:35:58
259.79999999999995,92,15742.34,259.79999999999995,6.398,133,192,6.398,2024-06-05 11:35:59
259.4,87,15749.37,259.4,7.025,132,179,7.025,2024-06-05 11:36:00
260.20000000000005,82,15756.43,260.20000000000005,7.06,131,169,7.06,2024-06-05 11:36:01
259.4,87,15764.36,259.4,7.929,127,184,7.929,2024-06-05 11:36:02
258.0,83,15772.32,258.0,7.967,136,200,7.967,2024-06-05 11:36:03
256.79999999999995,84,15779.88,256.79999999999995,7.556,125,194,7.556,2024-06-05 11:36:04
258.4,85,15787.1,258.4,7.218,124,170,7.218,2024-06-05 11:36:05
259.6,85,15793.86,259.6,6.756,126,179,6.756,2024-06-05 11:36:06
259.0,87,15801.13,259.0,7.279,136,170,7.279,2024-06-05 11:36:07
256.4,84,15809.15,256.4,8.019,130,182,8.019,2024-06-05 11:36:08
260.6,86,15816.21,260.6,7.058,129,189,7.058,2024-06-05 11:36:09
261.4,81,15823.31,261.4,7.095,126,184,7.095,2024-06-05 11:36:10
266.20000000000005,79,15830.51,266.20000000000005,7.199,120,170,7.199,2024-06-05 11:36:11
260.4,80,15837.85,260.4,7.344,140,194,7.344,2024-06-05 11:36:12
258.79999999999995,81,15845.69,258.79999999999995,7.846,138,185,7.846,2024-06-05 11:36:13
261.20000000000005,85,15853.81,261.20000000000005,8.114,128,191,8.114,2024-06-05 11:36:14
260.4,86,15861.11,260.4,7.299,132,175,7.299,2024-06-05 11:36:15
260.0,85,15868.17,260.0,7.064,128,171,7.064,2024-06-05 11:36:16
260.79999999999995,87,15875.45,260.79999999999995,7.274,129,186,7.274,2024-06-05 11:36:17
258.79999999999995,83,15882.8,258.79999999999995,7.35,128,165,7.35,2024-06-05 11:36:18
258.6,81,15889.47,258.6,6.679,134,185,6.679,2024-06-05 11:36:19
258.20000000000005,89,15895.82,258.20000000000005,6.344,136,166,6.344,2024-06-05 11:36:20
261.20000000000005,87,15902.93,261.20000000000005,7.108,119,213,7.108,2024-06-05 11:36:21
259.4,85,15909.92,259.4,6.992,133,174,6.992,2024-06-05 11:36:22
260.4,84,15916.32,260.4,6.404,125,164,6.404,2024-06-05 11:36:23
261.79999999999995,83,15923.73,261.79999999999995,7.41,131,181,7.41,2024-06-05 11:36:24
262.0,87,15931.27,262.0,7.534,127,191,7.534,2024-06-05 11:36:25
260.6,84,15938.31,260.6,7.045,130,175,7.045,2024-06-05 11:36:26
258.20000000000005,87,15945.96,258.20000000000005,7.645,129,179,7.645,2024-06-05 11:36:27
261.4,87,15952.72,261.4,6.765,131,185,6.765,2024-06-05 11:36:28
259.6,88,15958.79,259.6,6.067,133,162,6.067,2024-06-05 11:36:29
262.20000000000005,82,15966.0,262.20000000000005,7.207,125,182,7.207,2024-06-05 11:36:30
261.0,80,15973.02,261.0,7.026,134,179,7.026,2024-06-05 11:36:31
259.4,82,15980.0,259.4,6.979,123,184,6.979,2024-06-05 11:36:32
257.4,84,15986.89,257.4,6.889,133,174,6.889,2024-06-05 11:36:33
258.20000000000005,82,15995.22,258.20000000000005,8.335,131,157,8.335,2024-06-05 11:36:34
261.79999999999995,82,16002.89,261.79999999999995,7.668,127,186,7.668,2024-06-05 11:36:35
262.20000000000005,83,16010.53,262.20000000000005,7.634,131,172,7.634,2024-06-05 11:36:36
258.6,80,16017.67,258.6,7.146,124,180,7.146,2024-06-05 11:36:37
260.6,89,16025.62,260.6,7.952,140,154,7.952,2024-06-05 11:36:38
261.20000000000005,84,16032.31,261.20000000000005,6.685,140,179,6.685,2024-06-05 11:36:39
263.79999999999995,84,16039.42,263.79999999999995,7.111,131,176,7.111,2024-06-05 11:36:40
260.0,81,16046.76,260.0,7.342,126,197,7.342,2024-06-05 11:36:41
263.79999999999995,86,16053.57,263.79999999999995,6.81,128,180,6.81,2024-06-05 11:36:42
260.20000000000005,87,16060.61,260.20000000000005,7.039,123,193,7.039,2024-06-05 11:36:43
261.20000000000005,85,16068.03,261.20000000000005,7.414,127,196,7.414,2024-06-05 11:36:44
259.79999999999995,85,16075.77,259.79999999999995,7.746,133,176,7.746,2024-06-05 11:36:45
258.79999999999995,81,16083.28,258.79999999999995,7.509,130,168,7.509,2024-06-05 11:36:46
259.79999999999995,86,16090.59,259.79999999999995,7.305,126,178,7.305,2024-06-05 11:36:47
259.0,82,16096.67,259.0,6.08,125,171,6.08,2024-06-05 11:36:48
261.0,81,16104.03,261.0,7.359,124,177,7.359,2024-06-05 11:36:49
260.20000000000005,84,16110.69,260.20000000000005,6.659,131,175,6.659,2024-06-05 11:36:50
259.0,87,16118.07,259.0,7.383,137,183,7.383,2024-06-05 11:36:51
259.0,87,16125.02,259.0,6.947,129,181,6.947,2024-06-05 11:36:52
262.79999999999995,85,16132.96,262.79999999999995,7.946,131,172,7.946,2024-06-05 11:36:53
258.0,85,16140.13,258.0,7.169,132,193,7.169,2024-06-05 11:36:54
261.4,84,16147.06,261.4,6.925,130,215,6.925,2024-06-05 11:36:55
258.79999999999995,85,16154.19,258.79999999999995,7.139,128,186,7.139,2024-06-05 11:36:56
255.20000000000005,83,16161.56,255.20000000000005,7.369,133,180,7.369,2024-06-05 11:36:57
260.6,86,16169.28,260.6,7.72,128,160,7.72,2024-06-05 11:36:58
257.20000000000005,85,16175.52,257.20000000000005,6.238,132,173,6.238,2024-06-05 11:36:59
257.4,78,16182.86,257.4,7.337,123,178,7.337,2024-06-05 11:37:00
258.4,88,16190.48,258.4,7.618,126,180,7.618,2024-06-05 11:37:01
262.0,84,16196.7,262.0,6.224,132,172,6.224,2024-06-05 11:37:02
259.79999999999995,82,16203.75,259.79999999999995,7.046,128,186,7.046,2024-06-05 11:37:03
258.79999999999995,83,16210.93,258.79999999999995,7.179,129,193,7.179,2024-06-05 11:37:04
258.79999999999995,81,16217.79,258.79999999999995,6.867,129,187,6.867,2024-06-05 11:37:05
260.6,84,16224.06,260.6,6.269,131,171,6.269,2024-06-05 11:37:06
261.79999999999995,83,16231.19,261.79999999999995,7.125,134,189,7.125,2024-06-05 11:37:07
260.0,87,16238.19,260.0,7.001,137,198,7.001,2024-06-05 11:37:08
259.79999999999995,87,16245.52,259.79999999999995,7.332,123,198,7.332,2024-06-05 11:37:09
261.0,88,16253.16,261.0,7.643,134,188,7.643,2024-06-05 11:37:10
259.79999999999995,83,16260.48,259.79999999999995,7.322,135,197,7.322,2024-06-05 11:37:11
255.0,85,16268.16,255.0,7.674,132,177,7.674,2024-06-05 11:37:12
263.20000000000005,83,16275.63,263.20000000000005,7.474,130,183,7.474,2024-06-05 11:37:13
261.6,83,16282.57,261.6,6.942,127,184,6.942,2024-06-05 11:37:14
258.20000000000005,93,16290.0,258.20000000000005,7.426,127,203,7.426,2024-06-05 11:37:15
256.79999999999995,88,16297.34,256.79999999999995,7.334,132,177,7.334,2024-06-05 11:37:16
262.20000000000005,85,16303.7,262.20000000000005,6.367,125,179,6.367,2024-06-05 11:37:17
259.0,87,16310.73,259.0,7.031,127,156,7.031,2024-06-05 11:37:18
259.0,84,16318.47,259.0,7.739,137,179,7.739,2024-06-05 11:37:19
258.4,80,16325.12,258.4,6.643,128,173,6.643,2024-06-05 11:37:20
257.6,87,16333.49,257.6,8.375,132,167,8.375,2024-06-05 11:37:21
261.0,86,16341.06,261.0,7.568,127,185,7.568,2024-06-05 11:37:22
259.6,82,16348.72,259.6,7.662,124,180,7.662,2024-06-05 11:37:23
256.4,88,16356.34,256.4,7.623,128,162,7.623,2024-06-05 11:37:24
258.20000000000005,86,16363.56,258.20000000000005,7.216,127,166,7.216,2024-06-05 11:37:25
257.6,84,16371.25,257.6,7.688,136,183,7.688,2024-06-05 11:37:26
258.79999999999995,88,16379.03,258.79999999999995,7.779,123,186,7.779,2024-06-05 11:37:27
258.20000000000005,89,16385.93,258.20000000000005,6.907,125,174,6.907,2024-06-05 11:37:28
255.60000000000002,87,16392.52,255.60000000000002,6.584,139,181,6.584,2024-06-05 11:37:29
264.6,80,16399.64,264.6,7.12,123,164,7.12,2024-06-05 11:37:30
261.6,81,16407.34,261.6,7.702,129,186,7.702,2024-06-05 11:37:31
257.79999999999995,84,16414.29,257.79999999999995,6.952,135,165,6.952,2024-06-05 11:37:32
261.0,85,16421.07,261.0,6.774,132,183,6.774,2024-06-05 11:37:33
260.0,90,16428.48,260.0,7.419,130,180,7.419,2024-06-05 11:37:34
262.79999999999995,79,16435.38,262.79999999999995,6.891,120,193,6.891,2024-06-05 11:37:35
261.20000000000005,87,16442.2,261.20000000000005,6.828,131,171,6.828,2024-06-05 11:37:36
259.0,79,16448.58,259.0,6.377,128,191,6.377,2024-06-05 11:37:37
262.6,84,16455.37,262.6,6.787,134,173,6.787,2024-06-05 11:37:38
255.39999999999998,88,16462.66,255.39999999999998,7.293,137,159,7.293,2024-06-05 11:37:39
260.0,84,16469.68,260.0,7.023,129,187,7.023,2024-06-05 11:37:40
259.20000000000005,89,16476.56,259.20000000000005,6.872,123,187,6.872,2024-06-05 11:37:41
259.6,82,16484.81,259.6,8.256,133,191,8.256,2024-06-05 11:37:42
262.0,79,16492.47,262.0,7.658,129,173,7.658,2024-06-05 11:37:43
262.4,91,16499.22,262.4,6.747,124,178,6.747,2024-06-05 11:37:44
259.79999999999995,83,16506.68,259.79999999999995,7.463,118,168,7.463,2024-06-05 11:37:45
262.20000000000005,87,16513.52,262.20000000000005,6.838,130,169,6.838,2024-06-05 11:37:46
259.0,83,16520.78,259.0,7.258,126,171,7.258,2024-06-05 11:37:47
261.20000000000005,84,16527.55,261.20000000000005,6.776,135,184,6.776,2024-06-05 11:37:48
263.20000000000005,83,16535.07,263.20000000000005,7.515,132,179,7.515,2024-06-05 11:37:49
259.20000000000005,80,16542.97,259.20000000000005,7.909,126,185,7.909,2024-06-05 11:37:50
260.79999999999995,85,16549.91,260.79999999999995,6.931,131,182,6.931,2024-06-05 11:37:51
259.4,91,16557.44,259.4,7.534,124,164,7.534,2024-06-05 11:37:52
259.20000000000005,86,16565.79,259.20000000000005,8.347,127,193,8.347,2024-06-05 11:37:53
257.20000000000005,84,16572.53,257.20000000000005,6.741,138,166,6.741,2024-06-05 11:37:54
258.0,87,16579.75,258.0,7.218,126,173,7.218,2024-06-05 11:37:55
263.6,84,16587.01,263.6,7.264,123,196,7.264,2024-06-05 11:37:56
259.0,83,16594.62,259.0,7.614,127,169,7.614,2024-06-05 11:37:57
259.6,81,16601.47,259.6,6.85,139,197,6.85,2024-06-05 11:37:58
266.4,80,16608.63,266.4,7.155,134,188,7.155,2024-06-05 11:37:59
257.20000000000005,88,16615.38,257.20000000000005,6.746,132,157,6.746,2024-06-05 11:38:00
261.0,88,16622.44,261.0,7.061,126,187,7.061,2024-06-05 11:38:01
257.0,84,16629.5,257.0,7.068,124,183,7.068,2024-06-05 11:38:02
261.6,82,16637.35,261.6,7.849,132,181,7.849,2024-06-05 11:38:03
261.4,83,16644.31,261.4,6.953,131,191,6.953,2024-06-05 11:38:04
257.79999999999995,85,16651.7,257.79999999999995,7.395,130,191,7.395,2024-06-05 11:38:05
255.39999999999998,81,16658.79,255.39999999999998,7.092,132,191,7.092,2024-06-05 11:38:06
259.20000000000005,85,16666.03,259.20000000000005,7.239,124,173,7.239,2024-06-05 11:38:07
254.79999999999995,84,16673.8,254.79999999999995,7.764,126,177,7.764,2024-06-05 11:38:08
261.20000000000005,82,16680.71,261.20000000000005,6.916,132,174,6.916,2024-06-05 11:38:09
267.0,82,16687.76,267.0,7.05,136,176,7.05,2024-06-05 11:38:10
258.4,84,16694.22,258.4,6.461,128,169,6.461,2024-06-05 11:38:11
255.79999999999995,88,16701.01,255.79999999999995,6.787,133,190,6.787,2024-06-05 11:38:12
258.6,84,16707.93,258.6,6.916,122,178,6.916,2024-06-05 11:38:13
260.4,87,16715.79,260.4,7.867,132,165,7.867,2024-06-05 11:38:14
261.20000000000005,81,16723.1,261.20000000000005,7.305,127,178,7.305,2024-06-05 11:38:15
264.20000000000005,85,16730.72,264.20000000000005,7.625,124,177,7.625,2024-06-05 11:38:16
253.20000000000005,80,16738.72,253.20000000000005,7.999,125,198,7.999,2024-06-05 11:38:17
262.79999999999995,86,16744.88,262.79999999999995,6.152,126,186,6.152,2024-06-05 11:38:18
261.0,83,16753.19,261.0,8.314,127,184,8.314,2024-06-05 11:38:19
258.0,83,16759.95,258.0,6.76,133,182,6.76,2024-06-05 11:38:20
255.79999999999995,83,16767.76,255.79999999999995,7.808,129,193,7.808,2024-06-05 11:38:21
260.0,89,16775.52,260.0,7.762,126,172,7.762,2024-06-05 11:38:22
261.0,82,16782.11,261.0,6.587,133,168,6.587,2024-06-05 11:38:23
260.0,87,16790.26,260.0,8.15,135,192,8.15,2024-06-05 11:38:24
261.4,89,16797.14,261.4,6.885,128,190,6.885,2024-06-05 11:38:25
256.79999999999995,83,16804.4,256.79999999999995,7.26,129,172,7.26,2024-06-05 11:38:26
258.6,81,16811.87,258.6,7.467,127,180,7.467,2024-06-05 11:38:27
258.6,86,16818.16,258.6,6.298,134,186,6.298,2024-06-05 11:38:28
257.6,84,16825.21,257.6,7.046,134,166,7.046,2024-06-05 11:38:29
260.79999999999995,82,16832.43,260.79999999999995,7.22,133,160,7.22,2024-06-05 11:38:30
258.0,88,16840.07,258.0,7.636,130,180,7.636,2024-06-05 11:38:31
263.0,82,16847.55,263.0,7.483,124,174,7.483,2024-06-05 11:38:32
259.0,84,16854.74,259.0,7.195,127,168,7.195,2024-06-05 11:38:33
258.4,84,16862.39,258.4,7.643,122,185,7.643,2024-06-05 11:38:34
259.6,82,16869.8,259.6,7.408,132,183,7.408,2024-06-05 11:38:35
259.79999999999995,84,16877.01,259.79999999999995,7.218,133,158,7.218,2024-06-05 11:38:36
261.20000000000005,83,16884.49,261.20000000000005,7.479,124,202,7.479,2024-06-05 11:38:37
260.79999999999995,84,16892.32,260.79999999999995,7.824,129,190,7.824,2024-06-05 11:38:38
263.4,82,16900.0,263.4,7.687,134,176,7.687,2024-06-05 11:38:39
259.4,82,16907.61,259.4,7.612,132,179,7.612,2024-06-05 11:38:40
261.79999999999995,85,16914.13,261.79999999999995,6.514,127,166,6.514,2024-06-05 11:38:41
264.79999999999995,83,16921.08,264.79999999999995,6.947,132,175,6.947,2024-06-05 11:38:42
261.0,83,16928.76,261.0,7.681,130,189,7.681,2024-06-05 11:38:43
261.6,85,16935.82,261.6,7.067,138,176,7.067,2024-06-05 11:38:44
256.0,82,16942.95,256.0,7.123,133,165,7.123,2024-06-05 11:38:45
261.4,86,16949.51,261.4,6.561,130,192,6.561,2024-06-05 11:38:46
254.79999999999995,85,16956.36,254.79999999999995,6.85,132,176,6.85,2024-06-05 11:38:47
261.4,83,16963.9,261.4,7.544,129,188,7.544,2024-06-05 11:38:48
259.79999999999995,87,16970.88,259.79999999999995,6.976,130,179,6.976,2024-06-05 11:38:49
262.0,84,16977.9,262.0,7.026,130,180,7.026,2024-06-05 11:38:50
261.20000000000005,87,16985.44,261.20000000000005,7.533,129,173,7.533,2024-06-05 11:38:51
259.79999999999995,82,16992.59,259.79999999999995,7.149,129,204,7.149,2024-06-05 11:38:52
261.4,85,16999.59,261.4,7.002,125,191,7.002,2024-06-05 11:38:53
260.4,84,17005.76,260.4,6.172,129,172,6.172,2024-06-05 11:38:54
261.20000000000005,87,17013.12,261.20000000000005,7.363,125,180,7.363,2024-06-05 11:38:55
261.20000000000005,87,17021.3,261.20000000000005,8.173,132,187,8.173,2024-06-05 11:38:56
260.4,85,17028.48,260.4,7.186,130,171,7.186,2024-06-05 11:38:57
259.79999999999995,88,17035.58,259.79999999999995,7.095,127,194,7.095,2024-06-05 11:38:58
259.20000000000005,83,17042.53,259.20000000000005,6.959,126,179,6.959,2024-06-05 11:38:59
259.20000000000005,80,17050.32,259.20000000000005,7.781,128,169,7.781,2024-06-05 11:39:00
261.79999999999995,87,17057.31,261.79999999999995,6.989,123,169,6.989,2024-06-05 11:39:01
263.20000000000005,84,17064.46,263.20000000000005,7.151,132,183,7.151,2024-06-05 11:39:02
258.20000000000005,90,17071.68,258.20000000000005,7.221,133,173,7.221,2024-06-05 11:39:03
259.0,83,17078.72,259.0,7.042,122,188,7.042,2024-06-05 11:39:04
259.4,84,17086.22,259.4,7.503,136,162,7.503,2024-06-05 11:39:05
260.6,82,17092.72,260.6,6.499,131,178,6.499,2024-06-05 11:39:06
259.0,83,17100.15,259.0,7.426,124,178,7.426,2024-06-05 11:39:07
262.6,85,17107.05,262.6,6.904,132,190,6.904,2024-06-05 11:39:08
259.20000000000005,82,17114.15,259.20000000000005,7.103,137,174,7.103,2024-06-05 11:39:09
258.20000000000005,86,17122.17,258.20000000000005,8.011,127,169,8.011,2024-06-05 11:39:10
258.79999999999995,78,17129.35,258.79999999999995,7.186,132,184,7.186,2024-06-05 11:39:11
261.4,85,17136.75,261.4,7.397,122,181,7.397,2024-06-05 11:39:12
259.0,78,17144.11,259.0,7.359,131,167,7.359,2024-06-05 11:39:13
260.20000000000005,88,17150.51,260.20000000000005,6.403,129,189,6.403,2024-06-05 11:39:14
260.79999999999995,81,17158.0,260.79999999999995,7.491,126,168,7.491,2024-06-05 11:39:15
261.0,88,17165.42,261.0,7.419,126,181,7.419,2024-06-05 11:39:16
258.0,83,17172.18,258.0,6.762,126,178,6.762,2024-06-05 11:39:17
261.0,84,17179.41,261.0,7.23,131,181,7.23,2024-06-05 11:39:18
258.4,90,17186.51,258.4,7.103,126,192,7.103,2024-06-05 11:39:19
260.79999999999995,88,17194.07,260.79999999999995,7.553,135,179,7.553,2024-06-05 11:39:20
262.0,85,17201.31,262.0,7.238,131,183,7.238,2024-06-05 11:39:21
257.79999999999995,79,17209.04,257.79999999999995,7.738,125,177,7.738,2024-06-05 11:39:22
262.0,84,17216.92,262.0,7.874,133,165,7.874,2024-06-05 11:39:23
259.79999999999995,81,17223.64,259.79999999999995,6.72,120,185,6.72,2024-06-05 11:39:24
256.0,89,17230.76,256.0,7.124,128,187,7.124,2024-06-05 11:39:25
264.6,83,17238.9,264.6,8.138,119,185,8.138,2024-06-05 11:39:26
260.20000000000005,82,17246.1,260.20000000000005,7.196,127,184,7.196,2024-06-05 11:39:27
259.20000000000005,84,17253.72,259.20000000000005,7.621,138,169,7.621,2024-06-05 11:39:28
262.4,83,17260.27,262.4,6.555,129,177,6.555,2024-06-05 11:39:29
263.0,88,17267.27,263.0,6.996,124,170,6.996,2024-06-05 11:39:30
260.20000000000005,84,17275.15,260.20000000000005,7.886,136,159,7.886,2024-06-05 11:39:31
260.20000000000005,88,17282.02,260.20000000000005,6.867,131,170,6.867,2024-06-05 11:39:32
260.4,84,17289.01,260.4,6.993,128,172,6.993,2024-06-05 11:39:33
262.0,87,17296.0,262.0,6.992,129,194,6.992,2024-06-05 11:39:34
262.0,84,17303.13,262.0,7.128,126,181,7.128,2024-06-05 11:39:35
261.6,85,17310.53,261.6,7.396,144,194,7.396,2024-06-05 11:39:36
260.20000000000005,85,17317.73,260.20000000000005,7.202,128,177,7.202,2024-06-05 11:39:37
262.6,84,17325.68,262.6,7.953,130,176,7.953,2024-06-05 11:39:38
258.6,86,17332.71,258.6,7.029,136,175,7.029,2024-06-05 11:39:39
261.79999999999995,85,17339.95,261.79999999999995,7.236,129,185,7.236,2024-06-05 11:39:40
257.79999999999995,80,17346.97,257.79999999999995,7.025,130,200,7.025,2024-06-05 11:39:41
264.20000000000005,82,17353.91,264.20000000000005,6.932,121,184,6.932,2024-06-05 11:39:42
258.20000000000005,80,17361.38,258.20000000000005,7.477,135,179,7.477,2024-06-05 11:39:43
260.20000000000005,86,17368.83,260.20000000000005,7.45,133,177,7.45,2024-06-05 11:39:44
261.0,84,17376.57,261.0,7.741,128,187,7.741,2024-06-05 11:39:45
258.6,83,17384.44,258.6,7.862,126,183,7.862,2024-06-05 11:39:46
259.4,89,17391.65,259.4,7.217,134,190,7.217,2024-06-05 11:39:47
258.0,90,17399.13,258.0,7.478,125,179,7.478,2024-06-05 11:39:48
258.4,87,17405.96,258.4,6.833,131,187,6.833,2024-06-05 11:39:49
258.0,84,17412.35,258.0,6.385,127,192,6.385,2024-06-05 11:39:50
257.79999999999995,85,17419.79,257.79999999999995,7.442,119,187,7.442,2024-06-05 11:39:51
260.20000000000005,87,17426.77,260.20000000000005,6.979,129,187,6.979,2024-06-05 11:39:52
260.20000000000005,84,17433.42,260.20000000000005,6.648,132,184,6.648,2024-06-05 11:39:53
258.0,86,17440.93,258.0,7.508,127,183,7.508,2024-06-05 11:39:54
258.6,86,17447.42,258.6,6.497,133,180,6.497,2024-06-05 11:39:55
259.6,83,17454.37,259.6,6.942,124,181,6.942,2024-06-05 11:39:56
264.4,83,17461.33,264.4,6.961,127,181,6.961,2024-06-05 11:39:57
259.4,80,17468.69,259.4,7.366,126,162,7.366,2024-06-05 11:39:58
255.79999999999995,80,17476.41,255.79999999999995,7.715,132,184,7.715,2024-06-05 11:39:59
260.4,89,17484.15,260.4,7.746,131,177,7.746,2024-06-05 11:40:00
258.4,85,17491.82,258.4,7.668,125,173,7.668,2024-06-05 11:40:01
258.79999999999995,85,17498.29,258.79999999999995,6.467,133,168,6.467,2024-06-05 11:40:02
262.6,88,17505.68,262.6,7.392,127,194,7.392,2024-06-05 11:40:03
257.20000000000005,85,17512.65,257.20000000000005,6.97,136,183,6.97,2024-06-05 11:40:04
262.79999999999995,81,17519.67,262.79999999999995,7.015,131,185,7.015,2024-06-05 11:40:05
259.79999999999995,84,17526.75,259.79999999999995,7.086,133,180,7.086,2024-06-05 11:40:06
258.20000000000005,83,17533.23,258.20000000000005,6.474,138,166,6.474,2024-06-05 11:40:07
259.79999999999995,84,17539.91,259.79999999999995,6.689,120,187,6.689,2024-06-05 11:40:08
262.0,81,17546.72,262.0,6.804,136,185,6.804,2024-06-05 11:40:09
258.0,88,17553.83,258.0,7.11,125,170,7.11,2024-06-05 11:40:10
260.20000000000005,80,17560.63,260.20000000000005,6.807,133,175,6.807,2024-06-05 11:40:11
258.6,85,17567.52,258.6,6.884,128,181,6.884,2024-06-05 11:40:12
259.6,83,17574.6,259.6,7.085,122,204,7.085,2024-06-05 11:40:13
261.20000000000005,87,17581.66,261.20000000000005,7.052,131,190,7.052,2024-06-05 11:40:14
264.20000000000005,86,17588.98,264.20000000000005,7.329,125,170,7.329,2024-06-05 11:40:15
259.0,91,17596.24,259.0,7.252,133,190,7.252,2024-06-05 11:40:16
261.79999999999995,84,17604.45,261.79999999999995,8.212,140,178,8.212,2024-06-05 11:40:17
259.20000000000005,89,17612.23,259.20000000000005,7.784,120,185,7.784,2024-06-05 11:40:18
258.6,85,17619.48,258.6,7.247,133,167,7.247,2024-06-05 11:40:19
262.79999999999995,86,17627.23,262.79999999999995,7.754,129,171,7.754,2024-06-05 11:40:20
258.0,85,17634.69,258.0,7.46,136,163,7.46,2024-06-05 11:40:21
259.79999999999995,77,17641.21,259.79999999999995,6.514,124,174,6.514,2024-06-05 11:40:22
255.79999999999995,88,17648.42,255.79999999999995,7.217,130,175,7.217,2024-06-05 11:40:23
262.79999999999995,84,17655.64,262.79999999999995,7.218,125,183,7.218,2024-06-05 11:40:24
258.79999999999995,92,17663.35,258.79999999999995,7.703,125,167,7.703,2024-06-05 11:40:25
259.20000000000005,84,17671.53,259.20000000000005,8.188,128,174,8.188,2024-06-05 11:40:26
261.6,86,17678.7,261.6,7.17,122,178,7.17,2024-06-05 11:40:27
258.79999999999995,88,17685.59,258.79999999999995,6.889,133,174,6.889,2024-06-05 11:40:28
262.20000000000005,87,17692.52,262.20000000000005,6.929,130,167,6.929,2024-06-05 11:40:29
259.6,83,17700.18,259.6,7.657,134,187,7.657,2024-06-05 11:40:30
259.6,85,17707.48,259.6,7.299,125,196,7.299,2024-06-05 11:40:31
260.0,89,17713.98,260.0,6.502,131,169,6.502,2024-06-05 11:40:32
260.79999999999995,81,17721.45,260.79999999999995,7.468,122,187,7.468,2024-06-05 11:40:33
259.20000000000005,82,17728.48,259.20000000000005,7.038,139,167,7.038,2024-06-05 11:40:34
261.6,81,17736.71,261.6,8.221,130,180,8.221,2024-06-05 11:40:35
261.20000000000005,81,17743.16,261.20000000000005,6.457,130,189,6.457,2024-06-05 11:40:36
259.20000000000005,85,17749.75,259.20000000000005,6.583,128,180,6.583,2024-06-05 11:40:37
261.0,84,17757.19,261.0,7.442,130,180,7.442,2024-06-05 11:40:38
257.20000000000005,84,17764.02,257.20000000000005,6.836,135,181,6.836,2024-06-05 11:40:39
262.4,85,17771.63,262.4,7.611,130,175,7.611,2024-06-05 11:40:40
261.4,86,17778.9,261.4,7.268,135,167,7.268,2024-06-05 11:40:41
259.20000000000005,84,17786.15,259.20000000000005,7.252,128,185,7.252,2024-06-05 11:40:42
258.79999999999995,85,17793.5,258.79999999999995,7.345,136,186,7.345,2024-06-05 11:40:43
262.79999999999995,89,17801.01,262.79999999999995,7.511,130,172,7.511,2024-06-05 11:40:44
260.6,83,17808.0,260.6,6.987,130,188,6.987,2024-06-05 11:40:45
260.20000000000005,90,17815.46,260.20000000000005,7.46,127,183,7.46,2024-06-05 11:40:46
263.79999999999995,83,17823.1,263.79999999999995,7.647,126,186,7.647,2024-06-05 11:40:47
263.0,84,17830.24,263.0,7.141,130,187,7.141,2024-06-05 11:40:48
256.0,85,17837.79,256.0,7.545,125,171,7.545,2024-06-05 11:40:49
260.6,85,17844.54,260.6,6.754,133,169,6.754,2024-06-05 11:40:50
259.20000000000005,82,17852.2,259.20000000000005,7.652,128,196,7.652,2024-06-05 11:40:51
258.79999999999995,76,17859.42,258.79999999999995,7.229,129,191,7.229,2024-06-05 11:40:52
256.79999999999995,85,17867.2,256.79999999999995,7.778,129,174,7.778,2024-06-05 11:40:53
261.20000000000005,82,17874.63,261.20000000000005,7.426,126,179,7.426,2024-06-05 11:40:54
263.4,85,17881.65,263.4,7.019,120,177,7.019,2024-06-05 11:40:55
260.6,86,17889.06,260.6,7.41,131,168,7.41,2024-06-05 11:40:56
257.0,85,17895.91,257.0,6.858,139,200,6.858,2024-06-05 11:40:57
258.20000000000005,88,17903.9,258.20000000000005,7.987,135,182,7.987,2024-06-05 11:40:58
259.0,87,17910.48,259.0,6.576,120,196,6.576,2024-06-05 11:40:59
261.4,87,17917.52,261.4,7.046,124,183,7.046,2024-06-05 11:41:00
262.20000000000005,79,17925.07,262.20000000000005,7.543,126,176,7.543,2024-06-05 11:41:01
259.4,80,17932.41,259.4,7.344,129,181,7.344,2024-06-05 11:41:02
261.20000000000005,83,17940.22,261.20000000000005,7.811,127,181,7.811,2024-06-05 11:41:03
260.6,83,17946.74,260.6,6.518,128,180,6.518,2024-06-05 11:41:04
257.79999999999995,78,17954.53,257.79999999999995,7.785,129,197,7.785,2024-06-05 11:41:05
256.79999999999995,85,17962.45,256.79999999999995,7.923,132,174,7.923,2024-06-05 11:41:06
261.6,86,17969.49,261.6,7.045,134,174,7.045,2024-06-05 11:41:07
260.0,85,17976.3,260.0,6.808,132,174,6.808,2024-06-05 11:41:08
260.79999999999995,79,17983.6,260.79999999999995,7.302,134,178,7.302,2024-06-05 11:41:09
256.6,85,17991.12,256.6,7.521,135,195,7.521,2024-06-05 11:41:10
261.79999999999995,86,17998.68,261.79999999999995,7.556,128,170,7.556,2024-06-05 11:41:11
262.4,86,18005.46,262.4,6.777,128,191,6.777,2024-06-05 11:41:12
258.79999999999995,85,18012.55,258.79999999999995,7.091,120,180,7.091,2024-06-05 11:41:13
259.20000000000005,83,18019.35,259.20000000000005,6.804,128,157,6.804,2024-06-05 11:41:14
260.6,83,18025.99,260.6,6.635,136,186,6.635,2024-06-05 11:41:15
263.4,87,18033.2,263.4,7.212,134,172,7.212,2024-06-05 11:41:16
260.0,91,18040.69,260.0,7.494,133,171,7.494,2024-06-05 11:41:17
258.6,86,18048.04,258.6,7.346,131,188,7.346,2024-06-05 11:41:18
257.4,80,18055.51,257.4,7.472,130,187,7.472,2024-06-05 11:41:19
262.6,90,18062.96,262.6,7.444,126,185,7.444,2024-06-05 11:41:20
259.20000000000005,86,18070.27,259.20000000000005,7.318,129,182,7.318,2024-06-05 11:41:21
261.0,85,18076.33,261.0,6.062,129,169,6.062,2024-06-05 11:41:22
261.4,83,18083.14,261.4,6.809,124,199,6.809,2024-06-05 11:41:23
260.6,82,18090.5,260.6,7.352,121,190,7.352,2024-06-05 11:41:24
258.6,83,18096.57,258.6,6.075,129,178,6.075,2024-06-05 11:41:25
262.6,89,18102.93,262.6,6.354,128,174,6.354,2024-06-05 11:41:26
260.0,84,18109.87,260.0,6.949,140,188,6.949,2024-06-05 11:41:27
260.4,83,18117.81,260.4,7.938,127,171,7.938,2024-06-05 11:41:28
258.79999999999995,82,18124.69,258.79999999999995,6.876,128,193,6.876,2024-06-05 11:41:29
259.79999999999995,84,18132.24,259.79999999999995,7.551,127,191,7.551,2024-06-05 11:41:30
257.4,82,18140.16,257.4,7.921,133,168,7.921,2024-06-05 11:41:31
261.4,87,18148.09,261.4,7.931,130,198,7.931,2024-06-05 11:41:32
259.0,86,18155.44,259.0,7.349,128,183,7.349,2024-06-05 11:41:33
262.6,82,18162.6,262.6,7.159,128,174,7.159,2024-06-05 11:41:34
261.20000000000005,85,18169.46,261.20000000000005,6.858,126,200,6.858,2024-06-05 11:41:35
262.6,87,18176.51,262.6,7.048,134,182,7.048,2024-06-05 11:41:36
260.0,87,18183.7,260.0,7.191,126,180,7.191,2024-06-05 11:41:37
262.6,93,18189.82,262.6,6.126,128,173,6.126,2024-06-05 11:41:38
257.20000000000005,90,18196.74,257.20000000000005,6.916,133,183,6.916,2024-06-05 11:41:39
262.79999999999995,87,18203.33,262.79999999999995,6.589,133,188,6.589,2024-06-05 11:41:40
258.4,89,18210.25,258.4,6.918,131,178,6.918,2024-06-05 11:41:41
257.4,89,18217.7,257.4,7.459,132,197,7.459,2024-06-05 11:41:42
256.6,82,18223.89,256.6,6.19,130,180,6.19,2024-06-05 11:41:43
261.79999999999995,86,18230.97,261.79999999999995,7.073,123,169,7.073,2024-06-05 11:41:44
259.4,83,18237.87,259.4,6.901,125,175,6.901,2024-06-05 11:41:45
262.0,87,18245.45,262.0,7.583,130,184,7.583,2024-06-05 11:41:46
262.79999999999995,84,18251.75,262.79999999999995,6.293,126,189,6.293,2024-06-05 11:41:47
263.20000000000005,84,18258.78,263.20000000000005,7.039,126,183,7.039,2024-06-05 11:41:48
259.20000000000005,87,18266.47,259.20000000000005,7.69,119,177,7.69,2024-06-05 11:41:49
260.20000000000005,87,18273.92,260.20000000000005,7.449,129,171,7.449,2024-06-05 11:41:50
260.6,86,18282.31,260.6,8.383,129,156,8.383,2024-06-05 11:41:51
261.0,89,18288.79,261.0,6.484,127,175,6.484,2024-06-05 11:41:52
259.6,84,18295.94,259.6,7.15,135,201,7.15,2024-06-05 11:41:53
257.6,86,18303.07,257.6,7.131,128,184,7.131,2024-06-05 11:41:54
257.4,84,18309.75,257.4,6.679,129,158,6.679,2024-06-05 11:41:55
260.6,79,18317.36,260.6,7.61,117,183,7.61,2024-06-05 11:41:56
257.20000000000005,83,18324.17,257.20000000000005,6.805,124,169,6.805,2024-06-05 11:41:57
255.39999999999998,88,18331.49,255.39999999999998,7.322,131,176,7.322,2024-06-05 11:41:58
262.4,85,18338.93,262.4,7.443,121,172,7.443,2024-06-05 11:41:59
260.6,85,18346.04,260.6,7.105,122,162,7.105,2024-06-05 11:42:00
258.79999999999995,75,18353.19,258.79999999999995,7.153,130,175,7.153,2024-06-05 11:42:01
257.6,84,18359.4,257.6,6.215,128,178,6.215,2024-06-05 11:42:02
260.6,80,18365.62,260.6,6.212,133,171,6.212,2024-06-05 11:42:03
262.6,86,18372.51,262.6,6.895,129,171,6.895,2024-06-05 11:42:04
260.4,84,18381.05,260.4,8.54,135,181,8.54,2024-06-05 11:42:05
261.79999999999995,85,18387.75,261.79999999999995,6.7,130,194,6.7,2024-06-05 11:42:06
259.79999999999995,80,18394.71,259.79999999999995,6.954,137,170,6.954,2024-06-05 11:42:07
259.20000000000005,87,18401.46,259.20000000000005,6.758,135,184,6.758,2024-06-05 11:42:08
260.79999999999995,84,18409.31,260.79999999999995,7.847,134,174,7.847,2024-06-05 11:42:09
258.0,88,18417.66,258.0,8.351,122,177,8.351,2024-06-05 11:42:10
261.6,86,18424.56,261.6,6.893,130,160,6.893,2024-06-05 11:42:11
259.4,87,18431.22,259.4,6.663,123,183,6.663,2024-06-05 11:42:12
262.6,82,18439.74,262.6,8.525,125,191,8.525,2024-06-05 11:42:13
258.6,90,18447.16,258.6,7.419,138,187,7.419,2024-06-05 11:42:14
255.79999999999995,85,18454.01,255.79999999999995,6.852,120,197,6.852,2024-06-05 11:42:15
255.20000000000005,81,18461.04,255.20000000000005,7.023,127,176,7.023,2024-06-05 11:42:16
260.20000000000005,84,18468.56,260.20000000000005,7.527,127,187,7.527,2024-06-05 11:42:17
259.20000000000005,83,18475.31,259.20000000000005,6.744,128,169,6.744,2024-06-05 11:42:18
258.6,84,18482.98,258.6,7.671,133,191,7.671,2024-06-05 11:42:19
262.0,85,18490.23,262.0,7.25,126,175,7.25,2024-06-05 11:42:20
255.79999999999995,83,18496.88,255.79999999999995,6.65,131,181,6.65,2024-06-05 11:42:21
260.4,86,18503.28,260.4,6.397,127,195,6.397,2024-06-05 11:42:22
262.79999999999995,86,18509.55,262.79999999999995,6.269,128,176,6.269,2024-06-05 11:42:23
259.6,88,18516.9,259.6,7.355,135,168,7.355,2024-06-05 11:42:24
259.4,87,18524.81,259.4,7.91,119,191,7.91,2024-06-05 11:42:25
261.4,84,18531.8,261.4,6.984,124,170,6.984,2024-06-05 11:42:26
259.4,86,18539.81,259.4,8.02,125,183,8.02,2024-06-05 11:42:27
259.79999999999995,83,18547.27,259.79999999999995,7.456,137,180,7.456,2024-06-05 11:42:28
262.4,87,18553.24,262.4,5.973,129,188,5.973,2024-06-05 11:42:29
260.20000000000005,79,18561.05,260.20000000000005,7.809,123,173,7.809,2024-06-05 11:42:30
262.6,80,18567.75,262.6,6.696,129,190,6.696,2024-06-05 11:42:31
258.4,84,18574.84,258.4,7.092,137,167,7.092,2024-06-05 11:42:32
262.20000000000005,81,18581.43,262.20000000000005,6.594,137,173,6.594,2024-06-05 11:42:33
265.0,86,18588.98,265.0,7.546,128,178,7.546,2024-06-05 11:42:34
259.6,83,18596.79,259.6,7.809,127,192,7.809,2024-06-05 11:42:35
260.79999999999995,82,18604.23,260.79999999999995,7.445,125,178,7.445,2024-06-05 11:42:36
260.20000000000005,83,18611.99,260.20000000000005,7.756,134,177,7.756,2024-06-05 11:42:37
258.4,80,18620.49,258.4,8.501,136,194,8.501,2024-06-05 11:42:38
260.4,83,18626.71,260.4,6.216,132,176,6.216,2024-06-05 11:42:39
258.20000000000005,87,18634.07,258.20000000000005,7.364,140,170,7.364,2024-06-05 11:42:40
261.4,82,18641.66,261.4,7.591,128,173,7.591,2024-06-05 11:42:41
259.6,88,18649.53,259.6,7.872,129,179,7.872,2024-06-05 11:42:42
259.79999999999995,94,18657.06,259.79999999999995,7.529,128,182,7.529,2024-06-05 11:42:43
262.0,89,18664.12,262.0,7.052,125,179,7.052,2024-06-05 11:42:44
259.6,79,18671.76,259.6,7.644,133,171,7.644,2024-06-05 11:42:45
257.6,82,18680.21,257.6,8.448,126,173,8.448,2024-06-05 11:42:46
262.0,81,18686.53,262.0,6.318,132,157,6.318,2024-06-05 11:42:47
261.6,83,18693.53,261.6,7.002,121,180,7.002,2024-06-05 11:42:48
259.4,89,18700.71,259.4,7.184,137,190,7.184,2024-06-05 11:42:49
260.0,82,18707.71,260.0,7.003,130,183,7.003,2024-06-05 11:42:50
258.20000000000005,88,18714.4,258.20000000000005,6.686,130,188,6.686,2024-06-05 11:42:51
261.20000000000005,86,18721.97,261.20000000000005,7.57,133,182,7.57,2024-06-05 11:42:52
258.0,84,18729.35,258.0,7.38,131,180,7.38,2024-06-05 11:42:53
259.4,86,18737.09,259.4,7.739,134,185,7.739,2024-06-05 11:42:54
261.6,88,18744.39,261.6,7.304,126,168,7.304,2024-06-05 11:42:55
255.60000000000002,87,18751.16,255.60000000000002,6.766,131,170,6.766,2024-06-05 11:42:56
262.79999999999995,85,18758.67,262.79999999999995,7.515,129,191,7.515,2024-06-05 11:42:57
260.6,84,18766.95,260.6,8.272,137,168,8.272,2024-06-05 11:42:58
261.79999999999995,87,18774.23,261.79999999999995,7.288,124,177,7.288,2024-06-05 11:42:59
262.20000000000005,86,18780.58,262.20000000000005,6.35,138,168,6.35,2024-06-05 11:43:00
261.4,81,18787.56,261.4,6.975,125,176,6.975,2024-06-05 11:43:01
258.0,83,18794.62,258.0,7.057,131,180,7.057,2024-06-05 11:43:02
258.4,85,18802.31,258.4,7.692,124,199,7.692,2024-06-05 11:43:03
262.20000000000005,85,18810.11,262.20000000000005,7.802,128,162,7.802,2024-06-05 11:43:04
260.20000000000005,88,18817.45,260.20000000000005,7.344,134,165,7.344,2024-06-05 11:43:05
258.20000000000005,83,18824.49,258.20000000000005,7.034,132,195,7.034,2024-06-05 11:43:06
262.0,83,18831.93,262.0,7.446,131,184,7.446,2024-06-05 11:43:07
260.79999999999995,86,18838.36,260.79999999999995,6.428,124,171,6.428,2024-06-05 11:43:08
256.20000000000005,83,18845.36,256.20000000000005,6.995,127,177,6.995,2024-06-05 11:43:09
258.4,80,18852.76,258.4,7.406,124,191,7.406,2024-06-05 11:43:10
262.6,79,18859.37,262.6,6.604,128,152,6.604,2024-06-05 11:43:11
258.79999999999995,87,18867.32,258.79999999999995,7.955,126,168,7.955,2024-06-05 11:43:12
260.0,84,18874.83,260.0,7.51,131,200,7.51,2024-06-05 11:43:13
261.79999999999995,84,18882.54,261.79999999999995,7.708,130,167,7.708,2024-06-05 11:43:14
260.6,89,18890.81,260.6,8.274,136,192,8.274,2024-06-05 11:43:15
259.0,83,18897.52,259.0,6.709,135,159,6.709,2024-06-05 11:43:16
261.0,91,18904.84,261.0,7.319,135,179,7.319,2024-06-05 11:43:17
262.4,83,18912.01,262.4,7.166,124,180,7.166,2024-06-05 11:43:18
259.0,78,18918.76,259.0,6.749,123,186,6.749,2024-06-05 11:43:19
259.0,84,18926.05,259.0,7.299,136,176,7.299,2024-06-05 11:43:20
258.4,80,18932.92,258.4,6.868,131,187,6.868,2024-06-05 11:43:21
259.6,88,18939.77,259.6,6.847,132,185,6.847,2024-06-05 11:43:22
257.4,83,18947.15,257.4,7.381,130,165,7.381,2024-06-05 11:43:23
256.0,80,18952.63,256.0,5.477,136,176,5.477,2024-06-05 11:43:24
261.79999999999995,79,18959.89,261.79999999999995,7.264,134,173,7.264,2024-06-05 11:43:25
262.0,82,18967.54,262.0,7.651,127,186,7.651,2024-06-05 11:43:26
259.20000000000005,81,18975.21,259.20000000000005,7.664,128,180,7.664,2024-06-05 11:43:27
261.20000000000005,86,18982.04,261.20000000000005,6.831,131,183,6.831,2024-06-05 11:43:28
260.0,88,18989.08,260.0,7.04,138,178,7.04,2024-06-05 11:43:29
258.6,88,18997.05,258.6,7.967,127,175,7.967,2024-06-05 11:43:30
262.0,86,19004.55,262.0,7.509,133,168,7.509,2024-06-05 11:43:31
259.0,84,19011.27,259.0,6.711,127,168,6.711,2024-06-05 11:43:32
264.79999999999995,86,19018.07,264.79999999999995,6.801,133,184,6.801,2024-06-05 11:43:33
260.6,79,19025.07,260.6,7.006,132,185,7.006,2024-06-05 11:43:34
259.0,90,19032.67,259.0,7.601,135,171,7.601,2024-06-05 11:43:35
258.4,81,19040.31,258.4,7.634,130,182,7.634,2024-06-05 11:43:36
260.79999999999995,83,19047.41,260.79999999999995,7.107,128,174,7.107,2024-06-05 11:43:37
259.20000000000005,85,19054.73,259.20000000000005,7.315,137,185,7.315,2024-06-05 11:43:38
262.4,78,19062.14,262.4,7.407,127,181,7.407,2024-06-05 11:43:39
259.79999999999995,85,19068.53,259.79999999999995,6.395,133,205,6.395,2024-06-05 11:43:40
262.0,81,19075.96,262.0,7.429,122,182,7.429,2024-06-05 11:43:41
257.4,89,19083.96,257.4,7.995,135,172,7.995,2024-06-05 11:43:42
260.6,90,19091.27,260.6,7.316,133,190,7.316,2024-06-05 11:43:43
258.0,81,19098.32,258.0,7.048,134,175,7.048,2024-06-05 11:43:44
259.20000000000005,87,19105.43,259.20000000000005,7.113,126,165,7.113,2024-06-05 11:43:45
259.20000000000005,80,19112.75,259.20000000000005,7.316,143,180,7.316,2024-06-05 11:43:46
259.4,84,19119.51,259.4,6.763,132,177,6.763,2024-06-05 11:43:47
257.79999999999995,86,19126.86,257.79999999999995,7.35,130,180,7.35,2024-06-05 11:43:48
259.6,84,19133.86,259.6,6.996,132,190,6.996,2024-06-05 11:43:49
260.4,88,19139.96,260.4,6.102,135,180,6.102,2024-06-05 11:43:50
256.79999999999995,85,19146.95,256.79999999999995,6.986,126,173,6.986,2024-06-05 11:43:51
261.79999999999995,82,19153.1,261.79999999999995,6.154,124,181,6.154,2024-06-05 11:43:52
259.20000000000005,83,19161.19,259.20000000000005,8.09,125,179,8.09,2024-06-05 11:43:53
257.0,88,19168.91,257.0,7.725,126,198,7.725,2024-06-05 11:43:54
259.79999999999995,85,19176.14,259.79999999999995,7.229,126,162,7.229,2024-06-05 11:43:55
260.79999999999995,85,19182.83,260.79999999999995,6.684,123,170,6.684,2024-06-05 11:43:56
260.0,85,19190.04,260.0,7.209,132,179,7.209,2024-06-05 11:43:57
260.0,85,19197.17,260.0,7.128,129,183,7.128,2024-06-05 11:43:58
259.20000000000005,87,19204.07,259.20000000000005,6.902,131,179,6.902,2024-06-05 11:43:59
260.79999999999995,90,19211.1,260.79999999999995,7.031,130,174,7.031,2024-06-05 11:44:00
260.79999999999995,84,19217.66,260.79999999999995,6.561,129,190,6.561,2024-06-05 11:44:01
261.0,84,19225.05,261.0,7.387,126,193,7.387,2024-06-05 11:44:02
258.4,86,19231.81,258.4,6.764,128,179,6.764,2024-06-05 11:44:03
261.4,86,19239.75,261.4,7.943,135,170,7.943,2024-06-05 11:44:04
255.20000000000005,82,19246.34,255.20000000000005,6.586,128,186,6.586,2024-06-05 11:44:05
259.20000000000005,81,19253.74,259.20000000000005,7.405,137,180,7.405,2024-06-05 11:44:06
262.79999999999995,84,19261.48,262.79999999999995,7.738,130,188,7.738,2024-06-05 11:44:07
256.6,86,19269.16,256.6,7.675,133,200,7.675,2024-06-05 11:44:08
261.20000000000005,85,19275.53,261.20000000000005,6.369,126,173,6.369,2024-06-05 11:44:09
259.79999999999995,85,19281.63,259.79999999999995,6.105,129,183,6.105,2024-06-05 11:44:10
259.79999999999995,81,19288.46,259.79999999999995,6.832,133,182,6.832,2024-06-05 11:44:11
258.4,87,19295.82,258.4,7.356,137,175,7.356,2024-06-05 11:44:12
261.79999999999995,88,19303.52,261.79999999999995,7.697,130,175,7.697,2024-06-05 11:44:13
260.79999999999995,79,19310.05,260.79999999999995,6.533,133,192,6.533,2024-06-05 11:44:14
259.4,87,19317.4,259.4,7.355,136,189,7.355,2024-06-05 11:44:15
261.0,89,19324.07,261.0,6.663,119,172,6.663,2024-06-05 11:44:16
258.0,86,19330.97,258.0,6.906,132,172,6.906,2024-06-05 11:44:17
260.4,85,19337.75,260.4,6.777,127,182,6.777,2024-06-05 11:44:18
260.0,87,19344.49,260.0,6.74,136,183,6.74,2024-06-05 11:44:19
258.20000000000005,84,19351.99,258.20000000000005,7.503,123,182,7.503,2024-06-05 11:44:20
258.0,86,19358.47,258.0,6.48,126,175,6.48,2024-06-05 11:44:21
260.4,85,19366.1,260.4,7.626,134,177,7.626,2024-06-05 11:44:22
261.0,85,19373.89,261.0,7.789,126,186,7.789,2024-06-05 11:44:23
260.4,81,19381.7,260.4,7.814,134,181,7.814,2024-06-05 11:44:24
263.6,87,19388.92,263.6,7.224,132,171,7.224,2024-06-05 11:44:25
260.6,85,19395.72,260.6,6.792,125,182,6.792,2024-06-05 11:44:26
263.20000000000005,87,19402.28,263.20000000000005,6.56,132,187,6.56,2024-06-05 11:44:27
256.0,86,19409.45,256.0,7.171,135,181,7.171,2024-06-05 11:44:28
260.4,82,19417.15,260.4,7.707,125,156,7.707,2024-06-05 11:44:29
261.0,83,19424.61,261.0,7.458,124,180,7.458,2024-06-05 11:44:30
263.20000000000005,84,19431.44,263.20000000000005,6.83,125,167,6.83,2024-06-05 11:44:31
260.79999999999995,87,19438.74,260.79999999999995,7.296,122,179,7.296,2024-06-05 11:44:32
261.6,84,19445.37,261.6,6.635,125,187,6.635,2024-06-05 11:44:33
258.4,89,19452.71,258.4,7.338,131,169,7.338,2024-06-05 11:44:34
258.20000000000005,84,19459.85,258.20000000000005,7.141,131,173,7.141,2024-06-05 11:44:35
260.4,84,19466.4,260.4,6.548,133,168,6.548,2024-06-05 11:44:36
257.20000000000005,85,19474.22,257.20000000000005,7.82,135,181,7.82,2024-06-05 11:44:37
260.6,80,19479.76,260.6,5.538,120,168,5.538,2024-06-05 11:44:38
255.79999999999995,82,19487.28,255.79999999999995,7.522,122,162,7.522,2024-06-05 11:44:39
261.79999999999995,86,19493.53,261.79999999999995,6.248,132,182,6.248,2024-06-05 11:44:40
260.0,88,19500.49,260.0,6.96,126,182,6.96,2024-06-05 11:44:41
259.4,89,19507.5,259.4,7.005,135,171,7.005,2024-06-05 11:44:42
259.79999999999995,85,19514.56,259.79999999999995,7.06,135,169,7.06,2024-06-05 11:44:43
261.0,86,19521.83,261.0,7.276,128,184,7.276,2024-06-05 11:44:44
259.79999999999995,90,19529.91,259.79999999999995,8.074,135,173,8.074,2024-06-05 11:44:45
260.79999999999995,81,19536.73,260.79999999999995,6.826,128,159,6.826,2024-06-05 11:44:46
265.4,83,19543.89,265.4,7.154,135,183,7.154,2024-06-05 11:44:47
259.4,85,19551.4,259.4,7.517,128,176,7.517,2024-06-05 11:44:48
259.6,88,19558.73,259.6,7.328,132,193,7.328,2024-06-05 11:44:49
260.20000000000005,86,19566.82,260.20000000000005,8.092,131,180,8.092,2024-06-05 11:44:50
257.79999999999995,83,19575.63,257.79999999999995,8.804,131,185,8.804,2024-06-05 11:44:51
257.20000000000005,83,19583.12,257.20000000000005,7.496,124,174,7.496,2024-06-05 11:44:52
259.79999999999995,86,19590.01,259.79999999999995,6.887,124,174,6.887,2024-06-05 11:44:53
260.6,86,19597.82,260.6,7.808,130,183,7.808,2024-06-05 11:44:54
260.0,80,19605.64,260.0,7.824,130,181,7.824,2024-06-05 11:44:55
262.20000000000005,88,19612.0,262.20000000000005,6.355,131,165,6.355,2024-06-05 11:44:56
262.79999999999995,87,19618.7,262.79999999999995,6.708,133,168,6.708,2024-06-05 11:44:57
259.6,88,19625.94,259.6,7.235,128,165,7.235,2024-06-05 11:44:58
261.20000000000005,90,19632.75,261.20000000000005,6.809,137,178,6.809,2024-06-05 11:44:59
262.0,79,19640.02,262.0,7.275,131,174,7.275,2024-06-05 11:45:00
258.20000000000005,83,19646.91,258.20000000000005,6.883,132,177,6.883,2024-06-05 11:45:01
260.6,85,19654.46,260.6,7.558,128,170,7.558,2024-06-05 11:45:02
263.79999999999995,75,19661.43,263.79999999999995,6.961,129,199,6.961,2024-06-05 11:45:03
261.6,86,19668.03,261.6,6.609,134,194,6.609,2024-06-05 11:45:04
262.0,83,19674.53,262.0,6.497,124,185,6.497,2024-06-05 11:45:05
259.0,88,19682.33,259.0,7.795,130,183,7.795,2024-06-05 11:45:06
261.6,86,19689.81,261.6,7.486,133,181,7.486,2024-06-05 11:45:07
262.6,83,19697.26,262.6,7.451,129,186,7.451,2024-06-05 11:45:08
260.6,82,19704.54,260.6,7.274,126,197,7.274,2024-06-05 11:45:09
257.79999999999995,85,19711.88,257.79999999999995,7.344,130,165,7.344,2024-06-05 11:45:10
260.0,84,19719.23,260.0,7.351,132,183,7.351,2024-06-05 11:45:11
260.4,87,19726.04,260.4,6.813,129,186,6.813,2024-06-05 11:45:12
260.0,84,19732.83,260.0,6.783,130,200,6.783,2024-06-05 11:45:13
259.4,91,19740.33,259.4,7.502,130,181,7.502,2024-06-05 11:45:14
257.79999999999995,89,19747.67,257.79999999999995,7.338,137,179,7.338,2024-06-05 11:45:15
261.0,82,19754.29,261.0,6.623,127,183,6.623,2024-06-05 11:45:16
258.79999999999995,82,19761.16,258.79999999999995,6.868,132,181,6.868,2024-06-05 11:45:17
259.4,80,19768.47,259.4,7.307,123,178,7.307,2024-06-05 11:45:18
258.0,85,19775.77,258.0,7.307,129,179,7.307,2024-06-05 11:45:19
258.79999999999995,84,19782.8,258.79999999999995,7.024,131,165,7.024,2024-06-05 11:45:20
258.0,78,19789.56,258.0,6.765,126,173,6.765,2024-06-05 11:45:21
261.4,87,19795.82,261.4,6.253,129,169,6.253,2024-06-05 11:45:22
259.20000000000005,87,19803.1,259.20000000000005,7.286,133,199,7.286,2024-06-05 11:45:23
262.79999999999995,79,19811.15,262.79999999999995,8.047,140,161,8.047,2024-06-05 11:45:24
264.4,88,19817.48,264.4,6.335,135,179,6.335,2024-06-05 11:45:25
259.0,83,19824.68,259.0,7.201,134,181,7.201,2024-06-05 11:45:26
260.4,87,19832.37,260.4,7.686,127,189,7.686,2024-06-05 11:45:27
256.79999999999995,82,19840.28,256.79999999999995,7.912,136,194,7.912,2024-06-05 11:45:28
260.6,86,19847.44,260.6,7.158,127,171,7.158,2024-06-05 11:45:29
258.79999999999995,85,19854.39,258.79999999999995,6.947,123,186,6.947,2024-06-05 11:45:30
260.20000000000005,74,19862.05,260.20000000000005,7.663,135,182,7.663,2024-06-05 11:45:31
262.0,82,19869.28,262.0,7.228,134,190,7.228,2024-06-05 11:45:32
256.79999999999995,84,19876.47,256.79999999999995,7.196,129,172,7.196,2024-06-05 11:45:33
259.20000000000005,89,19883.68,259.20000000000005,7.202,110,186,7.202,2024-06-05 11:45:34
260.20000000000005,86,19890.95,260.20000000000005,7.28,124,174,7.28,2024-06-05 11:45:35
260.0,80,19898.45,260.0,7.5,139,185,7.5,2024-06-05 11:45:36
262.4,85,19905.23,262.4,6.771,124,152,6.771,2024-06-05 11:45:37
257.79999999999995,83,19912.88,257.79999999999995,7.649,123,186,7.649,2024-06-05 11:45:38
262.0,85,19919.57,262.0,6.695,130,168,6.695,2024-06-05 11:45:39
259.20000000000005,87,19926.52,259.20000000000005,6.946,134,181,6.946,2024-06-05 11:45:40
263.79999999999995,89,19933.7,263.79999999999995,7.18,128,181,7.18,2024-06-05 11:45:41
265.79999999999995,86,19941.15,265.79999999999995,7.451,127,169,7.451,2024-06-05 11:45:42
259.79999999999995,85,19949.05,259.79999999999995,7.903,123,189,7.903,2024-06-05 11:45:43
260.79999999999995,85,19956.41,260.79999999999995,7.361,127,174,7.361,2024-06-05 11:45:44
262.0,81,19963.52,262.0,7.108,122,178,7.108,2024-06-05 11:45:45
259.6,86,19971.33,259.6,7.81,130,170,7.81,2024-06-05 11:45:46
258.6,86,19979.35,258.6,8.018,136,184,8.018,2024-06-05 11:45:47
258.6,83,19985.31,258.6,5.965,135,171,5.965,2024-06-05 11:45:48
256.6,88,19992.95,256.6,7.638,122,190,7.638,2024-06-05 11:45:49
260.4,83,20000.42,260.4,7.469,129,193,7.469,2024-06-05 11:45:50
262.6,81,20008.09,262.6,7.671,133,180,7.671,2024-06-05 11:45:51
262.0,78,20015.15,262.0,7.055,126,176,7.055,2024-06-05 11:45:52
259.6,84,20021.7,259.6,6.553,128,186,6.553,2024-06-05 11:45:53
258.0,83,20028.45,258.0,6.75,134,171,6.75,2024-06-05 11:45:54
260.4,84,20035.7,260.4,7.245,135,175,7.245,2024-06-05 11:45:55
261.0,82,20042.18,261.0,6.486,129,177,6.486,2024-06-05 11:45:56
260.0,83,20049.12,260.0,6.939,117,176,6.939,2024-06-05 11:45:57
258.79999999999995,84,20057.1,258.79999999999995,7.981,122,188,7.981,2024-06-05 11:45:58
260.79999999999995,88,20064.34,260.79999999999995,7.239,127,179,7.239,2024-06-05 11:45:59
264.6,80,20071.02,264.6,6.681,126,178,6.681,2024-06-05 11:46:00
259.4,91,20078.56,259.4,7.535,136,173,7.535,2024-06-05 11:46:01
259.6,86,20085.77,259.6,7.215,133,175,7.215,2024-06-05 11:46:02
257.4,85,20092.14,257.4,6.371,129,178,6.371,2024-06-05 11:46:03
260.79999999999995,84,20099.46,260.79999999999995,7.321,126,166,7.321,2024-06-05 11:46:04
263.0,83,20107.43,263.0,7.97,130,177,7.97,2024-06-05 11:46:05
258.79999999999995,93,20114.82,258.79999999999995,7.386,124,169,7.386,2024-06-05 11:46:06
258.4,83,20122.0,258.4,7.178,127,192,7.178,2024-06-05 11:46:07
259.6,84,20129.94,259.6,7.939,123,174,7.939,2024-06-05 11:46:08
260.4,87,20136.86,260.4,6.922,138,191,6.922,2024-06-05 11:46:09
261.0,86,20143.92,261.0,7.059,135,175,7.059,2024-06-05 11:46:10
260.20000000000005,83,20151.33,260.20000000000005,7.419,125,160,7.419,2024-06-05 11:46:11
258.20000000000005,81,20159.34,258.20000000000005,8.002,133,181,8.002,2024-06-05 11:46:12
259.6,90,20166.02,259.6,6.687,122,172,6.687,2024-06-05 11:46:13
256.79999999999995,80,20173.97,256.79999999999995,7.946,123,186,7.946,2024-06-05 11:46:14
260.4,91,20180.31,260.4,6.339,131,164,6.339,2024-06-05 11:46:15
259.0,85,20187.08,259.0,6.774,128,179,6.774,2024-06-05 11:46:16
261.0,86,20194.51,261.0,7.424,138,185,7.424,2024-06-05 11:46:17
261.79999999999995,82,20201.33,261.79999999999995,6.823,133,182,6.823,2024-06-05 11:46:18
259.79999999999995,84,20208.37,259.79999999999995,7.041,133,171,7.041,2024-06-05 11:46:19
259.79999999999995,84,20215.76,259.79999999999995,7.391,131,172,7.391,2024-06-05 11:46:20
258.6,82,20222.34,258.6,6.579,124,179,6.579,2024-06-05 11:46:21
259.79999999999995,87,20229.66,259.79999999999995,7.317,131,179,7.317,2024-06-05 11:46:22
258.20000000000005,84,20237.29,258.20000000000005,7.636,131,158,7.636,2024-06-05 11:46:23
263.79999999999995,88,20244.81,263.79999999999995,7.515,137,162,7.515,2024-06-05 11:46:24
257.6,81,20251.0,257.6,6.191,136,165,6.191,2024-06-05 11:46:25
260.20000000000005,83,20257.98,260.20000000000005,6.983,125,180,6.983,2024-06-05 11:46:26
261.79999999999995,86,20265.97,261.79999999999995,7.984,123,164,7.984,2024-06-05 11:46:27
259.4,84,20273.6,259.4,7.636,130,173,7.636,2024-06-05 11:46:28
261.6,87,20281.72,261.6,8.113,130,180,8.113,2024-06-05 11:46:29
260.6,86,20288.79,260.6,7.069,135,185,7.069,2024-06-05 11:46:30
257.6,85,20296.3,257.6,7.514,129,177,7.514,2024-06-05 11:46:31
257.6,82,20304.23,257.6,7.929,127,188,7.929,2024-06-05 11:46:32
257.79999999999995,90,20311.52,257.79999999999995,7.296,125,167,7.296,2024-06-05 11:46:33
261.20000000000005,86,20318.27,261.20000000000005,6.748,130,192,6.748,2024-06-05 11:46:34
259.79999999999995,88,20324.77,259.79999999999995,6.494,123,188,6.494,2024-06-05 11:46:35
261.4,86,20331.67,261.4,6.9,127,182,6.9,2024-06-05 11:46:36
259.0,83,20338.54,259.0,6.876,121,181,6.876,2024-06-05 11:46:37
259.0,87,20345.3,259.0,6.763,124,194,6.763,2024-06-05 11:46:38
258.20000000000005,87,20352.71,258.20000000000005,7.408,123,159,7.408,2024-06-05 11:46:39
257.6,81,20359.87,257.6,7.159,132,167,7.159,2024-06-05 11:46:40
257.79999999999995,84,20366.11,257.79999999999995,6.235,129,173,6.235,2024-06-05 11:46:41
259.0,83,20373.45,259.0,7.348,130,172,7.348,2024-06-05 11:46:42
254.60000000000002,81,20380.65,254.60000000000002,7.199,123,189,7.199,2024-06-05 11:46:43
260.6,89,20386.97,260.6,6.319,132,178,6.319,2024-06-05 11:46:44
262.6,88,20393.58,262.6,6.611,132,186,6.611,2024-06-05 11:46:45
259.20000000000005,86,20399.87,259.20000000000005,6.283,128,168,6.283,2024-06-05 11:46:46
260.79999999999995,80,20407.03,260.79999999999995,7.161,134,196,7.161,2024-06-05 11:46:47
260.20000000000005,84,20414.0,260.20000000000005,6.973,135,175,6.973,2024-06-05 11:46:48
257.4,84,20421.25,257.4,7.248,143,163,7.248,2024-06-05 11:46:49
260.6,82,20428.58,260.6,7.337,135,173,7.337,2024-06-05 11:46:50
261.4,82,20434.7,261.4,6.117,126,170,6.117,2024-06-05 11:46:51
262.20000000000005,81,20441.8,262.20000000000005,7.096,132,178,7.096,2024-06-05 11:46:52
261.6,80,20448.88,261.6,7.082,128,161,7.082,2024-06-05 11:46:53
259.79999999999995,83,20456.9,259.79999999999995,8.022,129,172,8.022,2024-06-05 11:46:54
258.0,81,20463.7,258.0,6.803,128,176,6.803,2024-06-05 11:46:55
262.79999999999995,84,20470.46,262.79999999999995,6.754,142,175,6.754,2024-06-05 11:46:56
258.0,86,20476.89,258.0,6.428,129,193,6.428,2024-06-05 11:46:57
258.6,85,20484.7,258.6,7.809,130,188,7.809,2024-06-05 11:46:58
263.79999999999995,83,20491.68,263.79999999999995,6.98,130,167,6.98,2024-06-05 11:46:59
261.79999999999995,77,20499.15,261.79999999999995,7.476,129,189,7.476,2024-06-05 11:47:00
257.4,90,20506.54,257.4,7.393,128,175,7.393,2024-06-05 11:47:01
259.4,86,20513.15,259.4,6.605,134,173,6.605,2024-06-05 11:47:02
258.6,85,20520.28,258.6,7.133,127,170,7.133,2024-06-05 11:47:03
258.0,88,20528.07,258.0,7.789,130,195,7.789,2024-06-05 11:47:04
257.79999999999995,83,20535.58,257.79999999999995,7.506,121,195,7.506,2024-06-05 11:47:05
261.20000000000005,85,20542.48,261.20000000000005,6.901,119,169,6.901,2024-06-05 11:47:06
261.0,89,20550.02,261.0,7.541,128,177,7.541,2024-06-05 11:47:07
259.6,82,20556.94,259.6,6.922,136,194,6.922,2024-06-05 11:47:08
259.20000000000005,80,20565.92,259.20000000000005,8.975,134,194,8.975,2024-06-05 11:47:09
259.20000000000005,87,20573.58,259.20000000000005,7.66,130,167,7.66,2024-06-05 11:47:10
261.79999999999995,78,20581.34,261.79999999999995,7.765,123,177,7.765,2024-06-05 11:47:11
259.0,84,20588.62,259.0,7.275,127,186,7.275,2024-06-05 11:47:12
261.0,84,20596.08,261.0,7.466,130,184,7.466,2024-06-05 11:47:13
258.6,91,20603.19,258.6,7.105,115,184,7.105,2024-06-05 11:47:14
260.4,85,20610.64,260.4,7.453,131,187,7.453,2024-06-05 11:47:15
261.20000000000005,82,20618.65,261.20000000000005,8.007,137,193,8.007,2024-06-05 11:47:16
262.0,83,20624.6,262.0,5.951,133,172,5.951,2024-06-05 11:47:17
260.20000000000005,86,20632.9,260.20000000000005,8.299,127,199,8.299,2024-06-05 11:47:18
259.6,85,20639.98,259.6,7.085,135,188,7.085,2024-06-05 11:47:19
259.20000000000005,79,20646.9,259.20000000000005,6.917,126,188,6.917,2024-06-05 11:47:20
258.6,77,20654.35,258.6,7.455,132,163,7.455,2024-06-05 11:47:21
264.79999999999995,88,20662.32,264.79999999999995,7.966,134,176,7.966,2024-06-05 11:47:22
258.4,82,20670.24,258.4,7.922,135,162,7.922,2024-06-05 11:47:23
264.20000000000005,82,20677.64,264.20000000000005,7.401,127,162,7.401,2024-06-05 11:47:24
259.4,82,20684.37,259.4,6.727,136,174,6.727,2024-06-05 11:47:25
255.0,87,20691.37,255.0,7.005,131,180,7.005,2024-06-05 11:47:26
259.20000000000005,82,20698.74,259.20000000000005,7.367,135,189,7.367,2024-06-05 11:47:27
261.0,87,20705.4,261.0,6.658,125,190,6.658,2024-06-05 11:47:28
261.6,84,20713.12,261.6,7.721,125,190,7.721,2024-06-05 11:47:29
258.20000000000005,85,20720.71,258.20000000000005,7.585,130,193,7.585,2024-06-05 11:47:30
260.4,85,20727.26,260.4,6.557,125,182,6.557,2024-06-05 11:47:31
261.0,89,20735.56,261.0,8.302,132,193,8.302,2024-06-05 11:47:32
256.6,82,20742.56,256.6,6.999,127,195,6.999,2024-06-05 11:47:33
259.20000000000005,81,20749.11,259.20000000000005,6.551,124,168,6.551,2024-06-05 11:47:34
255.39999999999998,82,20756.22,255.39999999999998,7.104,127,193,7.104,2024-06-05 11:47:35
259.0,89,20762.85,259.0,6.632,135,179,6.632,2024-06-05 11:47:36
261.6,89,20770.01,261.6,7.157,122,181,7.157,2024-06-05 11:47:37
261.6,84,20777.5,261.6,7.491,136,185,7.491,2024-06-05 11:47:38
259.20000000000005,90,20785.29,259.20000000000005,7.792,122,203,7.792,2024-06-05 11:47:39
261.20000000000005,84,20792.57,261.20000000000005,7.275,136,180,7.275,2024-06-05 11:47:40
260.0,84,20800.07,260.0,7.501,132,188,7.501,2024-06-05 11:47:41
258.6,83,20805.97,258.6,5.903,127,198,5.903,2024-06-05 11:47:42
259.20000000000005,90,20812.42,259.20000000000005,6.446,131,167,6.446,2024-06-05 11:47:43
262.4,83,20820.12,262.4,7.702,121,192,7.702,2024-06-05 11:47:44
261.79999999999995,75,20827.49,261.79999999999995,7.376,135,174,7.376,2024-06-05 11:47:45
260.79999999999995,85,20834.79,260.79999999999995,7.292,123,184,7.292,2024-06-05 11:47:46
259.6,86,20841.84,259.6,7.055,132,171,7.055,2024-06-05 11:47:47
260.0,84,20849.24,260.0,7.4,131,188,7.4,2024-06-05 11:47:48
259.6,80,20856.78,259.6,7.538,124,179,7.538,2024-06-05 11:47:49
255.0,88,20864.31,255.0,7.528,132,169,7.528,2024-06-05 11:47:50
259.79999999999995,94,20871.83,259.79999999999995,7.521,125,175,7.521,2024-06-05 11:47:51
262.0,81,20879.84,262.0,8.008,132,177,8.008,2024-06-05 11:47:52
259.0,86,20887.5,259.0,7.664,130,171,7.664,2024-06-05 11:47:53
261.79999999999995,86,20894.62,261.79999999999995,7.12,134,173,7.12,2024-06-05 11:47:54
259.20000000000005,88,20902.06,259.20000000000005,7.442,130,189,7.442,2024-06-05 11:47:55
258.6,86,20909.85,258.6,7.785,131,187,7.785,2024-06-05 11:47:56
263.79999999999995,79,20918.5,263.79999999999995,8.65,129,161,8.65,2024-06-05 11:47:57
261.0,83,20925.45,261.0,6.953,126,184,6.953,2024-06-05 11:47:58
256.6,91,20932.87,256.6,7.421,132,193,7.421,2024-06-05 11:47:59
261.6,84,20940.2,261.6,7.33,139,162,7.33,2024-06-05 11:48:00
257.6,81,20947.57,257.6,7.375,126,183,7.375,2024-06-05 11:48:01
260.6,86,20954.62,260.6,7.048,126,175,7.048,2024-06-05 11:48:02
260.0,86,20962.42,260.0,7.799,118,185,7.799,2024-06-05 11:48:03
256.4,84,20969.58,256.4,7.156,129,193,7.156,2024-06-05 11:48:04
260.6,83,20976.33,260.6,6.751,121,177,6.751,2024-06-05 11:48:05
258.6,81,20983.85,258.6,7.517,126,202,7.517,2024-06-05 11:48:06
261.79999999999995,90,20991.42,261.79999999999995,7.576,128,181,7.576,2024-06-05 11:48:07
258.0,82,20997.8,258.0,6.374,128,177,6.374,2024-06-05 11:48:08
258.0,83,21005.31,258.0,7.517,134,185,7.517,2024-06-05 11:48:09
261.4,84,21012.97,261.4,7.659,137,166,7.659,2024-06-05 11:48:10
263.0,82,21020.19,263.0,7.219,124,183,7.219,2024-06-05 11:48:11
259.6,85,21027.23,259.6,7.039,132,183,7.039,2024-06-05 11:48:12
261.20000000000005,81,21034.7,261.20000000000005,7.471,131,186,7.471,2024-06-05 11:48:13
260.79999999999995,88,21041.22,260.79999999999995,6.516,138,186,6.516,2024-06-05 11:48:14
260.0,88,21048.07,260.0,6.847,136,165,6.847,2024-06-05 11:48:15
259.6,88,21055.67,259.6,7.605,127,179,7.605,2024-06-05 11:48:16
262.20000000000005,86,21063.06,262.20000000000005,7.387,125,184,7.387,2024-06-05 11:48:17
259.6,86,21070.29,259.6,7.232,134,191,7.232,2024-06-05 11:48:18
258.20000000000005,85,21077.65,258.20000000000005,7.366,125,162,7.366,2024-06-05 11:48:19
261.6,85,21085.55,261.6,7.897,131,185,7.897,2024-06-05 11:48:20
263.20000000000005,83,21092.46,263.20000000000005,6.913,124,183,6.913,2024-06-05 11:48:21
261.20000000000005,87,21099.87,261.20000000000005,7.403,130,170,7.403,2024-06-05 11:48:22
261.20000000000005,84,21107.8,261.20000000000005,7.927,134,176,7.927,2024-06-05 11:48:23
263.79999999999995,88,21114.93,263.79999999999995,7.138,129,172,7.138,2024-06-05 11:48:24
262.4,87,21122.32,262.4,7.389,127,170,7.389,2024-06-05 11:48:25
263.79999999999995,86,21129.12,263.79999999999995,6.8,125,195,6.8,2024-06-05 11:48:26
257.79999999999995,88,21136.58,257.79999999999995,7.452,136,195,7.452,2024-06-05 11:48:27
260.79999999999995,90,21144.56,260.79999999999995,7.983,131,160,7.983,2024-06-05 11:48:28
257.20000000000005,82,21152.0,257.20000000000005,7.438,136,187,7.438,2024-06-05 11:48:29
259.20000000000005,85,21159.05,259.20000000000005,7.057,133,176,7.057,2024-06-05 11:48:30
260.79999999999995,85,21166.73,260.79999999999995,7.675,138,186,7.675,2024-06-05 11:48:31
255.60000000000002,81,21173.71,255.60000000000002,6.979,127,170,6.979,2024-06-05 11:48:32
260.20000000000005,86,21179.77,260.20000000000005,6.068,128,176,6.068,2024-06-05 11:48:33
262.20000000000005,84,21186.62,262.20000000000005,6.842,130,179,6.842,2024-06-05 11:48:34
259.0,83,21193.57,259.0,6.955,122,190,6.955,2024-06-05 11:48:35
259.4,88,21201.07,259.4,7.498,133,182,7.498,2024-06-05 11:48:36
259.6,88,21207.85,259.6,6.784,126,204,6.784,2024-06-05 11:48:37
261.6,81,21214.42,261.6,6.571,130,178,6.571,2024-06-05 11:48:38
262.20000000000005,84,21221.58,262.20000000000005,7.159,132,165,7.159,2024-06-05 11:48:39
256.79999999999995,85,21228.71,256.79999999999995,7.13,126,201,7.13,2024-06-05 11:48:40
257.0,83,21236.74,257.0,8.024,133,165,8.024,2024-06-05 11:48:41
259.20000000000005,88,21243.3,259.20000000000005,6.565,134,181,6.565,2024-06-05 11:48:42
260.6,83,21249.84,260.6,6.541,127,192,6.541,2024-06-05 11:48:43
257.79999999999995,84,21256.94,257.79999999999995,7.093,122,174,7.093,2024-06-05 11:48:44
259.79999999999995,84,21263.64,259.79999999999995,6.702,121,177,6.702,2024-06-05 11:48:45
256.4,80,21270.52,256.4,6.885,129,180,6.885,2024-06-05 11:48:46
260.4,84,21276.92,260.4,6.399,136,195,6.399,2024-06-05 11:48:47
264.20000000000005,85,21284.37,264.20000000000005,7.449,127,168,7.449,2024-06-05 11:48:48
256.0,78,21291.73,256.0,7.36,131,191,7.36,2024-06-05 11:48:49
257.6,87,21299.38,257.6,7.644,128,217,7.644,2024-06-05 11:48:50
260.6,85,21306.86,260.6,7.483,127,170,7.483,2024-06-05 11:48:51
257.6,86,21314.06,257.6,7.196,128,168,7.196,2024-06-05 11:48:52
263.20000000000005,83,21321.84,263.20000000000005,7.787,126,166,7.787,2024-06-05 11:48:53
260.4,86,21329.67,260.4,7.833,134,173,7.833,2024-06-05 11:48:54
260.6,85,21337.3,260.6,7.623,130,184,7.623,2024-06-05 11:48:55
259.4,76,21344.22,259.4,6.919,122,196,6.919,2024-06-05 11:48:56
260.20000000000005,76,21351.38,260.20000000000005,7.168,128,194,7.168,2024-06-05 11:48:57
260.4,88,21359.37,260.4,7.989,130,180,7.989,2024-06-05 11:48:58
257.6,89,21366.28,257.6,6.906,127,176,6.906,2024-06-05 11:48:59
260.6,87,21373.31,260.6,7.031,125,168,7.031,2024-06-05 11:49:00
261.4,86,21380.98,261.4,7.666,130,187,7.666,2024-06-05 11:49:01
260.4,85,21388.43,260.4,7.449,129,189,7.449,2024-06-05 11:49:02
258.4,84,21395.38,258.4,6.952,129,181,6.952,2024-06-05 11:49:03
259.20000000000005,80,21403.11,259.20000000000005,7.73,137,166,7.73,2024-06-05 11:49:04
260.20000000000005,85,21409.04,260.20000000000005,5.937,128,184,5.937,2024-06-05 11:49:05
260.0,90,21416.06,260.0,7.011,136,193,7.011,2024-06-05 11:49:06
259.4,85,21423.74,259.4,7.685,139,195,7.685,2024-06-05 11:49:07
258.6,87,21431.48,258.6,7.738,132,184,7.738,2024-06-05 11:49:08
260.0,89,21439.19,260.0,7.709,132,180,7.709,2024-06-05 11:49:09
255.20000000000005,86,21446.63,255.20000000000005,7.445,130,176,7.445,2024-06-05 11:49:10
261.6,77,21454.07,261.6,7.434,134,159,7.434,2024-06-05 11:49:11
261.0,89,21461.18,261.0,7.117,127,183,7.117,2024-06-05 11:49:12
259.0,82,21468.32,259.0,7.14,132,165,7.14,2024-06-05 11:49:13
256.20000000000005,86,21475.1,256.20000000000005,6.781,117,167,6.781,2024-06-05 11:49:14
260.20000000000005,85,21482.11,260.20000000000005,7.003,124,175,7.003,2024-06-05 11:49:15
261.0,86,21489.74,261.0,7.629,120,201,7.629,2024-06-05 11:49:16
260.6,86,21496.15,260.6,6.417,130,171,6.417,2024-06-05 11:49:17
259.20000000000005,84,21503.72,259.20000000000005,7.569,132,168,7.569,2024-06-05 11:49:18
258.0,81,21510.44,258.0,6.714,127,189,6.714,2024-06-05 11:49:19
262.4,82,21517.34,262.4,6.9,125,180,6.9,2024-06-05 11:49:20
259.0,87,21525.96,259.0,8.628,130,186,8.628,2024-06-05 11:49:21
261.6,88,21532.07,261.6,6.108,127,181,6.108,2024-06-05 11:49:22
257.0,83,21540.1,257.0,8.023,128,175,8.023,2024-06-05 11:49:23
259.0,86,21546.95,259.0,6.851,133,176,6.851,2024-06-05 11:49:24
262.4,83,21553.42,262.4,6.472,140,185,6.472,2024-06-05 11:49:25
263.6,89,21561.4,263.6,7.986,119,183,7.986,2024-06-05 11:49:26
260.79999999999995,84,21567.78,260.79999999999995,6.375,121,174,6.375,2024-06-05 11:49:27
261.0,87,21574.13,261.0,6.351,126,178,6.351,2024-06-05 11:49:28
261.6,86,21581.06,261.6,6.929,126,190,6.929,2024-06-05 11:49:29
260.20000000000005,84,21588.1,260.20000000000005,7.04,132,177,7.04,2024-06-05 11:49:30
259.6,79,21595.96,259.6,7.864,115,173,7.864,2024-06-05 11:49:31
257.0,91,21602.77,257.0,6.807,133,170,6.807,2024-06-05 11:49:32
259.6,83,21610.54,259.6,7.769,133,209,7.769,2024-06-05 11:49:33
257.20000000000005,81,21617.88,257.20000000000005,7.346,130,173,7.346,2024-06-05 11:49:34
260.6,82,21625.18,260.6,7.3,127,178,7.3,2024-06-05 11:49:35
255.79999999999995,91,21631.93,255.79999999999995,6.745,125,170,6.745,2024-06-05 11:49:36
260.79999999999995,85,21639.19,260.79999999999995,7.263,129,196,7.263,2024-06-05 11:49:37
261.6,79,21646.2,261.6,7.01,126,175,7.01,2024-06-05 11:49:38
257.6,88,21653.55,257.6,7.352,127,191,7.352,2024-06-05 11:49:39
261.6,82,21660.37,261.6,6.819,127,177,6.819,2024-06-05 11:49:40
259.6,89,21667.5,259.6,7.129,128,169,7.129,2024-06-05 11:49:41
258.20000000000005,84,21675.3,258.20000000000005,7.8,131,183,7.8,2024-06-05 11:49:42
259.6,88,21681.35,259.6,6.051,131,173,6.051,2024-06-05 11:49:43
257.79999999999995,86,21688.71,257.79999999999995,7.358,126,180,7.358,2024-06-05 11:49:44
257.0,81,21695.54,257.0,6.825,129,176,6.825,2024-06-05 11:49:45
258.0,83,21704.61,258.0,9.077,135,181,9.077,2024-06-05 11:49:46
257.6,80,21711.53,257.6,6.921,129,194,6.921,2024-06-05 11:49:47
259.4,85,21718.93,259.4,7.395,138,183,7.395,2024-06-05 11:49:48
256.0,83,21726.5,256.0,7.567,132,185,7.567,2024-06-05 11:49:49
260.4,84,21733.98,260.4,7.481,125,182,7.481,2024-06-05 11:49:50
260.20000000000005,84,21742.29,260.20000000000005,8.313,128,192,8.313,2024-06-05 11:49:51
260.20000000000005,84,21750.09,260.20000000000005,7.798,130,177,7.798,2024-06-05 11:49:52
262.79999999999995,87,21757.35,262.79999999999995,7.263,124,184,7.263,2024-06-05 11:49:53
262.20000000000005,82,21763.79,262.20000000000005,6.442,132,171,6.442,2024-06-05 11:49:54
257.20000000000005,84,21771.44,257.20000000000005,7.644,132,165,7.644,2024-06-05 11:49:55
261.6,86,21778.46,261.6,7.027,135,165,7.027,2024-06-05 11:49:56
260.4,86,21786.55,260.4,8.084,130,204,8.084,2024-06-05 11:49:57
261.4,81,21794.8,261.4,8.257,123,187,8.257,2024-06-05 11:49:58
259.4,82,21802.24,259.4,7.438,130,171,7.438,2024-06-05 11:49:59
260.6,87,21808.53,260.6,6.286,133,181,6.286,2024-06-05 11:50:00
257.20000000000005,86,21816.57,257.20000000000005,8.042,126,188,8.042,2024-06-05 11:50:01
259.4,86,21823.8,259.4,7.226,125,173,7.226,2024-06-05 11:50:02
256.79999999999995,87,21830.4,256.79999999999995,6.606,139,171,6.606,2024-06-05 11:50:03
261.0,86,21837.47,261.0,7.072,138,183,7.072,2024-06-05 11:50:04
260.20000000000005,88,21845.01,260.20000000000005,7.534,130,161,7.534,2024-06-05 11:50:05
260.6,89,21851.46,260.6,6.453,130,183,6.453,2024-06-05 11:50:06
258.20000000000005,84,21858.18,258.20000000000005,6.714,127,166,6.714,2024-06-05 11:50:07
259.6,84,21864.9,259.6,6.726,123,187,6.726,2024-06-05 11:50:08
259.0,84,21872.55,259.0,7.647,130,169,7.647,2024-06-05 11:50:09
260.79999999999995,79,21879.99,260.79999999999995,7.437,130,165,7.437,2024-06-05 11:50:10
259.79999999999995,83,21887.15,259.79999999999995,7.167,128,175,7.167,2024-06-05 11:50:11
260.20000000000005,84,21894.49,260.20000000000005,7.338,130,179,7.338,2024-06-05 11:50:12
260.6,80,21901.39,260.6,6.902,132,173,6.902,2024-06-05 11:50:13
259.0,82,21908.33,259.0,6.937,132,167,6.937,2024-06-05 11:50:14
259.6,84,21915.66,259.6,7.332,123,183,7.332,2024-06-05 11:50:15
260.4,79,21923.9,260.4,8.241,134,172,8.241,2024-06-05 11:50:16
262.0,91,21931.17,262.0,7.268,132,173,7.268,2024-06-05 11:50:17
258.6,85,21939.39,258.6,8.22,124,183,8.22,2024-06-05 11:50:18
262.4,89,21947.03,262.4,7.64,123,191,7.64,2024-06-05 11:50:19
263.20000000000005,85,21954.05,263.20000000000005,7.015,125,172,7.015,2024-06-05 11:50:20
259.4,84,21961.91,259.4,7.86,139,158,7.86,2024-06-05 11:50:21
260.6,84,21969.31,260.6,7.4,131,169,7.4,2024-06-05 11:50:22
259.0,82,21976.88,259.0,7.575,123,193,7.575,2024-06-05 11:50:23
260.79999999999995,87,21983.94,260.79999999999995,7.059,135,181,7.059,2024-06-05 11:50:24
262.0,85,21991.73,262.0,7.793,122,174,7.793,2024-06-05 11:50:25
256.6,86,21998.99,256.6,7.261,135,184,7.261,2024-06-05 11:50:26
262.20000000000005,89,22005.84,262.20000000000005,6.849,128,196,6.849,2024-06-05 11:50:27
259.4,88,22012.72,259.4,6.879,131,185,6.879,2024-06-05 11:50:28
262.0,81,22019.72,262.0,6.995,130,161,6.995,2024-06-05 11:50:29
259.79999999999995,82,22026.17,259.79999999999995,6.454,118,178,6.454,2024-06-05 11:50:30
261.20000000000005,82,22033.75,261.20000000000005,7.583,127,196,7.583,2024-06-05 11:50:31
261.20000000000005,90,22040.63,261.20000000000005,6.881,131,172,6.881,2024-06-05 11:50:32
260.79999999999995,83,22047.99,260.79999999999995,7.358,131,188,7.358,2024-06-05 11:50:33
263.20000000000005,79,22055.01,263.20000000000005,7.016,132,183,7.016,2024-06-05 11:50:34
258.79999999999995,86,22062.73,258.79999999999995,7.719,123,184,7.719,2024-06-05 11:50:35
260.0,87,22069.64,260.0,6.911,134,172,6.911,2024-06-05 11:50:36
259.20000000000005,81,22076.78,259.20000000000005,7.14,134,181,7.14,2024-06-05 11:50:37
260.79999999999995,81,22083.98,260.79999999999995,7.197,122,181,7.197,2024-06-05 11:50:38
257.6,82,22090.55,257.6,6.573,135,169,6.573,2024-06-05 11:50:39
263.0,87,22098.26,263.0,7.707,134,169,7.707,2024-06-05 11:50:40
263.4,82,22105.27,263.4,7.015,132,197,7.015,2024-06-05 11:50:41
258.20000000000005,86,22111.91,258.20000000000005,6.641,135,188,6.641,2024-06-05 11:50:42
261.0,80,22118.36,261.0,6.452,132,195,6.452,2024-06-05 11:50:43
263.0,85,22125.19,263.0,6.831,131,184,6.831,2024-06-05 11:50:44
259.0,86,22132.01,259.0,6.816,130,168,6.816,2024-06-05 11:50:45
263.6,84,22138.63,263.6,6.614,137,150,6.614,2024-06-05 11:50:46
255.0,81,22145.18,255.0,6.55,127,189,6.55,2024-06-05 11:50:47
262.4,83,22152.27,262.4,7.1,131,174,7.1,2024-06-05 11:50:48
262.0,78,22160.03,262.0,7.759,124,173,7.759,2024-06-05 11:50:49
261.4,83,22166.84,261.4,6.803,126,182,6.803,2024-06-05 11:50:50
260.0,89,22173.73,260.0,6.894,127,182,6.894,2024-06-05 11:50:51
262.79999999999995,83,22181.07,262.79999999999995,7.336,132,174,7.336,2024-06-05 11:50:52
259.4,86,22187.86,259.4,6.794,124,172,6.794,2024-06-05 11:50:53
259.0,83,22194.86,259.0,7.0,126,188,7.0,2024-06-05 11:50:54
258.6,91,22202.66,258.6,7.8,129,191,7.8,2024-06-05 11:50:55
260.4,82,22209.53,260.4,6.867,137,190,6.867,2024-06-05 11:50:56
256.4,83,22217.6,256.4,8.072,128,173,8.072,2024-06-05 11:50:57
259.0,89,22224.1,259.0,6.498,114,197,6.498,2024-06-05 11:50:58
260.6,82,22231.85,260.6,7.749,128,186,7.749,2024-06-05 11:50:59
263.20000000000005,84,22238.95,263.20000000000005,7.105,129,173,7.105,2024-06-05 11:51:00
262.0,84,22245.08,262.0,6.13,123,178,6.13,2024-06-05 11:51:01
261.0,91,22252.28,261.0,7.196,127,174,7.196,2024-06-05 11:51:02
258.79999999999995,87,22259.94,258.79999999999995,7.667,128,183,7.667,2024-06-05 11:51:03
253.39999999999998,82,22267.19,253.39999999999998,7.248,130,192,7.248,2024-06-05 11:51:04
260.6,81,22273.65,260.6,6.457,133,166,6.457,2024-06-05 11:51:05
262.20000000000005,91,22280.74,262.20000000000005,7.091,123,166,7.091,2024-06-05 11:51:06
261.0,84,22287.92,261.0,7.183,131,176,7.183,2024-06-05 11:51:07
260.79999999999995,86,22295.64,260.79999999999995,7.718,131,178,7.718,2024-06-05 11:51:08
261.20000000000005,86,22303.06,261.20000000000005,7.421,125,192,7.421,2024-06-05 11:51:09
262.0,85,22309.57,262.0,6.511,129,185,6.511,2024-06-05 11:51:10
261.79999999999995,84,22317.15,261.79999999999995,7.577,121,177,7.577,2024-06-05 11:51:11
263.0,80,22324.7,263.0,7.552,133,171,7.552,2024-06-05 11:51:12
261.4,88,22332.36,261.4,7.663,131,176,7.663,2024-06-05 11:51:13
261.79999999999995,85,22339.02,261.79999999999995,6.657,121,174,6.657,2024-06-05 11:51:14
259.0,90,22346.66,259.0,7.642,133,155,7.642,2024-06-05 11:51:15
257.20000000000005,85,22353.7,257.20000000000005,7.032,132,177,7.032,2024-06-05 11:51:16
259.6,91,22360.56,259.6,6.867,124,181,6.867,2024-06-05 11:51:17
257.6,80,22367.87,257.6,7.303,130,181,7.303,2024-06-05 11:51:18
257.6,85,22374.78,257.6,6.919,124,194,6.919,2024-06-05 11:51:19
260.4,88,22382.52,260.4,7.735,129,169,7.735,2024-06-05 11:51:20
260.79999999999995,81,22390.4,260.79999999999995,7.88,138,173,7.88,2024-06-05 11:51:21
261.4,86,22398.07,261.4,7.669,128,156,7.669,2024-06-05 11:51:22
258.4,85,22405.42,258.4,7.352,131,190,7.352,2024-06-05 11:51:23
258.4,83,22412.38,258.4,6.962,123,187,6.962,2024-06-05 11:51:24
261.20000000000005,80,22419.19,261.20000000000005,6.806,126,184,6.806,2024-06-05 11:51:25
261.4,84,22427.19,261.4,8.0,131,178,8.0,2024-06-05 11:51:26
259.0,82,22434.28,259.0,7.092,132,188,7.092,2024-06-05 11:51:27
264.20000000000005,85,22440.37,264.20000000000005,6.09,132,183,6.09,2024-06-05 11:51:28
255.79999999999995,84,22447.7,255.79999999999995,7.334,122,171,7.334,2024-06-05 11:51:29
260.20000000000005,76,22455.45,260.20000000000005,7.75,125,178,7.75,2024-06-05 11:51:30
260.79999999999995,84,22462.24,260.79999999999995,6.787,126,175,6.787,2024-06-05 11:51:31
259.4,80,22469.88,259.4,7.639,126,180,7.639,2024-06-05 11:51:32
262.6,80,22477.48,262.6,7.596,145,182,7.596,2024-06-05 11:51:33
259.79999999999995,86,22484.9,259.79999999999995,7.424,125,166,7.424,2024-06-05 11:51:34
260.79999999999995,85,22491.66,260.79999999999995,6.763,126,181,6.763,2024-06-05 11:51:35
261.4,86,22499.23,261.4,7.564,135,159,7.564,2024-06-05 11:51:36
259.4,86,22506.3,259.4,7.076,132,182,7.076,2024-06-05 11:51:37
258.6,86,22513.24,258.6,6.939,128,167,6.939,2024-06-05 11:51:38
262.4,87,22520.06,262.4,6.816,123,187,6.816,2024-06-05 11:51:39
256.79999999999995,83,22528.4,256.79999999999995,8.341,132,175,8.341,2024-06-05 11:51:40
259.6,88,22536.05,259.6,7.655,132,167,7.655,2024-06-05 11:51:41
259.20000000000005,86,22543.44,259.20000000000005,7.386,122,181,7.386,2024-06-05 11:51:42
260.6,84,22550.3,260.6,6.857,127,167,6.857,2024-06-05 11:51:43
257.6,82,22557.95,257.6,7.649,134,190,7.649,2024-06-05 11:51:44
259.4,87,22565.1,259.4,7.158,130,168,7.158,2024-06-05 11:51:45
261.6,80,22572.95,261.6,7.843,134,177,7.843,2024-06-05 11:51:46
256.4,86,22580.7,256.4,7.757,127,173,7.757,2024-06-05 11:51:47
258.79999999999995,82,22587.18,258.79999999999995,6.478,131,169,6.478,2024-06-05 11:51:48
258.20000000000005,86,22593.73,258.20000000000005,6.545,132,173,6.545,2024-06-05 11:51:49
258.20000000000005,84,22601.05,258.20000000000005,7.328,130,181,7.328,2024-06-05 11:51:50
257.6,87,22607.46,257.6,6.408,126,171,6.408,2024-06-05 11:51:51
257.20000000000005,83,22614.91,257.20000000000005,7.443,131,183,7.443,2024-06-05 11:51:52
258.4,83,22622.44,258.4,7.53,125,182,7.53,2024-06-05 11:51:53
261.0,80,22630.28,261.0,7.843,132,195,7.843,2024-06-05 11:51:54
261.20000000000005,87,22637.71,261.20000000000005,7.431,133,170,7.431,2024-06-05 11:51:55
260.6,87,22644.56,260.6,6.855,131,186,6.855,2024-06-05 11:51:56
259.79999999999995,84,22651.91,259.79999999999995,7.349,125,175,7.349,2024-06-05 11:51:57
261.20000000000005,88,22659.38,261.20000000000005,7.467,121,178,7.467,2024-06-05 11:51:58
256.0,87,22666.73,256.0,7.352,133,185,7.352,2024-06-05 11:51:59
262.20000000000005,85,22673.17,262.20000000000005,6.437,126,186,6.437,2024-06-05 11:52:00
256.20000000000005,86,22679.79,256.20000000000005,6.616,126,194,6.616,2024-06-05 11:52:01
258.0,83,22687.36,258.0,7.572,131,185,7.572,2024-06-05 11:52:02
260.20000000000005,83,22695.05,260.20000000000005,7.688,126,158,7.688,2024-06-05 11:52:03
258.79999999999995,87,22702.49,258.79999999999995,7.44,136,184,7.44,2024-06-05 11:52:04
261.4,86,22709.24,261.4,6.755,132,176,6.755,2024-06-05 11:52:05
260.79999999999995,83,22717.4,260.79999999999995,8.159,127,181,8.159,2024-06-05 11:52:06
263.0,88,22724.27,263.0,6.866,122,178,6.866,2024-06-05 11:52:07
261.4,89,22731.0,261.4,6.738,134,184,6.738,2024-06-05 11:52:08
257.20000000000005,84,22737.49,257.20000000000005,6.489,124,184,6.489,2024-06-05 11:52:09
260.0,85,22744.62,260.0,7.129,128,173,7.129,2024-06-05 11:52:10
257.79999999999995,91,22750.9,257.79999999999995,6.275,127,174,6.275,2024-06-05 11:52:11
258.0,80,22757.2,258.0,6.308,130,172,6.308,2024-06-05 11:52:12
263.0,81,22764.45,263.0,7.247,122,182,7.247,2024-06-05 11:52:13
262.6,83,22771.65,262.6,7.198,140,185,7.198,2024-06-05 11:52:14
257.79999999999995,80,22778.56,257.79999999999995,6.915,128,196,6.915,2024-06-05 11:52:15
258.6,88,22785.26,258.6,6.695,132,177,6.695,2024-06-05 11:52:16
262.0,83,22792.03,262.0,6.772,123,176,6.772,2024-06-05 11:52:17
260.4,87,22798.2,260.4,6.17,124,176,6.17,2024-06-05 11:52:18
257.79999999999995,83,22805.28,257.79999999999995,7.08,129,179,7.08,2024-06-05 11:52:19
259.4,83,22812.91,259.4,7.631,121,189,7.631,2024-06-05 11:52:20
262.20000000000005,90,22819.46,262.20000000000005,6.545,129,176,6.545,2024-06-05 11:52:21
258.6,86,22826.53,258.6,7.069,127,169,7.069,2024-06-05 11:52:22
257.6,85,22833.59,257.6,7.064,130,174,7.064,2024-06-05 11:52:23
261.6,83,22839.93,261.6,6.342,136,185,6.342,2024-06-05 11:52:24
260.4,84,22847.61,260.4,7.679,125,180,7.679,2024-06-05 11:52:25
259.6,82,22854.06,259.6,6.45,131,198,6.45,2024-06-05 11:52:26
259.4,88,22861.43,259.4,7.363,133,171,7.363,2024-06-05 11:52:27
264.0,88,22868.85,264.0,7.421,126,184,7.421,2024-06-05 11:52:28
261.79999999999995,78,22876.69,261.79999999999995,7.839,132,170,7.839,2024-06-05 11:52:29
258.0,87,22883.42,258.0,6.73,136,181,6.73,2024-06-05 11:52:30
258.79999999999995,88,22890.0,258.79999999999995,6.588,124,166,6.588,2024-06-05 11:52:31
262.20000000000005,87,22896.85,262.20000000000005,6.844,125,176,6.844,2024-06-05 11:52:32
262.79999999999995,85,22903.34,262.79999999999995,6.493,125,186,6.493,2024-06-05 11:52:33
262.6,83,22909.55,262.6,6.213,137,191,6.213,2024-06-05 11:52:34
259.6,87,22916.77,259.6,7.213,131,185,7.213,2024-06-05 11:52:35
262.0,83,22924.09,262.0,7.325,130,175,7.325,2024-06-05 11:52:36
262.0,86,22931.85,262.0,7.756,129,170,7.756,2024-06-05 11:52:37
261.79999999999995,88,22938.96,261.79999999999995,7.108,120,163,7.108,2024-06-05 11:52:38
261.20000000000005,89,22946.03,261.20000000000005,7.068,132,178,7.068,2024-06-05 11:52:39
257.4,82,22953.54,257.4,7.52,140,177,7.52,2024-06-05 11:52:40
261.6,82,22960.83,261.6,7.286,139,186,7.286,2024-06-05 11:52:41
261.79999999999995,86,22967.87,261.79999999999995,7.036,123,179,7.036,2024-06-05 11:52:42
260.6,86,22975.52,260.6,7.658,132,194,7.658,2024-06-05 11:52:43
262.6,81,22982.68,262.6,7.154,132,178,7.154,2024-06-05 11:52:44
262.6,82,22989.22,262.6,6.543,131,187,6.543,2024-06-05 11:52:45
260.4,86,22997.22,260.4,7.995,125,178,7.995,2024-06-05 11:52:46
257.20000000000005,85,23004.09,257.20000000000005,6.873,126,177,6.873,2024-06-05 11:52:47
259.4,84,23010.83,259.4,6.742,125,197,6.742,2024-06-05 11:52:48
259.6,84,23017.91,259.6,7.074,122,182,7.074,2024-06-05 11:52:49
260.4,86,23025.12,260.4,7.215,124,187,7.215,2024-06-05 11:52:50
262.6,84,23032.87,262.6,7.744,127,193,7.744,2024-06-05 11:52:51
260.79999999999995,87,23040.45,260.79999999999995,7.58,130,187,7.58,2024-06-05 11:52:52
259.0,88,23047.41,259.0,6.966,129,181,6.966,2024-06-05 11:52:53
260.0,82,23054.92,260.0,7.505,131,178,7.505,2024-06-05 11:52:54
256.79999999999995,85,23061.78,256.79999999999995,6.865,125,165,6.865,2024-06-05 11:52:55
262.79999999999995,81,23068.44,262.79999999999995,6.661,128,193,6.661,2024-06-05 11:52:56
258.4,87,23075.49,258.4,7.049,129,166,7.049,2024-06-05 11:52:57
261.0,79,23082.11,261.0,6.619,138,180,6.619,2024-06-05 11:52:58
261.20000000000005,83,23088.95,261.20000000000005,6.837,130,187,6.837,2024-06-05 11:52:59
257.20000000000005,85,23096.06,257.20000000000005,7.115,130,184,7.115,2024-06-05 11:53:00
260.0,82,23103.68,260.0,7.62,136,184,7.62,2024-06-05 11:53:01
261.20000000000005,84,23111.17,261.20000000000005,7.493,131,174,7.493,2024-06-05 11:53:02
255.79999999999995,83,23118.65,255.79999999999995,7.475,132,171,7.475,2024-06-05 11:53:03
257.4,84,23125.15,257.4,6.499,135,189,6.499,2024-06-05 11:53:04
260.0,88,23133.02,260.0,7.875,130,183,7.875,2024-06-05 11:53:05
261.20000000000005,85,23139.69,261.20000000000005,6.67,131,196,6.67,2024-06-05 11:53:06
262.6,82,23146.34,262.6,6.641,125,181,6.641,2024-06-05 11:53:07
258.79999999999995,85,23154.0,258.79999999999995,7.661,132,185,7.661,2024-06-05 11:53:08
261.6,80,23160.59,261.6,6.597,126,177,6.597,2024-06-05 11:53:09
257.20000000000005,83,23168.02,257.20000000000005,7.431,126,175,7.431,2024-06-05 11:53:10
265.6,83,23175.03,265.6,7.007,123,161,7.007,2024-06-05 11:53:11
258.6,89,23182.96,258.6,7.929,134,167,7.929,2024-06-05 11:53:12
264.20000000000005,83,23190.98,264.20000000000005,8.016,134,188,8.016,2024-06-05 11:53:13
259.6,88,23197.64,259.6,6.664,125,184,6.664,2024-06-05 11:53:14
260.6,86,23205.1,260.6,7.458,129,158,7.458,2024-06-05 11:53:15
257.79999999999995,85,23212.7,257.79999999999995,7.599,130,191,7.599,2024-06-05 11:53:16
262.6,90,23220.52,262.6,7.817,133,188,7.817,2024-06-05 11:53:17
261.79999999999995,88,23227.95,261.79999999999995,7.43,119,173,7.43,2024-06-05 11:53:18
261.4,78,23235.03,261.4,7.088,129,172,7.088,2024-06-05 11:53:19
263.20000000000005,88,23242.38,263.20000000000005,7.351,123,178,7.351,2024-06-05 11:53:20
258.0,89,23250.56,258.0,8.181,137,197,8.181,2024-06-05 11:53:21
259.6,84,23257.34,259.6,6.779,115,193,6.779,2024-06-05 11:53:22
258.6,85,23264.77,258.6,7.431,139,189,7.431,2024-06-05 11:53:23
259.79999999999995,83,23271.81,259.79999999999995,7.032,127,170,7.032,2024-06-05 11:53:24
257.20000000000005,85,23278.52,257.20000000000005,6.717,135,183,6.717,2024-06-05 11:53:25
260.79999999999995,77,23285.97,260.79999999999995,7.451,130,194,7.451,2024-06-05 11:53:26
259.79999999999995,88,23293.7,259.79999999999995,7.722,118,187,7.722,2024-06-05 11:53:27
260.6,84,23301.35,260.6,7.657,131,185,7.657,2024-06-05 11:53:28
258.20000000000005,83,23308.38,258.20000000000005,7.027,123,192,7.027,2024-06-05 11:53:29
260.0,80,23315.27,260.0,6.889,120,165,6.889,2024-06-05 11:53:30
256.79999999999995,86,23322.42,256.79999999999995,7.155,129,180,7.155,2024-06-05 11:53:31
258.6,81,23329.48,258.6,7.053,127,182,7.053,2024-06-05 11:53:32
260.0,88,23336.84,260.0,7.361,136,189,7.361,2024-06-05 11:53:33
259.4,86,23343.47,259.4,6.633,129,184,6.633,2024-06-05 11:53:34
261.4,83,23350.04,261.4,6.567,141,173,6.567,2024-06-05 11:53:35
262.4,88,23356.91,262.4,6.871,132,168,6.871,2024-06-05 11:53:36
260.6,86,23364.23,260.6,7.317,129,199,7.317,2024-06-05 11:53:37
258.6,76,23371.05,258.6,6.82,134,173,6.82,2024-06-05 11:53:38
260.20000000000005,81,23377.76,260.20000000000005,6.713,136,151,6.713,2024-06-05 11:53:39
261.6,86,23384.62,261.6,6.864,133,172,6.864,2024-06-05 11:53:40
260.0,86,23392.19,260.0,7.571,132,182,7.571,2024-06-05 11:53:41
262.6,86,23399.34,262.6,7.149,126,170,7.149,2024-06-05 11:53:42
262.0,85,23406.67,262.0,7.327,128,170,7.327,2024-06-05 11:53:43
258.20000000000005,85,23413.85,258.20000000000005,7.178,134,152,7.178,2024-06-05 11:53:44
261.79999999999995,85,23421.2,261.79999999999995,7.35,127,183,7.35,2024-06-05 11:53:45
258.20000000000005,89,23428.69,258.20000000000005,7.495,132,183,7.495,2024-06-05 11:53:46
259.4,81,23437.01,259.4,8.316,129,169,8.316,2024-06-05 11:53:47
262.4,83,23444.76,262.4,7.745,124,183,7.745,2024-06-05 11:53:48
254.79999999999995,86,23452.53,254.79999999999995,7.773,132,177,7.773,2024-06-05 11:53:49
259.6,87,23459.69,259.6,7.157,129,173,7.157,2024-06-05 11:53:50
259.79999999999995,87,23467.16,259.79999999999995,7.475,135,181,7.475,2024-06-05 11:53:51
261.6,89,23474.96,261.6,7.795,130,181,7.795,2024-06-05 11:53:52
259.4,86,23482.36,259.4,7.403,132,183,7.403,2024-06-05 11:53:53
259.6,84,23489.95,259.6,7.595,127,190,7.595,2024-06-05 11:53:54
264.4,87,23497.67,264.4,7.714,128,185,7.714,2024-06-05 11:53:55
259.4,86,23504.85,259.4,7.18,127,183,7.18,2024-06-05 11:53:56
258.0,83,23511.97,258.0,7.118,126,193,7.118,2024-06-05 11:53:57
258.0,82,23519.6,258.0,7.632,131,170,7.632,2024-06-05 11:53:58
256.0,89,23527.05,256.0,7.446,134,184,7.446,2024-06-05 11:53:59
262.20000000000005,85,23534.08,262.20000000000005,7.038,128,201,7.038,2024-06-05 11:54:00
261.6,85,23541.14,261.6,7.054,134,158,7.054,2024-06-05 11:54:01
258.4,81,23548.05,258.4,6.912,117,166,6.912,2024-06-05 11:54:02
261.20000000000005,79,23555.48,261.20000000000005,7.425,130,189,7.425,2024-06-05 11:54:03
260.79999999999995,84,23563.25,260.79999999999995,7.773,127,191,7.773,2024-06-05 11:54:04
260.6,87,23570.09,260.6,6.845,125,171,6.845,2024-06-05 11:54:05
260.0,91,23577.04,260.0,6.943,130,187,6.943,2024-06-05 11:54:06
260.79999999999995,83,23584.55,260.79999999999995,7.513,132,166,7.513,2024-06-05 11:54:07
260.0,83,23592.24,260.0,7.687,125,196,7.687,2024-06-05 11:54:08
260.79999999999995,86,23598.73,260.79999999999995,6.496,135,187,6.496,2024-06-05 11:54:09
259.6,87,23607.09,259.6,8.359,139,183,8.359,2024-06-05 11:54:10
259.79999999999995,85,23613.99,259.79999999999995,6.903,122,174,6.903,2024-06-05 11:54:11
262.0,87,23621.28,262.0,7.29,126,180,7.29,2024-06-05 11:54:12
257.6,83,23628.23,257.6,6.943,128,176,6.943,2024-06-05 11:54:13
260.79999999999995,82,23635.15,260.79999999999995,6.919,124,178,6.919,2024-06-05 11:54:14
258.20000000000005,87,23642.44,258.20000000000005,7.294,131,187,7.294,2024-06-05 11:54:15
264.0,81,23650.57,264.0,8.133,134,180,8.133,2024-06-05 11:54:16
261.4,83,23657.62,261.4,7.042,133,174,7.042,2024-06-05 11:54:17
262.20000000000005,86,23664.49,262.20000000000005,6.87,132,176,6.87,2024-06-05 11:54:18
258.0,79,23670.87,258.0,6.388,131,179,6.388,2024-06-05 11:54:19
262.0,86,23678.19,262.0,7.322,132,177,7.322,2024-06-05 11:54:20
259.79999999999995,82,23685.24,259.79999999999995,7.042,131,175,7.042,2024-06-05 11:54:21
260.79999999999995,86,23692.89,260.79999999999995,7.655,130,178,7.655,2024-06-05 11:54:22
257.4,85,23699.53,257.4,6.643,130,202,6.643,2024-06-05 11:54:23
260.6,87,23707.0,260.6,7.465,127,175,7.465,2024-06-05 11:54:24
258.6,90,23714.03,258.6,7.03,134,181,7.03,2024-06-05 11:54:25
257.4,84,23721.92,257.4,7.887,132,184,7.887,2024-06-05 11:54:26
259.20000000000005,84,23728.68,259.20000000000005,6.763,130,185,6.763,2024-06-05 11:54:27
258.6,88,23736.07,258.6,7.39,137,183,7.39,2024-06-05 11:54:28
258.20000000000005,83,23742.6,258.20000000000005,6.529,127,182,6.529,2024-06-05 11:54:29
258.4,88,23749.76,258.4,7.163,134,182,7.163,2024-06-05 11:54:30
260.79999999999995,85,23756.25,260.79999999999995,6.485,127,170,6.485,2024-06-05 11:54:31
259.20000000000005,87,23763.39,259.20000000000005,7.142,123,180,7.142,2024-06-05 11:54:32
257.0,82,23771.13,257.0,7.743,127,177,7.743,2024-06-05 11:54:33
259.20000000000005,78,23777.88,259.20000000000005,6.742,130,179,6.742,2024-06-05 11:54:34
258.4,85,23785.53,258.4,7.658,141,176,7.658,2024-06-05 11:54:35
258.20000000000005,85,23792.39,258.20000000000005,6.855,130,178,6.855,2024-06-05 11:54:36
259.79999999999995,82,23799.23,259.79999999999995,6.837,134,168,6.837,2024-06-05 11:54:37
261.0,84,23806.42,261.0,7.19,126,178,7.19,2024-06-05 11:54:38
262.4,89,23812.48,262.4,6.064,126,185,6.064,2024-06-05 11:54:39
259.20000000000005,84,23819.66,259.20000000000005,7.179,124,183,7.179,2024-06-05 11:54:40
259.79999999999995,82,23826.62,259.79999999999995,6.966,134,189,6.966,2024-06-05 11:54:41
256.79999999999995,84,23833.94,256.79999999999995,7.312,130,167,7.312,2024-06-05 11:54:42
260.20000000000005,89,23840.66,260.20000000000005,6.728,129,179,6.728,2024-06-05 11:54:43
256.79999999999995,84,23848.18,256.79999999999995,7.519,125,183,7.519,2024-06-05 11:54:44
260.0,83,23855.34,260.0,7.152,125,178,7.152,2024-06-05 11:54:45
260.6,82,23862.65,260.6,7.313,128,183,7.313,2024-06-05 11:54:46
260.0,83,23868.55,260.0,5.903,125,198,5.903,2024-06-05 11:54:47
258.4,85,23875.5,258.4,6.944,129,182,6.944,2024-06-05 11:54:48
260.4,83,23882.69,260.4,7.196,123,172,7.196,2024-06-05 11:54:49
256.79999999999995,86,23889.85,256.79999999999995,7.155,131,187,7.155,2024-06-05 11:54:50
260.4,83,23897.29,260.4,7.447,119,163,7.447,2024-06-05 11:54:51
260.79999999999995,93,23903.92,260.79999999999995,6.624,126,172,6.624,2024-06-05 11:54:52
262.0,80,23910.64,262.0,6.718,136,183,6.718,2024-06-05 11:54:53
259.6,83,23918.23,259.6,7.594,127,189,7.594,2024-06-05 11:54:54
261.6,84,23925.32,261.6,7.088,122,173,7.088,2024-06-05 11:54:55
261.79999999999995,84,23932.5,261.79999999999995,7.18,125,189,7.18,2024-06-05 11:54:56
260.4,83,23939.69,260.4,7.19,133,182,7.19,2024-06-05 11:54:57
258.79999999999995,86,23946.95,258.79999999999995,7.263,132,165,7.263,2024-06-05 11:54:58
262.20000000000005,81,23953.87,262.20000000000005,6.921,133,178,6.921,2024-06-05 11:54:59
261.6,84,23962.16,261.6,8.288,133,190,8.288,2024-06-05 11:55:00
260.6,81,23969.73,260.6,7.57,127,173,7.57,2024-06-05 11:55:01
263.79999999999995,87,23977.86,263.79999999999995,8.125,129,176,8.125,2024-06-05 11:55:02
260.0,88,23984.99,260.0,7.136,122,180,7.136,2024-06-05 11:55:03
258.79999999999995,87,23992.97,258.79999999999995,7.976,127,165,7.976,2024-06-05 11:55:04
261.20000000000005,85,24000.33,261.20000000000005,7.357,132,178,7.357,2024-06-05 11:55:05
261.20000000000005,84,24007.78,261.20000000000005,7.457,132,185,7.457,2024-06-05 11:55:06
260.6,82,24014.75,260.6,6.967,134,175,6.967,2024-06-05 11:55:07
259.20000000000005,86,24022.27,259.20000000000005,7.525,124,180,7.525,2024-06-05 11:55:08
260.6,90,24029.59,260.6,7.319,134,173,7.319,2024-06-05 11:55:09
261.0,84,24036.88,261.0,7.283,133,192,7.283,2024-06-05 11:55:10
262.79999999999995,81,24044.24,262.79999999999995,7.368,123,183,7.368,2024-06-05 11:55:11
259.6,86,24051.19,259.6,6.946,125,194,6.946,2024-06-05 11:55:12
261.20000000000005,80,24058.77,261.20000000000005,7.582,131,168,7.582,2024-06-05 11:55:13
258.20000000000005,88,24066.21,258.20000000000005,7.433,132,192,7.433,2024-06-05 11:55:14
257.79999999999995,81,24074.02,257.79999999999995,7.819,135,174,7.819,2024-06-05 11:55:15
262.6,77,24081.89,262.6,7.866,134,182,7.866,2024-06-05 11:55:16
260.79999999999995,88,24088.12,260.79999999999995,6.229,118,184,6.229,2024-06-05 11:55:17
258.20000000000005,86,24096.51,258.20000000000005,8.386,129,184,8.386,2024-06-05 11:55:18
260.0,81,24103.39,260.0,6.885,139,198,6.885,2024-06-05 11:55:19
260.6,86,24110.63,260.6,7.237,133,191,7.237,2024-06-05 11:55:20
260.4,88,24117.55,260.4,6.919,133,173,6.919,2024-06-05 11:55:21
259.4,84,24124.97,259.4,7.419,126,185,7.419,2024-06-05 11:55:22
260.6,82,24131.17,260.6,6.209,132,178,6.209,2024-06-05 11:55:23
256.20000000000005,80,24137.78,256.20000000000005,6.603,128,186,6.603,2024-06-05 11:55:24
258.20000000000005,84,24144.45,258.20000000000005,6.676,135,179,6.676,2024-06-05 11:55:25
255.79999999999995,80,24150.99,255.79999999999995,6.54,135,179,6.54,2024-06-05 11:55:26
257.0,85,24158.15,257.0,7.162,121,186,7.162,2024-06-05 11:55:27
260.6,86,24165.56,260.6,7.401,132,176,7.401,2024-06-05 11:55:28
261.4,86,24171.83,261.4,6.273,134,187,6.273,2024-06-05 11:55:29
259.6,87,24179.02,259.6,7.194,129,174,7.194,2024-06-05 11:55:30
255.79999999999995,86,24185.57,255.79999999999995,6.545,119,195,6.545,2024-06-05 11:55:31
262.20000000000005,83,24192.57,262.20000000000005,7.005,127,194,7.005,2024-06-05 11:55:32
260.4,79,24199.73,260.4,7.155,131,200,7.155,2024-06-05 11:55:33
262.20000000000005,86,24206.64,262.20000000000005,6.909,126,189,6.909,2024-06-05 11:55:34
258.4,81,24215.0,258.4,8.362,129,186,8.362,2024-06-05 11:55:35
259.6,82,24222.36,259.6,7.358,130,191,7.358,2024-06-05 11:55:36
260.0,83,24230.16,260.0,7.801,128,182,7.801,2024-06-05 11:55:37
258.0,87,24238.03,258.0,7.867,131,185,7.867,2024-06-05 11:55:38
263.79999999999995,85,24245.98,263.79999999999995,7.951,125,176,7.951,2024-06-05 11:55:39
258.0,83,24252.88,258.0,6.908,126,183,6.908,2024-06-05 11:55:40
259.6,83,24260.69,259.6,7.803,128,195,7.803,2024-06-05 11:55:41
263.79999999999995,84,24268.02,263.79999999999995,7.331,133,167,7.331,2024-06-05 11:55:42
259.0,77,24274.55,259.0,6.538,127,178,6.538,2024-06-05 11:55:43
261.20000000000005,81,24282.07,261.20000000000005,7.516,131,198,7.516,2024-06-05 11:55:44
261.0,87,24288.99,261.0,6.915,129,202,6.915,2024-06-05 11:55:45
258.4,84,24295.83,258.4,6.844,133,164,6.844,2024-06-05 11:55:46
256.79999999999995,86,24302.8,256.79999999999995,6.966,135,171,6.966,2024-06-05 11:55:47
261.0,85,24310.87,261.0,8.074,133,173,8.074,2024-06-05 11:55:48
258.79999999999995,85,24317.65,258.79999999999995,6.785,131,178,6.785,2024-06-05 11:55:49
257.6,86,24324.64,257.6,6.987,123,179,6.987,2024-06-05 11:55:50
257.4,80,24331.07,257.4,6.429,126,170,6.429,2024-06-05 11:55:51
261.79999999999995,85,24338.97,261.79999999999995,7.903,124,173,7.903,2024-06-05 11:55:52
256.20000000000005,85,24346.19,256.20000000000005,7.214,126,193,7.214,2024-06-05 11:55:53
261.4,84,24353.48,261.4,7.293,128,179,7.293,2024-06-05 11:55:54
261.4,84,24360.23,261.4,6.748,125,190,6.748,2024-06-05 11:55:55
258.4,89,24367.45,258.4,7.224,124,182,7.224,2024-06-05 11:55:56
258.20000000000005,85,24375.43,258.20000000000005,7.978,128,165,7.978,2024-06-05 11:55:57
263.0,90,24380.92,263.0,5.49,131,169,5.49,2024-06-05 11:55:58
257.20000000000005,86,24387.91,257.20000000000005,6.992,131,173,6.992,2024-06-05 11:55:59
261.4,80,24394.8,261.4,6.887,128,160,6.887,2024-06-05 11:56:00
258.20000000000005,82,24401.23,258.20000000000005,6.432,132,197,6.432,2024-06-05 11:56:01
261.0,87,24407.72,261.0,6.485,131,169,6.485,2024-06-05 11:56:02
260.4,82,24415.39,260.4,7.675,131,179,7.675,2024-06-05 11:56:03
258.79999999999995,81,24422.27,258.79999999999995,6.883,128,188,6.883,2024-06-05 11:56:04
261.79999999999995,83,24430.23,261.79999999999995,7.956,133,170,7.956,2024-06-05 11:56:05
257.6,85,24437.38,257.6,7.153,129,174,7.153,2024-06-05 11:56:06
259.79999999999995,78,24444.76,259.79999999999995,7.376,130,177,7.376,2024-06-05 11:56:07
257.20000000000005,86,24452.06,257.20000000000005,7.297,130,168,7.297,2024-06-05 11:56:08
261.0,82,24458.81,261.0,6.754,134,186,6.754,2024-06-05 11:56:09
259.4,85,24466.04,259.4,7.228,123,154,7.228,2024-06-05 11:56:10
264.20000000000005,84,24472.95,264.20000000000005,6.916,124,185,6.916,2024-06-05 11:56:11
255.79999999999995,90,24480.43,255.79999999999995,7.48,122,171,7.48,2024-06-05 11:56:12
259.6,87,24487.12,259.6,6.691,129,184,6.691,2024-06-05 11:56:13
261.20000000000005,89,24494.43,261.20000000000005,7.305,133,164,7.305,2024-06-05 11:56:14
262.79999999999995,88,24501.84,262.79999999999995,7.414,133,179,7.414,2024-06-05 11:56:15
259.0,88,24509.57,259.0,7.73,133,168,7.73,2024-06-05 11:56:16
261.0,82,24516.71,261.0,7.135,129,185,7.135,2024-06-05 11:56:17
261.0,87,24523.33,261.0,6.627,127,171,6.627,2024-06-05 11:56:18
262.0,85,24530.7,262.0,7.368,126,181,7.368,2024-06-05 11:56:19
260.6,87,24538.34,260.6,7.634,130,188,7.634,2024-06-05 11:56:20
259.0,89,24546.01,259.0,7.671,122,173,7.671,2024-06-05 11:56:21
261.4,85,24552.52,261.4,6.515,136,158,6.515,2024-06-05 11:56:22
260.79999999999995,86,24558.83,260.79999999999995,6.304,130,182,6.304,2024-06-05 11:56:23
261.20000000000005,87,24565.56,261.20000000000005,6.731,121,176,6.731,2024-06-05 11:56:24
262.6,81,24572.88,262.6,7.322,139,168,7.322,2024-06-05 11:56:25
260.6,86,24580.07,260.6,7.185,125,190,7.185,2024-06-05 11:56:26
264.6,86,24588.03,264.6,7.963,132,174,7.963,2024-06-05 11:56:27
258.4,87,24596.42,258.4,8.39,140,203,8.39,2024-06-05 11:56:28
261.0,83,24603.89,261.0,7.476,130,177,7.476,2024-06-05 11:56:29
257.79999999999995,86,24611.92,257.79999999999995,8.021,128,173,8.021,2024-06-05 11:56:30
259.79999999999995,84,24618.98,259.79999999999995,7.066,130,174,7.066,2024-06-05 11:56:31
259.4,89,24626.52,259.4,7.542,137,190,7.542,2024-06-05 11:56:32
260.0,86,24634.33,260.0,7.804,133,186,7.804,2024-06-05 11:56:33
258.4,80,24641.62,258.4,7.291,127,192,7.291,2024-06-05 11:56:34
261.4,85,24648.04,261.4,6.421,133,200,6.421,2024-06-05 11:56:35
260.6,86,24655.75,260.6,7.714,132,193,7.714,2024-06-05 11:56:36
256.79999999999995,83,24662.45,256.79999999999995,6.692,134,179,6.692,2024-06-05 11:56:37
262.0,83,24670.56,262.0,8.119,130,169,8.119,2024-06-05 11:56:38
258.79999999999995,80,24677.19,258.79999999999995,6.628,125,196,6.628,2024-06-05 11:56:39
261.20000000000005,81,24683.88,261.20000000000005,6.683,126,183,6.683,2024-06-05 11:56:40
258.4,83,24690.74,258.4,6.865,131,170,6.865,2024-06-05 11:56:41
257.4,87,24698.24,257.4,7.496,130,171,7.496,2024-06-05 11:56:42
256.20000000000005,83,24705.29,256.20000000000005,7.053,121,182,7.053,2024-06-05 11:56:43
261.6,87,24713.29,261.6,7.995,134,174,7.995,2024-06-05 11:56:44
258.0,85,24721.22,258.0,7.931,130,182,7.931,2024-06-05 11:56:45
258.79999999999995,85,24728.09,258.79999999999995,6.873,134,203,6.873,2024-06-05 11:56:46
258.79999999999995,85,24735.57,258.79999999999995,7.485,134,171,7.485,2024-06-05 11:56:47
261.6,85,24742.98,261.6,7.41,132,187,7.41,2024-06-05 11:56:48
259.4,77,24750.66,259.4,7.676,124,187,7.676,2024-06-05 11:56:49
260.20000000000005,80,24757.05,260.20000000000005,6.387,127,178,6.387,2024-06-05 11:56:50
264.0,85,24764.64,264.0,7.593,130,173,7.593,2024-06-05 11:56:51
261.20000000000005,82,24771.27,261.20000000000005,6.629,141,180,6.629,2024-06-05 11:56:52
260.0,83,24779.33,260.0,8.062,135,177,8.062,2024-06-05 11:56:53
258.79999999999995,80,24786.42,258.79999999999995,7.084,120,182,7.084,2024-06-05 11:56:54
257.6,83,24794.67,257.6,8.255,125,169,8.255,2024-06-05 11:56:55
261.0,85,24801.87,261.0,7.2,125,176,7.2,2024-06-05 11:56:56
260.79999999999995,82,24807.83,260.79999999999995,5.961,124,185,5.961,2024-06-05 11:56:57
261.0,84,24815.74,261.0,7.907,125,204,7.907,2024-06-05 11:56:58
261.20000000000005,83,24822.83,261.20000000000005,7.096,129,179,7.096,2024-06-05 11:56:59
264.20000000000005,87,24829.13,264.20000000000005,6.293,121,181,6.293,2024-06-05 11:57:00
262.0,87,24836.34,262.0,7.214,130,170,7.214,2024-06-05 11:57:01
258.79999999999995,87,24843.99,258.79999999999995,7.652,132,173,7.652,2024-06-05 11:57:02
259.0,81,24850.59,259.0,6.597,130,162,6.597,2024-06-05 11:57:03
262.6,83,24857.76,262.6,7.174,132,180,7.174,2024-06-05 11:57:04
261.79999999999995,83,24864.26,261.79999999999995,6.497,126,188,6.497,2024-06-05 11:57:05
258.20000000000005,84,24870.92,258.20000000000005,6.656,130,171,6.656,2024-06-05 11:57:06
258.6,85,24877.83,258.6,6.913,130,192,6.913,2024-06-05 11:57:07
260.4,84,24885.31,260.4,7.477,123,186,7.477,2024-06-05 11:57:08
264.6,86,24892.51,264.6,7.199,126,189,7.199,2024-06-05 11:57:09
257.0,83,24900.66,257.0,8.155,128,195,8.155,2024-06-05 11:57:10
258.79999999999995,88,24907.6,258.79999999999995,6.939,134,163,6.939,2024-06-05 11:57:11
262.20000000000005,82,24915.02,262.20000000000005,7.421,137,172,7.421,2024-06-05 11:57:12
262.6,83,24923.0,262.6,7.976,132,194,7.976,2024-06-05 11:57:13
260.20000000000005,84,24930.43,260.20000000000005,7.432,130,175,7.432,2024-06-05 11:57:14
257.20000000000005,88,24938.03,257.20000000000005,7.598,130,188,7.598,2024-06-05 11:57:15
261.6,89,24944.69,261.6,6.664,130,178,6.664,2024-06-05 11:57:16
258.20000000000005,80,24951.68,258.20000000000005,6.986,125,160,6.986,2024-06-05 11:57:17
258.20000000000005,88,24958.53,258.20000000000005,6.85,132,166,6.85,2024-06-05 11:57:18
260.79999999999995,84,24965.05,260.79999999999995,6.523,129,177,6.523,2024-06-05 11:57:19
259.6,85,24972.18,259.6,7.131,136,168,7.131,2024-06-05 11:57:20
258.4,85,24979.76,258.4,7.58,130,189,7.58,2024-06-05 11:57:21
260.20000000000005,84,24987.41,260.20000000000005,7.646,128,180,7.646,2024-06-05 11:57:22
258.0,86,24994.73,258.0,7.32,132,183,7.32,2024-06-05 11:57:23
258.20000000000005,83,25002.29,258.20000000000005,7.559,132,187,7.559,2024-06-05 11:57:24
259.4,83,25009.31,259.4,7.029,132,176,7.029,2024-06-05 11:57:25
258.79999999999995,85,25017.32,258.79999999999995,8.004,131,175,8.004,2024-06-05 11:57:26
262.79999999999995,78,25024.46,262.79999999999995,7.146,138,177,7.146,2024-06-05 11:57:27
260.6,85,25032.25,260.6,7.784,136,184,7.784,2024-06-05 11:57:28
257.4,90,25040.16,257.4,7.909,140,190,7.909,2024-06-05 11:57:29
261.6,83,25047.25,261.6,7.093,131,180,7.093,2024-06-05 11:57:30
261.79999999999995,83,25054.71,261.79999999999995,7.458,139,167,7.458,2024-06-05 11:57:31
259.20000000000005,82,25062.11,259.20000000000005,7.404,124,170,7.404,2024-06-05 11:57:32
262.20000000000005,82,25068.85,262.20000000000005,6.734,138,160,6.734,2024-06-05 11:57:33
262.0,84,25075.92,262.0,7.074,127,177,7.074,2024-06-05 11:57:34
263.0,87,25082.37,263.0,6.448,136,173,6.448,2024-06-05 11:57:35
255.0,81,25088.65,255.0,6.276,130,174,6.276,2024-06-05 11:57:36
260.6,85,25095.26,260.6,6.613,126,185,6.613,2024-06-05 11:57:37
259.20000000000005,83,25102.81,259.20000000000005,7.556,133,163,7.556,2024-06-05 11:57:38
259.79999999999995,87,25110.15,259.79999999999995,7.34,127,168,7.34,2024-06-05 11:57:39
256.4,88,25117.36,256.4,7.209,129,190,7.209,2024-06-05 11:57:40
260.6,86,25124.53,260.6,7.17,132,180,7.17,2024-06-05 11:57:41
262.6,84,25131.71,262.6,7.18,129,189,7.18,2024-06-05 11:57:42
259.4,88,25139.36,259.4,7.643,130,181,7.643,2024-06-05 11:57:43
260.20000000000005,87,25146.1,260.20000000000005,6.745,134,178,6.745,2024-06-05 11:57:44
258.6,91,25153.27,258.6,7.164,133,167,7.164,2024-06-05 11:57:45
257.0,86,25159.86,257.0,6.597,135,179,6.597,2024-06-05 11:57:46
259.79999999999995,85,25167.78,259.79999999999995,7.923,131,183,7.923,2024-06-05 11:57:47
262.20000000000005,85,25175.25,262.20000000000005,7.463,123,197,7.463,2024-06-05 11:57:48
257.4,85,25182.62,257.4,7.37,130,175,7.37,2024-06-05 11:57:49
261.79999999999995,83,25189.95,261.79999999999995,7.336,131,185,7.336,2024-06-05 11:57:50
263.79999999999995,91,25196.31,263.79999999999995,6.355,129,180,6.355,2024-06-05 11:57:51
259.79999999999995,89,25203.69,259.79999999999995,7.382,123,189,7.382,2024-06-05 11:57:52
266.20000000000005,84,25210.18,266.20000000000005,6.486,136,173,6.486,2024-06-05 11:57:53
259.4,82,25217.0,259.4,6.821,126,198,6.821,2024-06-05 11:57:54
256.20000000000005,86,25224.04,256.20000000000005,7.04,133,191,7.04,2024-06-05 11:57:55
256.79999999999995,85,25231.07,256.79999999999995,7.032,128,173,7.032,2024-06-05 11:57:56
257.6,86,25239.06,257.6,7.996,132,194,7.996,2024-06-05 11:57:57
260.79999999999995,83,25245.95,260.79999999999995,6.881,132,184,6.881,2024-06-05 11:57:58
261.0,87,25253.07,261.0,7.12,129,187,7.12,2024-06-05 11:57:59
257.79999999999995,83,25259.7,257.79999999999995,6.633,133,174,6.633,2024-06-05 11:58:00
260.20000000000005,82,25266.79,260.20000000000005,7.095,128,194,7.095,2024-06-05 11:58:01
259.79999999999995,87,25274.16,259.79999999999995,7.368,134,181,7.368,2024-06-05 11:58:02
261.79999999999995,83,25280.67,261.79999999999995,6.504,129,189,6.504,2024-06-05 11:58:03
261.0,82,25288.23,261.0,7.559,131,178,7.559,2024-06-05 11:58:04
259.20000000000005,87,25295.05,259.20000000000005,6.826,128,182,6.826,2024-06-05 11:58:05
262.0,86,25302.57,262.0,7.513,122,186,7.513,2024-06-05 11:58:06
263.0,85,25310.26,263.0,7.698,124,181,7.698,2024-06-05 11:58:07
262.20000000000005,85,25317.78,262.20000000000005,7.513,132,173,7.513,2024-06-05 11:58:08
262.4,82,25325.07,262.4,7.298,132,187,7.298,2024-06-05 11:58:09
257.4,83,25331.8,257.4,6.723,130,153,6.723,2024-06-05 11:58:10
262.4,86,25340.0,262.4,8.207,126,163,8.207,2024-06-05 11:58:11
257.4,85,25347.12,257.4,7.112,138,195,7.112,2024-06-05 11:58:12
258.0,83,25354.07,258.0,6.956,134,172,6.956,2024-06-05 11:58:13
259.79999999999995,84,25361.76,259.79999999999995,7.686,129,187,7.686,2024-06-05 11:58:14
260.0,87,25369.15,260.0,7.395,129,186,7.395,2024-06-05 11:58:15
260.4,89,25376.63,260.4,7.474,135,164,7.474,2024-06-05 11:58:16
258.6,86,25384.12,258.6,7.497,121,189,7.497,2024-06-05 11:58:17
262.0,86,25392.03,262.0,7.91,134,179,7.91,2024-06-05 11:58:18
261.0,87,25399.31,261.0,7.276,131,180,7.276,2024-06-05 11:58:19
257.6,86,25407.82,257.6,8.508,131,177,8.508,2024-06-05 11:58:20
262.0,78,25415.4,262.0,7.584,131,185,7.584,2024-06-05 11:58:21
259.0,86,25422.7,259.0,7.3,131,176,7.3,2024-06-05 11:58:22
258.20000000000005,79,25429.58,258.20000000000005,6.874,129,178,6.874,2024-06-05 11:58:23
262.0,81,25436.87,262.0,7.296,127,184,7.296,2024-06-05 11:58:24
259.20000000000005,90,25444.43,259.20000000000005,7.559,126,182,7.559,2024-06-05 11:58:25
257.0,80,25452.09,257.0,7.661,126,193,7.661,2024-06-05 11:58:26
259.20000000000005,85,25459.32,259.20000000000005,7.233,131,163,7.233,2024-06-05 11:58:27
261.0,85,25466.66,261.0,7.334,124,181,7.334,2024-06-05 11:58:28
262.20000000000005,83,25474.05,262.20000000000005,7.389,130,179,7.389,2024-06-05 11:58:29
259.6,84,25481.44,259.6,7.389,128,190,7.389,2024-06-05 11:58:30
259.20000000000005,88,25488.78,259.20000000000005,7.342,126,185,7.342,2024-06-05 11:58:31
261.20000000000005,86,25495.6,261.20000000000005,6.818,127,187,6.818,2024-06-05 11:58:32
261.4,90,25502.28,261.4,6.684,120,166,6.684,2024-06-05 11:58:33
258.20000000000005,88,25508.95,258.20000000000005,6.675,127,181,6.675,2024-06-05 11:58:34
257.4,90,25516.17,257.4,7.213,134,158,7.213,2024-06-05 11:58:35
259.79999999999995,86,25523.34,259.79999999999995,7.173,124,172,7.173,2024-06-05 11:58:36
258.4,86,25530.28,258.4,6.945,131,177,6.945,2024-06-05 11:58:37
261.4,85,25537.29,261.4,7.004,124,166,7.004,2024-06-05 11:58:38
257.79999999999995,83,25544.95,257.79999999999995,7.661,134,178,7.661,2024-06-05 11:58:39
264.4,81,25552.41,264.4,7.461,134,167,7.461,2024-06-05 11:58:40
262.20000000000005,82,25560.52,262.20000000000005,8.113,128,184,8.113,2024-06-05 11:58:41
257.20000000000005,83,25567.38,257.20000000000005,6.853,138,181,6.853,2024-06-05 11:58:42
257.0,79,25573.82,257.0,6.44,122,191,6.44,2024-06-05 11:58:43
257.4,84,25581.77,257.4,7.95,127,172,7.95,2024-06-05 11:58:44
260.20000000000005,87,25589.33,260.20000000000005,7.564,123,175,7.564,2024-06-05 11:58:45
262.20000000000005,84,25595.79,262.20000000000005,6.461,126,190,6.461,2024-06-05 11:58:46
265.0,87,25603.7,265.0,7.903,140,171,7.903,2024-06-05 11:58:47
261.6,82,25610.32,261.6,6.624,125,178,6.624,2024-06-05 11:58:48
260.4,92,25617.31,260.4,6.992,136,183,6.992,2024-06-05 11:58:49
260.0,77,25625.07,260.0,7.758,132,195,7.758,2024-06-05 11:58:50
261.6,87,25632.64,261.6,7.57,123,186,7.57,2024-06-05 11:58:51
262.79999999999995,84,25640.79,262.79999999999995,8.148,116,182,8.148,2024-06-05 11:58:52
260.4,83,25648.44,260.4,7.653,133,195,7.653,2024-06-05 11:58:53
260.20000000000005,84,25655.11,260.20000000000005,6.671,137,187,6.671,2024-06-05 11:58:54
262.20000000000005,82,25661.48,262.20000000000005,6.367,131,201,6.367,2024-06-05 11:58:55
258.6,87,25668.86,258.6,7.384,127,179,7.384,2024-06-05 11:58:56
259.0,83,25676.33,259.0,7.468,123,171,7.468,2024-06-05 11:58:57
258.4,86,25683.92,258.4,7.59,141,191,7.59,2024-06-05 11:58:58
257.20000000000005,85,25691.18,257.20000000000005,7.258,126,184,7.258,2024-06-05 11:58:59
258.6,84,25698.97,258.6,7.792,131,178,7.792,2024-06-05 11:59:00
258.4,80,25705.85,258.4,6.884,127,188,6.884,2024-06-05 11:59:01
262.4,88,25713.36,262.4,7.508,131,177,7.508,2024-06-05 11:59:02
260.0,90,25720.7,260.0,7.343,130,185,7.343,2024-06-05 11:59:03
259.0,83,25727.96,259.0,7.255,126,160,7.255,2024-06-05 11:59:04
256.79999999999995,81,25735.42,256.79999999999995,7.466,129,177,7.466,2024-06-05 11:59:05
258.4,82,25742.37,258.4,6.947,130,198,6.947,2024-06-05 11:59:06
262.6,79,25750.07,262.6,7.695,122,188,7.695,2024-06-05 11:59:07
258.6,86,25756.43,258.6,6.362,129,176,6.362,2024-06-05 11:59:08
260.20000000000005,84,25763.67,260.20000000000005,7.238,138,180,7.238,2024-06-05 11:59:09
258.4,86,25770.24,258.4,6.573,122,187,6.573,2024-06-05 11:59:10
259.79999999999995,84,25776.62,259.79999999999995,6.381,131,188,6.381,2024-06-05 11:59:11
262.6,77,25784.75,262.6,8.134,132,178,8.134,2024-06-05 11:59:12
260.6,86,25792.3,260.6,7.548,132,170,7.548,2024-06-05 11:59:13
260.4,77,25799.06,260.4,6.756,128,172,6.756,2024-06-05 11:59:14
257.4,83,25806.39,257.4,7.331,137,176,7.331,2024-06-05 11:59:15
261.79999999999995,82,25813.89,261.79999999999995,7.497,144,189,7.497,2024-06-05 11:59:16
259.6,85,25821.15,259.6,7.263,123,189,7.263,2024-06-05 11:59:17
260.20000000000005,87,25828.1,260.20000000000005,6.947,133,182,6.947,2024-06-05 11:59:18
258.20000000000005,86,25835.65,258.20000000000005,7.557,122,181,7.557,2024-06-05 11:59:19
252.20000000000005,86,25842.99,252.20000000000005,7.334,126,181,7.334,2024-06-05 11:59:20
260.0,82,25850.27,260.0,7.281,125,167,7.281,2024-06-05 11:59:21
260.6,84,25858.22,260.6,7.952,139,184,7.952,2024-06-05 11:59:22
261.79999999999995,84,25865.25,261.79999999999995,7.025,136,188,7.025,2024-06-05 11:59:23
260.0,89,25872.26,260.0,7.012,125,168,7.012,2024-06-05 11:59:24
262.6,85,25878.42,262.6,6.163,130,175,6.163,2024-06-05 11:59:25
259.79999999999995,84,25885.74,259.79999999999995,7.317,127,175,7.317,2024-06-05 11:59:26
256.20000000000005,82,25894.02,256.20000000000005,8.282,131,193,8.282,2024-06-05 11:59:27
258.0,87,25901.78,258.0,7.762,129,176,7.762,2024-06-05 11:59:28
260.0,85,25908.03,260.0,6.254,120,197,6.254,2024-06-05 11:59:29
256.0,87,25915.75,256.0,7.714,128,202,7.714,2024-06-05 11:59:30
