altitude,cadence,distance,enhanced_altitude,enhanced_speed,heart_rate,power,speed,timestamp
249.0,87,7.12,249.0,7.119,151,214,7.119,2024-06-05 10:59:31
250.0,92,14.32,250.0,7.198,153,245,7.198,2024-06-05 10:59:32
255.0,92,22.43,255.0,8.11,146,213,8.11,2024-06-05 10:59:33
255.79999999999995,97,30.73,255.79999999999995,8.305,140,243,8.305,2024-06-05 10:59:34
254.60000000000002,90,39.31,254.60000000000002,8.575,170,199,8.575,2024-06-05 10:59:35
257.0,96,46.97,257.0,7.666,143,219,7.666,2024-06-05 10:59:36
252.39999999999998,96,55.45,252.39999999999998,8.475,135,230,8.475,2024-06-05 10:59:37
255.20000000000005,95,63.21,255.20000000000005,7.767,143,276,7.767,2024-06-05 10:59:38
255.39999999999998,83,71.83,255.39999999999998,8.614,157,258,8.614,2024-06-05 10:59:39
251.60000000000002,91,80.11,251.60000000000002,8.284,156,202,8.284,2024-06-05 10:59:40
253.20000000000005,87,88.8,253.20000000000005,8.69,173,200,8.69,2024-06-05 10:59:41
258.20000000000005,96,96.66,258.20000000000005,7.856,150,234,7.856,2024-06-05 10:59:42
255.60000000000002,90,104.86,255.60000000000002,8.198,136,224,8.198,2024-06-05 10:59:43
256.79999999999995,84,113.42,256.79999999999995,8.565,129,198,8.565,2024-06-05 10:59:44
256.6,92,121.31,256.6,7.885,145,235,7.885,2024-06-05 10:59:45
251.20000000000005,100,129.17,251.20000000000005,7.867,165,260,7.867,2024-06-05 10:59:46
252.0,90,136.6,252.0,7.423,169,191,7.423,2024-06-05 10:59:47
257.4,99,144.69,257.4,8.091,144,199,8.091,2024-06-05 10:59:48
255.0,87,153.24,255.0,8.556,162,192,8.556,2024-06-05 10:59:49
256.6,94,161.67,256.6,8.432,137,177,8.432,2024-06-05 10:59:50
258.6,92,169.69,258.6,8.013,146,249,8.013,2024-06-05 10:59:51
256.79999999999995,87,176.62,256.79999999999995,6.933,171,219,6.933,2024-06-05 10:59:52
256.4,85,185.08,256.4,8.463,142,258,8.463,2024-06-05 10:59:53
258.0,89,193.19,258.0,8.105,137,215,8.105,2024-06-05 10:59:54
253.60000000000002,90,200.25,253.60000000000002,7.059,152,198,7.059,2024-06-05 10:59:55
254.39999999999998,83,207.78,254.39999999999998,7.537,143,225,7.537,2024-06-05 10:59:56
253.39999999999998,77,215.09,253.39999999999998,7.305,160,225,7.305,2024-06-05 10:59:57
254.60000000000002,92,223.25,254.60000000000002,8.159,153,190,8.159,2024-06-05 10:59:58
253.60000000000002,89,231.39,253.60000000000002,8.146,163,205,8.146,2024-06-05 10:59:59
253.79999999999995,91,238.99,253.79999999999995,7.597,139,220,7.597,2024-06-05 11:00:00
254.20000000000005,91,247.95,254.20000000000005,8.954,152,230,8.954,2024-06-05 11:00:01
254.79999999999995,84,255.88,254.79999999999995,7.931,158,213,7.931,2024-06-05 11:00:02
254.60000000000002,96,264.19,254.60000000000002,8.313,160,208,8.313,2024-06-05 11:00:03
254.0,87,271.85,254.0,7.66,151,185,7.66,2024-06-05 11:00:04
255.0,100,279.33,255.0,7.483,155,215,7.483,2024-06-05 11:00:05
255.39999999999998,81,287.55,255.39999999999998,8.215,152,233,8.215,2024-06-05 11:00:06
254.0,90,294.33,254.0,6.785,139,207,6.785,2024-06-05 11:00:07
253.39999999999998,86,302.1,253.39999999999998,7.769,148,226,7.769,2024-06-05 11:00:08
254.79999999999995,92,310.46,254.79999999999995,8.365,140,222,8.365,2024-06-05 11:00:09
254.20000000000005,79,318.39,254.20000000000005,7.925,153,225,7.925,2024-06-05 11:00:10
258.6,76,325.46,258.6,7.072,158,233,7.072,2024-06-05 11:00:11
252.79999999999995,91,334.13,252.79999999999995,8.667,133,241,8.667,2024-06-05 11:00:12
251.20000000000005,94,342.57,251.20000000000005,8.437,146,190,8.437,2024-06-05 11:00:13
253.79999999999995,86,349.89,253.79999999999995,7.32,129,203,7.32,2024-06-05 11:00:14
253.79999999999995,91,357.82,253.79999999999995,7.933,153,252,7.933,2024-06-05 11:00:15
257.4,90,366.25,257.4,8.43,134,223,8.43,2024-06-05 11:00:16
251.20000000000005,86,375.19,251.20000000000005,8.942,154,198,8.942,2024-06-05 11:00:17
255.60000000000002,89,382.66,255.60000000000002,7.464,119,209,7.464,2024-06-05 11:00:18
254.79999999999995,88,391.18,254.79999999999995,8.529,144,219,8.529,2024-06-05 11:00:19
253.79999999999995,88,398.41,253.79999999999995,7.226,154,226,7.226,2024-06-05 11:00:20
259.0,89,406.88,259.0,8.467,142,192,8.467,2024-06-05 11:00:21
255.60000000000002,89,414.46,255.60000000000002,7.582,133,234,7.582,2024-06-05 11:00:22
258.6,88,423.09,258.6,8.634,157,223,8.634,2024-06-05 11:00:23
257.79999999999995,90,431.39,257.79999999999995,8.294,153,199,8.294,2024-06-05 11:00:24
254.39999999999998,97,439.08,254.39999999999998,7.692,146,219,7.692,2024-06-05 11:00:25
257.4,84,448.1,257.4,9.018,157,194,9.018,2024-06-05 11:00:26
256.4,83,455.62,256.4,7.524,153,230,7.524,2024-06-05 11:00:27
258.6,87,463.95,258.6,8.331,150,213,8.331,2024-06-05 11:00:28
254.79999999999995,91,471.62,254.79999999999995,7.669,155,242,7.669,2024-06-05 11:00:29
252.20000000000005,103,480.39,252.20000000000005,8.767,165,222,8.767,2024-06-05 11:00:30
253.0,86,487.74,253.0,7.356,148,223,7.356,2024-06-05 11:00:31
255.79999999999995,85,496.24,255.79999999999995,8.492,154,212,8.492,2024-06-05 11:00:32
255.20000000000005,89,504.0,255.20000000000005,7.762,161,179,7.762,2024-06-05 11:00:33
255.20000000000005,91,512.64,255.20000000000005,8.64,141,202,8.64,2024-06-05 11:00:34
256.79999999999995,79,520.94,256.79999999999995,8.298,147,218,8.298,2024-06-05 11:00:35
254.20000000000005,87,529.24,254.20000000000005,8.3,150,255,8.3,2024-06-05 11:00:36
256.20000000000005,92,536.82,256.20000000000005,7.581,152,271,7.581,2024-06-05 11:00:37
252.79999999999995,89,544.71,252.79999999999995,7.894,162,211,7.894,2024-06-05 11:00:38
256.0,94,553.49,256.0,8.774,159,203,8.774,2024-06-05 11:00:39
258.0,80,561.51,258.0,8.023,147,239,8.023,2024-06-05 11:00:40
254.20000000000005,89,569.63,254.20000000000005,8.118,164,206,8.118,2024-06-05 11:00:41
254.60000000000002,82,578.86,254.60000000000002,9.237,160,182,9.237,2024-06-05 11:00:42
254.60000000000002,95,587.73,254.60000000000002,8.866,169,196,8.866,2024-06-05 11:00:43
250.0,95,596.46,250.0,8.726,154,257,8.726,2024-06-05 11:00:44
253.79999999999995,86,604.74,253.79999999999995,8.282,144,252,8.282,2024-06-05 11:00:45
255.20000000000005,90,612.6,255.20000000000005,7.863,147,234,7.863,2024-06-05 11:00:46
257.4,90,621.21,257.4,8.607,149,228,8.607,2024-06-05 11:00:47
254.60000000000002,96,629.11,254.60000000000002,7.899,158,223,7.899,2024-06-05 11:00:48
250.20000000000005,83,637.08,250.20000000000005,7.975,144,203,7.975,2024-06-05 11:00:49
260.6,82,645.67,260.6,8.589,156,237,8.589,2024-06-05 11:00:50
256.20000000000005,94,653.23,256.20000000000005,7.56,144,240,7.56,2024-06-05 11:00:51
256.4,87,661.72,256.4,8.491,147,226,8.491,2024-06-05 11:00:52
254.20000000000005,97,669.51,254.20000000000005,7.784,147,208,7.784,2024-06-05 11:00:53
255.39999999999998,99,677.8,255.39999999999998,8.29,152,203,8.29,2024-06-05 11:00:54
251.20000000000005,94,686.18,251.20000000000005,8.379,149,208,8.379,2024-06-05 11:00:55
257.0,86,694.48,257.0,8.303,141,236,8.303,2024-06-05 11:00:56
255.20000000000005,93,703.08,255.20000000000005,8.6,150,225,8.6,2024-06-05 11:00:57
254.79999999999995,91,712.57,254.79999999999995,9.488,158,226,9.488,2024-06-05 11:00:58
259.4,91,720.31,259.4,7.742,153,229,7.742,2024-06-05 11:00:59
257.79999999999995,87,729.2,257.79999999999995,8.89,149,225,8.89,2024-06-05 11:01:00
256.20000000000005,90,737.19,256.20000000000005,7.995,152,215,7.995,2024-06-05 11:01:01
255.20000000000005,90,745.29,255.20000000000005,8.102,152,205,8.102,2024-06-05 11:01:02
253.60000000000002,91,753.43,253.60000000000002,8.131,147,194,8.131,2024-06-05 11:01:03
253.20000000000005,92,760.83,253.20000000000005,7.407,160,251,7.407,2024-06-05 11:01:04
255.0,92,768.71,255.0,7.88,155,250,7.88,2024-06-05 11:01:05
254.79999999999995,78,777.16,254.79999999999995,8.451,160,212,8.451,2024-06-05 11:01:06
259.20000000000005,84,785.31,259.20000000000005,8.149,153,236,8.149,2024-06-05 11:01:07
253.60000000000002,89,793.13,253.60000000000002,7.815,138,260,7.815,2024-06-05 11:01:08
253.79999999999995,88,800.93,253.79999999999995,7.806,133,263,7.806,2024-06-05 11:01:09
256.6,88,808.25,256.6,7.319,151,236,7.319,2024-06-05 11:01:10
251.60000000000002,86,816.07,251.60000000000002,7.813,142,203,7.813,2024-06-05 11:01:11
259.6,94,823.94,259.6,7.874,162,222,7.874,2024-06-05 11:01:12
256.4,91,831.39,256.4,7.446,148,241,7.446,2024-06-05 11:01:13
255.0,89,839.93,255.0,8.546,150,204,8.546,2024-06-05 11:01:14
257.20000000000005,85,848.99,257.20000000000005,9.063,151,194,9.063,2024-06-05 11:01:15
257.20000000000005,89,857.54,257.20000000000005,8.55,138,212,8.55,2024-06-05 11:01:16
257.20000000000005,85,865.55,257.20000000000005,8.008,161,221,8.008,2024-06-05 11:01:17
255.20000000000005,88,874.02,255.20000000000005,8.472,140,214,8.472,2024-06-05 11:01:18
258.6,85,882.02,258.6,7.994,145,216,7.994,2024-06-05 11:01:19
253.79999999999995,86,889.67,253.79999999999995,7.649,140,252,7.649,2024-06-05 11:01:20
256.0,90,897.9,256.0,8.23,146,188,8.23,2024-06-05 11:01:21
257.4,79,906.23,257.4,8.329,151,186,8.329,2024-06-05 11:01:22
258.20000000000005,85,914.41,258.20000000000005,8.181,161,232,8.181,2024-06-05 11:01:23
253.60000000000002,87,922.48,253.60000000000002,8.073,156,236,8.073,2024-06-05 11:01:24
258.0,88,929.75,258.0,7.268,143,222,7.268,2024-06-05 11:01:25
255.60000000000002,89,938.22,255.60000000000002,8.47,136,242,8.47,2024-06-05 11:01:26
252.60000000000002,93,947.05,252.60000000000002,8.833,146,229,8.833,2024-06-05 11:01:27
256.4,101,955.28,256.4,8.227,150,235,8.227,2024-06-05 11:01:28
250.60000000000002,92,962.23,250.60000000000002,6.948,152,244,6.948,2024-06-05 11:01:29
253.39999999999998,91,970.4,253.39999999999998,8.175,149,227,8.175,2024-06-05 11:01:30
255.0,84,978.71,255.0,8.314,143,189,8.314,2024-06-05 11:01:31
254.39999999999998,98,986.5,254.39999999999998,7.79,135,226,7.79,2024-06-05 11:01:32
255.39999999999998,91,994.08,255.39999999999998,7.573,165,219,7.573,2024-06-05 11:01:33
256.79999999999995,87,1001.69,256.79999999999995,7.611,164,245,7.611,2024-06-05 11:01:34
255.20000000000005,94,1010.07,255.20000000000005,8.378,148,197,8.378,2024-06-05 11:01:35
257.0,96,1018.68,257.0,8.615,166,216,8.615,2024-06-05 11:01:36
255.39999999999998,91,1026.19,255.39999999999998,7.505,160,186,7.505,2024-06-05 11:01:37
254.39999999999998,91,1033.9,254.39999999999998,7.71,143,216,7.71,2024-06-05 11:01:38
253.39999999999998,90,1042.01,253.39999999999998,8.112,159,225,8.112,2024-06-05 11:01:39
254.60000000000002,83,1050.13,254.60000000000002,8.115,157,208,8.115,2024-06-05 11:01:40
252.60000000000002,96,1058.44,252.60000000000002,8.312,153,230,8.312,2024-06-05 11:01:41
256.4,85,1065.91,256.4,7.474,151,228,7.474,2024-06-05 11:01:42
255.79999999999995,97,1073.4,255.79999999999995,7.491,140,201,7.491,2024-06-05 11:01:43
255.79999999999995,93,1081.13,255.79999999999995,7.724,147,258,7.724,2024-06-05 11:01:44
253.79999999999995,94,1089.26,253.79999999999995,8.136,132,209,8.136,2024-06-05 11:01:45
257.0,84,1097.06,257.0,7.8,163,247,7.8,2024-06-05 11:01:46
254.60000000000002,82,1105.03,254.60000000000002,7.969,145,233,7.969,2024-06-05 11:01:47
253.60000000000002,86,1113.01,253.60000000000002,7.975,149,216,7.975,2024-06-05 11:01:48
254.79999999999995,88,1119.82,254.79999999999995,6.819,135,212,6.819,2024-06-05 11:01:49
255.39999999999998,85,1128.15,255.39999999999998,8.327,160,251,8.327,2024-06-05 11:01:50
255.79999999999995,96,1136.91,255.79999999999995,8.761,145,215,8.761,2024-06-05 11:01:51
257.4,90,1145.07,257.4,8.158,128,203,8.158,2024-06-05 11:01:52
257.4,96,1153.45,257.4,8.377,139,244,8.377,2024-06-05 11:01:53
256.6,96,1162.07,256.6,8.622,147,217,8.622,2024-06-05 11:01:54
252.60000000000002,82,1169.75,252.60000000000002,7.684,140,219,7.684,2024-06-05 11:01:55
254.39999999999998,94,1177.24,254.39999999999998,7.484,157,212,7.484,2024-06-05 11:01:56
254.79999999999995,86,1185.78,254.79999999999995,8.543,132,233,8.543,2024-06-05 11:01:57
255.79999999999995,89,1194.05,255.79999999999995,8.273,158,226,8.273,2024-06-05 11:01:58
252.79999999999995,94,1202.1,252.79999999999995,8.051,141,212,8.051,2024-06-05 11:01:59
256.20000000000005,87,1210.37,256.20000000000005,8.269,157,206,8.269,2024-06-05 11:02:00
255.79999999999995,95,1218.97,255.79999999999995,8.594,147,220,8.594,2024-06-05 11:02:01
255.20000000000005,85,1227.32,255.20000000000005,8.355,143,221,8.355,2024-06-05 11:02:02
256.20000000000005,95,1236.41,256.20000000000005,9.088,149,190,9.088,2024-06-05 11:02:03
256.0,92,1244.12,256.0,7.715,150,264,7.715,2024-06-05 11:02:04
253.79999999999995,80,1253.2,253.79999999999995,9.08,141,256,9.08,2024-06-05 11:02:05
257.0,90,1261.1,257.0,7.895,149,227,7.895,2024-06-05 11:02:06
257.79999999999995,88,1269.5,257.79999999999995,8.404,140,232,8.404,2024-06-05 11:02:07
252.79999999999995,84,1277.2,252.79999999999995,7.695,154,256,7.695,2024-06-05 11:02:08
258.79999999999995,87,1284.95,258.79999999999995,7.75,146,223,7.75,2024-06-05 11:02:09
255.79999999999995,85,1292.7,255.79999999999995,7.755,172,172,7.755,2024-06-05 11:02:10
255.39999999999998,101,1300.75,255.39999999999998,8.043,146,205,8.043,2024-06-05 11:02:11
257.0,95,1307.94,257.0,7.192,132,218,7.192,2024-06-05 11:02:12
255.39999999999998,88,1315.77,255.39999999999998,7.831,143,224,7.831,2024-06-05 11:02:13
254.60000000000002,84,1323.87,254.60000000000002,8.101,155,248,8.101,2024-06-05 11:02:14
255.0,95,1331.5,255.0,7.631,140,232,7.631,2024-06-05 11:02:15
256.0,84,1339.58,256.0,8.08,159,232,8.08,2024-06-05 11:02:16
260.4,78,1347.3,260.4,7.719,165,218,7.719,2024-06-05 11:02:17
254.39999999999998,86,1354.76,254.39999999999998,7.456,148,214,7.456,2024-06-05 11:02:18
256.79999999999995,97,1363.4,256.79999999999995,8.646,166,233,8.646,2024-06-05 11:02:19
252.0,92,1371.36,252.0,7.962,150,260,7.962,2024-06-05 11:02:20
253.79999999999995,88,1379.62,253.79999999999995,8.258,140,174,8.258,2024-06-05 11:02:21
254.0,87,1386.96,254.0,7.337,156,229,7.337,2024-06-05 11:02:22
253.20000000000005,98,1395.36,253.20000000000005,8.402,168,221,8.402,2024-06-05 11:02:23
255.39999999999998,95,1402.53,255.39999999999998,7.165,146,256,7.165,2024-06-05 11:02:24
256.4,95,1410.37,256.4,7.844,141,256,7.844,2024-06-05 11:02:25
254.39999999999998,95,1417.51,254.39999999999998,7.136,149,191,7.136,2024-06-05 11:02:26
258.6,85,1426.02,258.6,8.508,144,212,8.508,2024-06-05 11:02:27
256.20000000000005,92,1434.37,256.20000000000005,8.357,137,186,8.357,2024-06-05 11:02:28
259.79999999999995,83,1442.57,259.79999999999995,8.196,157,261,8.196,2024-06-05 11:02:29
255.20000000000005,88,1450.48,255.20000000000005,7.909,145,246,7.909,2024-06-05 11:02:30
255.39999999999998,85,1458.05,255.39999999999998,7.571,143,200,7.571,2024-06-05 11:02:31
253.0,84,1465.91,253.0,7.861,151,205,7.861,2024-06-05 11:02:32
254.79999999999995,91,1473.3,254.79999999999995,7.388,127,218,7.388,2024-06-05 11:02:33
256.0,88,1481.29,256.0,7.992,163,223,7.992,2024-06-05 11:02:34
254.79999999999995,89,1489.18,254.79999999999995,7.89,158,185,7.89,2024-06-05 11:02:35
254.20000000000005,90,1496.97,254.20000000000005,7.789,138,224,7.789,2024-06-05 11:02:36
254.39999999999998,94,1504.69,254.39999999999998,7.717,148,205,7.717,2024-06-05 11:02:37
258.20000000000005,96,1512.37,258.20000000000005,7.68,171,219,7.68,2024-06-05 11:02:38
255.39999999999998,82,1519.49,255.39999999999998,7.121,148,233,7.121,2024-06-05 11:02:39
255.79999999999995,90,1527.48,255.79999999999995,7.993,143,214,7.993,2024-06-05 11:02:40
253.60000000000002,85,1535.65,253.60000000000002,8.164,157,216,8.164,2024-06-05 11:02:41
253.79999999999995,92,1544.05,253.79999999999995,8.407,143,230,8.407,2024-06-05 11:02:42
254.39999999999998,94,1550.44,254.39999999999998,6.39,153,215,6.39,2024-06-05 11:02:43
256.0,89,1558.58,256.0,8.142,154,228,8.142,2024-06-05 11:02:44
251.39999999999998,86,1566.83,251.39999999999998,8.246,163,225,8.246,2024-06-05 11:02:45
259.79999999999995,95,1575.08,259.79999999999995,8.248,161,227,8.248,2024-06-05 11:02:46
255.20000000000005,90,1582.85,255.20000000000005,7.773,148,200,7.773,2024-06-05 11:02:47
258.4,90,1590.89,258.4,8.036,134,210,8.036,2024-06-05 11:02:48
251.39999999999998,88,1599.74,251.39999999999998,8.853,133,248,8.853,2024-06-05 11:02:49
254.60000000000002,90,1607.91,254.60000000000002,8.171,163,200,8.171,2024-06-05 11:02:50
254.20000000000005,87,1615.64,254.20000000000005,7.732,144,217,7.732,2024-06-05 11:02:51
253.0,91,1623.39,253.0,7.743,133,211,7.743,2024-06-05 11:02:52
254.20000000000005,92,1631.15,254.20000000000005,7.763,145,214,7.763,2024-06-05 11:02:53
251.39999999999998,86,1639.09,251.39999999999998,7.944,158,247,7.944,2024-06-05 11:02:54
253.0,88,1646.76,253.0,7.669,164,212,7.669,2024-06-05 11:02:55
256.20000000000005,82,1654.86,256.20000000000005,8.095,134,225,8.095,2024-06-05 11:02:56
257.6,94,1661.92,257.6,7.069,138,209,7.069,2024-06-05 11:02:57
256.6,93,1669.6,256.6,7.68,169,225,7.68,2024-06-05 11:02:58
253.0,92,1677.27,253.0,7.666,155,216,7.666,2024-06-05 11:02:59
256.6,89,1685.21,256.6,7.941,149,212,7.941,2024-06-05 11:03:00
253.39999999999998,82,1693.29,253.39999999999998,8.083,140,264,8.083,2024-06-05 11:03:01
256.6,90,1701.6,256.6,8.302,145,177,8.302,2024-06-05 11:03:02
255.60000000000002,93,1709.45,255.60000000000002,7.852,143,228,7.852,2024-06-05 11:03:03
257.20000000000005,90,1717.41,257.20000000000005,7.959,138,198,7.959,2024-06-05 11:03:04
254.79999999999995,95,1725.17,254.79999999999995,7.757,143,228,7.757,2024-06-05 11:03:05
257.20000000000005,86,1734.1,257.20000000000005,8.935,139,219,8.935,2024-06-05 11:03:06
255.79999999999995,87,1741.54,255.79999999999995,7.444,143,224,7.444,2024-06-05 11:03:07
255.0,90,1749.63,255.0,8.083,139,240,8.083,2024-06-05 11:03:08
255.39999999999998,90,1757.66,255.39999999999998,8.036,146,216,8.036,2024-06-05 11:03:09
254.20000000000005,81,1764.79,254.20000000000005,7.126,150,205,7.126,2024-06-05 11:03:10
257.6,84,1773.43,257.6,8.637,139,217,8.637,2024-06-05 11:03:11
253.20000000000005,97,1781.55,253.20000000000005,8.122,166,231,8.122,2024-06-05 11:03:12
254.79999999999995,94,1789.04,254.79999999999995,7.49,136,222,7.49,2024-06-05 11:03:13
253.79999999999995,88,1796.83,253.79999999999995,7.796,148,213,7.796,2024-06-05 11:03:14
255.79999999999995,93,1804.44,255.79999999999995,7.606,155,235,7.606,2024-06-05 11:03:15
254.60000000000002,91,1812.23,254.60000000000002,7.791,139,237,7.791,2024-06-05 11:03:16
254.60000000000002,77,1819.43,254.60000000000002,7.199,158,214,7.199,2024-06-05 11:03:17
257.0,86,1828.67,257.0,9.243,133,218,9.243,2024-06-05 11:03:18
252.79999999999995,82,1836.37,252.79999999999995,7.693,140,204,7.693,2024-06-05 11:03:19
255.79999999999995,91,1843.54,255.79999999999995,7.176,162,230,7.176,2024-06-05 11:03:20
255.20000000000005,94,1851.92,255.20000000000005,8.38,143,247,8.38,2024-06-05 11:03:21
255.60000000000002,84,1859.35,255.60000000000002,7.427,149,215,7.427,2024-06-05 11:03:22
258.0,99,1867.08,258.0,7.73,150,194,7.73,2024-06-05 11:03:23
250.39999999999998,92,1875.37,250.39999999999998,8.286,146,268,8.286,2024-06-05 11:03:24
256.0,81,1883.36,256.0,7.998,156,187,7.998,2024-06-05 11:03:25
257.20000000000005,99,1891.06,257.20000000000005,7.698,144,221,7.698,2024-06-05 11:03:26
251.20000000000005,90,1899.17,251.20000000000005,8.108,151,209,8.108,2024-06-05 11:03:27
254.60000000000002,91,1906.58,254.60000000000002,7.409,164,227,7.409,2024-06-05 11:03:28
256.20000000000005,84,1915.42,256.20000000000005,8.838,153,229,8.838,2024-06-05 11:03:29
256.4,92,1922.61,256.4,7.193,161,211,7.193,2024-06-05 11:03:30
254.0,85,1930.33,254.0,7.716,163,198,7.716,2024-06-05 11:03:31
255.79999999999995,97,1938.78,255.79999999999995,8.455,139,231,8.455,2024-06-05 11:03:32
255.39999999999998,86,1946.62,255.39999999999998,7.841,161,196,7.841,2024-06-05 11:03:33
252.20000000000005,91,1953.77,252.20000000000005,7.143,146,233,7.143,2024-06-05 11:03:34
255.20000000000005,81,1962.38,255.20000000000005,8.618,155,217,8.618,2024-06-05 11:03:35
254.60000000000002,85,1971.57,254.60000000000002,9.186,136,231,9.186,2024-06-05 11:03:36
253.60000000000002,87,1979.44,253.60000000000002,7.87,126,243,7.87,2024-06-05 11:03:37
256.20000000000005,86,1987.49,256.20000000000005,8.052,165,208,8.052,2024-06-05 11:03:38
251.79999999999995,83,1996.13,251.79999999999995,8.639,154,236,8.639,2024-06-05 11:03:39
255.79999999999995,91,2002.99,255.79999999999995,6.86,138,212,6.86,2024-06-05 11:03:40
249.79999999999995,93,2011.09,249.79999999999995,8.103,147,221,8.103,2024-06-05 11:03:41
253.60000000000002,91,2018.8,253.60000000000002,7.709,151,206,7.709,2024-06-05 11:03:42
257.6,85,2025.93,257.6,7.122,157,205,7.122,2024-06-05 11:03:43
253.20000000000005,84,2033.17,253.20000000000005,7.244,130,211,7.244,2024-06-05 11:03:44
255.79999999999995,91,2041.07,255.79999999999995,7.896,148,231,7.896,2024-06-05 11:03:45
252.79999999999995,91,2049.18,252.79999999999995,8.113,148,240,8.113,2024-06-05 11:03:46
254.20000000000005,97,2057.51,254.20000000000005,8.333,156,204,8.333,2024-06-05 11:03:47
254.39999999999998,89,2066.32,254.39999999999998,8.81,176,206,8.81,2024-06-05 11:03:48
254.60000000000002,77,2073.77,254.60000000000002,7.447,147,240,7.447,2024-06-05 11:03:49
254.60000000000002,90,2081.46,254.60000000000002,7.693,132,221,7.693,2024-06-05 11:03:50
254.39999999999998,89,2089.01,254.39999999999998,7.548,148,211,7.548,2024-06-05 11:03:51
253.79999999999995,93,2097.23,253.79999999999995,8.217,148,242,8.217,2024-06-05 11:03:52
257.4,82,2106.09,257.4,8.863,150,220,8.863,2024-06-05 11:03:53
257.79999999999995,85,2114.63,257.79999999999995,8.544,159,199,8.544,2024-06-05 11:03:54
257.79999999999995,94,2122.17,257.79999999999995,7.54,128,221,7.54,2024-06-05 11:03:55
254.20000000000005,95,2129.38,254.20000000000005,7.203,158,214,7.203,2024-06-05 11:03:56
253.39999999999998,91,2136.88,253.39999999999998,7.507,167,240,7.507,2024-06-05 11:03:57
253.20000000000005,88,2144.92,253.20000000000005,8.034,153,236,8.034,2024-06-05 11:03:58
254.79999999999995,96,2153.78,254.79999999999995,8.857,145,220,8.857,2024-06-05 11:03:59
255.60000000000002,95,2161.43,255.60000000000002,7.653,155,226,7.653,2024-06-05 11:04:00
253.39999999999998,96,2169.88,253.39999999999998,8.451,138,219,8.451,2024-06-05 11:04:01
257.0,88,2178.07,257.0,8.19,152,231,8.19,2024-06-05 11:04:02
258.6,87,2185.87,258.6,7.803,162,240,7.803,2024-06-05 11:04:03
252.60000000000002,83,2193.47,252.60000000000002,7.601,151,256,7.601,2024-06-05 11:04:04
255.20000000000005,84,2202.69,255.20000000000005,9.222,139,266,9.222,2024-06-05 11:04:05
255.0,87,2211.98,255.0,9.285,155,196,9.285,2024-06-05 11:04:06
254.20000000000005,91,2219.99,254.20000000000005,8.014,167,235,8.014,2024-06-05 11:04:07
251.0,86,2228.3,251.0,8.31,139,210,8.31,2024-06-05 11:04:08
259.20000000000005,86,2236.52,259.20000000000005,8.212,140,204,8.212,2024-06-05 11:04:09
258.6,88,2244.39,258.6,7.873,148,195,7.873,2024-06-05 11:04:10
256.0,90,2252.0,256.0,7.612,149,202,7.612,2024-06-05 11:04:11
253.0,88,2259.54,253.0,7.539,143,246,7.539,2024-06-05 11:04:12
256.79999999999995,84,2267.24,256.79999999999995,7.696,126,215,7.696,2024-06-05 11:04:13
256.4,98,2274.81,256.4,7.57,148,242,7.57,2024-06-05 11:04:14
257.6,92,2282.07,257.6,7.265,140,227,7.265,2024-06-05 11:04:15
255.20000000000005,82,2290.48,255.20000000000005,8.412,157,269,8.412,2024-06-05 11:04:16
255.0,99,2298.31,255.0,7.824,140,226,7.824,2024-06-05 11:04:17
252.79999999999995,88,2307.0,252.79999999999995,8.688,162,200,8.688,2024-06-05 11:04:18
256.20000000000005,91,2314.06,256.20000000000005,7.06,185,244,7.06,2024-06-05 11:04:19
255.60000000000002,88,2322.08,255.60000000000002,8.029,160,221,8.029,2024-06-05 11:04:20
256.20000000000005,95,2330.34,256.20000000000005,8.26,118,243,8.26,2024-06-05 11:04:21
252.20000000000005,84,2338.68,252.20000000000005,8.339,155,221,8.339,2024-06-05 11:04:22
254.60000000000002,95,2346.84,254.60000000000002,8.156,144,250,8.156,2024-06-05 11:04:23
257.20000000000005,83,2355.48,257.20000000000005,8.64,150,196,8.64,2024-06-05 11:04:24
256.4,93,2363.4,256.4,7.916,147,249,7.916,2024-06-05 11:04:25
259.0,91,2371.09,259.0,7.693,155,228,7.693,2024-06-05 11:04:26
256.79999999999995,95,2378.84,256.79999999999995,7.754,155,243,7.754,2024-06-05 11:04:27
254.0,86,2386.91,254.0,8.066,143,258,8.066,2024-06-05 11:04:28
252.79999999999995,97,2395.05,252.79999999999995,8.146,155,214,8.146,2024-06-05 11:04:29
256.20000000000005,86,2403.25,256.20000000000005,8.191,150,222,8.191,2024-06-05 11:04:30
261.0,86,2409.41,261.0,6.169,148,159,6.169,2024-06-05 11:04:31
261.20000000000005,84,2416.16,261.20000000000005,6.751,133,153,6.751,2024-06-05 11:04:32
258.6,78,2422.59,258.6,6.426,128,201,6.426,2024-06-05 11:04:33
262.20000000000005,78,2429.39,262.20000000000005,6.8,143,164,6.8,2024-06-05 11:04:34
257.6,84,2435.61,257.6,6.217,135,206,6.217,2024-06-05 11:04:35
259.79999999999995,71,2442.38,259.79999999999995,6.77,123,191,6.77,2024-06-05 11:04:36
260.0,80,2448.87,260.0,6.497,132,161,6.497,2024-06-05 11:04:37
264.0,78,2455.78,264.0,6.908,124,177,6.908,2024-06-05 11:04:38
260.20000000000005,81,2462.84,260.20000000000005,7.06,122,198,7.06,2024-06-05 11:04:39
265.0,77,2469.32,265.0,6.476,112,162,6.476,2024-06-05 11:04:40
260.6,82,2476.36,260.6,7.039,135,161,7.039,2024-06-05 11:04:41
260.4,74,2483.47,260.4,7.108,130,172,7.108,2024-06-05 11:04:42
261.20000000000005,83,2490.68,261.20000000000005,7.214,114,153,7.214,2024-06-05 11:04:43
263.0,86,2497.39,263.0,6.708,109,174,6.708,2024-06-05 11:04:44
258.6,74,2503.53,258.6,6.141,126,177,6.141,2024-06-05 11:04:45
260.20000000000005,80,2509.24,260.20000000000005,5.708,139,209,5.708,2024-06-05 11:04:46
261.6,73,2514.65,261.6,5.416,122,199,5.416,2024-06-05 11:04:47
259.20000000000005,82,2521.04,259.20000000000005,6.386,142,154,6.386,2024-06-05 11:04:48
259.20000000000005,75,2527.8,259.20000000000005,6.765,128,188,6.765,2024-06-05 11:04:49
259.79999999999995,82,2533.65,259.79999999999995,5.844,120,171,5.844,2024-06-05 11:04:50
261.4,78,2539.99,261.4,6.343,133,233,6.343,2024-06-05 11:04:51
260.4,84,2545.61,260.4,5.613,141,171,5.613,2024-06-05 11:04:52
263.0,75,2551.95,263.0,6.343,134,148,6.343,2024-06-05 11:04:53
259.0,79,2559.8,259.0,7.853,128,154,7.853,2024-06-05 11:04:54
262.4,84,2565.81,262.4,6.007,137,207,6.007,2024-06-05 11:04:55
263.6,83,2573.03,263.6,7.217,132,233,7.217,2024-06-05 11:04:56
260.20000000000005,76,2579.62,260.20000000000005,6.599,124,186,6.599,2024-06-05 11:04:57
259.6,84,2585.42,259.6,5.792,146,185,5.792,2024-06-05 11:04:58
261.20000000000005,82,2592.46,261.20000000000005,7.042,132,189,7.042,2024-06-05 11:04:59
259.20000000000005,83,2599.5,259.20000000000005,7.041,129,141,7.041,2024-06-05 11:05:00
261.6,89,2605.59,261.6,6.094,123,194,6.094,2024-06-05 11:05:01
261.20000000000005,76,2611.11,261.20000000000005,5.52,123,184,5.52,2024-06-05 11:05:02
257.6,80,2617.36,257.6,6.253,133,189,6.253,2024-06-05 11:05:03
259.6,80,2623.15,259.6,5.785,134,169,5.785,2024-06-05 11:05:04
259.4,85,2628.82,259.4,5.67,131,187,5.67,2024-06-05 11:05:05
258.79999999999995,76,2635.82,258.79999999999995,7.005,127,172,7.005,2024-06-05 11:05:06
259.0,76,2642.2,259.0,6.374,140,194,6.374,2024-06-05 11:05:07
262.6,73,2648.39,262.6,6.193,117,150,6.193,2024-06-05 11:05:08
261.6,78,2654.24,261.6,5.849,150,222,5.849,2024-06-05 11:05:09
256.79999999999995,91,2660.33,256.79999999999995,6.09,135,148,6.09,2024-06-05 11:05:10
260.79999999999995,85,2667.08,260.79999999999995,6.752,155,181,6.752,2024-06-05 11:05:11
260.0,76,2675.01,260.0,7.926,149,169,7.926,2024-06-05 11:05:12
264.20000000000005,78,2681.4,264.20000000000005,6.394,134,188,6.394,2024-06-05 11:05:13
258.20000000000005,74,2687.56,258.20000000000005,6.155,119,171,6.155,2024-06-05 11:05:14
260.20000000000005,80,2694.62,260.20000000000005,7.065,113,160,7.065,2024-06-05 11:05:15
259.4,86,2700.98,259.4,6.36,120,201,6.36,2024-06-05 11:05:16
255.79999999999995,84,2707.92,255.79999999999995,6.937,151,141,6.937,2024-06-05 11:05:17
260.4,79,2714.43,260.4,6.516,131,196,6.516,2024-06-05 11:05:18
260.4,77,2721.26,260.4,6.829,134,207,6.829,2024-06-05 11:05:19
261.20000000000005,87,2727.73,261.20000000000005,6.466,106,213,6.466,2024-06-05 11:05:20
259.0,76,2734.64,259.0,6.908,101,160,6.908,2024-06-05 11:05:21
261.4,79,2741.55,261.4,6.91,129,189,6.91,2024-06-05 11:05:22
256.79999999999995,79,2748.26,256.79999999999995,6.709,143,174,6.709,2024-06-05 11:05:23
259.4,76,2754.1,259.4,5.84,146,175,5.84,2024-06-05 11:05:24
261.0,84,2760.64,261.0,6.542,132,194,6.542,2024-06-05 11:05:25
259.79999999999995,85,2766.98,259.79999999999995,6.347,118,181,6.347,2024-06-05 11:05:26
259.6,86,2773.5,259.6,6.515,126,137,6.515,2024-06-05 11:05:27
260.6,85,2780.47,260.6,6.97,157,210,6.97,2024-06-05 11:05:28
258.0,76,2787.44,258.0,6.971,124,199,6.971,2024-06-05 11:05:29
260.0,77,2793.93,260.0,6.488,123,169,6.488,2024-06-05 11:05:30
262.4,81,2800.53,262.4,6.605,141,202,6.605,2024-06-05 11:05:31
257.4,74,2806.99,257.4,6.455,135,152,6.455,2024-06-05 11:05:32
261.79999999999995,83,2813.3,261.79999999999995,6.31,113,182,6.31,2024-06-05 11:05:33
264.4,79,2819.64,264.4,6.339,139,211,6.339,2024-06-05 11:05:34
262.0,80,2825.85,262.0,6.217,120,192,6.217,2024-06-05 11:05:35
260.6,79,2831.79,260.6,5.937,118,172,5.937,2024-06-05 11:05:36
260.20000000000005,85,2838.8,260.20000000000005,7.008,122,158,7.008,2024-06-05 11:05:37
262.0,84,2845.89,262.0,7.087,128,164,7.087,2024-06-05 11:05:38
260.4,81,2852.47,260.4,6.585,129,187,6.585,2024-06-05 11:05:39
258.6,85,2858.59,258.6,6.113,129,171,6.113,2024-06-05 11:05:40
260.6,88,2864.46,260.6,5.871,124,184,5.871,2024-06-05 11:05:41
256.6,73,2870.85,256.6,6.398,129,170,6.398,2024-06-05 11:05:42
260.20000000000005,78,2877.49,260.20000000000005,6.635,127,161,6.635,2024-06-05 11:05:43
261.0,84,2884.89,261.0,7.404,131,202,7.404,2024-06-05 11:05:44
257.4,76,2891.19,257.4,6.295,111,161,6.295,2024-06-05 11:05:45
258.0,85,2899.03,258.0,7.837,123,196,7.837,2024-06-05 11:05:46
258.79999999999995,85,2905.89,258.79999999999995,6.863,127,200,6.863,2024-06-05 11:05:47
260.20000000000005,83,2912.3,260.20000000000005,6.414,119,196,6.414,2024-06-05 11:05:48
258.79999999999995,75,2918.93,258.79999999999995,6.625,128,163,6.625,2024-06-05 11:05:49
261.79999999999995,88,2925.95,261.79999999999995,7.028,119,148,7.028,2024-06-05 11:05:50
259.79999999999995,72,2932.62,259.79999999999995,6.666,139,173,6.666,2024-06-05 11:05:51
258.4,81,2938.43,258.4,5.811,130,180,5.811,2024-06-05 11:05:52
260.20000000000005,78,2945.39,260.20000000000005,6.961,143,186,6.961,2024-06-05 11:05:53
256.79999999999995,79,2951.9,256.79999999999995,6.511,127,197,6.511,2024-06-05 11:05:54
262.0,81,2959.26,262.0,7.357,122,182,7.357,2024-06-05 11:05:55
261.79999999999995,84,2965.12,261.79999999999995,5.86,125,179,5.86,2024-06-05 11:05:56
257.4,85,2971.81,257.4,6.691,130,204,6.691,2024-06-05 11:05:57
259.4,77,2976.85,259.4,5.034,141,143,5.034,2024-06-05 11:05:58
257.79999999999995,75,2982.98,257.79999999999995,6.134,130,200,6.134,2024-06-05 11:05:59
256.20000000000005,85,2989.32,256.20000000000005,6.336,131,178,6.336,2024-06-05 11:06:00
258.79999999999995,74,2996.32,258.79999999999995,7.002,121,150,7.002,2024-06-05 11:06:01
261.6,75,3002.2,261.6,5.884,125,138,5.884,2024-06-05 11:06:02
260.79999999999995,69,3008.71,260.79999999999995,6.511,126,190,6.511,2024-06-05 11:06:03
258.4,78,3015.21,258.4,6.496,119,168,6.496,2024-06-05 11:06:04
261.0,82,3022.07,261.0,6.865,138,184,6.865,2024-06-05 11:06:05
257.4,79,3029.7,257.4,7.624,124,183,7.624,2024-06-05 11:06:06
256.4,81,3036.06,256.4,6.365,132,165,6.365,2024-06-05 11:06:07
260.79999999999995,76,3042.82,260.79999999999995,6.76,145,227,6.76,2024-06-05 11:06:08
259.20000000000005,83,3049.95,259.20000000000005,7.128,129,163,7.128,2024-06-05 11:06:09
261.6,76,3056.17,261.6,6.219,147,179,6.219,2024-06-05 11:06:10
262.6,70,3062.71,262.6,6.54,142,207,6.54,2024-06-05 11:06:11
260.4,92,3068.74,260.4,6.025,130,185,6.025,2024-06-05 11:06:12
261.0,88,3075.31,261.0,6.576,126,184,6.576,2024-06-05 11:06:13
257.4,79,3081.53,257.4,6.221,140,161,6.221,2024-06-05 11:06:14
260.79999999999995,83,3088.04,260.79999999999995,6.503,130,172,6.503,2024-06-05 11:06:15
259.20000000000005,83,3094.42,259.20000000000005,6.382,114,190,6.382,2024-06-05 11:06:16
256.79999999999995,81,3100.87,256.79999999999995,6.448,119,138,6.448,2024-06-05 11:06:17
257.4,86,3107.03,257.4,6.159,149,188,6.159,2024-06-05 11:06:18
258.6,79,3114.33,258.6,7.308,135,209,7.308,2024-06-05 11:06:19
264.0,81,3120.2,264.0,5.871,116,175,5.871,2024-06-05 11:06:20
260.20000000000005,77,3126.6,260.20000000000005,6.396,129,192,6.396,2024-06-05 11:06:21
259.20000000000005,84,3133.15,259.20000000000005,6.554,125,199,6.554,2024-06-05 11:06:22
258.79999999999995,85,3139.01,258.79999999999995,5.859,118,153,5.859,2024-06-05 11:06:23
259.6,87,3145.05,259.6,6.039,121,177,6.039,2024-06-05 11:06:24
261.6,83,3151.35,261.6,6.294,129,188,6.294,2024-06-05 11:06:25
261.20000000000005,85,3157.37,261.20000000000005,6.019,152,173,6.019,2024-06-05 11:06:26
259.6,74,3163.55,259.6,6.189,121,170,6.189,2024-06-05 11:06:27
257.20000000000005,84,3169.2,257.20000000000005,5.65,129,164,5.65,2024-06-05 11:06:28
259.20000000000005,74,3175.71,259.20000000000005,6.504,126,157,6.504,2024-06-05 11:06:29
263.20000000000005,71,3182.86,263.20000000000005,7.151,154,174,7.151,2024-06-05 11:06:30
262.79999999999995,85,3190.35,262.79999999999995,7.489,149,224,7.489,2024-06-05 11:06:31
262.0,75,3196.26,262.0,5.912,111,187,5.912,2024-06-05 11:06:32
261.79999999999995,76,3202.95,261.79999999999995,6.688,118,181,6.688,2024-06-05 11:06:33
260.6,86,3209.77,260.6,6.818,132,158,6.818,2024-06-05 11:06:34
257.4,80,3216.26,257.4,6.494,124,176,6.494,2024-06-05 11:06:35
260.6,77,3223.18,260.6,6.924,121,166,6.924,2024-06-05 11:06:36
258.6,76,3230.11,258.6,6.93,121,163,6.93,2024-06-05 11:06:37
259.6,74,3236.56,259.6,6.446,116,171,6.446,2024-06-05 11:06:38
257.6,84,3243.67,257.6,7.112,130,166,7.112,2024-06-05 11:06:39
260.79999999999995,85,3250.81,260.79999999999995,7.142,118,155,7.142,2024-06-05 11:06:40
258.6,82,3256.56,258.6,5.75,123,166,5.75,2024-06-05 11:06:41
262.20000000000005,79,3262.44,262.20000000000005,5.877,127,181,5.877,2024-06-05 11:06:42
260.79999999999995,72,3269.22,260.79999999999995,6.777,138,188,6.777,2024-06-05 11:06:43
261.4,69,3275.79,261.4,6.574,126,195,6.574,2024-06-05 11:06:44
259.4,76,3281.61,259.4,5.82,130,154,5.82,2024-06-05 11:06:45
258.79999999999995,86,3288.09,258.79999999999995,6.478,110,176,6.478,2024-06-05 11:06:46
262.0,76,3295.13,262.0,7.044,130,180,7.044,2024-06-05 11:06:47
256.6,79,3302.03,256.6,6.898,121,180,6.898,2024-06-05 11:06:48
259.4,82,3308.57,259.4,6.537,105,154,6.537,2024-06-05 11:06:49
259.79999999999995,83,3315.62,259.79999999999995,7.047,131,191,7.047,2024-06-05 11:06:50
256.79999999999995,78,3323.16,256.79999999999995,7.548,122,163,7.548,2024-06-05 11:06:51
258.79999999999995,75,3329.54,258.79999999999995,6.376,135,148,6.376,2024-06-05 11:06:52
259.6,78,3335.39,259.6,5.852,119,197,5.852,2024-06-05 11:06:53
260.20000000000005,82,3341.71,260.20000000000005,6.319,130,187,6.319,2024-06-05 11:06:54
256.79999999999995,79,3348.15,256.79999999999995,6.44,116,179,6.44,2024-06-05 11:06:55
259.6,78,3354.43,259.6,6.278,127,173,6.278,2024-06-05 11:06:56
262.6,82,3360.94,262.6,6.515,126,160,6.515,2024-06-05 11:06:57
265.79999999999995,86,3367.89,265.79999999999995,6.951,117,165,6.951,2024-06-05 11:06:58
263.0,78,3374.27,263.0,6.374,117,181,6.374,2024-06-05 11:06:59
260.4,76,3381.43,260.4,7.16,146,156,7.16,2024-06-05 11:07:00
260.4,73,3388.87,260.4,7.447,122,143,7.447,2024-06-05 11:07:01
261.20000000000005,90,3395.07,261.20000000000005,6.194,123,152,6.194,2024-06-05 11:07:02
262.20000000000005,81,3401.94,262.20000000000005,6.874,125,188,6.874,2024-06-05 11:07:03
258.79999999999995,79,3408.24,258.79999999999995,6.299,141,172,6.299,2024-06-05 11:07:04
260.79999999999995,81,3414.31,260.79999999999995,6.068,131,158,6.068,2024-06-05 11:07:05
257.6,76,3421.13,257.6,6.819,116,185,6.819,2024-06-05 11:07:06
260.20000000000005,76,3427.84,260.20000000000005,6.71,135,164,6.71,2024-06-05 11:07:07
259.4,77,3434.33,259.4,6.488,123,178,6.488,2024-06-05 11:07:08
261.79999999999995,81,3441.57,261.79999999999995,7.239,127,204,7.239,2024-06-05 11:07:09
259.20000000000005,81,3447.85,259.20000000000005,6.282,128,207,6.282,2024-06-05 11:07:10
262.0,70,3454.08,262.0,6.232,121,194,6.232,2024-06-05 11:07:11
259.6,75,3460.48,259.6,6.404,127,195,6.404,2024-06-05 11:07:12
259.0,72,3466.94,259.0,6.451,129,202,6.451,2024-06-05 11:07:13
256.6,77,3473.59,256.6,6.652,144,208,6.652,2024-06-05 11:07:14
259.4,71,3480.16,259.4,6.577,141,162,6.577,2024-06-05 11:07:15
260.79999999999995,78,3487.1,260.79999999999995,6.935,128,150,6.935,2024-06-05 11:07:16
257.79999999999995,82,3494.05,257.79999999999995,6.953,128,213,6.953,2024-06-05 11:07:17
259.20000000000005,80,3500.02,259.20000000000005,5.967,130,160,5.967,2024-06-05 11:07:18
259.4,66,3506.11,259.4,6.089,118,177,6.089,2024-06-05 11:07:19
260.0,81,3511.78,260.0,5.67,120,197,5.67,2024-06-05 11:07:20
260.79999999999995,88,3518.8,260.79999999999995,7.019,126,139,7.019,2024-06-05 11:07:21
261.79999999999995,71,3525.12,261.79999999999995,6.329,126,181,6.329,2024-06-05 11:07:22
259.79999999999995,83,3531.22,259.79999999999995,6.094,137,182,6.094,2024-06-05 11:07:23
262.20000000000005,72,3537.97,262.20000000000005,6.75,137,172,6.75,2024-06-05 11:07:24
262.6,67,3544.53,262.6,6.558,111,179,6.558,2024-06-05 11:07:25
265.4,78,3550.7,265.4,6.169,146,192,6.169,2024-06-05 11:07:26
258.79999999999995,77,3557.25,258.79999999999995,6.553,138,189,6.553,2024-06-05 11:07:27
257.4,81,3562.77,257.4,5.523,115,175,5.523,2024-06-05 11:07:28
260.79999999999995,88,3568.84,260.79999999999995,6.067,140,180,6.067,2024-06-05 11:07:29
260.20000000000005,81,3574.67,260.20000000000005,5.829,131,186,5.829,2024-06-05 11:07:30
257.0,77,3580.52,257.0,5.85,120,182,5.85,2024-06-05 11:07:31
261.4,80,3586.3,261.4,5.779,133,178,5.779,2024-06-05 11:07:32
261.6,76,3593.48,261.6,7.182,139,183,7.182,2024-06-05 11:07:33
262.20000000000005,77,3599.47,262.20000000000005,5.992,131,179,5.992,2024-06-05 11:07:34
260.20000000000005,83,3605.15,260.20000000000005,5.677,126,164,5.677,2024-06-05 11:07:35
258.4,74,3611.11,258.4,5.96,130,158,5.96,2024-06-05 11:07:36
260.0,79,3618.68,260.0,7.577,114,144,7.577,2024-06-05 11:07:37
262.79999999999995,80,3625.98,262.79999999999995,7.292,148,180,7.292,2024-06-05 11:07:38
261.6,76,3632.59,261.6,6.611,121,214,6.611,2024-06-05 11:07:39
257.79999999999995,79,3639.63,257.79999999999995,7.042,129,158,7.042,2024-06-05 11:07:40
264.4,78,3645.86,264.4,6.234,128,193,6.234,2024-06-05 11:07:41
258.4,86,3651.68,258.4,5.819,114,162,5.819,2024-06-05 11:07:42
258.79999999999995,83,3657.83,258.79999999999995,6.146,139,208,6.146,2024-06-05 11:07:43
259.0,79,3664.5,259.0,6.669,127,152,6.669,2024-06-05 11:07:44
260.6,71,3670.4,260.6,5.896,123,172,5.896,2024-06-05 11:07:45
261.6,81,3676.79,261.6,6.398,129,191,6.398,2024-06-05 11:07:46
262.20000000000005,71,3683.66,262.20000000000005,6.868,134,171,6.868,2024-06-05 11:07:47
258.4,80,3690.18,258.4,6.523,122,202,6.523,2024-06-05 11:07:48
261.0,79,3695.95,261.0,5.761,136,185,5.761,2024-06-05 11:07:49
260.0,83,3702.1,260.0,6.155,133,171,6.155,2024-06-05 11:07:50
260.79999999999995,80,3709.45,260.79999999999995,7.35,120,214,7.35,2024-06-05 11:07:51
257.20000000000005,72,3716.25,257.20000000000005,6.803,142,207,6.803,2024-06-05 11:07:52
259.4,74,3722.35,259.4,6.099,127,171,6.099,2024-06-05 11:07:53
261.20000000000005,77,3729.17,261.20000000000005,6.817,124,179,6.817,2024-06-05 11:07:54
256.20000000000005,82,3735.74,256.20000000000005,6.571,137,202,6.571,2024-06-05 11:07:55
258.79999999999995,85,3742.27,258.79999999999995,6.528,123,173,6.528,2024-06-05 11:07:56
258.4,87,3748.25,258.4,5.982,141,202,5.982,2024-06-05 11:07:57
259.20000000000005,78,3754.27,259.20000000000005,6.024,140,210,6.024,2024-06-05 11:07:58
258.0,79,3761.52,258.0,7.247,120,201,7.247,2024-06-05 11:07:59
260.4,90,3767.91,260.4,6.386,126,212,6.386,2024-06-05 11:08:00
256.6,74,3774.85,256.6,6.94,135,189,6.94,2024-06-05 11:08:01
262.20000000000005,83,3781.39,262.20000000000005,6.539,118,174,6.539,2024-06-05 11:08:02
257.79999999999995,83,3787.77,257.79999999999995,6.38,123,189,6.38,2024-06-05 11:08:03
259.20000000000005,77,3793.68,259.20000000000005,5.914,158,169,5.914,2024-06-05 11:08:04
261.4,86,3799.9,261.4,6.218,125,198,6.218,2024-06-05 11:08:05
259.4,65,3806.09,259.4,6.196,120,178,6.196,2024-06-05 11:08:06
256.79999999999995,77,3812.66,256.79999999999995,6.565,124,171,6.565,2024-06-05 11:08:07
260.79999999999995,87,3819.68,260.79999999999995,7.022,125,184,7.022,2024-06-05 11:08:08
258.20000000000005,75,3826.23,258.20000000000005,6.544,143,166,6.544,2024-06-05 11:08:09
260.6,79,3833.05,260.6,6.822,133,167,6.822,2024-06-05 11:08:10
258.79999999999995,78,3839.77,258.79999999999995,6.719,129,189,6.719,2024-06-05 11:08:11
257.4,74,3846.33,257.4,6.564,135,200,6.564,2024-06-05 11:08:12
258.20000000000005,77,3852.82,258.20000000000005,6.492,104,180,6.492,2024-06-05 11:08:13
258.6,76,3859.48,258.6,6.655,150,177,6.655,2024-06-05 11:08:14
260.20000000000005,79,3865.47,260.20000000000005,5.991,143,186,5.991,2024-06-05 11:08:15
263.20000000000005,82,3870.81,263.20000000000005,5.346,144,204,5.346,2024-06-05 11:08:16
261.79999999999995,81,3877.45,261.79999999999995,6.635,135,165,6.635,2024-06-05 11:08:17
259.0,78,3883.96,259.0,6.508,117,166,6.508,2024-06-05 11:08:18
256.4,81,3890.9,256.4,6.941,137,174,6.941,2024-06-05 11:08:19
256.79999999999995,87,3896.3,256.79999999999995,5.398,128,163,5.398,2024-06-05 11:08:20
261.0,83,3902.27,261.0,5.971,127,172,5.971,2024-06-05 11:08:21
258.0,78,3908.63,258.0,6.363,136,179,6.363,2024-06-05 11:08:22
258.6,76,3915.08,258.6,6.449,128,178,6.449,2024-06-05 11:08:23
260.79999999999995,80,3921.6,260.79999999999995,6.523,114,145,6.523,2024-06-05 11:08:24
261.0,81,3929.1,261.0,7.498,127,180,7.498,2024-06-05 11:08:25
259.6,81,3935.52,259.6,6.423,132,157,6.423,2024-06-05 11:08:26
257.6,83,3941.83,257.6,6.308,116,182,6.308,2024-06-05 11:08:27
255.20000000000005,79,3947.85,255.20000000000005,6.017,143,175,6.017,2024-06-05 11:08:28
264.79999999999995,80,3954.99,264.79999999999995,7.137,113,140,7.137,2024-06-05 11:08:29
259.79999999999995,82,3960.99,259.79999999999995,6.001,133,163,6.001,2024-06-05 11:08:30
258.79999999999995,82,3966.9,258.79999999999995,5.914,124,150,5.914,2024-06-05 11:08:31
261.0,86,3973.57,261.0,6.671,149,175,6.671,2024-06-05 11:08:32
261.6,79,3979.84,261.6,6.269,123,158,6.269,2024-06-05 11:08:33
260.79999999999995,77,3986.72,260.79999999999995,6.883,126,224,6.883,2024-06-05 11:08:34
263.20000000000005,80,3993.02,263.20000000000005,6.299,122,169,6.299,2024-06-05 11:08:35
257.20000000000005,77,3999.88,257.20000000000005,6.854,126,172,6.854,2024-06-05 11:08:36
260.6,76,4006.47,260.6,6.596,141,160,6.596,2024-06-05 11:08:37
259.79999999999995,81,4012.0,259.79999999999995,5.523,134,158,5.523,2024-06-05 11:08:38
260.20000000000005,75,4018.45,260.20000000000005,6.45,134,130,6.45,2024-06-05 11:08:39
256.20000000000005,84,4025.15,256.20000000000005,6.707,120,160,6.707,2024-06-05 11:08:40
260.0,79,4032.07,260.0,6.915,132,175,6.915,2024-06-05 11:08:41
256.79999999999995,75,4039.3,256.79999999999995,7.233,139,190,7.233,2024-06-05 11:08:42
258.4,84,4045.91,258.4,6.613,117,152,6.613,2024-06-05 11:08:43
257.6,81,4052.31,257.6,6.399,130,199,6.399,2024-06-05 11:08:44
257.0,78,4058.26,257.0,5.947,158,186,5.947,2024-06-05 11:08:45
259.4,73,4065.08,259.4,6.818,121,192,6.818,2024-06-05 11:08:46
262.20000000000005,80,4071.34,262.20000000000005,6.261,134,174,6.261,2024-06-05 11:08:47
261.20000000000005,85,4078.58,261.20000000000005,7.241,110,139,7.241,2024-06-05 11:08:48
259.79999999999995,79,4085.27,259.79999999999995,6.694,127,202,6.694,2024-06-05 11:08:49
260.79999999999995,83,4091.89,260.79999999999995,6.618,136,126,6.618,2024-06-05 11:08:50
260.0,71,4098.94,260.0,7.049,133,196,7.049,2024-06-05 11:08:51
258.20000000000005,74,4105.34,258.20000000000005,6.401,144,180,6.401,2024-06-05 11:08:52
261.4,73,4111.54,261.4,6.195,119,173,6.195,2024-06-05 11:08:53
265.20000000000005,69,4117.43,265.20000000000005,5.896,130,201,5.896,2024-06-05 11:08:54
259.0,76,4124.8,259.0,7.364,132,154,7.364,2024-06-05 11:08:55
258.4,86,4130.62,258.4,5.827,123,187,5.827,2024-06-05 11:08:56
259.79999999999995,73,4136.78,259.79999999999995,6.157,143,182,6.157,2024-06-05 11:08:57
258.4,80,4143.71,258.4,6.927,128,160,6.927,2024-06-05 11:08:58
257.6,88,4151.27,257.6,7.557,125,179,7.557,2024-06-05 11:08:59
256.20000000000005,84,4157.75,256.20000000000005,6.486,125,184,6.486,2024-06-05 11:09:00
258.4,75,4164.47,258.4,6.716,130,196,6.716,2024-06-05 11:09:01
254.39999999999998,73,4171.55,254.39999999999998,7.078,138,173,7.078,2024-06-05 11:09:02
258.79999999999995,77,4177.95,258.79999999999995,6.4,116,188,6.4,2024-06-05 11:09:03
261.6,86,4184.27,261.6,6.321,135,157,6.321,2024-06-05 11:09:04
259.0,73,4190.7,259.0,6.437,141,189,6.437,2024-06-05 11:09:05
261.6,76,4198.34,261.6,7.631,111,180,7.631,2024-06-05 11:09:06
258.0,79,4204.74,258.0,6.405,141,159,6.405,2024-06-05 11:09:07
261.4,77,4211.77,261.4,7.027,126,168,7.027,2024-06-05 11:09:08
262.20000000000005,80,4218.11,262.20000000000005,6.341,135,172,6.341,2024-06-05 11:09:09
259.6,77,4224.62,259.6,6.515,129,175,6.515,2024-06-05 11:09:10
256.0,73,4230.75,256.0,6.13,158,174,6.13,2024-06-05 11:09:11
262.20000000000005,85,4237.14,262.20000000000005,6.392,141,193,6.392,2024-06-05 11:09:12
260.0,83,4243.72,260.0,6.577,152,158,6.577,2024-06-05 11:09:13
260.6,85,4250.87,260.6,7.152,125,150,7.152,2024-06-05 11:09:14
260.20000000000005,72,4256.74,260.20000000000005,5.863,141,168,5.863,2024-06-05 11:09:15
261.20000000000005,75,4262.83,261.20000000000005,6.097,138,227,6.097,2024-06-05 11:09:16
259.79999999999995,70,4269.61,259.79999999999995,6.774,136,192,6.774,2024-06-05 11:09:17
261.6,84,4276.82,261.6,7.215,140,162,7.215,2024-06-05 11:09:18
258.20000000000005,83,4283.07,258.20000000000005,6.247,117,181,6.247,2024-06-05 11:09:19
260.0,84,4289.28,260.0,6.209,134,156,6.209,2024-06-05 11:09:20
260.20000000000005,76,4295.55,260.20000000000005,6.268,145,182,6.268,2024-06-05 11:09:21
259.79999999999995,80,4302.07,259.79999999999995,6.525,118,136,6.525,2024-06-05 11:09:22
259.6,76,4308.94,259.6,6.87,118,155,6.87,2024-06-05 11:09:23
260.6,71,4315.01,260.6,6.067,147,168,6.067,2024-06-05 11:09:24
259.0,82,4321.9,259.0,6.894,128,156,6.894,2024-06-05 11:09:25
262.79999999999995,75,4328.77,262.79999999999995,6.868,142,183,6.868,2024-06-05 11:09:26
260.79999999999995,80,4335.74,260.79999999999995,6.966,125,156,6.966,2024-06-05 11:09:27
261.79999999999995,81,4342.9,261.79999999999995,7.161,137,180,7.161,2024-06-05 11:09:28
258.6,74,4349.71,258.6,6.816,121,145,6.816,2024-06-05 11:09:29
263.0,82,4356.72,263.0,7.004,138,137,7.004,2024-06-05 11:09:30
255.0,83,4364.1,255.0,7.381,164,215,7.381,2024-06-05 11:09:31
254.20000000000005,88,4372.56,254.20000000000005,8.462,145,216,8.462,2024-06-05 11:09:32
251.79999999999995,91,4381.11,251.79999999999995,8.544,150,209,8.544,2024-06-05 11:09:33
251.20000000000005,83,4389.41,251.20000000000005,8.3,153,237,8.3,2024-06-05 11:09:34
255.60000000000002,99,4397.95,255.60000000000002,8.544,155,250,8.544,2024-06-05 11:09:35
253.20000000000005,83,4406.04,253.20000000000005,8.094,141,228,8.094,2024-06-05 11:09:36
252.79999999999995,86,4413.69,252.79999999999995,7.641,141,246,7.641,2024-06-05 11:09:37
251.79999999999995,94,4421.64,251.79999999999995,7.96,141,240,7.96,2024-06-05 11:09:38
252.20000000000005,91,4429.53,252.20000000000005,7.884,155,183,7.884,2024-06-05 11:09:39
254.20000000000005,87,4436.8,254.20000000000005,7.275,139,233,7.275,2024-06-05 11:09:40
257.20000000000005,84,4444.33,257.20000000000005,7.526,158,246,7.526,2024-06-05 11:09:41
254.79999999999995,81,4451.95,254.79999999999995,7.617,147,203,7.617,2024-06-05 11:09:42
254.0,88,4460.28,254.0,8.337,141,199,8.337,2024-06-05 11:09:43
254.20000000000005,89,4468.27,254.20000000000005,7.983,147,248,7.983,2024-06-05 11:09:44
252.0,87,4476.1,252.0,7.831,145,213,7.831,2024-06-05 11:09:45
257.0,84,4485.11,257.0,9.01,145,211,9.01,2024-06-05 11:09:46
251.60000000000002,82,4493.8,251.60000000000002,8.689,139,231,8.689,2024-06-05 11:09:47
251.39999999999998,95,4502.29,251.39999999999998,8.491,161,203,8.491,2024-06-05 11:09:48
255.79999999999995,84,4510.04,255.79999999999995,7.751,165,228,7.751,2024-06-05 11:09:49
255.0,83,4518.27,255.0,8.231,162,208,8.231,2024-06-05 11:09:50
254.79999999999995,89,4526.73,254.79999999999995,8.456,141,230,8.456,2024-06-05 11:09:51
255.20000000000005,94,4534.72,255.20000000000005,7.992,151,249,7.992,2024-06-05 11:09:52
255.79999999999995,89,4542.84,255.79999999999995,8.117,157,237,8.117,2024-06-05 11:09:53
254.79999999999995,83,4551.93,254.79999999999995,9.093,141,211,9.093,2024-06-05 11:09:54
251.60000000000002,84,4559.66,251.60000000000002,7.73,158,213,7.73,2024-06-05 11:09:55
254.39999999999998,86,4566.94,254.39999999999998,7.278,148,172,7.278,2024-06-05 11:09:56
254.60000000000002,87,4575.19,254.60000000000002,8.254,137,228,8.254,2024-06-05 11:09:57
256.0,92,4583.02,256.0,7.83,155,208,7.83,2024-06-05 11:09:58
254.60000000000002,84,4591.7,254.60000000000002,8.683,157,194,8.683,2024-06-05 11:09:59
256.79999999999995,93,4598.88,256.79999999999995,7.174,156,193,7.174,2024-06-05 11:10:00
255.0,88,4606.67,255.0,7.798,154,241,7.798,2024-06-05 11:10:01
256.4,86,4614.51,256.4,7.836,151,198,7.836,2024-06-05 11:10:02
252.0,86,4622.37,252.0,7.858,147,217,7.858,2024-06-05 11:10:03
256.4,93,4630.49,256.4,8.118,154,210,8.118,2024-06-05 11:10:04
259.20000000000005,88,4638.46,259.20000000000005,7.979,136,226,7.979,2024-06-05 11:10:05
255.79999999999995,79,4647.15,255.79999999999995,8.687,148,230,8.687,2024-06-05 11:10:06
252.20000000000005,91,4655.72,252.20000000000005,8.567,149,207,8.567,2024-06-05 11:10:07
252.60000000000002,89,4663.56,252.60000000000002,7.84,154,209,7.84,2024-06-05 11:10:08
257.6,94,4670.89,257.6,7.335,140,214,7.335,2024-06-05 11:10:09
256.79999999999995,93,4678.83,256.79999999999995,7.939,160,239,7.939,2024-06-05 11:10:10
252.0,87,4687.16,252.0,8.327,145,221,8.327,2024-06-05 11:10:11
255.20000000000005,91,4694.71,255.20000000000005,7.552,155,207,7.552,2024-06-05 11:10:12
253.0,93,4703.34,253.0,8.63,162,254,8.63,2024-06-05 11:10:13
257.79999999999995,83,4712.02,257.79999999999995,8.673,161,227,8.673,2024-06-05 11:10:14
258.4,91,4720.22,258.4,8.208,160,202,8.208,2024-06-05 11:10:15
252.79999999999995,92,4728.1,252.79999999999995,7.873,148,222,7.873,2024-06-05 11:10:16
255.0,89,4736.53,255.0,8.429,147,208,8.429,2024-06-05 11:10:17
255.20000000000005,98,4744.55,255.20000000000005,8.022,134,231,8.022,2024-06-05 11:10:18
254.39999999999998,76,4752.19,254.39999999999998,7.643,156,215,7.643,2024-06-05 11:10:19
253.60000000000002,91,4759.85,253.60000000000002,7.655,163,205,7.655,2024-06-05 11:10:20
252.0,87,4767.05,252.0,7.203,156,210,7.203,2024-06-05 11:10:21
258.79999999999995,83,4775.59,258.79999999999995,8.541,177,217,8.541,2024-06-05 11:10:22
251.60000000000002,88,4785.02,251.60000000000002,9.435,157,226,9.435,2024-06-05 11:10:23
253.20000000000005,94,4793.49,253.20000000000005,8.463,151,191,8.463,2024-06-05 11:10:24
252.20000000000005,92,4801.0,252.20000000000005,7.513,165,212,7.513,2024-06-05 11:10:25
256.4,92,4809.24,256.4,8.239,138,218,8.239,2024-06-05 11:10:26
255.79999999999995,87,4816.87,255.79999999999995,7.63,149,229,7.63,2024-06-05 11:10:27
256.6,87,4825.19,256.6,8.321,130,238,8.321,2024-06-05 11:10:28
252.20000000000005,94,4832.75,252.20000000000005,7.556,139,220,7.556,2024-06-05 11:10:29
257.4,95,4841.24,257.4,8.494,170,210,8.494,2024-06-05 11:10:30
253.79999999999995,93,4848.8,253.79999999999995,7.56,157,213,7.56,2024-06-05 11:10:31
255.39999999999998,81,4856.92,255.39999999999998,8.115,144,228,8.115,2024-06-05 11:10:32
251.79999999999995,96,4864.36,251.79999999999995,7.443,156,226,7.443,2024-06-05 11:10:33
254.60000000000002,88,4872.69,254.60000000000002,8.33,139,206,8.33,2024-06-05 11:10:34
256.4,91,4879.96,256.4,7.272,145,226,7.272,2024-06-05 11:10:35
255.79999999999995,94,4887.61,255.79999999999995,7.645,132,230,7.645,2024-06-05 11:10:36
257.20000000000005,86,4895.14,257.20000000000005,7.533,143,191,7.533,2024-06-05 11:10:37
254.20000000000005,84,4903.13,254.20000000000005,7.991,150,253,7.991,2024-06-05 11:10:38
253.20000000000005,84,4910.58,253.20000000000005,7.452,138,198,7.452,2024-06-05 11:10:39
253.20000000000005,86,4918.06,253.20000000000005,7.475,156,211,7.475,2024-06-05 11:10:40
252.20000000000005,90,4927.19,252.20000000000005,9.132,154,213,9.132,2024-06-05 11:10:41
253.79999999999995,90,4934.69,253.79999999999995,7.503,148,204,7.503,2024-06-05 11:10:42
251.20000000000005,86,4943.32,251.20000000000005,8.633,136,231,8.633,2024-06-05 11:10:43
253.39999999999998,88,4951.16,253.39999999999998,7.837,149,192,7.837,2024-06-05 11:10:44
253.79999999999995,85,4959.24,253.79999999999995,8.073,137,226,8.073,2024-06-05 11:10:45
256.0,90,4967.06,256.0,7.825,145,205,7.825,2024-06-05 11:10:46
256.0,93,4975.03,256.0,7.972,143,214,7.972,2024-06-05 11:10:47
254.0,84,4983.89,254.0,8.854,147,219,8.854,2024-06-05 11:10:48
255.39999999999998,86,4991.3,255.39999999999998,7.412,148,221,7.412,2024-06-05 11:10:49
254.39999999999998,98,4999.52,254.39999999999998,8.227,144,204,8.227,2024-06-05 11:10:50
256.6,93,5008.76,256.6,9.232,148,235,9.232,2024-06-05 11:10:51
252.79999999999995,97,5016.45,252.79999999999995,7.692,156,215,7.692,2024-06-05 11:10:52
254.39999999999998,91,5024.82,254.39999999999998,8.368,159,190,8.368,2024-06-05 11:10:53
255.20000000000005,95,5032.5,255.20000000000005,7.684,149,245,7.684,2024-06-05 11:10:54
255.60000000000002,83,5040.65,255.60000000000002,8.148,156,210,8.148,2024-06-05 11:10:55
255.79999999999995,92,5048.0,255.79999999999995,7.352,140,171,7.352,2024-06-05 11:10:56
257.6,85,5056.08,257.6,8.074,140,204,8.074,2024-06-05 11:10:57
257.79999999999995,90,5063.38,257.79999999999995,7.302,164,211,7.302,2024-06-05 11:10:58
251.20000000000005,92,5071.96,251.20000000000005,8.582,152,222,8.582,2024-06-05 11:10:59
256.79999999999995,85,5079.75,256.79999999999995,7.79,167,232,7.79,2024-06-05 11:11:00
255.0,84,5087.61,255.0,7.865,164,240,7.865,2024-06-05 11:11:01
254.0,95,5095.54,254.0,7.926,138,230,7.926,2024-06-05 11:11:02
259.6,90,5103.74,259.6,8.198,131,236,8.198,2024-06-05 11:11:03
251.60000000000002,91,5112.21,251.60000000000002,8.472,148,246,8.472,2024-06-05 11:11:04
259.20000000000005,83,5119.9,259.20000000000005,7.687,147,178,7.687,2024-06-05 11:11:05
251.79999999999995,96,5128.87,251.79999999999995,8.976,150,226,8.976,2024-06-05 11:11:06
257.0,95,5137.19,257.0,8.314,161,243,8.314,2024-06-05 11:11:07
258.20000000000005,91,5145.24,258.20000000000005,8.051,164,230,8.051,2024-06-05 11:11:08
255.39999999999998,82,5153.29,255.39999999999998,8.053,154,243,8.053,2024-06-05 11:11:09
254.39999999999998,94,5160.95,254.39999999999998,7.658,154,233,7.658,2024-06-05 11:11:10
257.0,85,5169.14,257.0,8.188,154,216,8.188,2024-06-05 11:11:11
257.0,87,5177.52,257.0,8.386,151,185,8.386,2024-06-05 11:11:12
253.39999999999998,96,5185.59,253.39999999999998,8.07,149,249,8.07,2024-06-05 11:11:13
256.4,96,5192.73,256.4,7.142,142,234,7.142,2024-06-05 11:11:14
254.0,91,5200.92,254.0,8.185,152,200,8.185,2024-06-05 11:11:15
256.20000000000005,91,5208.47,256.20000000000005,7.549,150,231,7.549,2024-06-05 11:11:16
255.60000000000002,93,5216.65,255.60000000000002,8.178,157,246,8.178,2024-06-05 11:11:17
256.0,90,5224.41,256.0,7.759,147,242,7.759,2024-06-05 11:11:18
256.20000000000005,79,5232.2,256.20000000000005,7.794,133,207,7.794,2024-06-05 11:11:19
256.79999999999995,91,5240.05,256.79999999999995,7.852,151,238,7.852,2024-06-05 11:11:20
258.20000000000005,80,5247.77,258.20000000000005,7.72,146,211,7.72,2024-06-05 11:11:21
255.79999999999995,92,5255.52,255.79999999999995,7.751,166,198,7.751,2024-06-05 11:11:22
255.79999999999995,93,5262.85,255.79999999999995,7.333,154,223,7.333,2024-06-05 11:11:23
256.6,82,5270.5,256.6,7.65,156,186,7.65,2024-06-05 11:11:24
253.60000000000002,87,5278.48,253.60000000000002,7.972,152,206,7.972,2024-06-05 11:11:25
258.20000000000005,93,5285.94,258.20000000000005,7.463,139,193,7.463,2024-06-05 11:11:26
256.0,84,5294.38,256.0,8.442,163,248,8.442,2024-06-05 11:11:27
251.20000000000005,93,5302.63,251.20000000000005,8.245,162,222,8.245,2024-06-05 11:11:28
252.0,92,5311.01,252.0,8.387,141,264,8.387,2024-06-05 11:11:29
256.0,89,5318.91,256.0,7.891,138,220,7.891,2024-06-05 11:11:30
255.20000000000005,96,5326.91,255.20000000000005,7.999,141,236,7.999,2024-06-05 11:11:31
256.79999999999995,86,5335.58,256.79999999999995,8.676,146,248,8.676,2024-06-05 11:11:32
250.60000000000002,95,5342.66,250.60000000000002,7.074,140,212,7.074,2024-06-05 11:11:33
255.79999999999995,95,5350.71,255.79999999999995,8.051,169,213,8.051,2024-06-05 11:11:34
253.60000000000002,97,5358.24,253.60000000000002,7.534,168,213,7.534,2024-06-05 11:11:35
255.0,92,5364.99,255.0,6.754,118,204,6.754,2024-06-05 11:11:36
255.20000000000005,99,5372.58,255.20000000000005,7.589,155,183,7.589,2024-06-05 11:11:37
253.0,86,5380.69,253.0,8.106,140,192,8.106,2024-06-05 11:11:38
258.79999999999995,86,5389.04,258.79999999999995,8.347,146,235,8.347,2024-06-05 11:11:39
255.39999999999998,96,5397.29,255.39999999999998,8.257,169,223,8.257,2024-06-05 11:11:40
254.79999999999995,90,5405.35,254.79999999999995,8.057,153,208,8.057,2024-06-05 11:11:41
256.0,86,5413.08,256.0,7.733,155,196,7.733,2024-06-05 11:11:42
256.79999999999995,97,5421.34,256.79999999999995,8.257,181,195,8.257,2024-06-05 11:11:43
253.79999999999995,88,5430.53,253.79999999999995,9.185,155,211,9.185,2024-06-05 11:11:44
257.0,94,5438.4,257.0,7.875,152,214,7.875,2024-06-05 11:11:45
253.60000000000002,95,5446.27,253.60000000000002,7.871,156,214,7.871,2024-06-05 11:11:46
250.79999999999995,91,5453.94,250.79999999999995,7.671,162,214,7.671,2024-06-05 11:11:47
253.79999999999995,88,5461.79,253.79999999999995,7.847,143,187,7.847,2024-06-05 11:11:48
251.39999999999998,89,5469.63,251.39999999999998,7.843,161,199,7.843,2024-06-05 11:11:49
252.39999999999998,87,5477.89,252.39999999999998,8.258,152,222,8.258,2024-06-05 11:11:50
254.20000000000005,93,5484.94,254.20000000000005,7.053,157,220,7.053,2024-06-05 11:11:51
255.20000000000005,92,5493.44,255.20000000000005,8.493,148,207,8.493,2024-06-05 11:11:52
255.0,84,5501.57,255.0,8.134,148,215,8.134,2024-06-05 11:11:53
254.79999999999995,88,5509.92,254.79999999999995,8.347,152,241,8.347,2024-06-05 11:11:54
255.79999999999995,87,5517.76,255.79999999999995,7.841,146,236,7.841,2024-06-05 11:11:55
256.6,89,5526.18,256.6,8.426,143,189,8.426,2024-06-05 11:11:56
254.20000000000005,84,5533.86,254.20000000000005,7.681,161,192,7.681,2024-06-05 11:11:57
253.79999999999995,89,5540.97,253.79999999999995,7.104,154,217,7.104,2024-06-05 11:11:58
257.6,94,5548.43,257.6,7.463,147,238,7.463,2024-06-05 11:11:59
251.0,94,5556.5,251.0,8.068,135,219,8.068,2024-06-05 11:12:00
251.20000000000005,89,5564.0,251.20000000000005,7.503,136,247,7.503,2024-06-05 11:12:01
255.79999999999995,79,5571.45,255.79999999999995,7.449,152,197,7.449,2024-06-05 11:12:02
252.39999999999998,92,5578.75,252.39999999999998,7.298,157,192,7.298,2024-06-05 11:12:03
256.4,82,5586.88,256.4,8.127,141,238,8.127,2024-06-05 11:12:04
253.39999999999998,96,5594.9,253.39999999999998,8.027,158,228,8.027,2024-06-05 11:12:05
254.60000000000002,90,5603.0,254.60000000000002,8.096,144,204,8.096,2024-06-05 11:12:06
254.79999999999995,86,5610.89,254.79999999999995,7.886,154,232,7.886,2024-06-05 11:12:07
256.79999999999995,101,5619.91,256.79999999999995,9.027,148,206,9.027,2024-06-05 11:12:08
256.4,88,5628.08,256.4,8.172,158,223,8.172,2024-06-05 11:12:09
258.0,92,5635.63,258.0,7.544,130,217,7.544,2024-06-05 11:12:10
255.20000000000005,91,5644.02,255.20000000000005,8.389,159,176,8.389,2024-06-05 11:12:11
250.79999999999995,93,5652.72,250.79999999999995,8.7,161,189,8.7,2024-06-05 11:12:12
257.20000000000005,83,5660.43,257.20000000000005,7.713,151,185,7.713,2024-06-05 11:12:13
257.0,92,5668.45,257.0,8.022,148,238,8.022,2024-06-05 11:12:14
256.20000000000005,85,5677.12,256.20000000000005,8.666,140,200,8.666,2024-06-05 11:12:15
253.20000000000005,95,5684.98,253.20000000000005,7.863,125,184,7.863,2024-06-05 11:12:16
255.20000000000005,88,5692.68,255.20000000000005,7.696,158,168,7.696,2024-06-05 11:12:17
256.20000000000005,101,5701.04,256.20000000000005,8.364,144,174,8.364,2024-06-05 11:12:18
255.60000000000002,97,5708.04,255.60000000000002,6.998,138,253,6.998,2024-06-05 11:12:19
253.0,98,5716.08,253.0,8.043,138,195,8.043,2024-06-05 11:12:20
254.79999999999995,87,5724.6,254.79999999999995,8.52,164,212,8.52,2024-06-05 11:12:21
254.60000000000002,85,5732.13,254.60000000000002,7.531,151,221,7.531,2024-06-05 11:12:22
252.60000000000002,84,5739.51,252.60000000000002,7.377,139,229,7.377,2024-06-05 11:12:23
256.4,90,5747.96,256.4,8.451,152,197,8.451,2024-06-05 11:12:24
252.20000000000005,95,5755.54,252.20000000000005,7.582,149,263,7.582,2024-06-05 11:12:25
252.39999999999998,91,5763.24,252.39999999999998,7.695,150,206,7.695,2024-06-05 11:12:26
256.6,87,5771.01,256.6,7.769,146,240,7.769,2024-06-05 11:12:27
251.20000000000005,88,5778.92,251.20000000000005,7.918,165,257,7.918,2024-06-05 11:12:28
256.79999999999995,101,5786.4,256.79999999999995,7.476,134,221,7.476,2024-06-05 11:12:29
253.60000000000002,94,5793.9,253.60000000000002,7.501,149,241,7.501,2024-06-05 11:12:30
253.39999999999998,94,5801.28,253.39999999999998,7.374,152,197,7.374,2024-06-05 11:12:31
256.6,94,5809.33,256.6,8.05,170,216,8.05,2024-06-05 11:12:32
256.6,85,5817.47,256.6,8.142,149,212,8.142,2024-06-05 11:12:33
253.60000000000002,91,5824.99,253.60000000000002,7.523,152,204,7.523,2024-06-05 11:12:34
255.20000000000005,88,5831.58,255.20000000000005,6.593,146,209,6.593,2024-06-05 11:12:35
255.79999999999995,89,5839.72,255.79999999999995,8.139,160,192,8.139,2024-06-05 11:12:36
252.0,87,5847.66,252.0,7.938,158,240,7.938,2024-06-05 11:12:37
254.20000000000005,89,5855.63,254.20000000000005,7.97,133,215,7.97,2024-06-05 11:12:38
259.4,96,5862.79,259.4,7.164,145,225,7.164,2024-06-05 11:12:39
255.79999999999995,93,5870.58,255.79999999999995,7.784,156,242,7.784,2024-06-05 11:12:40
253.0,94,5877.82,253.0,7.243,149,238,7.243,2024-06-05 11:12:41
252.39999999999998,90,5886.37,252.39999999999998,8.547,157,231,8.547,2024-06-05 11:12:42
257.4,91,5893.76,257.4,7.398,159,239,7.398,2024-06-05 11:12:43
252.39999999999998,89,5901.53,252.39999999999998,7.77,154,208,7.77,2024-06-05 11:12:44
254.20000000000005,89,5910.34,254.20000000000005,8.807,168,237,8.807,2024-06-05 11:12:45
256.4,89,5918.28,256.4,7.934,164,204,7.934,2024-06-05 11:12:46
256.6,91,5925.98,256.6,7.704,168,204,7.704,2024-06-05 11:12:47
256.6,95,5934.0,256.6,8.023,154,231,8.023,2024-06-05 11:12:48
253.20000000000005,91,5942.71,253.20000000000005,8.709,154,228,8.709,2024-06-05 11:12:49
254.79999999999995,89,5950.85,254.79999999999995,8.137,161,228,8.137,2024-06-05 11:12:50
255.79999999999995,90,5959.68,255.79999999999995,8.835,142,194,8.835,2024-06-05 11:12:51
253.39999999999998,97,5967.74,253.39999999999998,8.06,134,174,8.06,2024-06-05 11:12:52
257.0,96,5974.97,257.0,7.226,158,230,7.226,2024-06-05 11:12:53
252.39999999999998,96,5983.34,252.39999999999998,8.374,154,211,8.374,2024-06-05 11:12:54
257.0,91,5991.99,257.0,8.644,140,233,8.644,2024-06-05 11:12:55
255.0,89,6000.16,255.0,8.174,173,192,8.174,2024-06-05 11:12:56
254.0,97,6008.55,254.0,8.385,151,213,8.385,2024-06-05 11:12:57
257.0,94,6016.17,257.0,7.624,158,189,7.624,2024-06-05 11:12:58
257.79999999999995,92,6023.46,257.79999999999995,7.29,131,222,7.29,2024-06-05 11:12:59
255.79999999999995,90,6031.77,255.79999999999995,8.315,147,260,8.315,2024-06-05 11:13:00
253.0,87,6039.54,253.0,7.765,128,227,7.765,2024-06-05 11:13:01
254.20000000000005,94,6047.66,254.20000000000005,8.125,152,214,8.125,2024-06-05 11:13:02
258.4,88,6056.24,258.4,8.58,141,214,8.58,2024-06-05 11:13:03
255.60000000000002,86,6064.03,255.60000000000002,7.781,154,238,7.781,2024-06-05 11:13:04
257.20000000000005,95,6072.75,257.20000000000005,8.727,159,240,8.727,2024-06-05 11:13:05
255.60000000000002,84,6080.76,255.60000000000002,8.004,136,225,8.004,2024-06-05 11:13:06
255.60000000000002,92,6088.86,255.60000000000002,8.105,120,244,8.105,2024-06-05 11:13:07
256.20000000000005,95,6096.43,256.20000000000005,7.57,150,249,7.57,2024-06-05 11:13:08
257.79999999999995,96,6103.9,257.79999999999995,7.467,151,231,7.467,2024-06-05 11:13:09
254.60000000000002,91,6112.3,254.60000000000002,8.397,152,209,8.397,2024-06-05 11:13:10
257.4,90,6120.73,257.4,8.435,167,228,8.435,2024-06-05 11:13:11
257.6,90,6128.84,257.6,8.11,153,229,8.11,2024-06-05 11:13:12
251.0,87,6137.31,251.0,8.471,133,185,8.471,2024-06-05 11:13:13
251.20000000000005,88,6146.02,251.20000000000005,8.704,140,215,8.704,2024-06-05 11:13:14
253.79999999999995,91,6154.7,253.79999999999995,8.682,157,221,8.682,2024-06-05 11:13:15
251.79999999999995,91,6161.55,251.79999999999995,6.854,169,272,6.854,2024-06-05 11:13:16
253.79999999999995,86,6168.73,253.79999999999995,7.174,153,240,7.174,2024-06-05 11:13:17
256.79999999999995,88,6176.91,256.79999999999995,8.186,145,210,8.186,2024-06-05 11:13:18
254.0,81,6184.95,254.0,8.04,168,220,8.04,2024-06-05 11:13:19
255.60000000000002,94,6191.9,255.60000000000002,6.947,151,227,6.947,2024-06-05 11:13:20
253.39999999999998,84,6199.69,253.39999999999998,7.793,153,240,7.793,2024-06-05 11:13:21
253.0,82,6207.95,253.0,8.259,157,214,8.259,2024-06-05 11:13:22
253.39999999999998,85,6215.51,253.39999999999998,7.561,139,228,7.561,2024-06-05 11:13:23
258.6,86,6224.42,258.6,8.91,151,248,8.91,2024-06-05 11:13:24
255.39999999999998,92,6232.75,255.39999999999998,8.33,141,238,8.33,2024-06-05 11:13:25
252.39999999999998,89,6240.61,252.39999999999998,7.862,155,250,7.862,2024-06-05 11:13:26
259.6,88,6249.04,259.6,8.429,157,214,8.429,2024-06-05 11:13:27
253.79999999999995,95,6257.33,253.79999999999995,8.293,178,215,8.293,2024-06-05 11:13:28
253.39999999999998,93,6264.73,253.39999999999998,7.394,131,210,7.394,2024-06-05 11:13:29
254.20000000000005,89,6273.21,254.20000000000005,8.481,142,219,8.481,2024-06-05 11:13:30
256.20000000000005,89,6281.6,256.20000000000005,8.39,146,242,8.39,2024-06-05 11:13:31
255.39999999999998,80,6289.74,255.39999999999998,8.144,165,220,8.144,2024-06-05 11:13:32
250.60000000000002,98,6297.99,250.60000000000002,8.25,144,215,8.25,2024-06-05 11:13:33
253.79999999999995,87,6306.13,253.79999999999995,8.133,137,221,8.133,2024-06-05 11:13:34
250.60000000000002,96,6313.78,250.60000000000002,7.657,147,224,7.657,2024-06-05 11:13:35
256.4,96,6321.45,256.4,7.664,152,219,7.664,2024-06-05 11:13:36
252.39999999999998,85,6329.66,252.39999999999998,8.209,151,157,8.209,2024-06-05 11:13:37
255.39999999999998,87,6338.16,255.39999999999998,8.504,139,205,8.504,2024-06-05 11:13:38
255.20000000000005,93,6345.94,255.20000000000005,7.778,147,190,7.778,2024-06-05 11:13:39
252.60000000000002,86,6354.05,252.60000000000002,8.106,145,229,8.106,2024-06-05 11:13:40
258.20000000000005,84,6361.47,258.20000000000005,7.425,141,215,7.425,2024-06-05 11:13:41
257.0,86,6369.2,257.0,7.735,146,266,7.735,2024-06-05 11:13:42
257.4,93,6377.08,257.4,7.874,145,228,7.874,2024-06-05 11:13:43
256.0,91,6384.82,256.0,7.74,155,239,7.74,2024-06-05 11:13:44
254.39999999999998,85,6392.82,254.39999999999998,7.999,155,214,7.999,2024-06-05 11:13:45
255.39999999999998,81,6400.12,255.39999999999998,7.3,155,214,7.3,2024-06-05 11:13:46
253.20000000000005,95,6408.02,253.20000000000005,7.906,137,218,7.906,2024-06-05 11:13:47
255.39999999999998,99,6416.31,255.39999999999998,8.287,150,200,8.287,2024-06-05 11:13:48
253.60000000000002,84,6423.75,253.60000000000002,7.442,140,232,7.442,2024-06-05 11:13:49
254.60000000000002,88,6431.72,254.60000000000002,7.967,148,229,7.967,2024-06-05 11:13:50
258.20000000000005,88,6439.99,258.20000000000005,8.269,143,199,8.269,2024-06-05 11:13:51
256.0,77,6447.27,256.0,7.285,163,224,7.285,2024-06-05 11:13:52
256.4,86,6455.21,256.4,7.94,149,212,7.94,2024-06-05 11:13:53
256.0,91,6463.74,256.0,8.53,145,205,8.53,2024-06-05 11:13:54
253.60000000000002,92,6471.52,253.60000000000002,7.781,150,245,7.781,2024-06-05 11:13:55
254.0,81,6479.23,254.0,7.703,140,242,7.703,2024-06-05 11:13:56
254.39999999999998,85,6487.71,254.39999999999998,8.485,149,224,8.485,2024-06-05 11:13:57
254.39999999999998,80,6496.47,254.39999999999998,8.756,138,212,8.756,2024-06-05 11:13:58
255.79999999999995,84,6503.79,255.79999999999995,7.323,164,217,7.323,2024-06-05 11:13:59
257.4,88,6511.16,257.4,7.364,143,203,7.364,2024-06-05 11:14:00
250.79999999999995,88,6519.12,250.79999999999995,7.961,157,230,7.961,2024-06-05 11:14:01
259.0,97,6527.37,259.0,8.251,162,205,8.251,2024-06-05 11:14:02
257.79999999999995,88,6535.76,257.79999999999995,8.394,136,241,8.394,2024-06-05 11:14:03
257.79999999999995,90,6544.42,257.79999999999995,8.66,139,220,8.66,2024-06-05 11:14:04
252.20000000000005,83,6553.38,252.20000000000005,8.961,158,137,8.961,2024-06-05 11:14:05
256.20000000000005,89,6561.14,256.20000000000005,7.76,142,225,7.76,2024-06-05 11:14:06
255.0,96,6568.52,255.0,7.371,155,228,7.371,2024-06-05 11:14:07
255.0,86,6577.26,255.0,8.745,164,224,8.745,2024-06-05 11:14:08
252.60000000000002,91,6584.62,252.60000000000002,7.358,137,212,7.358,2024-06-05 11:14:09
257.79999999999995,88,6593.3,257.79999999999995,8.682,151,234,8.682,2024-06-05 11:14:10
257.6,93,6601.4,257.6,8.1,158,215,8.1,2024-06-05 11:14:11
254.20000000000005,88,6609.37,254.20000000000005,7.968,161,188,7.968,2024-06-05 11:14:12
257.20000000000005,101,6617.3,257.20000000000005,7.935,159,219,7.935,2024-06-05 11:14:13
254.20000000000005,94,6625.19,254.20000000000005,7.884,155,255,7.884,2024-06-05 11:14:14
251.60000000000002,95,6633.3,251.60000000000002,8.116,141,256,8.116,2024-06-05 11:14:15
253.20000000000005,93,6641.25,253.20000000000005,7.944,156,195,7.944,2024-06-05 11:14:16
255.0,90,6649.51,255.0,8.265,147,210,8.265,2024-06-05 11:14:17
257.20000000000005,82,6658.26,257.20000000000005,8.747,153,209,8.747,2024-06-05 11:14:18
258.79999999999995,80,6666.28,258.79999999999995,8.02,165,205,8.02,2024-06-05 11:14:19
255.0,91,6673.83,255.0,7.547,150,269,7.547,2024-06-05 11:14:20
256.20000000000005,91,6681.31,256.20000000000005,7.479,155,219,7.479,2024-06-05 11:14:21
255.79999999999995,87,6689.24,255.79999999999995,7.931,143,260,7.931,2024-06-05 11:14:22
258.79999999999995,89,6696.86,258.79999999999995,7.627,139,207,7.627,2024-06-05 11:14:23
252.79999999999995,79,6704.84,252.79999999999995,7.972,157,203,7.972,2024-06-05 11:14:24
255.39999999999998,93,6711.95,255.39999999999998,7.116,142,220,7.116,2024-06-05 11:14:25
254.0,88,6719.72,254.0,7.768,160,229,7.768,2024-06-05 11:14:26
252.20000000000005,88,6728.42,252.20000000000005,8.702,141,250,8.702,2024-06-05 11:14:27
254.79999999999995,93,6736.17,254.79999999999995,7.745,133,227,7.745,2024-06-05 11:14:28
253.79999999999995,87,6743.92,253.79999999999995,7.754,149,200,7.754,2024-06-05 11:14:29
254.79999999999995,93,6751.22,254.79999999999995,7.304,139,219,7.304,2024-06-05 11:14:30
259.6,83,6757.74,259.6,6.52,136,197,6.52,2024-06-05 11:14:31
258.6,81,6764.53,258.6,6.783,130,197,6.783,2024-06-05 11:14:32
261.0,87,6771.92,261.0,7.395,133,186,7.395,2024-06-05 11:14:33
263.20000000000005,87,6778.26,263.20000000000005,6.342,139,195,6.342,2024-06-05 11:14:34
262.0,85,6784.39,262.0,6.127,119,196,6.127,2024-06-05 11:14:35
258.79999999999995,82,6790.78,258.79999999999995,6.386,131,191,6.386,2024-06-05 11:14:36
261.0,83,6798.11,261.0,7.334,135,205,7.334,2024-06-05 11:14:37
255.60000000000002,83,6805.05,255.60000000000002,6.935,141,179,6.935,2024-06-05 11:14:38
260.6,80,6811.37,260.6,6.328,127,164,6.328,2024-06-05 11:14:39
260.20000000000005,89,6818.3,260.20000000000005,6.927,150,146,6.927,2024-06-05 11:14:40
259.20000000000005,77,6824.74,259.20000000000005,6.434,121,176,6.434,2024-06-05 11:14:41
259.6,81,6831.44,259.6,6.707,111,183,6.707,2024-06-05 11:14:42
259.20000000000005,84,6838.4,259.20000000000005,6.958,129,196,6.958,2024-06-05 11:14:43
259.79999999999995,87,6844.29,259.79999999999995,5.892,113,188,5.892,2024-06-05 11:14:44
263.79999999999995,83,6850.36,263.79999999999995,6.067,112,170,6.067,2024-06-05 11:14:45
258.6,79,6857.08,258.6,6.722,132,157,6.722,2024-06-05 11:14:46
258.79999999999995,82,6863.4,258.79999999999995,6.323,132,173,6.323,2024-06-05 11:14:47
258.79999999999995,85,6869.85,258.79999999999995,6.447,132,163,6.447,2024-06-05 11:14:48
259.0,90,6876.04,259.0,6.193,131,206,6.193,2024-06-05 11:14:49
260.20000000000005,76,6882.25,260.20000000000005,6.2,122,218,6.2,2024-06-05 11:14:50
259.6,81,6888.77,259.6,6.52,125,181,6.52,2024-06-05 11:14:51
260.6,69,6894.54,260.6,5.771,152,173,5.771,2024-06-05 11:14:52
260.20000000000005,77,6900.94,260.20000000000005,6.407,123,168,6.407,2024-06-05 11:14:53
255.39999999999998,81,6907.98,255.39999999999998,7.039,150,180,7.039,2024-06-05 11:14:54
258.20000000000005,77,6914.38,258.20000000000005,6.398,115,199,6.398,2024-06-05 11:14:55
260.20000000000005,77,6920.55,260.20000000000005,6.17,122,191,6.17,2024-06-05 11:14:56
259.6,85,6926.84,259.6,6.286,136,193,6.286,2024-06-05 11:14:57
259.4,84,6933.28,259.4,6.443,137,186,6.443,2024-06-05 11:14:58
260.6,81,6939.91,260.6,6.628,143,188,6.628,2024-06-05 11:14:59
262.0,79,6946.66,262.0,6.754,134,168,6.754,2024-06-05 11:15:00
261.4,73,6952.88,261.4,6.223,128,176,6.223,2024-06-05 11:15:01
262.4,81,6959.26,262.4,6.381,123,202,6.381,2024-06-05 11:15:02
260.6,74,6966.04,260.6,6.78,136,169,6.78,2024-06-05 11:15:03
259.79999999999995,78,6972.5,259.79999999999995,6.461,130,172,6.461,2024-06-05 11:15:04
261.20000000000005,85,6978.67,261.20000000000005,6.165,136,179,6.165,2024-06-05 11:15:05
260.6,80,6984.63,260.6,5.965,132,156,5.965,2024-06-05 11:15:06
262.20000000000005,79,6990.51,262.20000000000005,5.874,143,165,5.874,2024-06-05 11:15:07
261.0,74,6997.18,261.0,6.67,109,202,6.67,2024-06-05 11:15:08
257.79999999999995,79,7003.46,257.79999999999995,6.281,126,179,6.281,2024-06-05 11:15:09
259.6,78,7010.21,259.6,6.75,135,173,6.75,2024-06-05 11:15:10
257.0,85,7016.09,257.0,5.876,126,230,5.876,2024-06-05 11:15:11
259.4,80,7023.34,259.4,7.251,129,211,7.251,2024-06-05 11:15:12
262.79999999999995,80,7029.19,262.79999999999995,5.858,128,207,5.858,2024-06-05 11:15:13
257.0,78,7035.46,257.0,6.266,121,173,6.266,2024-06-05 11:15:14
263.20000000000005,67,7042.21,263.20000000000005,6.745,115,174,6.745,2024-06-05 11:15:15
258.6,86,7048.91,258.6,6.706,120,155,6.706,2024-06-05 11:15:16
257.79999999999995,73,7056.14,257.79999999999995,7.225,138,160,7.225,2024-06-05 11:15:17
262.20000000000005,81,7062.65,262.20000000000005,6.508,124,165,6.508,2024-06-05 11:15:18
259.79999999999995,85,7069.6,259.79999999999995,6.954,117,179,6.954,2024-06-05 11:15:19
262.4,77,7075.63,262.4,6.035,135,174,6.035,2024-06-05 11:15:20
261.0,83,7082.39,261.0,6.754,137,202,6.754,2024-06-05 11:15:21
259.0,78,7089.15,259.0,6.758,115,179,6.758,2024-06-05 11:15:22
261.0,71,7095.05,261.0,5.909,139,204,5.909,2024-06-05 11:15:23
260.79999999999995,77,7101.01,260.79999999999995,5.958,130,172,5.958,2024-06-05 11:15:24
259.4,82,7108.54,259.4,7.527,138,188,7.527,2024-06-05 11:15:25
261.79999999999995,84,7114.82,261.79999999999995,6.281,123,173,6.281,2024-06-05 11:15:26
259.79999999999995,78,7121.39,259.79999999999995,6.572,128,176,6.572,2024-06-05 11:15:27
258.79999999999995,71,7127.06,258.79999999999995,5.669,140,187,5.669,2024-06-05 11:15:28
262.0,74,7132.87,262.0,5.812,133,219,5.812,2024-06-05 11:15:29
261.20000000000005,79,7139.43,261.20000000000005,6.558,128,212,6.558,2024-06-05 11:15:30
258.4,75,7145.67,258.4,6.243,132,190,6.243,2024-06-05 11:15:31
257.6,88,7153.17,257.6,7.492,132,159,7.492,2024-06-05 11:15:32
260.0,77,7159.15,260.0,5.982,92,196,5.982,2024-06-05 11:15:33
260.79999999999995,91,7165.79,260.79999999999995,6.643,125,197,6.643,2024-06-05 11:15:34
262.4,72,7171.82,262.4,6.028,121,205,6.028,2024-06-05 11:15:35
258.79999999999995,78,7178.42,258.79999999999995,6.598,142,159,6.598,2024-06-05 11:15:36
261.79999999999995,78,7185.12,261.79999999999995,6.701,140,167,6.701,2024-06-05 11:15:37
262.4,85,7191.82,262.4,6.701,142,180,6.701,2024-06-05 11:15:38
258.79999999999995,73,7198.09,258.79999999999995,6.269,133,189,6.269,2024-06-05 11:15:39
261.0,74,7205.08,261.0,6.993,130,188,6.993,2024-06-05 11:15:40
260.6,83,7211.72,260.6,6.642,148,151,6.642,2024-06-05 11:15:41
260.20000000000005,77,7218.58,260.20000000000005,6.86,127,178,6.86,2024-06-05 11:15:42
261.79999999999995,80,7225.62,261.79999999999995,7.035,129,156,7.035,2024-06-05 11:15:43
259.79999999999995,74,7231.72,259.79999999999995,6.105,118,182,6.105,2024-06-05 11:15:44
260.6,73,7238.2,260.6,6.48,123,169,6.48,2024-06-05 11:15:45
259.79999999999995,84,7244.15,259.79999999999995,5.945,123,203,5.945,2024-06-05 11:15:46
258.4,84,7251.1,258.4,6.954,133,150,6.954,2024-06-05 11:15:47
259.0,83,7257.12,259.0,6.014,125,182,6.014,2024-06-05 11:15:48
256.79999999999995,79,7263.26,256.79999999999995,6.142,126,177,6.142,2024-06-05 11:15:49
264.79999999999995,73,7269.68,264.79999999999995,6.418,121,183,6.418,2024-06-05 11:15:50
262.20000000000005,77,7275.41,262.20000000000005,5.74,127,212,5.74,2024-06-05 11:15:51
260.20000000000005,83,7281.99,260.20000000000005,6.574,128,189,6.574,2024-06-05 11:15:52
257.6,82,7288.15,257.6,6.163,124,190,6.163,2024-06-05 11:15:53
258.79999999999995,84,7294.35,258.79999999999995,6.203,139,189,6.203,2024-06-05 11:15:54
257.0,89,7300.82,257.0,6.464,135,174,6.464,2024-06-05 11:15:55
258.0,83,7307.02,258.0,6.197,131,198,6.197,2024-06-05 11:15:56
262.79999999999995,84,7313.53,262.79999999999995,6.513,117,174,6.513,2024-06-05 11:15:57
262.4,86,7320.07,262.4,6.543,106,194,6.543,2024-06-05 11:15:58
264.20000000000005,76,7326.17,264.20000000000005,6.097,126,141,6.097,2024-06-05 11:15:59
258.20000000000005,82,7332.28,258.20000000000005,6.114,131,167,6.114,2024-06-05 11:16:00
264.0,88,7338.98,264.0,6.696,143,173,6.696,2024-06-05 11:16:01
258.4,79,7345.48,258.4,6.5,133,220,6.5,2024-06-05 11:16:02
257.6,79,7351.62,257.6,6.144,119,151,6.144,2024-06-05 11:16:03
259.6,79,7357.98,259.6,6.36,127,179,6.36,2024-06-05 11:16:04
261.0,74,7364.36,261.0,6.372,138,184,6.372,2024-06-05 11:16:05
259.79999999999995,79,7369.62,259.79999999999995,5.262,131,177,5.262,2024-06-05 11:16:06
258.79999999999995,73,7375.95,258.79999999999995,6.332,131,180,6.332,2024-06-05 11:16:07
262.79999999999995,85,7382.67,262.79999999999995,6.724,129,173,6.724,2024-06-05 11:16:08
259.6,83,7389.5,259.6,6.821,124,161,6.821,2024-06-05 11:16:09
265.20000000000005,69,7395.79,265.20000000000005,6.293,142,140,6.293,2024-06-05 11:16:10
261.0,73,7402.27,261.0,6.484,120,201,6.484,2024-06-05 11:16:11
255.60000000000002,79,7409.0,255.60000000000002,6.723,131,214,6.723,2024-06-05 11:16:12
261.79999999999995,77,7415.18,261.79999999999995,6.187,149,193,6.187,2024-06-05 11:16:13
263.20000000000005,77,7421.76,263.20000000000005,6.582,126,175,6.582,2024-06-05 11:16:14
258.20000000000005,74,7427.72,258.20000000000005,5.96,122,188,5.96,2024-06-05 11:16:15
260.6,78,7433.86,260.6,6.132,139,133,6.132,2024-06-05 11:16:16
262.0,75,7440.49,262.0,6.63,126,189,6.63,2024-06-05 11:16:17
258.0,73,7447.32,258.0,6.838,137,178,6.838,2024-06-05 11:16:18
259.20000000000005,82,7454.27,259.20000000000005,6.948,131,180,6.948,2024-06-05 11:16:19
259.20000000000005,87,7460.87,259.20000000000005,6.602,120,184,6.602,2024-06-05 11:16:20
259.20000000000005,88,7467.32,259.20000000000005,6.45,137,209,6.45,2024-06-05 11:16:21
257.79999999999995,81,7473.64,257.79999999999995,6.317,116,157,6.317,2024-06-05 11:16:22
264.0,87,7480.05,264.0,6.408,131,195,6.408,2024-06-05 11:16:23
264.4,71,7485.93,264.4,5.876,133,170,5.876,2024-06-05 11:16:24
258.4,80,7492.87,258.4,6.939,129,180,6.939,2024-06-05 11:16:25
262.0,81,7499.09,262.0,6.228,151,156,6.228,2024-06-05 11:16:26
263.79999999999995,81,7504.82,263.79999999999995,5.724,146,179,5.724,2024-06-05 11:16:27
261.4,80,7510.46,261.4,5.646,133,215,5.646,2024-06-05 11:16:28
260.0,82,7517.08,260.0,6.619,130,195,6.619,2024-06-05 11:16:29
259.6,88,7523.69,259.6,6.603,134,187,6.603,2024-06-05 11:16:30
260.20000000000005,72,7531.53,260.20000000000005,7.846,126,189,7.846,2024-06-05 11:16:31
258.20000000000005,67,7537.25,258.20000000000005,5.716,127,145,5.716,2024-06-05 11:16:32
259.0,80,7543.72,259.0,6.468,125,176,6.468,2024-06-05 11:16:33
261.20000000000005,77,7549.81,261.20000000000005,6.096,135,178,6.096,2024-06-05 11:16:34
257.79999999999995,83,7556.73,257.79999999999995,6.92,144,215,6.92,2024-06-05 11:16:35
259.0,70,7563.53,259.0,6.801,133,208,6.801,2024-06-05 11:16:36
258.20000000000005,81,7570.29,258.20000000000005,6.762,120,160,6.762,2024-06-05 11:16:37
260.20000000000005,76,7576.63,260.20000000000005,6.337,125,195,6.337,2024-06-05 11:16:38
260.79999999999995,70,7582.6,260.79999999999995,5.968,121,197,5.968,2024-06-05 11:16:39
258.6,76,7589.87,258.6,7.268,115,166,7.268,2024-06-05 11:16:40
261.0,82,7596.4,261.0,6.536,134,167,6.536,2024-06-05 11:16:41
257.4,78,7602.55,257.4,6.146,138,146,6.146,2024-06-05 11:16:42
254.79999999999995,72,7608.99,254.79999999999995,6.442,112,172,6.442,2024-06-05 11:16:43
265.6,70,7615.09,265.6,6.099,131,185,6.099,2024-06-05 11:16:44
257.79999999999995,83,7621.98,257.79999999999995,6.89,118,176,6.89,2024-06-05 11:16:45
261.20000000000005,79,7628.92,261.20000000000005,6.942,124,200,6.942,2024-06-05 11:16:46
261.20000000000005,78,7636.02,261.20000000000005,7.096,139,204,7.096,2024-06-05 11:16:47
260.20000000000005,83,7642.49,260.20000000000005,6.473,124,174,6.473,2024-06-05 11:16:48
260.20000000000005,83,7649.17,260.20000000000005,6.679,124,164,6.679,2024-06-05 11:16:49
261.20000000000005,82,7655.2,261.20000000000005,6.024,107,177,6.024,2024-06-05 11:16:50
260.20000000000005,78,7661.83,260.20000000000005,6.631,158,185,6.631,2024-06-05 11:16:51
260.0,83,7668.62,260.0,6.792,111,137,6.792,2024-06-05 11:16:52
261.0,78,7675.21,261.0,6.586,119,169,6.586,2024-06-05 11:16:53
257.6,74,7681.05,257.6,5.844,120,204,5.844,2024-06-05 11:16:54
258.6,84,7687.67,258.6,6.625,116,173,6.625,2024-06-05 11:16:55
264.79999999999995,79,7693.45,264.79999999999995,5.772,124,188,5.772,2024-06-05 11:16:56
260.0,83,7700.41,260.0,6.969,138,200,6.969,2024-06-05 11:16:57
260.4,87,7705.92,260.4,5.503,129,165,5.503,2024-06-05 11:16:58
262.6,69,7711.77,262.6,5.853,145,172,5.853,2024-06-05 11:16:59
258.20000000000005,89,7718.0,258.20000000000005,6.23,131,226,6.23,2024-06-05 11:17:00
259.20000000000005,80,7724.62,259.20000000000005,6.622,130,182,6.622,2024-06-05 11:17:01
259.79999999999995,87,7731.55,259.79999999999995,6.931,136,156,6.931,2024-06-05 11:17:02
257.6,79,7737.88,257.6,6.326,128,200,6.326,2024-06-05 11:17:03
258.79999999999995,71,7743.85,258.79999999999995,5.973,142,174,5.973,2024-06-05 11:17:04
259.4,74,7749.68,259.4,5.825,129,170,5.825,2024-06-05 11:17:05
260.20000000000005,81,7756.34,260.20000000000005,6.664,131,146,6.664,2024-06-05 11:17:06
260.79999999999995,80,7762.96,260.79999999999995,6.618,156,136,6.618,2024-06-05 11:17:07
257.79999999999995,78,7769.37,257.79999999999995,6.405,133,205,6.405,2024-06-05 11:17:08
260.79999999999995,75,7775.73,260.79999999999995,6.367,128,192,6.367,2024-06-05 11:17:09
260.6,79,7782.28,260.6,6.552,135,171,6.552,2024-06-05 11:17:10
259.4,75,7789.06,259.4,6.78,122,169,6.78,2024-06-05 11:17:11
260.6,76,7796.1,260.6,7.032,118,172,7.032,2024-06-05 11:17:12
262.20000000000005,89,7803.61,262.20000000000005,7.513,117,152,7.513,2024-06-05 11:17:13
258.79999999999995,78,7810.13,258.79999999999995,6.525,123,184,6.525,2024-06-05 11:17:14
260.79999999999995,82,7817.3,260.79999999999995,7.163,129,175,7.163,2024-06-05 11:17:15
259.0,75,7823.49,259.0,6.192,126,155,6.192,2024-06-05 11:17:16
257.0,76,7830.24,257.0,6.746,128,160,6.746,2024-06-05 11:17:17
260.6,82,7837.2,260.6,6.961,141,177,6.961,2024-06-05 11:17:18
261.4,82,7843.92,261.4,6.725,132,180,6.725,2024-06-05 11:17:19
262.0,82,7851.24,262.0,7.323,134,213,7.323,2024-06-05 11:17:20
262.20000000000005,81,7857.5,262.20000000000005,6.254,129,157,6.254,2024-06-05 11:17:21
258.0,81,7864.45,258.0,6.954,122,171,6.954,2024-06-05 11:17:22
255.79999999999995,77,7871.18,255.79999999999995,6.733,140,191,6.733,2024-06-05 11:17:23
258.4,88,7878.77,258.4,7.581,118,225,7.581,2024-06-05 11:17:24
261.0,68,7885.56,261.0,6.794,132,195,6.794,2024-06-05 11:17:25
261.6,84,7892.49,261.6,6.927,138,173,6.927,2024-06-05 11:17:26
260.79999999999995,80,7899.05,260.79999999999995,6.568,145,192,6.568,2024-06-05 11:17:27
260.79999999999995,73,7905.81,260.79999999999995,6.76,133,152,6.76,2024-06-05 11:17:28
257.79999999999995,79,7912.62,257.79999999999995,6.804,143,185,6.804,2024-06-05 11:17:29
258.79999999999995,74,7918.65,258.79999999999995,6.034,121,201,6.034,2024-06-05 11:17:30
261.6,82,7926.24,261.6,7.586,143,204,7.586,2024-06-05 11:17:31
258.79999999999995,84,7932.16,258.79999999999995,5.918,126,197,5.918,2024-06-05 11:17:32
258.4,75,7938.74,258.4,6.578,116,230,6.578,2024-06-05 11:17:33
259.0,76,7945.07,259.0,6.336,116,149,6.336,2024-06-05 11:17:34
258.4,79,7951.91,258.4,6.835,115,176,6.835,2024-06-05 11:17:35
262.0,76,7959.35,262.0,7.439,132,115,7.439,2024-06-05 11:17:36
261.0,84,7966.02,261.0,6.676,141,166,6.676,2024-06-05 11:17:37
258.6,84,7972.3,258.6,6.277,131,159,6.277,2024-06-05 11:17:38
260.79999999999995,84,7978.37,260.79999999999995,6.077,126,181,6.077,2024-06-05 11:17:39
261.0,76,7985.08,261.0,6.71,129,245,6.71,2024-06-05 11:17:40
262.6,82,7991.46,262.6,6.379,119,144,6.379,2024-06-05 11:17:41
262.20000000000005,80,7997.83,262.20000000000005,6.365,120,225,6.365,2024-06-05 11:17:42
262.4,80,8004.43,262.4,6.597,137,174,6.597,2024-06-05 11:17:43
258.20000000000005,84,8010.36,258.20000000000005,5.93,135,179,5.93,2024-06-05 11:17:44
259.4,76,8017.65,259.4,7.295,125,150,7.295,2024-06-05 11:17:45
261.79999999999995,81,8024.49,261.79999999999995,6.841,124,149,6.841,2024-06-05 11:17:46
258.20000000000005,79,8031.33,258.20000000000005,6.835,118,202,6.835,2024-06-05 11:17:47
260.20000000000005,81,8037.71,260.20000000000005,6.385,134,158,6.385,2024-06-05 11:17:48
258.6,86,8044.05,258.6,6.335,149,170,6.335,2024-06-05 11:17:49
260.0,86,8050.2,260.0,6.15,136,208,6.15,2024-06-05 11:17:50
259.79999999999995,81,8056.95,259.79999999999995,6.756,118,200,6.756,2024-06-05 11:17:51
260.4,77,8063.83,260.4,6.877,115,164,6.877,2024-06-05 11:17:52
259.20000000000005,76,8069.89,259.20000000000005,6.058,129,169,6.058,2024-06-05 11:17:53
258.6,84,8076.53,258.6,6.644,138,182,6.644,2024-06-05 11:17:54
259.79999999999995,82,8082.68,259.79999999999995,6.142,126,207,6.142,2024-06-05 11:17:55
258.79999999999995,78,8088.6,258.79999999999995,5.929,129,194,5.929,2024-06-05 11:17:56
260.20000000000005,86,8095.74,260.20000000000005,7.135,114,203,7.135,2024-06-05 11:17:57
260.4,79,8102.94,260.4,7.2,132,199,7.2,2024-06-05 11:17:58
258.79999999999995,84,8109.67,258.79999999999995,6.726,117,167,6.726,2024-06-05 11:17:59
259.0,81,8116.38,259.0,6.715,124,154,6.715,2024-06-05 11:18:00
260.20000000000005,72,8122.42,260.20000000000005,6.036,141,158,6.036,2024-06-05 11:18:01
261.0,75,8128.31,261.0,5.896,115,212,5.896,2024-06-05 11:18:02
260.4,72,8135.16,260.4,6.851,126,156,6.851,2024-06-05 11:18:03
260.6,85,8141.82,260.6,6.656,130,139,6.656,2024-06-05 11:18:04
262.79999999999995,72,8148.09,262.79999999999995,6.266,139,137,6.266,2024-06-05 11:18:05
258.79999999999995,71,8154.88,258.79999999999995,6.792,128,176,6.792,2024-06-05 11:18:06
259.0,76,8161.03,259.0,6.156,127,152,6.156,2024-06-05 11:18:07
257.79999999999995,70,8167.46,257.79999999999995,6.428,150,212,6.428,2024-06-05 11:18:08
261.4,80,8174.58,261.4,7.116,148,153,7.116,2024-06-05 11:18:09
262.20000000000005,83,8181.71,262.20000000000005,7.134,110,216,7.134,2024-06-05 11:18:10
261.20000000000005,80,8188.17,261.20000000000005,6.457,136,161,6.457,2024-06-05 11:18:11
260.0,80,8194.73,260.0,6.556,135,151,6.556,2024-06-05 11:18:12
263.20000000000005,76,8201.44,263.20000000000005,6.714,138,138,6.714,2024-06-05 11:18:13
260.79999999999995,90,8208.26,260.79999999999995,6.819,131,191,6.819,2024-06-05 11:18:14
260.0,87,8215.89,260.0,7.634,122,229,7.634,2024-06-05 11:18:15
258.0,81,8222.43,258.0,6.541,144,180,6.541,2024-06-05 11:18:16
261.0,85,8228.21,261.0,5.779,113,207,5.779,2024-06-05 11:18:17
259.0,81,8234.93,259.0,6.714,104,196,6.714,2024-06-05 11:18:18
257.20000000000005,81,8240.92,257.20000000000005,5.998,143,177,5.998,2024-06-05 11:18:19
260.0,84,8247.3,260.0,6.371,134,199,6.371,2024-06-05 11:18:20
259.4,74,8254.36,259.4,7.061,116,217,7.061,2024-06-05 11:18:21
263.79999999999995,82,8260.95,263.79999999999995,6.593,130,198,6.593,2024-06-05 11:18:22
262.0,84,8267.32,262.0,6.365,136,169,6.365,2024-06-05 11:18:23
261.20000000000005,72,8273.29,261.20000000000005,5.973,127,184,5.973,2024-06-05 11:18:24
262.20000000000005,75,8279.77,262.20000000000005,6.48,147,180,6.48,2024-06-05 11:18:25
262.0,79,8287.13,262.0,7.363,124,216,7.363,2024-06-05 11:18:26
255.39999999999998,73,8294.41,255.39999999999998,7.275,133,170,7.275,2024-06-05 11:18:27
258.6,79,8300.87,258.6,6.459,155,229,6.459,2024-06-05 11:18:28
260.0,90,8307.62,260.0,6.75,145,157,6.75,2024-06-05 11:18:29
260.20000000000005,78,8313.61,260.20000000000005,5.998,137,212,5.998,2024-06-05 11:18:30
262.20000000000005,81,8320.01,262.20000000000005,6.395,142,176,6.395,2024-06-05 11:18:31
259.4,77,8326.61,259.4,6.604,115,189,6.604,2024-06-05 11:18:32
258.6,85,8333.21,258.6,6.601,148,165,6.601,2024-06-05 11:18:33
256.20000000000005,79,8339.57,256.20000000000005,6.354,157,183,6.354,2024-06-05 11:18:34
259.79999999999995,84,8346.0,259.79999999999995,6.43,136,173,6.43,2024-06-05 11:18:35
259.6,79,8352.32,259.6,6.319,142,225,6.319,2024-06-05 11:18:36
257.4,79,8358.11,257.4,5.797,121,167,5.797,2024-06-05 11:18:37
256.20000000000005,80,8365.05,256.20000000000005,6.937,143,169,6.937,2024-06-05 11:18:38
259.0,71,8371.67,259.0,6.617,109,166,6.617,2024-06-05 11:18:39
255.39999999999998,81,8378.32,255.39999999999998,6.651,98,148,6.651,2024-06-05 11:18:40
261.79999999999995,84,8384.68,261.79999999999995,6.364,125,187,6.364,2024-06-05 11:18:41
257.79999999999995,73,8390.94,257.79999999999995,6.26,122,193,6.26,2024-06-05 11:18:42
258.20000000000005,81,8397.39,258.20000000000005,6.45,149,175,6.45,2024-06-05 11:18:43
259.4,72,8404.79,259.4,7.392,120,187,7.392,2024-06-05 11:18:44
260.79999999999995,80,8410.5,260.79999999999995,5.711,116,197,5.711,2024-06-05 11:18:45
262.4,75,8416.4,262.4,5.902,134,172,5.902,2024-06-05 11:18:46
256.4,80,8423.45,256.4,7.05,121,191,7.05,2024-06-05 11:18:47
257.6,74,8429.33,257.6,5.884,130,181,5.884,2024-06-05 11:18:48
262.6,83,8435.96,262.6,6.624,138,177,6.624,2024-06-05 11:18:49
258.4,85,8441.57,258.4,5.616,116,168,5.616,2024-06-05 11:18:50
262.6,82,8447.32,262.6,5.749,134,171,5.749,2024-06-05 11:18:51
259.79999999999995,78,8453.95,259.79999999999995,6.629,131,159,6.629,2024-06-05 11:18:52
261.6,83,8460.64,261.6,6.685,128,150,6.685,2024-06-05 11:18:53
259.4,77,8466.7,259.4,6.066,134,201,6.066,2024-06-05 11:18:54
259.0,81,8473.45,259.0,6.752,128,164,6.752,2024-06-05 11:18:55
260.20000000000005,80,8479.6,260.20000000000005,6.142,125,163,6.142,2024-06-05 11:18:56
258.20000000000005,83,8485.9,258.20000000000005,6.306,130,191,6.306,2024-06-05 11:18:57
261.4,82,8492.08,261.4,6.181,130,148,6.181,2024-06-05 11:18:58
260.4,80,8498.81,260.4,6.73,121,153,6.73,2024-06-05 11:18:59
259.79999999999995,74,8505.28,259.79999999999995,6.463,120,159,6.463,2024-06-05 11:19:00
258.79999999999995,81,8511.21,258.79999999999995,5.931,127,147,5.931,2024-06-05 11:19:01
260.6,81,8518.24,260.6,7.031,127,197,7.031,2024-06-05 11:19:02
260.20000000000005,79,8524.79,260.20000000000005,6.554,126,221,6.554,2024-06-05 11:19:03
260.6,76,8531.37,260.6,6.574,119,178,6.574,2024-06-05 11:19:04
261.79999999999995,86,8537.78,261.79999999999995,6.415,129,161,6.415,2024-06-05 11:19:05
261.6,75,8543.72,261.6,5.935,134,200,5.935,2024-06-05 11:19:06
262.4,74,8550.15,262.4,6.438,145,203,6.438,2024-06-05 11:19:07
261.6,75,8556.92,261.6,6.769,125,209,6.769,2024-06-05 11:19:08
259.4,71,8563.46,259.4,6.537,111,163,6.537,2024-06-05 11:19:09
257.6,78,8569.99,257.6,6.531,113,150,6.531,2024-06-05 11:19:10
259.79999999999995,74,8575.72,259.79999999999995,5.729,137,162,5.729,2024-06-05 11:19:11
260.0,82,8582.9,260.0,7.182,110,200,7.182,2024-06-05 11:19:12
258.20000000000005,88,8590.01,258.20000000000005,7.104,142,153,7.104,2024-06-05 11:19:13
257.6,83,8595.92,257.6,5.914,139,170,5.914,2024-06-05 11:19:14
258.4,84,8602.51,258.4,6.584,142,215,6.584,2024-06-05 11:19:15
262.6,87,8608.66,262.6,6.157,155,160,6.157,2024-06-05 11:19:16
261.79999999999995,83,8616.09,261.79999999999995,7.428,138,180,7.428,2024-06-05 11:19:17
258.20000000000005,80,8622.57,258.20000000000005,6.479,154,177,6.479,2024-06-05 11:19:18
258.6,83,8628.26,258.6,5.694,122,174,5.694,2024-06-05 11:19:19
258.79999999999995,78,8634.55,258.79999999999995,6.286,127,160,6.286,2024-06-05 11:19:20
260.0,74,8640.3,260.0,5.754,125,198,5.754,2024-06-05 11:19:21
260.4,74,8647.36,260.4,7.058,120,180,7.058,2024-06-05 11:19:22
259.4,74,8653.8,259.4,6.443,109,147,6.443,2024-06-05 11:19:23
261.0,76,8660.1,261.0,6.296,121,218,6.296,2024-06-05 11:19:24
261.0,73,8666.0,261.0,5.905,132,191,5.905,2024-06-05 11:19:25
258.20000000000005,81,8672.45,258.20000000000005,6.448,119,154,6.448,2024-06-05 11:19:26
262.79999999999995,86,8679.26,262.79999999999995,6.807,134,168,6.807,2024-06-05 11:19:27
260.4,75,8686.43,260.4,7.174,132,181,7.174,2024-06-05 11:19:28
256.0,84,8693.55,256.0,7.117,133,191,7.117,2024-06-05 11:19:29
262.6,89,8700.07,262.6,6.522,127,212,6.522,2024-06-05 11:19:30
252.20000000000005,85,8707.85,252.20000000000005,7.779,142,273,7.779,2024-06-05 11:19:31
253.20000000000005,92,8716.3,253.20000000000005,8.449,137,246,8.449,2024-06-05 11:19:32
255.39999999999998,87,8724.81,255.39999999999998,8.507,145,222,8.507,2024-06-05 11:19:33
257.4,84,8732.87,257.4,8.058,156,238,8.058,2024-06-05 11:19:34
259.79999999999995,92,8740.75,259.79999999999995,7.881,150,212,7.881,2024-06-05 11:19:35
254.60000000000002,85,8748.93,254.60000000000002,8.186,151,213,8.186,2024-06-05 11:19:36
256.0,86,8757.33,256.0,8.398,148,218,8.398,2024-06-05 11:19:37
254.60000000000002,83,8765.37,254.60000000000002,8.043,142,254,8.043,2024-06-05 11:19:38
256.6,94,8773.31,256.6,7.933,150,209,7.933,2024-06-05 11:19:39
257.4,85,8780.74,257.4,7.437,155,218,7.437,2024-06-05 11:19:40
253.79999999999995,89,8788.76,253.79999999999995,8.015,148,236,8.015,2024-06-05 11:19:41
252.0,92,8796.56,252.0,7.8,128,199,7.8,2024-06-05 11:19:42
252.79999999999995,89,8804.37,252.79999999999995,7.809,144,209,7.809,2024-06-05 11:19:43
254.20000000000005,89,8812.84,254.20000000000005,8.475,151,247,8.475,2024-06-05 11:19:44
251.79999999999995,87,8820.35,251.79999999999995,7.509,159,211,7.509,2024-06-05 11:19:45
256.0,87,8828.68,256.0,8.33,150,209,8.33,2024-06-05 11:19:46
255.20000000000005,85,8836.43,255.20000000000005,7.752,154,189,7.752,2024-06-05 11:19:47
256.4,95,8843.81,256.4,7.38,151,207,7.38,2024-06-05 11:19:48
257.0,91,8851.08,257.0,7.269,140,254,7.269,2024-06-05 11:19:49
254.39999999999998,92,8858.98,254.39999999999998,7.896,148,240,7.896,2024-06-05 11:19:50
257.79999999999995,86,8867.12,257.79999999999995,8.142,163,219,8.142,2024-06-05 11:19:51
253.39999999999998,90,8875.64,253.39999999999998,8.515,154,213,8.515,2024-06-05 11:19:52
255.20000000000005,94,8883.76,255.20000000000005,8.128,165,244,8.128,2024-06-05 11:19:53
255.39999999999998,89,8891.2,255.39999999999998,7.437,139,240,7.437,2024-06-05 11:19:54
252.79999999999995,87,8898.9,252.79999999999995,7.697,148,199,7.697,2024-06-05 11:19:55
257.20000000000005,90,8906.17,257.20000000000005,7.277,152,236,7.277,2024-06-05 11:19:56
253.39999999999998,97,8914.95,253.39999999999998,8.78,143,191,8.78,2024-06-05 11:19:57
251.60000000000002,88,8922.91,251.60000000000002,7.956,144,215,7.956,2024-06-05 11:19:58
257.20000000000005,89,8929.83,257.20000000000005,6.921,152,221,6.921,2024-06-05 11:19:59
253.20000000000005,91,8937.59,253.20000000000005,7.762,156,223,7.762,2024-06-05 11:20:00
253.79999999999995,98,8945.3,253.79999999999995,7.704,138,198,7.704,2024-06-05 11:20:01
256.4,89,8952.79,256.4,7.493,154,233,7.493,2024-06-05 11:20:02
252.39999999999998,88,8961.61,252.39999999999998,8.818,132,240,8.818,2024-06-05 11:20:03
255.20000000000005,92,8970.14,255.20000000000005,8.529,150,230,8.529,2024-06-05 11:20:04
256.20000000000005,91,8978.6,256.20000000000005,8.465,148,207,8.465,2024-06-05 11:20:05
255.0,85,8987.34,255.0,8.735,146,198,8.735,2024-06-05 11:20:06
257.0,93,8995.08,257.0,7.744,149,215,7.744,2024-06-05 11:20:07
255.20000000000005,86,9003.21,255.20000000000005,8.134,155,213,8.134,2024-06-05 11:20:08
253.0,82,9010.41,253.0,7.194,154,223,7.194,2024-06-05 11:20:09
252.60000000000002,89,9018.44,252.60000000000002,8.034,151,217,8.034,2024-06-05 11:20:10
254.60000000000002,90,9026.28,254.60000000000002,7.837,130,199,7.837,2024-06-05 11:20:11
257.20000000000005,88,9034.36,257.20000000000005,8.085,165,220,8.085,2024-06-05 11:20:12
253.0,94,9041.52,253.0,7.152,163,215,7.152,2024-06-05 11:20:13
255.20000000000005,85,9049.49,255.20000000000005,7.972,162,211,7.972,2024-06-05 11:20:14
254.20000000000005,86,9057.45,254.20000000000005,7.964,142,197,7.964,2024-06-05 11:20:15
253.39999999999998,91,9065.26,253.39999999999998,7.811,142,194,7.811,2024-06-05 11:20:16
256.79999999999995,88,9074.62,256.79999999999995,9.355,140,230,9.355,2024-06-05 11:20:17
255.0,91,9083.83,255.0,9.21,142,219,9.21,2024-06-05 11:20:18
255.60000000000002,91,9091.24,255.60000000000002,7.409,171,228,7.409,2024-06-05 11:20:19
255.0,91,9099.66,255.0,8.426,153,199,8.426,2024-06-05 11:20:20
255.60000000000002,97,9108.18,255.60000000000002,8.519,164,249,8.519,2024-06-05 11:20:21
254.39999999999998,87,9115.84,254.39999999999998,7.664,161,220,7.664,2024-06-05 11:20:22
254.0,87,9123.51,254.0,7.666,170,190,7.666,2024-06-05 11:20:23
253.79999999999995,96,9132.08,253.79999999999995,8.572,157,231,8.572,2024-06-05 11:20:24
257.4,104,9140.72,257.4,8.633,139,194,8.633,2024-06-05 11:20:25
248.20000000000005,95,9148.92,248.20000000000005,8.204,145,175,8.204,2024-06-05 11:20:26
252.60000000000002,80,9156.68,252.60000000000002,7.756,149,215,7.756,2024-06-05 11:20:27
252.79999999999995,79,9164.44,252.79999999999995,7.764,138,218,7.764,2024-06-05 11:20:28
258.4,80,9172.52,258.4,8.077,148,211,8.077,2024-06-05 11:20:29
257.4,89,9180.37,257.4,7.856,156,209,7.856,2024-06-05 11:20:30
252.39999999999998,94,9187.75,252.39999999999998,7.378,153,252,7.378,2024-06-05 11:20:31
253.60000000000002,89,9195.93,253.60000000000002,8.176,151,237,8.176,2024-06-05 11:20:32
252.0,89,9204.1,252.0,8.17,139,220,8.17,2024-06-05 11:20:33
253.20000000000005,102,9212.07,253.20000000000005,7.97,161,234,7.97,2024-06-05 11:20:34
251.20000000000005,86,9219.46,251.20000000000005,7.39,135,234,7.39,2024-06-05 11:20:35
253.60000000000002,97,9227.86,253.60000000000002,8.404,152,225,8.404,2024-06-05 11:20:36
254.39999999999998,89,9235.52,254.39999999999998,7.661,133,247,7.661,2024-06-05 11:20:37
253.20000000000005,80,9243.55,253.20000000000005,8.024,154,217,8.024,2024-06-05 11:20:38
255.0,94,9250.99,255.0,7.448,129,190,7.448,2024-06-05 11:20:39
257.4,90,9258.66,257.4,7.668,156,247,7.668,2024-06-05 11:20:40
253.20000000000005,86,9266.98,253.20000000000005,8.323,161,196,8.323,2024-06-05 11:20:41
255.79999999999995,94,9275.39,255.79999999999995,8.403,144,251,8.403,2024-06-05 11:20:42
255.20000000000005,86,9283.67,255.20000000000005,8.281,151,237,8.281,2024-06-05 11:20:43
253.79999999999995,90,9291.48,253.79999999999995,7.814,156,176,7.814,2024-06-05 11:20:44
257.4,92,9300.23,257.4,8.743,141,209,8.743,2024-06-05 11:20:45
253.60000000000002,92,9307.58,253.60000000000002,7.356,150,235,7.356,2024-06-05 11:20:46
257.0,89,9317.23,257.0,9.644,165,201,9.644,2024-06-05 11:20:47
253.79999999999995,83,9325.71,253.79999999999995,8.49,136,239,8.49,2024-06-05 11:20:48
257.20000000000005,80,9334.23,257.20000000000005,8.516,144,218,8.516,2024-06-05 11:20:49
255.39999999999998,89,9341.67,255.39999999999998,7.441,160,206,7.441,2024-06-05 11:20:50
249.39999999999998,81,9349.85,249.39999999999998,8.182,154,231,8.182,2024-06-05 11:20:51
252.79999999999995,92,9357.56,252.79999999999995,7.71,148,204,7.71,2024-06-05 11:20:52
252.60000000000002,88,9365.15,252.60000000000002,7.586,141,207,7.586,2024-06-05 11:20:53
254.0,93,9372.11,254.0,6.961,147,212,6.961,2024-06-05 11:20:54
253.60000000000002,93,9379.99,253.60000000000002,7.876,147,183,7.876,2024-06-05 11:20:55
255.20000000000005,94,9388.02,255.20000000000005,8.031,157,209,8.031,2024-06-05 11:20:56
255.60000000000002,85,9396.39,255.60000000000002,8.371,120,206,8.371,2024-06-05 11:20:57
255.0,98,9404.69,255.0,8.304,153,214,8.304,2024-06-05 11:20:58
256.0,82,9413.04,256.0,8.343,153,235,8.343,2024-06-05 11:20:59
256.20000000000005,86,9420.9,256.20000000000005,7.863,164,241,7.863,2024-06-05 11:21:00
253.79999999999995,99,9429.0,253.79999999999995,8.099,136,191,8.099,2024-06-05 11:21:01
257.20000000000005,86,9437.5,257.20000000000005,8.508,150,176,8.508,2024-06-05 11:21:02
252.39999999999998,83,9444.72,252.39999999999998,7.214,141,209,7.214,2024-06-05 11:21:03
252.39999999999998,95,9452.44,252.39999999999998,7.717,150,193,7.717,2024-06-05 11:21:04
251.0,91,9461.32,251.0,8.889,147,251,8.889,2024-06-05 11:21:05
254.60000000000002,89,9469.27,254.60000000000002,7.941,135,240,7.941,2024-06-05 11:21:06
257.0,94,9476.76,257.0,7.494,143,209,7.494,2024-06-05 11:21:07
254.60000000000002,95,9484.44,254.60000000000002,7.675,149,199,7.675,2024-06-05 11:21:08
254.60000000000002,89,9493.1,254.60000000000002,8.668,154,235,8.668,2024-06-05 11:21:09
255.39999999999998,87,9501.33,255.39999999999998,8.225,142,234,8.225,2024-06-05 11:21:10
251.20000000000005,82,9510.1,251.20000000000005,8.768,166,222,8.768,2024-06-05 11:21:11
253.39999999999998,83,9517.53,253.39999999999998,7.436,157,221,7.436,2024-06-05 11:21:12
255.79999999999995,91,9525.82,255.79999999999995,8.286,135,258,8.286,2024-06-05 11:21:13
257.0,86,9534.52,257.0,8.702,139,220,8.702,2024-06-05 11:21:14
256.0,94,9541.8,256.0,7.28,145,198,7.28,2024-06-05 11:21:15
256.20000000000005,89,9550.5,256.20000000000005,8.702,146,236,8.702,2024-06-05 11:21:16
254.60000000000002,102,9559.85,254.60000000000002,9.35,141,201,9.35,2024-06-05 11:21:17
255.0,86,9568.39,255.0,8.537,127,196,8.537,2024-06-05 11:21:18
257.6,89,9576.91,257.6,8.523,137,194,8.523,2024-06-05 11:21:19
253.0,82,9585.23,253.0,8.313,141,212,8.313,2024-06-05 11:21:20
254.20000000000005,86,9593.59,254.20000000000005,8.361,146,229,8.361,2024-06-05 11:21:21
250.79999999999995,90,9600.9,250.79999999999995,7.309,141,215,7.309,2024-06-05 11:21:22
258.20000000000005,87,9608.4,258.20000000000005,7.505,158,219,7.505,2024-06-05 11:21:23
255.0,90,9616.28,255.0,7.875,138,189,7.875,2024-06-05 11:21:24
254.0,90,9623.4,254.0,7.119,148,208,7.119,2024-06-05 11:21:25
252.39999999999998,89,9631.86,252.39999999999998,8.46,155,233,8.46,2024-06-05 11:21:26
253.79999999999995,85,9639.78,253.79999999999995,7.924,151,219,7.924,2024-06-05 11:21:27
256.0,91,9646.81,256.0,7.031,155,211,7.031,2024-06-05 11:21:28
253.60000000000002,95,9655.0,253.60000000000002,8.189,155,215,8.189,2024-06-05 11:21:29
254.39999999999998,92,9662.81,254.39999999999998,7.81,164,255,7.81,2024-06-05 11:21:30
257.20000000000005,95,9670.28,257.20000000000005,7.466,154,211,7.466,2024-06-05 11:21:31
255.20000000000005,85,9679.14,255.20000000000005,8.866,153,232,8.866,2024-06-05 11:21:32
258.20000000000005,92,9687.54,258.20000000000005,8.394,156,212,8.394,2024-06-05 11:21:33
254.39999999999998,89,9695.57,254.39999999999998,8.036,152,219,8.036,2024-06-05 11:21:34
254.39999999999998,83,9703.25,254.39999999999998,7.674,121,214,7.674,2024-06-05 11:21:35
255.0,94,9711.3,255.0,8.05,130,213,8.05,2024-06-05 11:21:36
254.60000000000002,85,9718.18,254.60000000000002,6.887,140,218,6.887,2024-06-05 11:21:37
252.79999999999995,86,9725.78,252.79999999999995,7.595,170,225,7.595,2024-06-05 11:21:38
255.20000000000005,80,9734.43,255.20000000000005,8.648,158,199,8.648,2024-06-05 11:21:39
250.60000000000002,84,9742.53,250.60000000000002,8.099,144,190,8.099,2024-06-05 11:21:40
253.79999999999995,95,9750.88,253.79999999999995,8.354,123,260,8.354,2024-06-05 11:21:41
254.20000000000005,95,9758.48,254.20000000000005,7.601,141,207,7.601,2024-06-05 11:21:42
253.39999999999998,86,9765.77,253.39999999999998,7.287,156,273,7.287,2024-06-05 11:21:43
253.60000000000002,95,9773.5,253.60000000000002,7.727,145,229,7.727,2024-06-05 11:21:44
256.79999999999995,87,9781.56,256.79999999999995,8.06,151,259,8.06,2024-06-05 11:21:45
251.20000000000005,85,9789.61,251.20000000000005,8.058,148,241,8.058,2024-06-05 11:21:46
255.79999999999995,94,9798.42,255.79999999999995,8.805,154,248,8.805,2024-06-05 11:21:47
250.39999999999998,91,9806.61,250.39999999999998,8.193,151,229,8.193,2024-06-05 11:21:48
255.60000000000002,92,9814.54,255.60000000000002,7.924,146,226,7.924,2024-06-05 11:21:49
253.20000000000005,95,9821.86,253.20000000000005,7.325,157,202,7.325,2024-06-05 11:21:50
255.20000000000005,85,9829.68,255.20000000000005,7.822,152,218,7.822,2024-06-05 11:21:51
258.4,91,9836.76,258.4,7.08,139,206,7.08,2024-06-05 11:21:52
252.39999999999998,91,9844.61,252.39999999999998,7.848,158,210,7.848,2024-06-05 11:21:53
256.20000000000005,100,9851.63,256.20000000000005,7.018,141,208,7.018,2024-06-05 11:21:54
257.0,97,9859.91,257.0,8.275,153,229,8.275,2024-06-05 11:21:55
252.60000000000002,81,9867.43,252.60000000000002,7.524,159,207,7.524,2024-06-05 11:21:56
254.0,80,9875.16,254.0,7.724,163,229,7.724,2024-06-05 11:21:57
255.79999999999995,90,9883.91,255.79999999999995,8.759,136,204,8.759,2024-06-05 11:21:58
255.39999999999998,79,9892.45,255.39999999999998,8.538,152,222,8.538,2024-06-05 11:21:59
250.39999999999998,89,9901.07,250.39999999999998,8.621,151,206,8.621,2024-06-05 11:22:00
251.39999999999998,91,9909.46,251.39999999999998,8.385,138,204,8.385,2024-06-05 11:22:01
254.39999999999998,89,9917.15,254.39999999999998,7.693,152,233,7.693,2024-06-05 11:22:02
255.20000000000005,90,9925.21,255.20000000000005,8.058,149,211,8.058,2024-06-05 11:22:03
253.20000000000005,87,9933.14,253.20000000000005,7.931,154,235,7.931,2024-06-05 11:22:04
255.39999999999998,92,9939.72,255.39999999999998,6.576,172,245,6.576,2024-06-05 11:22:05
250.0,93,9947.97,250.0,8.248,138,214,8.248,2024-06-05 11:22:06
253.39999999999998,95,9955.63,253.39999999999998,7.664,147,213,7.664,2024-06-05 11:22:07
254.60000000000002,85,9963.06,254.60000000000002,7.427,143,220,7.427,2024-06-05 11:22:08
255.20000000000005,75,9971.79,255.20000000000005,8.736,164,197,8.736,2024-06-05 11:22:09
255.20000000000005,87,9979.45,255.20000000000005,7.661,136,225,7.661,2024-06-05 11:22:10
258.6,94,9988.56,258.6,9.104,150,201,9.104,2024-06-05 11:22:11
254.60000000000002,89,9996.62,254.60000000000002,8.063,151,187,8.063,2024-06-05 11:22:12
255.39999999999998,89,10004.85,255.39999999999998,8.226,153,195,8.226,2024-06-05 11:22:13
254.60000000000002,94,10013.13,254.60000000000002,8.284,158,244,8.284,2024-06-05 11:22:14
255.79999999999995,83,10022.59,255.79999999999995,9.455,157,179,9.455,2024-06-05 11:22:15
256.79999999999995,85,10030.79,256.79999999999995,8.2,155,240,8.2,2024-06-05 11:22:16
253.60000000000002,87,10038.62,253.60000000000002,7.838,151,224,7.838,2024-06-05 11:22:17
257.20000000000005,85,10046.14,257.20000000000005,7.52,148,206,7.52,2024-06-05 11:22:18
253.79999999999995,96,10054.76,253.79999999999995,8.622,171,227,8.622,2024-06-05 11:22:19
255.0,89,10063.33,255.0,8.563,158,213,8.563,2024-06-05 11:22:20
250.20000000000005,88,10072.06,250.20000000000005,8.732,145,210,8.732,2024-06-05 11:22:21
255.79999999999995,89,10080.24,255.79999999999995,8.18,168,255,8.18,2024-06-05 11:22:22
254.60000000000002,83,10088.39,254.60000000000002,8.154,161,206,8.154,2024-06-05 11:22:23
258.79999999999995,94,10096.21,258.79999999999995,7.819,143,249,7.819,2024-06-05 11:22:24
257.6,85,10104.11,257.6,7.897,149,195,7.897,2024-06-05 11:22:25
256.20000000000005,76,10112.84,256.20000000000005,8.73,146,211,8.73,2024-06-05 11:22:26
257.6,82,10120.49,257.6,7.652,134,231,7.652,2024-06-05 11:22:27
252.79999999999995,85,10128.5,252.79999999999995,8.006,157,202,8.006,2024-06-05 11:22:28
256.0,91,10136.87,256.0,8.369,157,222,8.369,2024-06-05 11:22:29
254.79999999999995,85,10145.03,254.79999999999995,8.16,139,229,8.16,2024-06-05 11:22:30
255.60000000000002,92,10153.56,255.60000000000002,8.535,158,205,8.535,2024-06-05 11:22:31
260.0,92,10161.75,260.0,8.194,158,240,8.194,2024-06-05 11:22:32
257.0,93,10169.6,257.0,7.841,149,204,7.841,2024-06-05 11:22:33
254.79999999999995,86,10176.92,254.79999999999995,7.325,147,239,7.325,2024-06-05 11:22:34
254.39999999999998,92,10184.93,254.39999999999998,8.006,153,238,8.006,2024-06-05 11:22:35
256.4,93,10192.14,256.4,7.217,141,228,7.217,2024-06-05 11:22:36
254.79999999999995,82,10199.74,254.79999999999995,7.593,143,232,7.593,2024-06-05 11:22:37
253.60000000000002,82,10207.94,253.60000000000002,8.205,154,226,8.205,2024-06-05 11:22:38
251.79999999999995,91,10216.26,251.79999999999995,8.318,152,226,8.318,2024-06-05 11:22:39
253.79999999999995,86,10224.6,253.79999999999995,8.339,158,220,8.339,2024-06-05 11:22:40
250.79999999999995,86,10232.78,250.79999999999995,8.178,142,240,8.178,2024-06-05 11:22:41
255.60000000000002,90,10241.65,255.60000000000002,8.875,149,199,8.875,2024-06-05 11:22:42
255.39999999999998,98,10249.52,255.39999999999998,7.863,142,205,7.863,2024-06-05 11:22:43
253.39999999999998,83,10258.27,253.39999999999998,8.752,157,227,8.752,2024-06-05 11:22:44
254.60000000000002,90,10265.26,254.60000000000002,6.993,170,228,6.993,2024-06-05 11:22:45
251.60000000000002,78,10272.35,251.60000000000002,7.092,158,214,7.092,2024-06-05 11:22:46
252.79999999999995,97,10279.92,252.79999999999995,7.566,156,241,7.566,2024-06-05 11:22:47
254.20000000000005,89,10288.01,254.20000000000005,8.092,147,210,8.092,2024-06-05 11:22:48
253.0,92,10295.36,253.0,7.352,147,231,7.352,2024-06-05 11:22:49
256.4,91,10303.1,256.4,7.74,155,216,7.74,2024-06-05 11:22:50
254.20000000000005,93,10309.73,254.20000000000005,6.623,141,226,6.623,2024-06-05 11:22:51
251.60000000000002,85,10318.02,251.60000000000002,8.295,140,217,8.295,2024-06-05 11:22:52
254.20000000000005,89,10326.16,254.20000000000005,8.14,144,197,8.14,2024-06-05 11:22:53
254.39999999999998,91,10334.34,254.39999999999998,8.175,144,230,8.175,2024-06-05 11:22:54
253.79999999999995,98,10342.27,253.79999999999995,7.938,153,211,7.938,2024-06-05 11:22:55
257.6,82,10350.97,257.6,8.693,139,197,8.693,2024-06-05 11:22:56
255.79999999999995,94,10358.76,255.79999999999995,7.798,159,193,7.798,2024-06-05 11:22:57
255.60000000000002,85,10367.09,255.60000000000002,8.324,169,198,8.324,2024-06-05 11:22:58
259.6,93,10375.86,259.6,8.772,135,200,8.772,2024-06-05 11:22:59
257.0,76,10383.46,257.0,7.598,143,252,7.598,2024-06-05 11:23:00
256.6,93,10391.42,256.6,7.964,158,228,7.964,2024-06-05 11:23:01
256.0,86,10399.13,256.0,7.709,155,224,7.709,2024-06-05 11:23:02
253.20000000000005,86,10407.41,253.20000000000005,8.278,142,216,8.278,2024-06-05 11:23:03
252.20000000000005,93,10415.07,252.20000000000005,7.662,158,220,7.662,2024-06-05 11:23:04
257.6,85,10422.92,257.6,7.852,138,215,7.852,2024-06-05 11:23:05
255.39999999999998,98,10431.75,255.39999999999998,8.823,142,202,8.823,2024-06-05 11:23:06
256.4,84,10439.62,256.4,7.87,143,240,7.87,2024-06-05 11:23:07
252.60000000000002,90,10447.33,252.60000000000002,7.717,144,201,7.717,2024-06-05 11:23:08
255.0,93,10456.21,255.0,8.877,135,213,8.877,2024-06-05 11:23:09
258.0,80,10464.13,258.0,7.918,152,221,7.918,2024-06-05 11:23:10
256.0,81,10471.81,256.0,7.68,147,223,7.68,2024-06-05 11:23:11
257.79999999999995,95,10478.67,257.79999999999995,6.861,153,222,6.861,2024-06-05 11:23:12
256.0,97,10486.87,256.0,8.202,176,252,8.202,2024-06-05 11:23:13
253.39999999999998,80,10495.27,253.39999999999998,8.404,148,226,8.404,2024-06-05 11:23:14
255.79999999999995,94,10503.49,255.79999999999995,8.213,149,210,8.213,2024-06-05 11:23:15
255.39999999999998,94,10510.87,255.39999999999998,7.385,129,206,7.385,2024-06-05 11:23:16
254.60000000000002,94,10518.79,254.60000000000002,7.921,152,225,7.921,2024-06-05 11:23:17
257.20000000000005,91,10525.97,257.20000000000005,7.182,150,196,7.182,2024-06-05 11:23:18
252.0,97,10534.63,252.0,8.653,162,227,8.653,2024-06-05 11:23:19
252.0,92,10542.22,252.0,7.597,155,221,7.597,2024-06-05 11:23:20
254.0,85,10550.47,254.0,8.247,153,211,8.247,2024-06-05 11:23:21
255.20000000000005,88,10558.34,255.20000000000005,7.873,145,240,7.873,2024-06-05 11:23:22
256.79999999999995,85,10566.1,256.79999999999995,7.752,141,194,7.752,2024-06-05 11:23:23
255.39999999999998,89,10573.85,255.39999999999998,7.75,154,206,7.75,2024-06-05 11:23:24
258.0,90,10581.93,258.0,8.088,150,215,8.088,2024-06-05 11:23:25
249.20000000000005,85,10589.97,249.20000000000005,8.032,139,208,8.032,2024-06-05 11:23:26
256.0,95,10597.26,256.0,7.296,158,231,7.296,2024-06-05 11:23:27
257.20000000000005,92,10604.56,257.20000000000005,7.298,147,231,7.298,2024-06-05 11:23:28
255.20000000000005,91,10612.13,255.20000000000005,7.572,156,207,7.572,2024-06-05 11:23:29
257.79999999999995,87,10620.41,257.79999999999995,8.282,156,223,8.282,2024-06-05 11:23:30
257.20000000000005,95,10628.22,257.20000000000005,7.81,127,213,7.81,2024-06-05 11:23:31
257.20000000000005,88,10635.51,257.20000000000005,7.287,149,247,7.287,2024-06-05 11:23:32
256.0,84,10643.9,256.0,8.387,144,212,8.387,2024-06-05 11:23:33
253.20000000000005,103,10651.62,253.20000000000005,7.72,152,229,7.72,2024-06-05 11:23:34
257.20000000000005,86,10659.89,257.20000000000005,8.274,129,184,8.274,2024-06-05 11:23:35
253.0,89,10668.09,253.0,8.202,164,231,8.202,2024-06-05 11:23:36
259.0,89,10676.48,259.0,8.384,140,243,8.384,2024-06-05 11:23:37
254.39999999999998,87,10685.53,254.39999999999998,9.056,158,242,9.056,2024-06-05 11:23:38
254.20000000000005,88,10693.65,254.20000000000005,8.115,178,219,8.115,2024-06-05 11:23:39
255.20000000000005,91,10701.2,255.20000000000005,7.555,148,241,7.555,2024-06-05 11:23:40
256.79999999999995,98,10709.74,256.79999999999995,8.531,150,228,8.531,2024-06-05 11:23:41
250.20000000000005,88,10718.17,250.20000000000005,8.437,145,216,8.437,2024-06-05 11:23:42
254.60000000000002,84,10726.26,254.60000000000002,8.09,156,231,8.09,2024-06-05 11:23:43
255.79999999999995,78,10733.71,255.79999999999995,7.443,153,224,7.443,2024-06-05 11:23:44
255.0,91,10742.01,255.0,8.305,156,215,8.305,2024-06-05 11:23:45
255.0,97,10750.47,255.0,8.463,156,226,8.463,2024-06-05 11:23:46
255.60000000000002,98,10758.76,255.60000000000002,8.286,164,209,8.286,2024-06-05 11:23:47
256.4,86,10766.8,256.4,8.036,143,219,8.036,2024-06-05 11:23:48
257.0,86,10774.67,257.0,7.873,149,186,7.873,2024-06-05 11:23:49
255.39999999999998,96,10782.93,255.39999999999998,8.256,150,225,8.256,2024-06-05 11:23:50
254.60000000000002,95,10791.91,254.60000000000002,8.986,163,232,8.986,2024-06-05 11:23:51
256.20000000000005,92,10798.77,256.20000000000005,6.857,157,212,6.857,2024-06-05 11:23:52
259.4,91,10806.62,259.4,7.854,138,230,7.854,2024-06-05 11:23:53
256.20000000000005,89,10815.32,256.20000000000005,8.7,158,227,8.7,2024-06-05 11:23:54
254.79999999999995,84,10823.48,254.79999999999995,8.161,152,205,8.161,2024-06-05 11:23:55
256.0,88,10831.92,256.0,8.44,147,216,8.44,2024-06-05 11:23:56
253.60000000000002,88,10840.29,253.60000000000002,8.37,137,215,8.37,2024-06-05 11:23:57
253.20000000000005,87,10847.97,253.20000000000005,7.674,145,204,7.674,2024-06-05 11:23:58
256.0,94,10855.94,256.0,7.973,153,198,7.973,2024-06-05 11:23:59
249.79999999999995,90,10863.36,249.79999999999995,7.415,143,197,7.415,2024-06-05 11:24:00
255.0,85,10871.31,255.0,7.958,152,256,7.958,2024-06-05 11:24:01
251.39999999999998,91,10879.48,251.39999999999998,8.164,154,214,8.164,2024-06-05 11:24:02
255.60000000000002,86,10886.81,255.60000000000002,7.334,168,212,7.334,2024-06-05 11:24:03
257.20000000000005,93,10895.11,257.20000000000005,8.294,157,193,8.294,2024-06-05 11:24:04
253.39999999999998,89,10903.03,253.39999999999998,7.924,134,225,7.924,2024-06-05 11:24:05
257.4,83,10911.35,257.4,8.317,154,223,8.317,2024-06-05 11:24:06
253.0,90,10919.88,253.0,8.53,153,215,8.53,2024-06-05 11:24:07
254.39999999999998,92,10928.4,254.39999999999998,8.527,167,245,8.527,2024-06-05 11:24:08
256.20000000000005,93,10935.85,256.20000000000005,7.445,158,237,7.445,2024-06-05 11:24:09
256.79999999999995,80,10944.57,256.79999999999995,8.719,182,272,8.719,2024-06-05 11:24:10
254.79999999999995,95,10952.53,254.79999999999995,7.958,136,221,7.958,2024-06-05 11:24:11
254.39999999999998,96,10960.07,254.39999999999998,7.541,135,220,7.541,2024-06-05 11:24:12
253.79999999999995,86,10968.99,253.79999999999995,8.923,148,236,8.923,2024-06-05 11:24:13
257.6,94,10977.35,257.6,8.364,158,223,8.364,2024-06-05 11:24:14
258.4,90,10985.16,258.4,7.801,164,211,7.801,2024-06-05 11:24:15
255.0,94,10993.61,255.0,8.455,160,207,8.455,2024-06-05 11:24:16
252.39999999999998,91,11001.03,252.39999999999998,7.421,137,185,7.421,2024-06-05 11:24:17
253.60000000000002,92,11008.98,253.60000000000002,7.952,140,224,7.952,2024-06-05 11:24:18
254.20000000000005,82,11017.61,254.20000000000005,8.63,153,229,8.63,2024-06-05 11:24:19
252.39999999999998,88,11025.86,252.39999999999998,8.247,135,196,8.247,2024-06-05 11:24:20
252.79999999999995,98,11034.3,252.79999999999995,8.442,150,207,8.442,2024-06-05 11:24:21
254.0,82,11042.89,254.0,8.581,146,228,8.581,2024-06-05 11:24:22
255.79999999999995,85,11050.43,255.79999999999995,7.546,135,241,7.546,2024-06-05 11:24:23
253.0,99,11058.16,253.0,7.729,149,202,7.729,2024-06-05 11:24:24
257.4,92,11065.44,257.4,7.282,137,195,7.282,2024-06-05 11:24:25
254.60000000000002,92,11072.98,254.60000000000002,7.536,140,224,7.536,2024-06-05 11:24:26
256.79999999999995,87,11080.95,256.79999999999995,7.976,143,266,7.976,2024-06-05 11:24:27
252.0,88,11088.79,252.0,7.839,151,214,7.839,2024-06-05 11:24:28
255.60000000000002,96,11097.03,255.60000000000002,8.234,160,226,8.234,2024-06-05 11:24:29
253.20000000000005,90,11104.93,253.20000000000005,7.902,145,223,7.902,2024-06-05 11:24:30
257.4,77,11111.78,257.4,6.849,127,180,6.849,2024-06-05 11:24:31
259.6,76,11118.45,259.6,6.67,127,195,6.67,2024-06-05 11:24:32
257.4,69,11125.57,257.4,7.124,143,176,7.124,2024-06-05 11:24:33
258.20000000000005,73,11131.62,258.20000000000005,6.054,128,185,6.054,2024-06-05 11:24:34
260.4,80,11137.68,260.4,6.055,124,201,6.055,2024-06-05 11:24:35
257.20000000000005,74,11145.04,257.20000000000005,7.363,128,195,7.363,2024-06-05 11:24:36
263.79999999999995,76,11151.92,263.79999999999995,6.882,139,185,6.882,2024-06-05 11:24:37
263.20000000000005,79,11158.63,263.20000000000005,6.703,133,144,6.703,2024-06-05 11:24:38
261.20000000000005,79,11165.29,261.20000000000005,6.668,141,200,6.668,2024-06-05 11:24:39
261.20000000000005,79,11172.02,261.20000000000005,6.724,145,177,6.724,2024-06-05 11:24:40
258.79999999999995,79,11177.76,258.79999999999995,5.746,149,169,5.746,2024-06-05 11:24:41
257.79999999999995,89,11185.17,257.79999999999995,7.402,129,184,7.402,2024-06-05 11:24:42
257.0,74,11191.87,257.0,6.702,116,170,6.702,2024-06-05 11:24:43
258.6,67,11198.36,258.6,6.489,123,206,6.489,2024-06-05 11:24:44
257.79999999999995,76,11204.93,257.79999999999995,6.57,140,150,6.57,2024-06-05 11:24:45
261.20000000000005,85,11211.67,261.20000000000005,6.74,125,200,6.74,2024-06-05 11:24:46
262.4,79,11218.29,262.4,6.625,150,191,6.625,2024-06-05 11:24:47
261.20000000000005,76,11224.42,261.20000000000005,6.124,134,181,6.124,2024-06-05 11:24:48
261.20000000000005,87,11231.09,261.20000000000005,6.674,144,192,6.674,2024-06-05 11:24:49
262.6,72,11237.5,262.6,6.407,113,136,6.407,2024-06-05 11:24:50
263.20000000000005,82,11244.67,263.20000000000005,7.17,123,139,7.17,2024-06-05 11:24:51
260.4,81,11250.72,260.4,6.053,115,191,6.053,2024-06-05 11:24:52
263.20000000000005,85,11257.06,263.20000000000005,6.336,130,166,6.336,2024-06-05 11:24:53
256.79999999999995,90,11264.22,256.79999999999995,7.16,129,152,7.16,2024-06-05 11:24:54
259.79999999999995,85,11270.34,259.79999999999995,6.123,136,185,6.123,2024-06-05 11:24:55
259.20000000000005,79,11277.02,259.20000000000005,6.684,127,169,6.684,2024-06-05 11:24:56
258.0,86,11283.81,258.0,6.788,118,178,6.788,2024-06-05 11:24:57
261.20000000000005,85,11290.47,261.20000000000005,6.658,131,166,6.658,2024-06-05 11:24:58
257.79999999999995,77,11297.3,257.79999999999995,6.831,130,170,6.831,2024-06-05 11:24:59
260.0,81,11304.23,260.0,6.926,131,166,6.926,2024-06-05 11:25:00
259.79999999999995,73,11311.25,259.79999999999995,7.018,110,186,7.018,2024-06-05 11:25:01
260.0,73,11317.58,260.0,6.334,142,218,6.334,2024-06-05 11:25:02
262.0,76,11323.61,262.0,6.03,128,145,6.03,2024-06-05 11:25:03
259.0,79,11329.73,259.0,6.115,124,183,6.115,2024-06-05 11:25:04
261.4,80,11336.26,261.4,6.536,144,194,6.536,2024-06-05 11:25:05
257.0,78,11342.7,257.0,6.436,136,179,6.436,2024-06-05 11:25:06
257.79999999999995,85,11348.99,257.79999999999995,6.293,91,167,6.293,2024-06-05 11:25:07
258.0,74,11355.01,258.0,6.018,128,201,6.018,2024-06-05 11:25:08
260.4,73,11361.02,260.4,6.008,123,153,6.008,2024-06-05 11:25:09
257.79999999999995,79,11367.41,257.79999999999995,6.393,132,186,6.393,2024-06-05 11:25:10
264.20000000000005,74,11374.32,264.20000000000005,6.91,132,178,6.91,2024-06-05 11:25:11
262.79999999999995,83,11380.82,262.79999999999995,6.498,126,175,6.498,2024-06-05 11:25:12
259.0,76,11387.47,259.0,6.656,127,172,6.656,2024-06-05 11:25:13
261.79999999999995,76,11393.59,261.79999999999995,6.12,125,138,6.12,2024-06-05 11:25:14
259.79999999999995,73,11400.35,259.79999999999995,6.755,127,184,6.755,2024-06-05 11:25:15
261.6,75,11407.18,261.6,6.83,125,186,6.83,2024-06-05 11:25:16
259.0,77,11413.96,259.0,6.783,121,184,6.783,2024-06-05 11:25:17
260.4,78,11422.01,260.4,8.045,126,206,8.045,2024-06-05 11:25:18
259.6,68,11428.53,259.6,6.528,129,181,6.528,2024-06-05 11:25:19
259.6,78,11435.62,259.6,7.087,130,203,7.087,2024-06-05 11:25:20
258.79999999999995,77,11441.94,258.79999999999995,6.321,137,203,6.321,2024-06-05 11:25:21
254.79999999999995,80,11448.36,254.79999999999995,6.42,137,196,6.42,2024-06-05 11:25:22
259.20000000000005,81,11454.61,259.20000000000005,6.245,139,149,6.245,2024-06-05 11:25:23
263.4,88,11460.48,263.4,5.868,126,164,5.868,2024-06-05 11:25:24
257.0,70,11467.53,257.0,7.058,129,160,7.058,2024-06-05 11:25:25
261.4,74,11474.05,261.4,6.518,134,153,6.518,2024-06-05 11:25:26
258.4,83,11481.02,258.4,6.965,132,191,6.965,2024-06-05 11:25:27
261.79999999999995,86,11487.66,261.79999999999995,6.644,122,179,6.644,2024-06-05 11:25:28
259.79999999999995,83,11494.48,259.79999999999995,6.816,152,210,6.816,2024-06-05 11:25:29
260.20000000000005,74,11501.18,260.20000000000005,6.7,108,180,6.7,2024-06-05 11:25:30
257.79999999999995,80,11507.55,257.79999999999995,6.373,130,169,6.373,2024-06-05 11:25:31
261.6,83,11513.42,261.6,5.867,110,147,5.867,2024-06-05 11:25:32
258.79999999999995,81,11520.57,258.79999999999995,7.152,145,198,7.152,2024-06-05 11:25:33
260.0,75,11527.21,260.0,6.644,129,182,6.644,2024-06-05 11:25:34
260.0,76,11533.27,260.0,6.057,119,192,6.057,2024-06-05 11:25:35
258.6,86,11538.72,258.6,5.451,118,186,5.451,2024-06-05 11:25:36
259.6,81,11544.55,259.6,5.834,128,204,5.834,2024-06-05 11:25:37
259.6,83,11550.2,259.6,5.641,143,139,5.641,2024-06-05 11:25:38
261.20000000000005,76,11556.8,261.20000000000005,6.603,140,179,6.603,2024-06-05 11:25:39
261.20000000000005,77,11562.38,261.20000000000005,5.585,135,200,5.585,2024-06-05 11:25:40
259.6,85,11568.87,259.6,6.483,128,206,6.483,2024-06-05 11:25:41
263.20000000000005,80,11574.93,263.20000000000005,6.06,122,206,6.06,2024-06-05 11:25:42
262.4,77,11581.2,262.4,6.269,130,185,6.269,2024-06-05 11:25:43
260.4,72,11587.79,260.4,6.598,127,230,6.598,2024-06-05 11:25:44
259.4,77,11594.16,259.4,6.367,136,204,6.367,2024-06-05 11:25:45
258.0,89,11601.21,258.0,7.05,127,182,7.05,2024-06-05 11:25:46
258.79999999999995,80,11607.01,258.79999999999995,5.796,134,163,5.796,2024-06-05 11:25:47
258.79999999999995,84,11613.18,258.79999999999995,6.172,128,204,6.172,2024-06-05 11:25:48
262.79999999999995,74,11619.9,262.79999999999995,6.723,137,166,6.723,2024-06-05 11:25:49
260.0,84,11625.93,260.0,6.031,118,177,6.031,2024-06-05 11:25:50
259.6,80,11632.25,259.6,6.315,138,226,6.315,2024-06-05 11:25:51
256.79999999999995,80,11638.45,256.79999999999995,6.209,132,184,6.209,2024-06-05 11:25:52
262.0,71,11644.37,262.0,5.915,134,161,5.915,2024-06-05 11:25:53
260.6,83,11650.85,260.6,6.485,123,188,6.485,2024-06-05 11:25:54
259.0,79,11656.43,259.0,5.571,127,163,5.571,2024-06-05 11:25:55
259.79999999999995,87,11663.18,259.79999999999995,6.757,134,164,6.757,2024-06-05 11:25:56
256.4,65,11669.71,256.4,6.532,118,174,6.532,2024-06-05 11:25:57
263.0,77,11675.85,263.0,6.14,135,166,6.14,2024-06-05 11:25:58
255.79999999999995,85,11683.08,255.79999999999995,7.228,124,180,7.228,2024-06-05 11:25:59
261.79999999999995,70,11690.25,261.79999999999995,7.171,136,200,7.171,2024-06-05 11:26:00
259.6,89,11696.68,259.6,6.429,122,161,6.429,2024-06-05 11:26:01
259.4,93,11703.66,259.4,6.98,145,222,6.98,2024-06-05 11:26:02
257.0,83,11709.61,257.0,5.946,122,150,5.946,2024-06-05 11:26:03
258.20000000000005,78,11715.76,258.20000000000005,6.153,131,199,6.153,2024-06-05 11:26:04
257.79999999999995,76,11722.27,257.79999999999995,6.512,129,134,6.512,2024-06-05 11:26:05
258.79999999999995,71,11727.99,258.79999999999995,5.712,140,194,5.712,2024-06-05 11:26:06
255.0,78,11733.91,255.0,5.92,129,158,5.92,2024-06-05 11:26:07
256.4,83,11740.61,256.4,6.705,137,177,6.705,2024-06-05 11:26:08
261.4,79,11747.48,261.4,6.866,135,194,6.866,2024-06-05 11:26:09
257.4,74,11754.74,257.4,7.263,123,150,7.263,2024-06-05 11:26:10
258.0,85,11762.43,258.0,7.693,137,201,7.693,2024-06-05 11:26:11
260.6,89,11768.25,260.6,5.815,117,136,5.815,2024-06-05 11:26:12
258.6,71,11774.65,258.6,6.402,125,189,6.402,2024-06-05 11:26:13
258.4,80,11781.28,258.4,6.632,133,195,6.632,2024-06-05 11:26:14
261.0,78,11788.2,261.0,6.921,136,199,6.921,2024-06-05 11:26:15
260.79999999999995,84,11794.78,260.79999999999995,6.582,108,140,6.582,2024-06-05 11:26:16
260.79999999999995,69,11801.33,260.79999999999995,6.548,136,158,6.548,2024-06-05 11:26:17
258.6,74,11808.48,258.6,7.146,122,135,7.146,2024-06-05 11:26:18
259.4,72,11815.68,259.4,7.2,114,186,7.2,2024-06-05 11:26:19
261.79999999999995,87,11822.59,261.79999999999995,6.916,115,189,6.916,2024-06-05 11:26:20
259.0,72,11828.6,259.0,6.004,126,169,6.004,2024-06-05 11:26:21
260.20000000000005,75,11836.16,260.20000000000005,7.564,148,183,7.564,2024-06-05 11:26:22
260.79999999999995,82,11843.1,260.79999999999995,6.938,121,193,6.938,2024-06-05 11:26:23
259.79999999999995,77,11849.1,259.79999999999995,6.004,120,174,6.004,2024-06-05 11:26:24
261.6,80,11854.82,261.6,5.716,146,188,5.716,2024-06-05 11:26:25
262.79999999999995,72,11861.85,262.79999999999995,7.032,126,188,7.032,2024-06-05 11:26:26
259.79999999999995,73,11868.67,259.79999999999995,6.816,125,144,6.816,2024-06-05 11:26:27
261.79999999999995,81,11874.71,261.79999999999995,6.043,123,169,6.043,2024-06-05 11:26:28
259.0,80,11881.18,259.0,6.47,124,228,6.47,2024-06-05 11:26:29
259.20000000000005,75,11887.09,259.20000000000005,5.907,117,199,5.907,2024-06-05 11:26:30
257.4,83,11893.42,257.4,6.331,126,158,6.331,2024-06-05 11:26:31
259.4,77,11899.68,259.4,6.258,126,184,6.258,2024-06-05 11:26:32
260.6,74,11907.0,260.6,7.322,121,187,7.322,2024-06-05 11:26:33
257.4,75,11913.71,257.4,6.708,124,203,6.708,2024-06-05 11:26:34
260.4,79,11919.53,260.4,5.827,140,189,5.827,2024-06-05 11:26:35
263.4,81,11926.14,263.4,6.606,119,190,6.606,2024-06-05 11:26:36
262.20000000000005,72,11932.38,262.20000000000005,6.244,133,172,6.244,2024-06-05 11:26:37
261.4,77,11938.86,261.4,6.479,125,183,6.479,2024-06-05 11:26:38
261.20000000000005,74,11945.39,261.20000000000005,6.526,124,167,6.526,2024-06-05 11:26:39
259.6,84,11951.77,259.6,6.383,127,186,6.383,2024-06-05 11:26:40
256.6,80,11958.02,256.6,6.244,123,138,6.244,2024-06-05 11:26:41
259.4,84,11965.04,259.4,7.029,143,201,7.029,2024-06-05 11:26:42
260.20000000000005,89,11970.87,260.20000000000005,5.823,123,187,5.823,2024-06-05 11:26:43
255.20000000000005,83,11976.85,255.20000000000005,5.985,131,164,5.985,2024-06-05 11:26:44
259.6,81,11982.21,259.6,5.352,138,196,5.352,2024-06-05 11:26:45
261.20000000000005,77,11989.73,261.20000000000005,7.526,119,195,7.526,2024-06-05 11:26:46
258.0,75,11997.29,258.0,7.558,122,150,7.558,2024-06-05 11:26:47
261.79999999999995,88,12004.23,261.79999999999995,6.942,136,177,6.942,2024-06-05 11:26:48
255.79999999999995,74,12009.69,255.79999999999995,5.459,143,207,5.459,2024-06-05 11:26:49
262.6,79,12015.92,262.6,6.235,128,162,6.235,2024-06-05 11:26:50
258.4,89,12023.12,258.4,7.193,139,172,7.193,2024-06-05 11:26:51
260.0,82,12029.89,260.0,6.768,112,163,6.768,2024-06-05 11:26:52
260.6,83,12036.56,260.6,6.669,137,182,6.669,2024-06-05 11:26:53
259.0,75,12043.16,259.0,6.606,134,161,6.606,2024-06-05 11:26:54
256.6,73,12050.17,256.6,7.011,120,197,7.011,2024-06-05 11:26:55
262.79999999999995,83,12056.24,262.79999999999995,6.062,127,154,6.062,2024-06-05 11:26:56
258.0,82,12062.97,258.0,6.732,121,153,6.732,2024-06-05 11:26:57
259.6,76,12068.78,259.6,5.811,129,207,5.811,2024-06-05 11:26:58
259.6,85,12075.75,259.6,6.969,121,211,6.969,2024-06-05 11:26:59
261.20000000000005,79,12082.28,261.20000000000005,6.531,122,152,6.531,2024-06-05 11:27:00
259.0,74,12089.83,259.0,7.55,138,199,7.55,2024-06-05 11:27:01
261.6,82,12096.11,261.6,6.278,151,163,6.278,2024-06-05 11:27:02
262.6,77,12103.68,262.6,7.577,138,175,7.577,2024-06-05 11:27:03
261.79999999999995,81,12110.47,261.79999999999995,6.79,131,151,6.79,2024-06-05 11:27:04
258.79999999999995,79,12117.13,258.79999999999995,6.658,117,178,6.658,2024-06-05 11:27:05
261.4,79,12123.23,261.4,6.101,133,189,6.101,2024-06-05 11:27:06
254.60000000000002,84,12129.26,254.60000000000002,6.025,133,189,6.025,2024-06-05 11:27:07
261.0,76,12135.86,261.0,6.604,118,140,6.604,2024-06-05 11:27:08
264.4,92,12142.29,264.4,6.426,142,149,6.426,2024-06-05 11:27:09
262.6,66,12148.68,262.6,6.391,128,182,6.391,2024-06-05 11:27:10
259.20000000000005,82,12154.88,259.20000000000005,6.202,122,154,6.202,2024-06-05 11:27:11
260.4,78,12161.85,260.4,6.972,126,189,6.972,2024-06-05 11:27:12
259.79999999999995,70,12169.03,259.79999999999995,7.177,122,216,7.177,2024-06-05 11:27:13
260.6,82,12175.58,260.6,6.551,143,174,6.551,2024-06-05 11:27:14
257.4,86,12182.06,257.4,6.483,138,187,6.483,2024-06-05 11:27:15
259.0,79,12188.6,259.0,6.542,148,203,6.542,2024-06-05 11:27:16
261.4,71,12195.22,261.4,6.617,119,151,6.617,2024-06-05 11:27:17
262.79999999999995,77,12201.22,262.79999999999995,5.998,117,178,5.998,2024-06-05 11:27:18
258.79999999999995,78,12207.5,258.79999999999995,6.282,129,186,6.282,2024-06-05 11:27:19
258.20000000000005,73,12214.78,258.20000000000005,7.277,134,162,7.277,2024-06-05 11:27:20
259.4,74,12221.34,259.4,6.567,139,198,6.567,2024-06-05 11:27:21
263.6,79,12227.1,263.6,5.76,121,173,5.76,2024-06-05 11:27:22
258.0,67,12233.58,258.0,6.472,134,185,6.472,2024-06-05 11:27:23
258.0,79,12240.57,258.0,6.992,122,194,6.992,2024-06-05 11:27:24
260.79999999999995,68,12246.81,260.79999999999995,6.242,147,200,6.242,2024-06-05 11:27:25
259.79999999999995,81,12252.21,259.79999999999995,5.398,137,168,5.398,2024-06-05 11:27:26
256.4,80,12259.65,256.4,7.44,138,167,7.44,2024-06-05 11:27:27
259.0,77,12266.15,259.0,6.5,152,176,6.5,2024-06-05 11:27:28
259.20000000000005,85,12273.79,259.20000000000005,7.638,126,185,7.638,2024-06-05 11:27:29
259.4,77,12279.79,259.4,6.008,130,197,6.008,2024-06-05 11:27:30
257.20000000000005,90,12286.55,257.20000000000005,6.756,129,189,6.756,2024-06-05 11:27:31
261.20000000000005,80,12293.38,261.20000000000005,6.827,121,222,6.827,2024-06-05 11:27:32
261.4,83,12299.22,261.4,5.839,140,167,5.839,2024-06-05 11:27:33
261.20000000000005,79,12305.9,261.20000000000005,6.687,124,176,6.687,2024-06-05 11:27:34
257.79999999999995,76,12313.3,257.79999999999995,7.396,126,181,7.396,2024-06-05 11:27:35
259.0,85,12319.25,259.0,5.948,133,193,5.948,2024-06-05 11:27:36
258.20000000000005,72,12325.67,258.20000000000005,6.425,113,154,6.425,2024-06-05 11:27:37
261.0,78,12333.18,261.0,7.511,134,160,7.511,2024-06-05 11:27:38
260.4,74,12339.27,260.4,6.092,143,162,6.092,2024-06-05 11:27:39
263.4,83,12345.86,263.4,6.582,128,175,6.582,2024-06-05 11:27:40
260.6,77,12352.06,260.6,6.202,128,191,6.202,2024-06-05 11:27:41
258.6,81,12358.47,258.6,6.412,113,161,6.412,2024-06-05 11:27:42
257.6,77,12364.85,257.6,6.382,122,157,6.382,2024-06-05 11:27:43
261.4,75,12370.41,261.4,5.556,134,173,5.556,2024-06-05 11:27:44
257.79999999999995,80,12377.07,257.79999999999995,6.661,126,151,6.661,2024-06-05 11:27:45
257.4,81,12383.89,257.4,6.82,123,180,6.82,2024-06-05 11:27:46
259.79999999999995,87,12390.53,259.79999999999995,6.636,113,175,6.636,2024-06-05 11:27:47
257.6,74,12397.13,257.6,6.604,134,186,6.604,2024-06-05 11:27:48
258.20000000000005,81,12403.44,258.20000000000005,6.308,134,155,6.308,2024-06-05 11:27:49
261.4,82,12410.81,261.4,7.375,145,151,7.375,2024-06-05 11:27:50
259.0,79,12417.42,259.0,6.603,121,197,6.603,2024-06-05 11:27:51
263.0,72,12423.29,263.0,5.875,130,190,5.875,2024-06-05 11:27:52
259.4,85,12429.29,259.4,6.0,135,155,6.0,2024-06-05 11:27:53
258.20000000000005,74,12434.98,258.20000000000005,5.686,129,197,5.686,2024-06-05 11:27:54
263.20000000000005,76,12441.21,263.20000000000005,6.235,122,196,6.235,2024-06-05 11:27:55
259.4,79,12447.38,259.4,6.171,127,179,6.171,2024-06-05 11:27:56
259.79999999999995,80,12454.54,259.79999999999995,7.154,134,176,7.154,2024-06-05 11:27:57
264.0,74,12461.38,264.0,6.839,142,161,6.839,2024-06-05 11:27:58
258.4,78,12467.71,258.4,6.33,125,194,6.33,2024-06-05 11:27:59
258.79999999999995,72,12474.85,258.79999999999995,7.145,117,180,7.145,2024-06-05 11:28:00
259.4,81,12481.47,259.4,6.624,131,204,6.624,2024-06-05 11:28:01
262.4,75,12487.51,262.4,6.037,112,188,6.037,2024-06-05 11:28:02
260.6,78,12494.65,260.6,7.142,132,207,7.142,2024-06-05 11:28:03
259.4,86,12500.54,259.4,5.887,131,200,5.887,2024-06-05 11:28:04
259.79999999999995,80,12506.36,259.79999999999995,5.818,145,158,5.818,2024-06-05 11:28:05
260.4,72,12513.01,260.4,6.652,107,208,6.652,2024-06-05 11:28:06
261.6,84,12519.62,261.6,6.61,113,144,6.61,2024-06-05 11:28:07
260.0,88,12526.27,260.0,6.654,125,162,6.654,2024-06-05 11:28:08
260.79999999999995,87,12532.48,260.79999999999995,6.204,145,167,6.204,2024-06-05 11:28:09
260.79999999999995,85,12538.53,260.79999999999995,6.053,124,189,6.053,2024-06-05 11:28:10
261.0,76,12545.4,261.0,6.864,139,171,6.864,2024-06-05 11:28:11
259.4,80,12552.17,259.4,6.773,124,176,6.773,2024-06-05 11:28:12
259.6,78,12558.76,259.6,6.594,131,190,6.594,2024-06-05 11:28:13
262.79999999999995,85,12565.05,262.79999999999995,6.292,117,145,6.292,2024-06-05 11:28:14
262.6,79,12571.55,262.6,6.498,116,202,6.498,2024-06-05 11:28:15
258.4,87,12577.44,258.4,5.892,131,190,5.892,2024-06-05 11:28:16
262.6,87,12583.55,262.6,6.107,131,185,6.107,2024-06-05 11:28:17
258.6,81,12590.37,258.6,6.817,128,180,6.817,2024-06-05 11:28:18
258.4,76,12597.05,258.4,6.679,119,160,6.679,2024-06-05 11:28:19
260.20000000000005,83,12603.82,260.20000000000005,6.775,138,145,6.775,2024-06-05 11:28:20
257.79999999999995,82,12610.29,257.79999999999995,6.47,121,186,6.47,2024-06-05 11:28:21
259.4,88,12616.89,259.4,6.603,129,229,6.603,2024-06-05 11:28:22
259.20000000000005,68,12623.5,259.20000000000005,6.606,131,184,6.606,2024-06-05 11:28:23
259.6,79,12629.73,259.6,6.225,124,205,6.225,2024-06-05 11:28:24
255.20000000000005,76,12636.32,255.20000000000005,6.598,141,169,6.598,2024-06-05 11:28:25
258.4,74,12642.66,258.4,6.334,131,187,6.334,2024-06-05 11:28:26
259.20000000000005,81,12649.32,259.20000000000005,6.659,136,163,6.659,2024-06-05 11:28:27
262.4,78,12656.21,262.4,6.891,135,169,6.891,2024-06-05 11:28:28
262.6,73,12662.92,262.6,6.713,122,180,6.713,2024-06-05 11:28:29
262.6,78,12670.11,262.6,7.189,134,176,7.189,2024-06-05 11:28:30
260.4,78,12676.24,260.4,6.132,137,189,6.132,2024-06-05 11:28:31
263.20000000000005,86,12682.39,263.20000000000005,6.149,122,141,6.149,2024-06-05 11:28:32
259.4,78,12688.16,259.4,5.771,137,177,5.771,2024-06-05 11:28:33
261.0,73,12693.9,261.0,5.737,129,168,5.737,2024-06-05 11:28:34
258.6,76,12700.42,258.6,6.52,121,191,6.52,2024-06-05 11:28:35
259.20000000000005,81,12707.56,259.20000000000005,7.136,135,178,7.136,2024-06-05 11:28:36
262.20000000000005,79,12714.04,262.20000000000005,6.482,130,216,6.482,2024-06-05 11:28:37
262.0,72,12720.47,262.0,6.431,127,182,6.431,2024-06-05 11:28:38
259.0,77,12727.11,259.0,6.641,129,209,6.641,2024-06-05 11:28:39
256.20000000000005,84,12733.79,256.20000000000005,6.676,122,196,6.676,2024-06-05 11:28:40
256.4,81,12739.64,256.4,5.854,111,151,5.854,2024-06-05 11:28:41
262.0,92,12746.08,262.0,6.44,130,189,6.44,2024-06-05 11:28:42
262.4,85,12752.45,262.4,6.373,129,217,6.373,2024-06-05 11:28:43
257.79999999999995,80,12758.77,257.79999999999995,6.32,156,191,6.32,2024-06-05 11:28:44
256.4,79,12764.71,256.4,5.939,139,214,5.939,2024-06-05 11:28:45
262.6,86,12772.48,262.6,7.77,123,215,7.77,2024-06-05 11:28:46
259.0,88,12779.43,259.0,6.95,116,210,6.95,2024-06-05 11:28:47
259.0,82,12785.15,259.0,5.716,131,171,5.716,2024-06-05 11:28:48
261.4,76,12791.07,261.4,5.919,126,205,5.919,2024-06-05 11:28:49
256.0,87,12797.21,256.0,6.139,150,194,6.139,2024-06-05 11:28:50
263.0,75,12804.44,263.0,7.229,128,165,7.229,2024-06-05 11:28:51
259.20000000000005,80,12810.69,259.20000000000005,6.259,150,174,6.259,2024-06-05 11:28:52
257.79999999999995,89,12816.46,257.79999999999995,5.761,131,181,5.761,2024-06-05 11:28:53
261.79999999999995,76,12823.02,261.79999999999995,6.566,138,205,6.566,2024-06-05 11:28:54
261.6,81,12829.63,261.6,6.609,131,163,6.609,2024-06-05 11:28:55
260.0,79,12836.08,260.0,6.447,129,148,6.447,2024-06-05 11:28:56
261.79999999999995,73,12842.62,261.79999999999995,6.54,153,152,6.54,2024-06-05 11:28:57
260.0,76,12848.3,260.0,5.685,134,182,5.685,2024-06-05 11:28:58
261.0,75,12854.52,261.0,6.221,135,227,6.221,2024-06-05 11:28:59
259.20000000000005,73,12861.14,259.20000000000005,6.618,115,192,6.618,2024-06-05 11:29:00
257.79999999999995,70,12868.51,257.79999999999995,7.368,122,177,7.368,2024-06-05 11:29:01
262.0,75,12875.63,262.0,7.118,131,196,7.118,2024-06-05 11:29:02
254.60000000000002,74,12881.57,254.60000000000002,5.939,138,220,5.939,2024-06-05 11:29:03
258.79999999999995,84,12888.45,258.79999999999995,6.879,133,189,6.879,2024-06-05 11:29:04
257.0,83,12895.02,257.0,6.57,127,159,6.57,2024-06-05 11:29:05
258.79999999999995,87,12901.52,258.79999999999995,6.508,126,181,6.508,2024-06-05 11:29:06
259.20000000000005,79,12908.02,259.20000000000005,6.501,134,160,6.501,2024-06-05 11:29:07
258.4,80,12914.29,258.4,6.266,144,197,6.266,2024-06-05 11:29:08
261.79999999999995,84,12921.27,261.79999999999995,6.979,143,150,6.979,2024-06-05 11:29:09
258.79999999999995,81,12928.62,258.79999999999995,7.355,131,171,7.355,2024-06-05 11:29:10
258.20000000000005,76,12935.14,258.20000000000005,6.515,122,175,6.515,2024-06-05 11:29:11
259.79999999999995,79,12941.66,259.79999999999995,6.522,125,168,6.522,2024-06-05 11:29:12
263.4,92,12948.33,263.4,6.667,142,138,6.667,2024-06-05 11:29:13
258.79999999999995,75,12955.77,258.79999999999995,7.438,134,166,7.438,2024-06-05 11:29:14
258.20000000000005,77,12962.11,258.20000000000005,6.345,148,154,6.345,2024-06-05 11:29:15
259.20000000000005,80,12968.58,259.20000000000005,6.465,121,197,6.465,2024-06-05 11:29:16
262.4,82,12975.81,262.4,7.237,143,168,7.237,2024-06-05 11:29:17
260.79999999999995,76,12982.37,260.79999999999995,6.552,117,171,6.552,2024-06-05 11:29:18
256.20000000000005,86,12988.97,256.20000000000005,6.603,125,181,6.603,2024-06-05 11:29:19
259.4,72,12995.68,259.4,6.712,110,187,6.712,2024-06-05 11:29:20
255.79999999999995,73,13002.58,255.79999999999995,6.899,139,150,6.899,2024-06-05 11:29:21
262.20000000000005,79,13009.22,262.20000000000005,6.641,129,184,6.641,2024-06-05 11:29:22
262.20000000000005,84,13015.89,262.20000000000005,6.665,137,152,6.665,2024-06-05 11:29:23
259.6,80,13023.37,259.6,7.479,128,199,7.479,2024-06-05 11:29:24
260.20000000000005,76,13030.39,260.20000000000005,7.025,125,204,7.025,2024-06-05 11:29:25
263.0,88,13036.5,263.0,6.11,126,158,6.11,2024-06-05 11:29:26
260.20000000000005,74,13042.65,260.20000000000005,6.146,116,161,6.146,2024-06-05 11:29:27
259.6,81,13049.36,259.6,6.709,131,173,6.709,2024-06-05 11:29:28
257.79999999999995,78,13055.86,257.79999999999995,6.508,133,184,6.508,2024-06-05 11:29:29
260.79999999999995,77,13062.3,260.79999999999995,6.434,128,159,6.434,2024-06-05 11:29:30
252.60000000000002,98,13071.59,252.60000000000002,9.298,154,236,9.298,2024-06-05 11:29:31
254.39999999999998,95,13079.61,254.39999999999998,8.016,157,207,8.016,2024-06-05 11:29:32
256.0,93,13087.71,256.0,8.101,162,220,8.101,2024-06-05 11:29:33
255.60000000000002,90,13095.86,255.60000000000002,8.148,156,201,8.148,2024-06-05 11:29:34
252.39999999999998,87,13104.38,252.39999999999998,8.526,153,208,8.526,2024-06-05 11:29:35
254.39999999999998,88,13112.32,254.39999999999998,7.934,137,232,7.934,2024-06-05 11:29:36
258.0,86,13119.75,258.0,7.429,159,229,7.429,2024-06-05 11:29:37
255.0,97,13127.8,255.0,8.052,153,210,8.052,2024-06-05 11:29:38
253.60000000000002,88,13136.17,253.60000000000002,8.368,138,218,8.368,2024-06-05 11:29:39
252.0,95,13144.03,252.0,7.863,133,190,7.863,2024-06-05 11:29:40
254.79999999999995,98,13151.05,254.79999999999995,7.022,149,186,7.022,2024-06-05 11:29:41
255.79999999999995,83,13157.96,255.79999999999995,6.915,147,189,6.915,2024-06-05 11:29:42
252.39999999999998,95,13166.12,252.39999999999998,8.155,170,221,8.155,2024-06-05 11:29:43
251.79999999999995,94,13174.32,251.79999999999995,8.198,150,237,8.198,2024-06-05 11:29:44
255.79999999999995,85,13182.11,255.79999999999995,7.79,151,210,7.79,2024-06-05 11:29:45
252.60000000000002,84,13189.71,252.60000000000002,7.603,155,223,7.603,2024-06-05 11:29:46
257.4,92,13196.99,257.4,7.283,165,213,7.283,2024-06-05 11:29:47
254.79999999999995,98,13205.74,254.79999999999995,8.749,136,248,8.749,2024-06-05 11:29:48
257.6,81,13213.42,257.6,7.678,156,207,7.678,2024-06-05 11:29:49
254.60000000000002,89,13220.97,254.60000000000002,7.547,156,254,7.547,2024-06-05 11:29:50
257.0,90,13228.61,257.0,7.646,141,188,7.646,2024-06-05 11:29:51
252.0,93,13236.64,252.0,8.026,145,206,8.026,2024-06-05 11:29:52
257.0,90,13245.28,257.0,8.638,143,210,8.638,2024-06-05 11:29:53
255.60000000000002,83,13253.81,255.60000000000002,8.532,147,234,8.532,2024-06-05 11:29:54
252.79999999999995,88,13261.89,252.79999999999995,8.086,161,194,8.086,2024-06-05 11:29:55
257.0,86,13270.59,257.0,8.697,149,215,8.697,2024-06-05 11:29:56
255.60000000000002,99,13278.41,255.60000000000002,7.817,169,258,7.817,2024-06-05 11:29:57
252.20000000000005,95,13286.34,252.20000000000005,7.933,132,181,7.933,2024-06-05 11:29:58
254.79999999999995,84,13295.37,254.79999999999995,9.027,144,223,9.027,2024-06-05 11:29:59
255.20000000000005,92,13303.09,255.20000000000005,7.721,157,224,7.721,2024-06-05 11:30:00
255.60000000000002,87,13310.69,255.60000000000002,7.601,142,200,7.601,2024-06-05 11:30:01
258.4,95,13318.41,258.4,7.717,143,245,7.717,2024-06-05 11:30:02
252.79999999999995,95,13326.57,252.79999999999995,8.159,145,222,8.159,2024-06-05 11:30:03
257.4,92,13333.82,257.4,7.255,155,212,7.255,2024-06-05 11:30:04
254.79999999999995,91,13341.29,254.79999999999995,7.472,128,236,7.472,2024-06-05 11:30:05
254.39999999999998,95,13349.86,254.39999999999998,8.564,160,232,8.564,2024-06-05 11:30:06
254.20000000000005,81,13358.3,254.20000000000005,8.446,142,221,8.446,2024-06-05 11:30:07
252.79999999999995,91,13365.58,252.79999999999995,7.273,151,200,7.273,2024-06-05 11:30:08
257.0,87,13372.42,257.0,6.845,130,218,6.845,2024-06-05 11:30:09
257.20000000000005,81,13381.52,257.20000000000005,9.101,149,245,9.101,2024-06-05 11:30:10
253.79999999999995,87,13389.28,253.79999999999995,7.753,147,189,7.753,2024-06-05 11:30:11
257.79999999999995,85,13397.71,257.79999999999995,8.438,140,242,8.438,2024-06-05 11:30:12
255.39999999999998,86,13406.41,255.39999999999998,8.698,155,244,8.698,2024-06-05 11:30:13
255.79999999999995,83,13414.58,255.79999999999995,8.171,146,216,8.171,2024-06-05 11:30:14
255.60000000000002,86,13422.44,255.60000000000002,7.86,147,245,7.86,2024-06-05 11:30:15
256.20000000000005,90,13430.39,256.20000000000005,7.941,139,209,7.941,2024-06-05 11:30:16
253.60000000000002,91,13438.5,253.60000000000002,8.117,153,227,8.117,2024-06-05 11:30:17
254.60000000000002,96,13445.69,254.60000000000002,7.184,122,187,7.184,2024-06-05 11:30:18
256.79999999999995,87,13454.22,256.79999999999995,8.537,136,228,8.537,2024-06-05 11:30:19
257.6,82,13462.91,257.6,8.684,158,201,8.684,2024-06-05 11:30:20
255.0,91,13470.73,255.0,7.825,144,220,7.825,2024-06-05 11:30:21
256.4,94,13479.98,256.4,9.249,158,224,9.249,2024-06-05 11:30:22
255.39999999999998,93,13488.33,255.39999999999998,8.347,152,202,8.347,2024-06-05 11:30:23
254.60000000000002,83,13496.09,254.60000000000002,7.757,168,237,7.757,2024-06-05 11:30:24
253.39999999999998,83,13503.84,253.39999999999998,7.754,162,204,7.754,2024-06-05 11:30:25
258.4,86,13511.77,258.4,7.933,144,249,7.933,2024-06-05 11:30:26
250.79999999999995,80,13519.41,250.79999999999995,7.64,138,205,7.64,2024-06-05 11:30:27
257.4,83,13527.79,257.4,8.382,147,234,8.382,2024-06-05 11:30:28
254.39999999999998,85,13536.15,254.39999999999998,8.357,147,234,8.357,2024-06-05 11:30:29
254.0,95,13543.81,254.0,7.656,143,221,7.656,2024-06-05 11:30:30
255.39999999999998,82,13551.34,255.39999999999998,7.537,140,178,7.537,2024-06-05 11:30:31
254.20000000000005,89,13559.89,254.20000000000005,8.547,145,154,8.547,2024-06-05 11:30:32
252.60000000000002,88,13566.79,252.60000000000002,6.902,154,209,6.902,2024-06-05 11:30:33
256.4,83,13574.61,256.4,7.814,156,236,7.814,2024-06-05 11:30:34
254.79999999999995,82,13581.87,254.79999999999995,7.26,158,231,7.26,2024-06-05 11:30:35
254.20000000000005,94,13589.62,254.20000000000005,7.748,133,222,7.748,2024-06-05 11:30:36
256.6,93,13597.76,256.6,8.142,163,217,8.142,2024-06-05 11:30:37
255.0,86,13605.53,255.0,7.772,152,227,7.772,2024-06-05 11:30:38
251.79999999999995,92,13614.1,251.79999999999995,8.572,135,218,8.572,2024-06-05 11:30:39
252.60000000000002,88,13621.69,252.60000000000002,7.591,137,222,7.591,2024-06-05 11:30:40
254.0,91,13629.2,254.0,7.507,162,213,7.507,2024-06-05 11:30:41
254.60000000000002,89,13637.05,254.60000000000002,7.851,158,254,7.851,2024-06-05 11:30:42
257.0,95,13645.83,257.0,8.783,164,212,8.783,2024-06-05 11:30:43
254.60000000000002,89,13653.53,254.60000000000002,7.7,152,242,7.7,2024-06-05 11:30:44
254.39999999999998,86,13661.54,254.39999999999998,8.005,151,230,8.005,2024-06-05 11:30:45
253.0,90,13670.19,253.0,8.649,166,193,8.649,2024-06-05 11:30:46
254.60000000000002,97,13677.51,254.60000000000002,7.321,151,175,7.321,2024-06-05 11:30:47
252.60000000000002,93,13684.9,252.60000000000002,7.391,145,217,7.391,2024-06-05 11:30:48
253.20000000000005,93,13692.79,253.20000000000005,7.884,132,229,7.884,2024-06-05 11:30:49
253.0,82,13701.42,253.0,8.634,162,240,8.634,2024-06-05 11:30:50
260.6,84,13709.83,260.6,8.408,147,199,8.408,2024-06-05 11:30:51
255.0,90,13718.48,255.0,8.653,143,213,8.653,2024-06-05 11:30:52
260.79999999999995,87,13725.88,260.79999999999995,7.394,157,208,7.394,2024-06-05 11:30:53
251.20000000000005,87,13733.69,251.20000000000005,7.813,163,226,7.813,2024-06-05 11:30:54
254.20000000000005,95,13741.86,254.20000000000005,8.169,143,217,8.169,2024-06-05 11:30:55
251.79999999999995,91,13748.8,251.79999999999995,6.938,137,211,6.938,2024-06-05 11:30:56
252.60000000000002,86,13756.81,252.60000000000002,8.013,168,199,8.013,2024-06-05 11:30:57
254.79999999999995,91,13764.87,254.79999999999995,8.061,141,238,8.061,2024-06-05 11:30:58
255.60000000000002,102,13772.65,255.60000000000002,7.776,141,200,7.776,2024-06-05 11:30:59
255.39999999999998,85,13780.68,255.39999999999998,8.037,137,242,8.037,2024-06-05 11:31:00
254.79999999999995,95,13788.53,254.79999999999995,7.847,162,213,7.847,2024-06-05 11:31:01
253.60000000000002,88,13796.67,253.60000000000002,8.145,153,233,8.145,2024-06-05 11:31:02
254.0,100,13804.52,254.0,7.847,161,225,7.847,2024-06-05 11:31:03
254.0,85,13812.72,254.0,8.202,145,165,8.202,2024-06-05 11:31:04
251.39999999999998,83,13820.83,251.39999999999998,8.108,140,209,8.108,2024-06-05 11:31:05
254.79999999999995,87,13829.02,254.79999999999995,8.184,155,221,8.184,2024-06-05 11:31:06
253.39999999999998,83,13836.88,253.39999999999998,7.864,147,218,7.864,2024-06-05 11:31:07
251.60000000000002,88,13844.26,251.60000000000002,7.382,155,241,7.382,2024-06-05 11:31:08
259.79999999999995,83,13852.82,259.79999999999995,8.558,146,199,8.558,2024-06-05 11:31:09
253.39999999999998,85,13861.46,253.39999999999998,8.637,166,222,8.637,2024-06-05 11:31:10
256.0,99,13870.02,256.0,8.568,151,220,8.568,2024-06-05 11:31:11
255.60000000000002,95,13878.41,255.60000000000002,8.389,142,194,8.389,2024-06-05 11:31:12
257.20000000000005,91,13886.22,257.20000000000005,7.808,149,190,7.808,2024-06-05 11:31:13
257.0,91,13894.1,257.0,7.882,165,207,7.882,2024-06-05 11:31:14
250.39999999999998,82,13902.37,250.39999999999998,8.27,130,223,8.27,2024-06-05 11:31:15
257.6,95,13910.15,257.6,7.78,155,221,7.78,2024-06-05 11:31:16
256.20000000000005,93,13918.26,256.20000000000005,8.112,148,241,8.112,2024-06-05 11:31:17
256.6,94,13926.44,256.6,8.177,149,237,8.177,2024-06-05 11:31:18
252.79999999999995,89,13934.36,252.79999999999995,7.922,142,182,7.922,2024-06-05 11:31:19
257.0,90,13941.49,257.0,7.129,139,214,7.129,2024-06-05 11:31:20
256.0,90,13949.4,256.0,7.905,140,224,7.905,2024-06-05 11:31:21
254.79999999999995,93,13956.92,254.79999999999995,7.527,154,247,7.527,2024-06-05 11:31:22
254.20000000000005,85,13964.6,254.20000000000005,7.674,156,232,7.674,2024-06-05 11:31:23
253.60000000000002,81,13972.29,253.60000000000002,7.691,157,232,7.691,2024-06-05 11:31:24
251.39999999999998,90,13980.53,251.39999999999998,8.241,160,213,8.241,2024-06-05 11:31:25
256.0,87,13988.08,256.0,7.546,144,222,7.546,2024-06-05 11:31:26
256.20000000000005,92,13996.16,256.20000000000005,8.084,153,230,8.084,2024-06-05 11:31:27
254.20000000000005,89,14003.88,254.20000000000005,7.715,141,199,7.715,2024-06-05 11:31:28
255.60000000000002,91,14012.0,255.60000000000002,8.123,139,233,8.123,2024-06-05 11:31:29
255.0,91,14020.07,255.0,8.072,161,241,8.072,2024-06-05 11:31:30
257.6,99,14028.59,257.6,8.515,163,218,8.515,2024-06-05 11:31:31
253.79999999999995,81,14036.14,253.79999999999995,7.554,119,193,7.554,2024-06-05 11:31:32
256.20000000000005,93,14044.37,256.20000000000005,8.23,150,224,8.23,2024-06-05 11:31:33
251.20000000000005,95,14053.7,251.20000000000005,9.327,161,188,9.327,2024-06-05 11:31:34
254.60000000000002,83,14061.81,254.60000000000002,8.11,161,201,8.11,2024-06-05 11:31:35
253.39999999999998,88,14070.35,253.39999999999998,8.539,158,202,8.539,2024-06-05 11:31:36
254.60000000000002,102,14077.81,254.60000000000002,7.46,136,228,7.46,2024-06-05 11:31:37
255.20000000000005,84,14084.9,255.20000000000005,7.096,152,223,7.096,2024-06-05 11:31:38
251.0,86,14092.7,251.0,7.794,146,220,7.794,2024-06-05 11:31:39
255.39999999999998,96,14100.03,255.39999999999998,7.332,138,229,7.332,2024-06-05 11:31:40
257.0,83,14108.36,257.0,8.331,163,208,8.331,2024-06-05 11:31:41
250.0,91,14115.6,250.0,7.238,140,218,7.238,2024-06-05 11:31:42
256.6,88,14123.32,256.6,7.719,159,210,7.719,2024-06-05 11:31:43
253.79999999999995,91,14131.02,253.79999999999995,7.707,138,251,7.707,2024-06-05 11:31:44
252.79999999999995,88,14139.07,252.79999999999995,8.045,147,210,8.045,2024-06-05 11:31:45
255.39999999999998,93,14147.64,255.39999999999998,8.57,149,249,8.57,2024-06-05 11:31:46
252.79999999999995,84,14155.31,252.79999999999995,7.668,158,198,7.668,2024-06-05 11:31:47
256.6,91,14162.98,256.6,7.673,130,194,7.673,2024-06-05 11:31:48
254.60000000000002,86,14171.28,254.60000000000002,8.303,147,241,8.303,2024-06-05 11:31:49
254.20000000000005,84,14178.96,254.20000000000005,7.672,150,248,7.672,2024-06-05 11:31:50
253.60000000000002,86,14186.16,253.60000000000002,7.203,153,214,7.203,2024-06-05 11:31:51
256.4,87,14194.26,256.4,8.102,162,207,8.102,2024-06-05 11:31:52
256.4,99,14201.88,256.4,7.617,131,237,7.617,2024-06-05 11:31:53
258.6,89,14209.41,258.6,7.535,156,243,7.535,2024-06-05 11:31:54
252.0,84,14217.63,252.0,8.22,138,215,8.22,2024-06-05 11:31:55
253.60000000000002,93,14225.58,253.60000000000002,7.951,150,246,7.951,2024-06-05 11:31:56
251.79999999999995,83,14232.9,251.79999999999995,7.313,156,207,7.313,2024-06-05 11:31:57
256.0,91,14240.68,256.0,7.78,135,222,7.78,2024-06-05 11:31:58
253.60000000000002,86,14247.72,253.60000000000002,7.039,143,195,7.039,2024-06-05 11:31:59
255.20000000000005,90,14256.09,255.20000000000005,8.376,159,204,8.376,2024-06-05 11:32:00
257.4,87,14264.85,257.4,8.761,149,233,8.761,2024-06-05 11:32:01
255.79999999999995,87,14273.11,255.79999999999995,8.26,145,244,8.26,2024-06-05 11:32:02
252.79999999999995,89,14280.52,252.79999999999995,7.408,134,216,7.408,2024-06-05 11:32:03
255.20000000000005,89,14287.82,255.20000000000005,7.302,145,194,7.302,2024-06-05 11:32:04
254.79999999999995,85,14295.73,254.79999999999995,7.907,145,192,7.907,2024-06-05 11:32:05
253.60000000000002,82,14303.39,253.60000000000002,7.655,167,196,7.655,2024-06-05 11:32:06
251.60000000000002,84,14311.49,251.60000000000002,8.102,156,230,8.102,2024-06-05 11:32:07
254.79999999999995,82,14318.65,254.79999999999995,7.163,165,241,7.163,2024-06-05 11:32:08
252.20000000000005,85,14326.17,252.20000000000005,7.522,141,215,7.522,2024-06-05 11:32:09
255.79999999999995,91,14334.67,255.79999999999995,8.492,142,241,8.492,2024-06-05 11:32:10
250.79999999999995,95,14342.98,250.79999999999995,8.314,154,224,8.314,2024-06-05 11:32:11
253.39999999999998,94,14350.32,253.39999999999998,7.342,155,225,7.342,2024-06-05 11:32:12
254.0,92,14358.37,254.0,8.046,151,210,8.046,2024-06-05 11:32:13
255.20000000000005,92,14365.54,255.20000000000005,7.171,150,206,7.171,2024-06-05 11:32:14
253.79999999999995,93,14374.28,253.79999999999995,8.747,149,199,8.747,2024-06-05 11:32:15
253.0,89,14382.09,253.0,7.81,156,197,7.81,2024-06-05 11:32:16
252.60000000000002,83,14390.03,252.60000000000002,7.94,151,193,7.94,2024-06-05 11:32:17
254.0,93,14398.29,254.0,8.258,144,212,8.258,2024-06-05 11:32:18
252.0,86,14406.57,252.0,8.279,143,238,8.279,2024-06-05 11:32:19
256.0,86,14415.04,256.0,8.471,161,195,8.471,2024-06-05 11:32:20
254.20000000000005,88,14421.88,254.20000000000005,6.832,133,194,6.832,2024-06-05 11:32:21
255.39999999999998,94,14429.88,255.39999999999998,8.0,158,197,8.0,2024-06-05 11:32:22
254.0,82,14438.26,254.0,8.386,156,222,8.386,2024-06-05 11:32:23
253.20000000000005,90,14446.3,253.20000000000005,8.039,142,215,8.039,2024-06-05 11:32:24
253.20000000000005,92,14453.89,253.20000000000005,7.589,138,224,7.589,2024-06-05 11:32:25
254.0,90,14461.42,254.0,7.532,142,195,7.532,2024-06-05 11:32:26
257.0,102,14469.01,257.0,7.593,163,223,7.593,2024-06-05 11:32:27
254.39999999999998,88,14476.44,254.39999999999998,7.425,154,232,7.425,2024-06-05 11:32:28
252.79999999999995,89,14484.49,252.79999999999995,8.056,148,226,8.056,2024-06-05 11:32:29
254.20000000000005,93,14492.16,254.20000000000005,7.663,141,189,7.663,2024-06-05 11:32:30
253.79999999999995,89,14499.05,253.79999999999995,6.891,146,237,6.891,2024-06-05 11:32:31
253.0,84,14508.05,253.0,8.997,151,214,8.997,2024-06-05 11:32:32
258.20000000000005,81,14515.74,258.20000000000005,7.691,143,246,7.691,2024-06-05 11:32:33
252.20000000000005,91,14523.88,252.20000000000005,8.143,150,213,8.143,2024-06-05 11:32:34
256.20000000000005,96,14533.06,256.20000000000005,9.176,161,194,9.176,2024-06-05 11:32:35
253.60000000000002,84,14540.36,253.60000000000002,7.308,155,223,7.308,2024-06-05 11:32:36
253.39999999999998,83,14548.14,253.39999999999998,7.78,142,224,7.78,2024-06-05 11:32:37
256.0,91,14555.61,256.0,7.466,151,218,7.466,2024-06-05 11:32:38
251.0,87,14563.56,251.0,7.95,146,217,7.95,2024-06-05 11:32:39
253.39999999999998,82,14570.26,253.39999999999998,6.701,158,218,6.701,2024-06-05 11:32:40
251.20000000000005,94,14578.09,251.20000000000005,7.828,155,229,7.828,2024-06-05 11:32:41
256.0,98,14585.83,256.0,7.739,155,214,7.739,2024-06-05 11:32:42
253.60000000000002,86,14594.22,253.60000000000002,8.392,140,237,8.392,2024-06-05 11:32:43
256.0,86,14602.35,256.0,8.128,136,224,8.128,2024-06-05 11:32:44
255.0,87,14609.87,255.0,7.52,141,229,7.52,2024-06-05 11:32:45
257.4,90,14616.77,257.4,6.903,134,226,6.903,2024-06-05 11:32:46
258.4,92,14624.7,258.4,7.926,149,225,7.926,2024-06-05 11:32:47
255.39999999999998,96,14633.1,255.39999999999998,8.403,159,240,8.403,2024-06-05 11:32:48
254.60000000000002,92,14641.05,254.60000000000002,7.954,156,170,7.954,2024-06-05 11:32:49
255.60000000000002,93,14648.74,255.60000000000002,7.687,150,220,7.687,2024-06-05 11:32:50
255.79999999999995,88,14657.4,255.79999999999995,8.662,144,231,8.662,2024-06-05 11:32:51
255.20000000000005,83,14666.06,255.20000000000005,8.652,141,182,8.652,2024-06-05 11:32:52
254.60000000000002,93,14674.01,254.60000000000002,7.958,144,228,7.958,2024-06-05 11:32:53
259.6,86,14682.13,259.6,8.121,139,245,8.121,2024-06-05 11:32:54
255.60000000000002,88,14689.97,255.60000000000002,7.837,148,198,7.837,2024-06-05 11:32:55
253.0,91,14696.96,253.0,6.983,141,225,6.983,2024-06-05 11:32:56
249.60000000000002,90,14704.74,249.60000000000002,7.784,142,241,7.784,2024-06-05 11:32:57
254.0,89,14712.79,254.0,8.048,160,221,8.048,2024-06-05 11:32:58
256.6,93,14721.21,256.6,8.421,140,224,8.421,2024-06-05 11:32:59
256.4,95,14729.36,256.4,8.152,153,254,8.152,2024-06-05 11:33:00
259.0,91,14737.4,259.0,8.034,141,220,8.034,2024-06-05 11:33:01
257.79999999999995,92,14746.15,257.79999999999995,8.757,152,205,8.757,2024-06-05 11:33:02
258.79999999999995,90,14754.88,258.79999999999995,8.732,145,244,8.732,2024-06-05 11:33:03
255.39999999999998,82,14762.4,255.39999999999998,7.518,165,250,7.518,2024-06-05 11:33:04
254.60000000000002,90,14770.24,254.60000000000002,7.836,144,232,7.836,2024-06-05 11:33:05
252.20000000000005,85,14777.48,252.20000000000005,7.243,130,220,7.243,2024-06-05 11:33:06
252.20000000000005,85,14784.79,252.20000000000005,7.314,141,185,7.314,2024-06-05 11:33:07
255.0,96,14792.79,255.0,7.994,154,202,7.994,2024-06-05 11:33:08
257.4,88,14801.6,257.4,8.813,145,232,8.813,2024-06-05 11:33:09
255.79999999999995,85,14810.1,255.79999999999995,8.494,135,189,8.494,2024-06-05 11:33:10
257.20000000000005,91,14818.55,257.20000000000005,8.451,140,207,8.451,2024-06-05 11:33:11
255.20000000000005,78,14826.22,255.20000000000005,7.67,164,232,7.67,2024-06-05 11:33:12
255.0,85,14834.55,255.0,8.333,147,242,8.333,2024-06-05 11:33:13
251.39999999999998,87,14842.52,251.39999999999998,7.966,151,237,7.966,2024-06-05 11:33:14
255.0,101,14850.41,255.0,7.896,141,232,7.896,2024-06-05 11:33:15
251.60000000000002,86,14858.74,251.60000000000002,8.326,151,200,8.326,2024-06-05 11:33:16
254.20000000000005,84,14867.21,254.20000000000005,8.477,164,244,8.477,2024-06-05 11:33:17
254.79999999999995,97,14875.42,254.79999999999995,8.208,133,208,8.208,2024-06-05 11:33:18
253.60000000000002,90,14883.25,253.60000000000002,7.83,137,190,7.83,2024-06-05 11:33:19
254.0,90,14890.89,254.0,7.633,138,201,7.633,2024-06-05 11:33:20
256.79999999999995,93,14898.02,256.79999999999995,7.14,148,225,7.14,2024-06-05 11:33:21
252.79999999999995,94,14905.61,252.79999999999995,7.585,145,190,7.585,2024-06-05 11:33:22
259.0,91,14914.34,259.0,8.733,150,222,8.733,2024-06-05 11:33:23
258.20000000000005,91,14922.79,258.20000000000005,8.444,161,230,8.444,2024-06-05 11:33:24
256.4,84,14930.6,256.4,7.817,148,234,7.817,2024-06-05 11:33:25
256.0,92,14938.97,256.0,8.364,148,199,8.364,2024-06-05 11:33:26
255.39999999999998,91,14946.73,255.39999999999998,7.76,150,250,7.76,2024-06-05 11:33:27
256.79999999999995,91,14954.58,256.79999999999995,7.855,150,225,7.855,2024-06-05 11:33:28
253.20000000000005,101,14961.85,253.20000000000005,7.266,175,238,7.266,2024-06-05 11:33:29
255.60000000000002,88,14969.64,255.60000000000002,7.792,134,219,7.792,2024-06-05 11:33:30
255.20000000000005,84,14978.3,255.20000000000005,8.665,170,239,8.665,2024-06-05 11:33:31
256.0,96,14985.85,256.0,7.544,144,211,7.544,2024-06-05 11:33:32
255.39999999999998,98,14994.75,255.39999999999998,8.903,138,220,8.903,2024-06-05 11:33:33
254.60000000000002,79,15003.13,254.60000000000002,8.381,150,189,8.381,2024-06-05 11:33:34
256.6,89,15011.92,256.6,8.79,159,218,8.79,2024-06-05 11:33:35
251.60000000000002,86,15019.87,251.60000000000002,7.949,142,242,7.949,2024-06-05 11:33:36
256.79999999999995,95,15028.4,256.79999999999995,8.527,139,235,8.527,2024-06-05 11:33:37
257.0,88,15035.44,257.0,7.038,138,225,7.038,2024-06-05 11:33:38
256.0,93,15043.65,256.0,8.21,154,203,8.21,2024-06-05 11:33:39
257.4,93,15050.7,257.4,7.056,137,235,7.056,2024-06-05 11:33:40
259.0,98,15058.46,259.0,7.759,167,259,7.759,2024-06-05 11:33:41
258.20000000000005,91,15066.74,258.20000000000005,8.276,141,214,8.276,2024-06-05 11:33:42
254.79999999999995,92,15074.7,254.79999999999995,7.964,149,244,7.964,2024-06-05 11:33:43
254.79999999999995,86,15083.08,254.79999999999995,8.376,142,202,8.376,2024-06-05 11:33:44
254.79999999999995,89,15091.76,254.79999999999995,8.681,138,202,8.681,2024-06-05 11:33:45
256.79999999999995,84,15098.72,256.79999999999995,6.96,152,204,6.96,2024-06-05 11:33:46
248.39999999999998,89,15105.54,248.39999999999998,6.826,136,186,6.826,2024-06-05 11:33:47
253.60000000000002,89,15113.74,253.60000000000002,8.198,146,225,8.198,2024-06-05 11:33:48
259.79999999999995,84,15121.2,259.79999999999995,7.459,150,204,7.459,2024-06-05 11:33:49
253.20000000000005,86,15129.82,253.20000000000005,8.62,131,202,8.62,2024-06-05 11:33:50
253.39999999999998,95,15137.34,253.39999999999998,7.518,159,221,7.518,2024-06-05 11:33:51
252.0,91,15144.7,252.0,7.358,152,217,7.358,2024-06-05 11:33:52
251.79999999999995,91,15151.91,251.79999999999995,7.212,135,231,7.212,2024-06-05 11:33:53
254.60000000000002,84,15160.13,254.60000000000002,8.217,159,227,8.217,2024-06-05 11:33:54
254.79999999999995,92,15167.56,254.79999999999995,7.437,150,226,7.437,2024-06-05 11:33:55
254.79999999999995,84,15174.79,254.79999999999995,7.23,154,240,7.23,2024-06-05 11:33:56
258.79999999999995,94,15183.7,258.79999999999995,8.911,152,207,8.911,2024-06-05 11:33:57
253.60000000000002,98,15191.93,253.60000000000002,8.222,155,218,8.222,2024-06-05 11:33:58
257.79999999999995,95,15200.63,257.79999999999995,8.706,139,202,8.706,2024-06-05 11:33:59
253.79999999999995,90,15209.64,253.79999999999995,9.006,164,204,9.006,2024-06-05 11:34:00
254.79999999999995,88,15218.27,254.79999999999995,8.629,150,213,8.629,2024-06-05 11:34:01
257.6,82,15225.88,257.6,7.617,162,222,7.617,2024-06-05 11:34:02
258.6,93,15234.45,258.6,8.567,135,226,8.567,2024-06-05 11:34:03
255.39999999999998,90,15242.65,255.39999999999998,8.196,135,251,8.196,2024-06-05 11:34:04
254.79999999999995,92,15251.45,254.79999999999995,8.803,156,228,8.803,2024-06-05 11:34:05
254.39999999999998,94,15260.0,254.39999999999998,8.552,137,207,8.552,2024-06-05 11:34:06
251.60000000000002,88,15268.03,251.60000000000002,8.025,139,215,8.025,2024-06-05 11:34:07
251.60000000000002,98,15276.89,251.60000000000002,8.86,154,245,8.86,2024-06-05 11:34:08
258.4,95,15284.75,258.4,7.863,145,247,7.863,2024-06-05 11:34:09
255.79999999999995,86,15292.53,255.79999999999995,7.781,137,209,7.781,2024-06-05 11:34:10
252.79999999999995,92,15300.2,252.79999999999995,7.666,151,197,7.666,2024-06-05 11:34:11
254.60000000000002,88,15308.74,254.60000000000002,8.542,158,236,8.542,2024-06-05 11:34:12
257.4,85,15316.46,257.4,7.724,142,225,7.724,2024-06-05 11:34:13
254.39999999999998,87,15324.79,254.39999999999998,8.33,136,178,8.33,2024-06-05 11:34:14
254.39999999999998,74,15333.16,254.39999999999998,8.366,148,219,8.366,2024-06-05 11:34:15
253.20000000000005,97,15340.83,253.20000000000005,7.666,145,222,7.666,2024-06-05 11:34:16
256.0,91,15349.72,256.0,8.897,136,204,8.897,2024-06-05 11:34:17
255.20000000000005,85,15358.02,255.20000000000005,8.295,140,246,8.295,2024-06-05 11:34:18
253.79999999999995,89,15366.54,253.79999999999995,8.521,133,251,8.521,2024-06-05 11:34:19
254.60000000000002,80,15374.31,254.60000000000002,7.767,135,231,7.767,2024-06-05 11:34:20
256.20000000000005,87,15382.31,256.20000000000005,8.001,134,219,8.001,2024-06-05 11:34:21
252.0,80,15390.61,252.0,8.302,155,212,8.302,2024-06-05 11:34:22
253.79999999999995,93,15398.5,253.79999999999995,7.886,146,179,7.886,2024-06-05 11:34:23
254.20000000000005,89,15406.2,254.20000000000005,7.699,145,226,7.699,2024-06-05 11:34:24
252.0,89,15414.49,252.0,8.3,158,256,8.3,2024-06-05 11:34:25
254.0,87,15422.67,254.0,8.175,144,201,8.175,2024-06-05 11:34:26
256.20000000000005,90,15430.85,256.20000000000005,8.176,155,241,8.176,2024-06-05 11:34:27
254.0,86,15438.12,254.0,7.279,149,214,7.279,2024-06-05 11:34:28
257.4,90,15445.92,257.4,7.796,163,246,7.796,2024-06-05 11:34:29
258.4,88,15454.12,258.4,8.2,163,241,8.2,2024-06-05 11:34:30
258.79999999999995,77,15460.41,258.79999999999995,6.284,131,175,6.284,2024-06-05 11:34:31
261.20000000000005,80,15466.1,261.20000000000005,5.691,132,192,5.691,2024-06-05 11:34:32
259.4,75,15472.73,259.4,6.636,120,193,6.636,2024-06-05 11:34:33
259.6,68,15478.98,259.6,6.247,122,169,6.247,2024-06-05 11:34:34
261.6,75,15485.5,261.6,6.524,131,206,6.524,2024-06-05 11:34:35
254.39999999999998,79,15491.24,254.39999999999998,5.74,120,189,5.74,2024-06-05 11:34:36
259.0,72,15497.55,259.0,6.311,133,196,6.311,2024-06-05 11:34:37
257.79999999999995,84,15503.73,257.79999999999995,6.179,109,188,6.179,2024-06-05 11:34:38
258.0,76,15510.55,258.0,6.817,119,222,6.817,2024-06-05 11:34:39
263.4,85,15516.91,263.4,6.362,134,211,6.362,2024-06-05 11:34:40
260.6,83,15522.97,260.6,6.056,137,195,6.056,2024-06-05 11:34:41
258.79999999999995,79,15529.71,258.79999999999995,6.746,134,183,6.746,2024-06-05 11:34:42
264.0,73,15535.72,264.0,6.001,136,163,6.001,2024-06-05 11:34:43
263.4,83,15542.34,263.4,6.629,123,180,6.629,2024-06-05 11:34:44
260.0,80,15548.8,260.0,6.452,130,204,6.452,2024-06-05 11:34:45
260.4,79,15554.59,260.4,5.79,130,149,5.79,2024-06-05 11:34:46
258.20000000000005,73,15560.64,258.20000000000005,6.055,136,189,6.055,2024-06-05 11:34:47
259.4,80,15565.97,259.4,5.324,135,194,5.324,2024-06-05 11:34:48
262.4,73,15572.44,262.4,6.478,121,206,6.478,2024-06-05 11:34:49
260.0,80,15578.53,260.0,6.09,125,174,6.09,2024-06-05 11:34:50
259.4,80,15585.34,259.4,6.81,110,180,6.81,2024-06-05 11:34:51
259.0,81,15591.59,259.0,6.241,144,174,6.241,2024-06-05 11:34:52
260.20000000000005,85,15598.09,260.20000000000005,6.506,122,182,6.506,2024-06-05 11:34:53
264.79999999999995,82,15604.7,264.79999999999995,6.607,134,152,6.607,2024-06-05 11:34:54
256.79999999999995,81,15611.21,256.79999999999995,6.516,127,175,6.516,2024-06-05 11:34:55
258.0,87,15618.36,258.0,7.15,127,146,7.15,2024-06-05 11:34:56
259.20000000000005,74,15624.49,259.20000000000005,6.126,115,187,6.126,2024-06-05 11:34:57
257.20000000000005,79,15631.09,257.20000000000005,6.601,121,187,6.601,2024-06-05 11:34:58
259.20000000000005,76,15637.85,259.20000000000005,6.764,144,164,6.764,2024-06-05 11:34:59
258.4,73,15644.56,258.4,6.704,149,165,6.704,2024-06-05 11:35:00
262.0,78,15650.31,262.0,5.747,122,210,5.747,2024-06-05 11:35:01
256.79999999999995,73,15656.49,256.79999999999995,6.185,125,190,6.185,2024-06-05 11:35:02
258.20000000000005,80,15663.08,258.20000000000005,6.59,134,191,6.59,2024-06-05 11:35:03
261.0,81,15669.09,261.0,6.008,147,151,6.008,2024-06-05 11:35:04
260.79999999999995,82,15675.25,260.79999999999995,6.164,138,201,6.164,2024-06-05 11:35:05
258.79999999999995,82,15681.33,258.79999999999995,6.08,138,183,6.08,2024-06-05 11:35:06
262.6,84,15687.81,262.6,6.479,137,172,6.479,2024-06-05 11:35:07
260.0,84,15695.08,260.0,7.265,152,196,7.265,2024-06-05 11:35:08
258.79999999999995,85,15702.34,258.79999999999995,7.26,146,149,7.26,2024-06-05 11:35:09
263.6,72,15708.09,263.6,5.753,129,193,5.753,2024-06-05 11:35:10
258.20000000000005,84,15714.47,258.20000000000005,6.384,129,176,6.384,2024-06-05 11:35:11
258.6,79,15721.24,258.6,6.764,130,170,6.764,2024-06-05 11:35:12
259.79999999999995,82,15727.76,259.79999999999995,6.522,108,159,6.522,2024-06-05 11:35:13
261.4,70,15734.67,261.4,6.915,126,204,6.915,2024-06-05 11:35:14
259.79999999999995,76,15740.83,259.79999999999995,6.158,141,171,6.158,2024-06-05 11:35:15
263.4,87,15748.27,263.4,7.441,148,171,7.441,2024-06-05 11:35:16
261.4,83,15755.37,261.4,7.098,130,192,7.098,2024-06-05 11:35:17
260.4,73,15761.65,260.4,6.276,134,158,6.276,2024-06-05 11:35:18
259.79999999999995,84,15767.88,259.79999999999995,6.232,116,163,6.232,2024-06-05 11:35:19
258.4,77,15774.99,258.4,7.108,128,164,7.108,2024-06-05 11:35:20
258.79999999999995,87,15781.27,258.79999999999995,6.287,126,169,6.287,2024-06-05 11:35:21
258.4,78,15787.81,258.4,6.536,127,205,6.536,2024-06-05 11:35:22
260.4,76,15794.43,260.4,6.617,129,175,6.617,2024-06-05 11:35:23
260.20000000000005,83,15800.79,260.20000000000005,6.367,141,145,6.367,2024-06-05 11:35:24
259.0,83,15807.2,259.0,6.403,134,201,6.403,2024-06-05 11:35:25
260.79999999999995,68,15813.52,260.79999999999995,6.318,127,156,6.318,2024-06-05 11:35:26
261.79999999999995,80,15820.46,261.79999999999995,6.94,150,201,6.94,2024-06-05 11:35:27
258.0,70,15826.25,258.0,5.793,142,176,5.793,2024-06-05 11:35:28
257.20000000000005,75,15832.67,257.20000000000005,6.422,129,195,6.422,2024-06-05 11:35:29
261.79999999999995,71,15839.8,261.79999999999995,7.125,137,186,7.125,2024-06-05 11:35:30
260.4,81,15846.22,260.4,6.424,116,168,6.424,2024-06-05 11:35:31
260.4,77,15852.64,260.4,6.424,138,205,6.424,2024-06-05 11:35:32
261.79999999999995,74,15859.21,261.79999999999995,6.568,123,202,6.568,2024-06-05 11:35:33
258.6,80,15865.9,258.6,6.687,136,170,6.687,2024-06-05 11:35:34
260.6,82,15872.23,260.6,6.326,123,181,6.326,2024-06-05 11:35:35
260.4,80,15878.73,260.4,6.507,131,191,6.507,2024-06-05 11:35:36
260.0,73,15885.76,260.0,7.029,140,203,7.029,2024-06-05 11:35:37
260.0,83,15891.82,260.0,6.054,137,169,6.054,2024-06-05 11:35:38
259.0,71,15898.51,259.0,6.69,139,158,6.69,2024-06-05 11:35:39
256.79999999999995,73,15905.07,256.79999999999995,6.56,132,188,6.56,2024-06-05 11:35:40
259.6,83,15910.98,259.6,5.911,126,172,5.911,2024-06-05 11:35:41
259.0,77,15918.04,259.0,7.065,131,178,7.065,2024-06-05 11:35:42
261.0,73,15924.41,261.0,6.364,124,210,6.364,2024-06-05 11:35:43
258.20000000000005,75,15930.43,258.20000000000005,6.027,139,176,6.027,2024-06-05 11:35:44
256.20000000000005,76,15937.43,256.20000000000005,6.997,122,190,6.997,2024-06-05 11:35:45
256.20000000000005,86,15943.66,256.20000000000005,6.231,119,187,6.231,2024-06-05 11:35:46
260.6,85,15950.95,260.6,7.29,140,189,7.29,2024-06-05 11:35:47
262.4,71,15957.21,262.4,6.263,118,143,6.263,2024-06-05 11:35:48
260.20000000000005,80,15962.94,260.20000000000005,5.723,124,159,5.723,2024-06-05 11:35:49
261.6,80,15969.38,261.6,6.44,109,183,6.44,2024-06-05 11:35:50
260.79999999999995,83,15976.13,260.79999999999995,6.754,147,170,6.754,2024-06-05 11:35:51
259.4,75,15982.89,259.4,6.76,127,167,6.76,2024-06-05 11:35:52
260.20000000000005,88,15989.06,260.20000000000005,6.168,121,146,6.168,2024-06-05 11:35:53
258.4,78,15995.32,258.4,6.258,118,178,6.258,2024-06-05 11:35:54
259.6,89,16001.8,259.6,6.48,131,201,6.48,2024-06-05 11:35:55
259.79999999999995,88,16008.17,259.79999999999995,6.371,126,164,6.371,2024-06-05 11:35:56
261.20000000000005,80,16014.81,261.20000000000005,6.64,122,193,6.64,2024-06-05 11:35:57
262.79999999999995,71,16021.36,262.79999999999995,6.551,112,160,6.551,2024-06-05 11:35:58
261.20000000000005,81,16028.15,261.20000000000005,6.794,118,184,6.794,2024-06-05 11:35:59
260.4,81,16033.51,260.4,5.36,122,135,5.36,2024-06-05 11:36:00
263.20000000000005,78,16040.77,263.20000000000005,7.258,144,180,7.258,2024-06-05 11:36:01
259.6,77,16047.52,259.6,6.75,143,166,6.75,2024-06-05 11:36:02
263.0,89,16053.09,263.0,5.566,124,166,5.566,2024-06-05 11:36:03
259.4,81,16059.02,259.4,5.928,112,151,5.928,2024-06-05 11:36:04
261.0,75,16065.46,261.0,6.441,130,183,6.441,2024-06-05 11:36:05
258.20000000000005,85,16071.53,258.20000000000005,6.072,133,173,6.072,2024-06-05 11:36:06
258.0,77,16077.39,258.0,5.858,138,167,5.858,2024-06-05 11:36:07
259.20000000000005,79,16083.77,259.20000000000005,6.383,135,146,6.383,2024-06-05 11:36:08
258.6,71,16090.33,258.6,6.561,124,168,6.561,2024-06-05 11:36:09
260.20000000000005,75,16096.81,260.20000000000005,6.476,125,172,6.476,2024-06-05 11:36:10
258.79999999999995,79,16102.56,258.79999999999995,5.75,122,205,5.75,2024-06-05 11:36:11
263.6,83,16108.77,263.6,6.217,125,197,6.217,2024-06-05 11:36:12
263.0,79,16115.95,263.0,7.18,130,193,7.18,2024-06-05 11:36:13
257.6,84,16123.06,257.6,7.104,135,194,7.104,2024-06-05 11:36:14
259.6,80,16129.38,259.6,6.325,131,166,6.325,2024-06-05 11:36:15
260.79999999999995,83,16134.85,260.79999999999995,5.469,109,202,5.469,2024-06-05 11:36:16
257.4,76,16141.0,257.4,6.147,131,171,6.147,2024-06-05 11:36:17
260.6,81,16147.07,260.6,6.072,130,204,6.072,2024-06-05 11:36:18
262.4,83,16153.07,262.4,6.002,122,160,6.002,2024-06-05 11:36:19
261.4,77,16159.3,261.4,6.231,118,168,6.231,2024-06-05 11:36:20
260.79999999999995,78,16165.27,260.79999999999995,5.973,131,172,5.973,2024-06-05 11:36:21
259.6,78,16171.86,259.6,6.591,155,184,6.591,2024-06-05 11:36:22
261.79999999999995,91,16178.88,261.79999999999995,7.016,139,178,7.016,2024-06-05 11:36:23
256.4,83,16185.66,256.4,6.775,117,183,6.775,2024-06-05 11:36:24
257.20000000000005,82,16191.38,257.20000000000005,5.722,135,165,5.722,2024-06-05 11:36:25
257.0,88,16198.54,257.0,7.161,117,205,7.161,2024-06-05 11:36:26
258.79999999999995,79,16205.41,258.79999999999995,6.874,127,167,6.874,2024-06-05 11:36:27
259.79999999999995,70,16210.97,259.79999999999995,5.555,124,144,5.555,2024-06-05 11:36:28
257.79999999999995,71,16217.47,257.79999999999995,6.506,117,199,6.506,2024-06-05 11:36:29
259.6,84,16223.81,259.6,6.335,123,187,6.335,2024-06-05 11:36:30
256.6,83,16229.68,256.6,5.873,133,154,5.873,2024-06-05 11:36:31
259.0,81,16235.95,259.0,6.265,109,179,6.265,2024-06-05 11:36:32
257.79999999999995,82,16242.78,257.79999999999995,6.838,131,177,6.838,2024-06-05 11:36:33
259.4,81,16248.09,259.4,5.304,130,172,5.304,2024-06-05 11:36:34
260.79999999999995,84,16253.64,260.79999999999995,5.549,125,206,5.549,2024-06-05 11:36:35
259.79999999999995,89,16259.73,259.79999999999995,6.092,135,154,6.092,2024-06-05 11:36:36
261.20000000000005,78,16266.67,261.20000000000005,6.946,124,180,6.946,2024-06-05 11:36:37
258.20000000000005,74,16273.94,258.20000000000005,7.269,146,220,7.269,2024-06-05 11:36:38
262.20000000000005,83,16279.4,262.20000000000005,5.46,139,191,5.46,2024-06-05 11:36:39
262.79999999999995,71,16285.53,262.79999999999995,6.131,142,191,6.131,2024-06-05 11:36:40
260.20000000000005,74,16291.0,260.20000000000005,5.465,133,176,5.465,2024-06-05 11:36:41
260.4,80,16297.87,260.4,6.876,127,178,6.876,2024-06-05 11:36:42
259.4,83,16304.36,259.4,6.49,133,163,6.49,2024-06-05 11:36:43
258.0,89,16311.27,258.0,6.909,122,189,6.909,2024-06-05 11:36:44
259.79999999999995,70,16317.39,259.79999999999995,6.118,140,185,6.118,2024-06-05 11:36:45
261.4,78,16324.77,261.4,7.381,129,170,7.381,2024-06-05 11:36:46
261.20000000000005,78,16331.7,261.20000000000005,6.931,144,196,6.931,2024-06-05 11:36:47
263.0,87,16338.86,263.0,7.155,124,189,7.155,2024-06-05 11:36:48
261.20000000000005,71,16345.51,261.20000000000005,6.655,118,160,6.655,2024-06-05 11:36:49
260.79999999999995,79,16351.88,260.79999999999995,6.371,128,213,6.371,2024-06-05 11:36:50
258.79999999999995,83,16358.12,258.79999999999995,6.237,124,174,6.237,2024-06-05 11:36:51
258.6,84,16364.6,258.6,6.475,139,192,6.475,2024-06-05 11:36:52
261.0,82,16371.44,261.0,6.845,129,175,6.845,2024-06-05 11:36:53
262.0,81,16377.63,262.0,6.183,128,183,6.183,2024-06-05 11:36:54
259.0,84,16384.72,259.0,7.089,135,178,7.089,2024-06-05 11:36:55
263.4,86,16391.32,263.4,6.605,141,199,6.605,2024-06-05 11:36:56
257.79999999999995,86,16397.69,257.79999999999995,6.372,121,140,6.372,2024-06-05 11:36:57
261.79999999999995,70,16404.42,261.79999999999995,6.73,146,190,6.73,2024-06-05 11:36:58
259.79999999999995,91,16411.35,259.79999999999995,6.93,134,200,6.93,2024-06-05 11:36:59
258.20000000000005,82,16417.11,258.20000000000005,5.759,127,164,5.759,2024-06-05 11:37:00
258.20000000000005,67,16422.89,258.20000000000005,5.779,129,161,5.779,2024-06-05 11:37:01
260.4,78,16429.88,260.4,6.993,140,167,6.993,2024-06-05 11:37:02
263.0,70,16435.86,263.0,5.982,147,184,5.982,2024-06-05 11:37:03
260.79999999999995,81,16442.96,260.79999999999995,7.096,130,155,7.096,2024-06-05 11:37:04
257.4,78,16449.83,257.4,6.873,144,182,6.873,2024-06-05 11:37:05
258.20000000000005,79,16457.2,258.20000000000005,7.37,124,185,7.37,2024-06-05 11:37:06
258.0,84,16463.66,258.0,6.457,127,174,6.457,2024-06-05 11:37:07
261.6,80,16470.31,261.6,6.65,131,171,6.65,2024-06-05 11:37:08
259.20000000000005,79,16476.82,259.20000000000005,6.513,140,151,6.513,2024-06-05 11:37:09
262.6,67,16483.31,262.6,6.485,125,195,6.485,2024-06-05 11:37:10
262.20000000000005,82,16490.08,262.20000000000005,6.769,136,208,6.769,2024-06-05 11:37:11
258.4,80,16495.58,258.4,5.504,130,158,5.504,2024-06-05 11:37:12
258.20000000000005,81,16502.06,258.20000000000005,6.479,108,203,6.479,2024-06-05 11:37:13
257.6,79,16508.38,257.6,6.319,146,195,6.319,2024-06-05 11:37:14
260.20000000000005,82,16514.74,260.20000000000005,6.358,137,156,6.358,2024-06-05 11:37:15
258.79999999999995,84,16521.13,258.79999999999995,6.398,157,168,6.398,2024-06-05 11:37:16
259.0,80,16528.0,259.0,6.867,115,201,6.867,2024-06-05 11:37:17
262.79999999999995,78,16534.43,262.79999999999995,6.428,145,217,6.428,2024-06-05 11:37:18
260.20000000000005,75,16540.56,260.20000000000005,6.135,125,154,6.135,2024-06-05 11:37:19
258.79999999999995,75,16546.79,258.79999999999995,6.226,108,185,6.226,2024-06-05 11:37:20
258.20000000000005,74,16554.11,258.20000000000005,7.321,123,190,7.321,2024-06-05 11:37:21
257.79999999999995,77,16561.65,257.79999999999995,7.54,117,149,7.54,2024-06-05 11:37:22
260.0,81,16569.17,260.0,7.524,130,161,7.524,2024-06-05 11:37:23
258.20000000000005,78,16575.93,258.20000000000005,6.76,135,193,6.76,2024-06-05 11:37:24
259.6,82,16582.56,259.6,6.625,131,172,6.625,2024-06-05 11:37:25
260.20000000000005,81,16588.83,260.20000000000005,6.269,119,168,6.269,2024-06-05 11:37:26
261.6,76,16595.59,261.6,6.766,130,164,6.766,2024-06-05 11:37:27
258.79999999999995,77,16602.39,258.79999999999995,6.799,133,167,6.799,2024-06-05 11:37:28
257.4,79,16609.74,257.4,7.343,132,170,7.343,2024-06-05 11:37:29
257.79999999999995,79,16616.25,257.79999999999995,6.511,123,166,6.511,2024-06-05 11:37:30
258.0,84,16622.73,258.0,6.48,128,157,6.48,2024-06-05 11:37:31
262.79999999999995,80,16629.03,262.79999999999995,6.3,133,156,6.3,2024-06-05 11:37:32
262.0,79,16635.25,262.0,6.221,111,163,6.221,2024-06-05 11:37:33
259.0,78,16642.6,259.0,7.349,135,190,7.349,2024-06-05 11:37:34
261.0,74,16648.34,261.0,5.746,121,188,5.746,2024-06-05 11:37:35
262.4,90,16656.12,262.4,7.777,150,193,7.777,2024-06-05 11:37:36
260.4,92,16662.38,260.4,6.261,128,218,6.261,2024-06-05 11:37:37
258.20000000000005,74,16668.45,258.20000000000005,6.072,135,167,6.072,2024-06-05 11:37:38
261.0,74,16675.19,261.0,6.732,158,137,6.732,2024-06-05 11:37:39
260.4,80,16680.97,260.4,5.779,122,143,5.779,2024-06-05 11:37:40
256.79999999999995,81,16687.75,256.79999999999995,6.785,126,203,6.785,2024-06-05 11:37:41
260.6,83,16694.4,260.6,6.652,143,172,6.652,2024-06-05 11:37:42
261.4,71,16700.38,261.4,5.976,120,164,5.976,2024-06-05 11:37:43
260.79999999999995,76,16706.68,260.79999999999995,6.299,126,204,6.299,2024-06-05 11:37:44
261.20000000000005,79,16713.02,261.20000000000005,6.342,129,188,6.342,2024-06-05 11:37:45
261.6,74,16719.71,261.6,6.694,113,179,6.694,2024-06-05 11:37:46
260.79999999999995,79,16726.24,260.79999999999995,6.525,129,203,6.525,2024-06-05 11:37:47
263.79999999999995,76,16732.83,263.79999999999995,6.594,128,180,6.594,2024-06-05 11:37:48
258.0,87,16738.99,258.0,6.16,108,172,6.16,2024-06-05 11:37:49
260.4,82,16746.24,260.4,7.246,122,180,7.246,2024-06-05 11:37:50
261.0,79,16753.06,261.0,6.819,140,159,6.819,2024-06-05 11:37:51
262.4,71,16760.09,262.4,7.033,143,155,7.033,2024-06-05 11:37:52
260.6,72,16766.69,260.6,6.603,121,172,6.603,2024-06-05 11:37:53
258.6,79,16773.36,258.6,6.67,141,164,6.67,2024-06-05 11:37:54
259.79999999999995,79,16779.71,259.79999999999995,6.346,137,192,6.346,2024-06-05 11:37:55
263.0,80,16785.69,263.0,5.978,140,159,5.978,2024-06-05 11:37:56
262.4,85,16791.81,262.4,6.12,125,163,6.12,2024-06-05 11:37:57
260.20000000000005,75,16798.25,260.20000000000005,6.446,121,204,6.446,2024-06-05 11:37:58
260.79999999999995,83,16804.47,260.79999999999995,6.215,125,159,6.215,2024-06-05 11:37:59
261.0,80,16810.96,261.0,6.492,146,190,6.492,2024-06-05 11:38:00
260.0,74,16817.16,260.0,6.196,138,135,6.196,2024-06-05 11:38:01
258.20000000000005,70,16823.22,258.20000000000005,6.065,139,185,6.065,2024-06-05 11:38:02
261.4,72,16829.85,261.4,6.631,120,138,6.631,2024-06-05 11:38:03
258.4,80,16836.21,258.4,6.359,111,166,6.359,2024-06-05 11:38:04
258.0,80,16843.56,258.0,7.349,132,182,7.349,2024-06-05 11:38:05
263.0,81,16848.89,263.0,5.335,150,172,5.335,2024-06-05 11:38:06
262.4,76,16854.89,262.4,5.998,134,170,5.998,2024-06-05 11:38:07
258.20000000000005,72,16861.97,258.20000000000005,7.073,137,192,7.073,2024-06-05 11:38:08
262.0,84,16868.31,262.0,6.342,137,185,6.342,2024-06-05 11:38:09
259.4,84,16874.57,259.4,6.258,124,167,6.258,2024-06-05 11:38:10
257.20000000000005,79,16880.71,257.20000000000005,6.14,109,180,6.14,2024-06-05 11:38:11
259.0,73,16887.28,259.0,6.578,120,161,6.578,2024-06-05 11:38:12
259.4,74,16893.34,259.4,6.061,128,176,6.061,2024-06-05 11:38:13
263.20000000000005,81,16899.15,263.20000000000005,5.81,115,185,5.81,2024-06-05 11:38:14
260.0,74,16906.29,260.0,7.139,125,178,7.139,2024-06-05 11:38:15
262.6,81,16913.44,262.6,7.141,115,193,7.141,2024-06-05 11:38:16
257.20000000000005,78,16918.98,257.20000000000005,5.547,132,183,5.547,2024-06-05 11:38:17
261.0,74,16924.95,261.0,5.966,140,163,5.966,2024-06-05 11:38:18
260.79999999999995,78,16931.78,260.79999999999995,6.834,136,199,6.834,2024-06-05 11:38:19
260.4,73,16938.12,260.4,6.334,154,168,6.334,2024-06-05 11:38:20
258.0,65,16944.97,258.0,6.851,139,225,6.851,2024-06-05 11:38:21
260.0,82,16951.5,260.0,6.529,143,174,6.529,2024-06-05 11:38:22
259.0,83,16958.29,259.0,6.797,127,210,6.797,2024-06-05 11:38:23
262.4,79,16965.23,262.4,6.933,131,180,6.933,2024-06-05 11:38:24
262.0,77,16972.21,262.0,6.978,145,197,6.978,2024-06-05 11:38:25
265.20000000000005,72,16979.33,265.20000000000005,7.128,133,146,7.128,2024-06-05 11:38:26
261.79999999999995,87,16985.61,261.79999999999995,6.274,129,146,6.274,2024-06-05 11:38:27
260.6,79,16992.11,260.6,6.505,142,179,6.505,2024-06-05 11:38:28
259.4,77,16998.46,259.4,6.35,128,211,6.35,2024-06-05 11:38:29
257.79999999999995,83,17004.74,257.79999999999995,6.277,121,197,6.277,2024-06-05 11:38:30
262.20000000000005,78,17011.96,262.20000000000005,7.217,108,190,7.217,2024-06-05 11:38:31
256.0,80,17018.76,256.0,6.799,132,182,6.799,2024-06-05 11:38:32
261.0,85,17025.19,261.0,6.439,114,198,6.439,2024-06-05 11:38:33
259.79999999999995,76,17031.98,259.79999999999995,6.782,116,195,6.782,2024-06-05 11:38:34
257.4,81,17038.59,257.4,6.61,125,213,6.61,2024-06-05 11:38:35
256.20000000000005,76,17044.27,256.20000000000005,5.682,137,208,5.682,2024-06-05 11:38:36
259.20000000000005,87,17050.95,259.20000000000005,6.678,135,183,6.678,2024-06-05 11:38:37
259.79999999999995,77,17057.42,259.79999999999995,6.475,121,152,6.475,2024-06-05 11:38:38
257.4,80,17064.79,257.4,7.371,136,196,7.371,2024-06-05 11:38:39
256.6,83,17071.1,256.6,6.31,129,171,6.31,2024-06-05 11:38:40
260.79999999999995,87,17077.89,260.79999999999995,6.784,122,187,6.784,2024-06-05 11:38:41
260.4,80,17084.62,260.4,6.729,150,182,6.729,2024-06-05 11:38:42
257.20000000000005,78,17092.11,257.20000000000005,7.492,152,180,7.492,2024-06-05 11:38:43
257.79999999999995,77,17099.3,257.79999999999995,7.195,123,189,7.195,2024-06-05 11:38:44
255.60000000000002,74,17105.48,255.60000000000002,6.174,119,165,6.174,2024-06-05 11:38:45
259.4,76,17112.5,259.4,7.023,142,167,7.023,2024-06-05 11:38:46
261.6,85,17118.9,261.6,6.404,125,193,6.404,2024-06-05 11:38:47
259.6,75,17125.27,259.6,6.366,128,170,6.366,2024-06-05 11:38:48
260.0,81,17132.29,260.0,7.022,143,178,7.022,2024-06-05 11:38:49
259.20000000000005,77,17139.11,259.20000000000005,6.822,135,195,6.822,2024-06-05 11:38:50
260.20000000000005,82,17146.4,260.20000000000005,7.284,133,198,7.284,2024-06-05 11:38:51
260.6,72,17154.05,260.6,7.652,122,184,7.652,2024-06-05 11:38:52
260.20000000000005,84,17159.64,260.20000000000005,5.587,139,217,5.587,2024-06-05 11:38:53
257.0,76,17166.17,257.0,6.535,121,155,6.535,2024-06-05 11:38:54
258.20000000000005,71,17172.75,258.20000000000005,6.577,138,147,6.577,2024-06-05 11:38:55
256.79999999999995,80,17179.55,256.79999999999995,6.804,135,166,6.804,2024-06-05 11:38:56
261.0,79,17185.82,261.0,6.264,116,177,6.264,2024-06-05 11:38:57
259.20000000000005,81,17191.58,259.20000000000005,5.761,128,145,5.761,2024-06-05 11:38:58
257.20000000000005,76,17197.86,257.20000000000005,6.281,127,184,6.281,2024-06-05 11:38:59
261.4,79,17204.73,261.4,6.871,123,210,6.871,2024-06-05 11:39:00
261.0,76,17210.92,261.0,6.189,114,217,6.189,2024-06-05 11:39:01
258.4,82,17218.12,258.4,7.206,126,187,7.206,2024-06-05 11:39:02
261.20000000000005,92,17224.14,261.20000000000005,6.013,141,191,6.013,2024-06-05 11:39:03
260.0,81,17230.53,260.0,6.394,121,184,6.394,2024-06-05 11:39:04
259.6,75,17237.09,259.6,6.561,135,217,6.561,2024-06-05 11:39:05
260.6,88,17243.44,260.6,6.348,129,175,6.348,2024-06-05 11:39:06
260.79999999999995,76,17249.77,260.79999999999995,6.331,136,215,6.331,2024-06-05 11:39:07
263.20000000000005,86,17255.92,263.20000000000005,6.152,119,205,6.152,2024-06-05 11:39:08
260.20000000000005,77,17262.21,260.20000000000005,6.285,123,180,6.285,2024-06-05 11:39:09
259.79999999999995,85,17268.96,259.79999999999995,6.749,143,211,6.749,2024-06-05 11:39:10
260.79999999999995,83,17275.81,260.79999999999995,6.853,124,164,6.853,2024-06-05 11:39:11
255.0,83,17282.57,255.0,6.765,109,148,6.765,2024-06-05 11:39:12
258.4,79,17288.97,258.4,6.399,114,168,6.399,2024-06-05 11:39:13
259.20000000000005,81,17295.96,259.20000000000005,6.99,118,164,6.99,2024-06-05 11:39:14
259.0,84,17302.93,259.0,6.968,138,189,6.968,2024-06-05 11:39:15
258.6,79,17309.43,258.6,6.499,130,188,6.499,2024-06-05 11:39:16
259.4,85,17315.25,259.4,5.818,123,166,5.818,2024-06-05 11:39:17
261.4,80,17321.0,261.4,5.755,141,145,5.755,2024-06-05 11:39:18
260.20000000000005,85,17328.03,260.20000000000005,7.03,134,137,7.03,2024-06-05 11:39:19
261.0,77,17335.3,261.0,7.267,126,178,7.267,2024-06-05 11:39:20
262.20000000000005,82,17342.1,262.20000000000005,6.8,123,157,6.8,2024-06-05 11:39:21
261.79999999999995,84,17348.8,261.79999999999995,6.702,126,160,6.702,2024-06-05 11:39:22
264.6,82,17355.79,264.6,6.992,127,159,6.992,2024-06-05 11:39:23
257.4,86,17361.96,257.4,6.172,135,187,6.172,2024-06-05 11:39:24
259.6,83,17368.32,259.6,6.356,125,194,6.356,2024-06-05 11:39:25
262.6,85,17374.56,262.6,6.243,131,179,6.243,2024-06-05 11:39:26
260.20000000000005,93,17380.92,260.20000000000005,6.357,114,175,6.357,2024-06-05 11:39:27
259.79999999999995,68,17387.22,259.79999999999995,6.301,135,166,6.301,2024-06-05 11:39:28
259.4,76,17395.13,259.4,7.908,108,148,7.908,2024-06-05 11:39:29
262.4,78,17401.18,262.4,6.053,126,172,6.053,2024-06-05 11:39:30
255.0,92,17409.39,255.0,8.213,154,235,8.213,2024-06-05 11:39:31
255.39999999999998,91,17416.59,255.39999999999998,7.192,142,200,7.192,2024-06-05 11:39:32
258.6,88,17425.14,258.6,8.554,141,239,8.554,2024-06-05 11:39:33
255.60000000000002,84,17433.0,255.60000000000002,7.856,157,229,7.856,2024-06-05 11:39:34
255.0,91,17441.15,255.0,8.159,159,222,8.159,2024-06-05 11:39:35
255.20000000000005,86,17449.18,255.20000000000005,8.021,156,225,8.021,2024-06-05 11:39:36
254.20000000000005,90,17457.07,254.20000000000005,7.893,149,215,7.893,2024-06-05 11:39:37
257.20000000000005,89,17464.97,257.20000000000005,7.906,168,232,7.906,2024-06-05 11:39:38
251.60000000000002,91,17472.24,251.60000000000002,7.263,132,198,7.263,2024-06-05 11:39:39
255.60000000000002,91,17481.26,255.60000000000002,9.026,153,207,9.026,2024-06-05 11:39:40
256.6,89,17489.4,256.6,8.137,146,208,8.137,2024-06-05 11:39:41
254.79999999999995,94,17497.38,254.79999999999995,7.978,155,229,7.978,2024-06-05 11:39:42
257.79999999999995,96,17505.05,257.79999999999995,7.668,143,218,7.668,2024-06-05 11:39:43
253.60000000000002,86,17513.37,253.60000000000002,8.324,149,240,8.324,2024-06-05 11:39:44
256.0,80,17520.91,256.0,7.541,136,198,7.541,2024-06-05 11:39:45
254.20000000000005,89,17528.38,254.20000000000005,7.468,154,221,7.468,2024-06-05 11:39:46
256.0,95,17537.12,256.0,8.74,139,245,8.74,2024-06-05 11:39:47
257.79999999999995,83,17544.54,257.79999999999995,7.423,138,205,7.423,2024-06-05 11:39:48
254.60000000000002,90,17552.17,254.60000000000002,7.631,166,200,7.631,2024-06-05 11:39:49
251.60000000000002,88,17559.54,251.60000000000002,7.365,154,268,7.365,2024-06-05 11:39:50
254.20000000000005,94,17567.68,254.20000000000005,8.139,147,212,8.139,2024-06-05 11:39:51
256.79999999999995,95,17575.72,256.79999999999995,8.045,147,202,8.045,2024-06-05 11:39:52
255.39999999999998,86,17583.85,255.39999999999998,8.125,139,211,8.125,2024-06-05 11:39:53
251.79999999999995,88,17590.21,251.79999999999995,6.366,152,229,6.366,2024-06-05 11:39:54
256.6,88,17598.23,256.6,8.018,151,218,8.018,2024-06-05 11:39:55
252.20000000000005,96,17606.9,252.20000000000005,8.67,145,210,8.67,2024-06-05 11:39:56
252.60000000000002,93,17614.98,252.60000000000002,8.083,158,236,8.083,2024-06-05 11:39:57
255.0,98,17622.84,255.0,7.86,158,236,7.86,2024-06-05 11:39:58
255.39999999999998,87,17630.62,255.39999999999998,7.778,158,225,7.778,2024-06-05 11:39:59
258.0,81,17638.5,258.0,7.883,143,199,7.883,2024-06-05 11:40:00
251.79999999999995,85,17645.96,251.79999999999995,7.456,155,186,7.456,2024-06-05 11:40:01
257.79999999999995,83,17653.72,257.79999999999995,7.762,145,263,7.762,2024-06-05 11:40:02
258.79999999999995,95,17662.33,258.79999999999995,8.604,151,226,8.604,2024-06-05 11:40:03
254.39999999999998,86,17670.63,254.39999999999998,8.308,156,217,8.308,2024-06-05 11:40:04
253.0,89,17679.42,253.0,8.782,163,212,8.782,2024-06-05 11:40:05
254.20000000000005,81,17687.7,254.20000000000005,8.283,142,197,8.283,2024-06-05 11:40:06
255.20000000000005,90,17695.72,255.20000000000005,8.019,168,245,8.019,2024-06-05 11:40:07
255.39999999999998,90,17702.84,255.39999999999998,7.119,152,228,7.119,2024-06-05 11:40:08
256.4,80,17711.03,256.4,8.192,145,231,8.192,2024-06-05 11:40:09
253.79999999999995,86,17718.69,253.79999999999995,7.658,132,216,7.658,2024-06-05 11:40:10
256.0,91,17726.48,256.0,7.793,163,232,7.793,2024-06-05 11:40:11
254.39999999999998,91,17734.52,254.39999999999998,8.04,136,232,8.04,2024-06-05 11:40:12
254.60000000000002,84,17742.65,254.60000000000002,8.135,163,217,8.135,2024-06-05 11:40:13
253.39999999999998,95,17750.73,253.39999999999998,8.075,158,259,8.075,2024-06-05 11:40:14
254.20000000000005,91,17759.47,254.20000000000005,8.743,162,246,8.743,2024-06-05 11:40:15
253.79999999999995,88,17767.62,253.79999999999995,8.146,157,213,8.146,2024-06-05 11:40:16
257.79999999999995,88,17775.62,257.79999999999995,7.997,148,181,7.997,2024-06-05 11:40:17
255.60000000000002,86,17782.68,255.60000000000002,7.069,142,218,7.069,2024-06-05 11:40:18
255.0,91,17789.93,255.0,7.247,153,235,7.247,2024-06-05 11:40:19
258.6,94,17798.41,258.6,8.477,153,214,8.477,2024-06-05 11:40:20
256.6,85,17806.96,256.6,8.556,140,213,8.556,2024-06-05 11:40:21
253.20000000000005,102,17815.09,253.20000000000005,8.131,152,230,8.131,2024-06-05 11:40:22
255.20000000000005,89,17822.37,255.20000000000005,7.279,162,248,7.279,2024-06-05 11:40:23
258.0,83,17831.17,258.0,8.798,150,215,8.798,2024-06-05 11:40:24
252.79999999999995,88,17839.66,252.79999999999995,8.492,157,209,8.492,2024-06-05 11:40:25
255.0,91,17847.27,255.0,7.608,146,202,7.608,2024-06-05 11:40:26
254.20000000000005,81,17854.9,254.20000000000005,7.63,134,225,7.63,2024-06-05 11:40:27
255.20000000000005,84,17863.43,255.20000000000005,8.525,143,215,8.525,2024-06-05 11:40:28
255.79999999999995,98,17871.81,255.79999999999995,8.386,173,213,8.386,2024-06-05 11:40:29
256.6,88,17880.12,256.6,8.311,139,224,8.311,2024-06-05 11:40:30
252.60000000000002,87,17888.82,252.60000000000002,8.691,143,232,8.691,2024-06-05 11:40:31
256.79999999999995,89,17896.46,256.79999999999995,7.645,137,237,7.645,2024-06-05 11:40:32
255.39999999999998,102,17904.44,255.39999999999998,7.976,156,192,7.976,2024-06-05 11:40:33
253.79999999999995,90,17911.18,253.79999999999995,6.745,154,218,6.745,2024-06-05 11:40:34
253.39999999999998,88,17918.03,253.39999999999998,6.844,159,172,6.844,2024-06-05 11:40:35
256.4,91,17926.79,256.4,8.765,156,215,8.765,2024-06-05 11:40:36
257.20000000000005,92,17935.01,257.20000000000005,8.216,141,207,8.216,2024-06-05 11:40:37
252.79999999999995,88,17942.98,252.79999999999995,7.974,157,219,7.974,2024-06-05 11:40:38
255.20000000000005,85,17950.85,255.20000000000005,7.866,155,175,7.866,2024-06-05 11:40:39
254.39999999999998,82,17958.49,254.39999999999998,7.645,153,205,7.645,2024-06-05 11:40:40
257.6,81,17966.85,257.6,8.362,173,246,8.362,2024-06-05 11:40:41
254.0,86,17974.94,254.0,8.09,146,207,8.09,2024-06-05 11:40:42
256.6,91,17983.04,256.6,8.093,136,228,8.093,2024-06-05 11:40:43
254.39999999999998,86,17990.32,254.39999999999998,7.285,157,186,7.285,2024-06-05 11:40:44
252.0,88,17998.89,252.0,8.568,158,220,8.568,2024-06-05 11:40:45
252.39999999999998,89,18005.89,252.39999999999998,6.996,149,261,6.996,2024-06-05 11:40:46
256.0,86,18013.17,256.0,7.283,148,244,7.283,2024-06-05 11:40:47
256.79999999999995,93,18022.17,256.79999999999995,9.002,151,185,9.002,2024-06-05 11:40:48
256.6,93,18029.87,256.6,7.702,173,205,7.702,2024-06-05 11:40:49
254.0,96,18037.89,254.0,8.016,150,251,8.016,2024-06-05 11:40:50
254.0,87,18044.75,254.0,6.863,135,227,6.863,2024-06-05 11:40:51
255.0,98,18052.13,255.0,7.374,166,186,7.374,2024-06-05 11:40:52
252.60000000000002,83,18060.04,252.60000000000002,7.91,141,237,7.91,2024-06-05 11:40:53
256.6,95,18068.13,256.6,8.099,164,211,8.099,2024-06-05 11:40:54
255.0,85,18075.37,255.0,7.237,152,196,7.237,2024-06-05 11:40:55
254.0,85,18083.72,254.0,8.352,139,189,8.352,2024-06-05 11:40:56
255.0,89,18091.87,255.0,8.144,148,226,8.144,2024-06-05 11:40:57
255.20000000000005,91,18098.87,255.20000000000005,6.998,137,208,6.998,2024-06-05 11:40:58
250.0,86,18107.57,250.0,8.702,152,224,8.702,2024-06-05 11:40:59
256.20000000000005,89,18114.9,256.20000000000005,7.329,141,229,7.329,2024-06-05 11:41:00
249.39999999999998,92,18123.11,249.39999999999998,8.217,137,220,8.217,2024-06-05 11:41:01
257.0,81,18130.08,257.0,6.971,152,239,6.971,2024-06-05 11:41:02
256.4,84,18138.06,256.4,7.976,143,267,7.976,2024-06-05 11:41:03
256.4,92,18145.66,256.4,7.6,142,188,7.6,2024-06-05 11:41:04
256.0,88,18154.11,256.0,8.445,135,201,8.445,2024-06-05 11:41:05
253.0,86,18161.82,253.0,7.712,157,221,7.712,2024-06-05 11:41:06
257.4,86,18169.46,257.4,7.643,153,223,7.643,2024-06-05 11:41:07
255.60000000000002,97,18177.97,255.60000000000002,8.506,152,234,8.506,2024-06-05 11:41:08
253.60000000000002,86,18185.93,253.60000000000002,7.964,155,210,7.964,2024-06-05 11:41:09
253.39999999999998,89,18193.24,253.39999999999998,7.312,157,229,7.312,2024-06-05 11:41:10
255.20000000000005,96,18201.92,255.20000000000005,8.678,146,250,8.678,2024-06-05 11:41:11
255.20000000000005,88,18210.14,255.20000000000005,8.217,135,203,8.217,2024-06-05 11:41:12
253.39999999999998,90,18217.9,253.39999999999998,7.762,131,227,7.762,2024-06-05 11:41:13
255.20000000000005,93,18225.47,255.20000000000005,7.569,148,227,7.569,2024-06-05 11:41:14
254.39999999999998,85,18234.53,254.39999999999998,9.058,145,242,9.058,2024-06-05 11:41:15
256.6,90,18242.1,256.6,7.578,141,212,7.578,2024-06-05 11:41:16
256.79999999999995,92,18249.56,256.79999999999995,7.452,137,235,7.452,2024-06-05 11:41:17
252.20000000000005,102,18258.12,252.20000000000005,8.559,148,221,8.559,2024-06-05 11:41:18
256.6,90,18265.66,256.6,7.54,154,246,7.54,2024-06-05 11:41:19
258.0,87,18274.46,258.0,8.81,155,236,8.81,2024-06-05 11:41:20
260.0,98,18283.02,260.0,8.552,152,241,8.552,2024-06-05 11:41:21
256.20000000000005,85,18291.5,256.20000000000005,8.48,148,242,8.48,2024-06-05 11:41:22
253.79999999999995,99,18299.25,253.79999999999995,7.751,145,245,7.751,2024-06-05 11:41:23
252.79999999999995,88,18307.13,252.79999999999995,7.881,146,207,7.881,2024-06-05 11:41:24
255.0,94,18315.8,255.0,8.675,138,226,8.675,2024-06-05 11:41:25
251.20000000000005,95,18323.39,251.20000000000005,7.584,159,253,7.584,2024-06-05 11:41:26
253.39999999999998,92,18331.97,253.39999999999998,8.586,144,228,8.586,2024-06-05 11:41:27
252.20000000000005,93,18340.22,252.20000000000005,8.243,150,187,8.243,2024-06-05 11:41:28
252.79999999999995,88,18348.33,252.79999999999995,8.114,156,208,8.114,2024-06-05 11:41:29
255.60000000000002,89,18356.65,255.60000000000002,8.318,146,220,8.318,2024-06-05 11:41:30
256.0,102,18365.43,256.0,8.776,159,257,8.776,2024-06-05 11:41:31
256.0,87,18373.37,256.0,7.942,145,175,7.942,2024-06-05 11:41:32
255.79999999999995,83,18381.06,255.79999999999995,7.691,151,231,7.691,2024-06-05 11:41:33
253.39999999999998,98,18389.71,253.39999999999998,8.648,153,217,8.648,2024-06-05 11:41:34
254.60000000000002,86,18398.49,254.60000000000002,8.781,169,215,8.781,2024-06-05 11:41:35
256.20000000000005,91,18406.4,256.20000000000005,7.917,157,223,7.917,2024-06-05 11:41:36
255.0,97,18413.65,255.0,7.246,148,212,7.246,2024-06-05 11:41:37
254.39999999999998,92,18421.68,254.39999999999998,8.032,136,196,8.032,2024-06-05 11:41:38
252.0,90,18428.36,252.0,6.682,136,191,6.682,2024-06-05 11:41:39
254.79999999999995,88,18435.39,254.79999999999995,7.028,157,231,7.028,2024-06-05 11:41:40
256.4,91,18443.81,256.4,8.423,151,258,8.423,2024-06-05 11:41:41
258.4,90,18452.17,258.4,8.354,139,210,8.354,2024-06-05 11:41:42
255.39999999999998,86,18460.64,255.39999999999998,8.472,167,210,8.472,2024-06-05 11:41:43
257.0,85,18469.96,257.0,9.316,140,237,9.316,2024-06-05 11:41:44
256.20000000000005,101,18478.15,256.20000000000005,8.197,159,193,8.197,2024-06-05 11:41:45
258.20000000000005,91,18485.14,258.20000000000005,6.986,147,205,6.986,2024-06-05 11:41:46
255.0,99,18493.3,255.0,8.158,134,203,8.158,2024-06-05 11:41:47
258.20000000000005,91,18501.52,258.20000000000005,8.225,149,267,8.225,2024-06-05 11:41:48
255.0,95,18509.57,255.0,8.05,157,184,8.05,2024-06-05 11:41:49
257.20000000000005,86,18517.69,257.20000000000005,8.119,165,231,8.119,2024-06-05 11:41:50
251.60000000000002,92,18525.49,251.60000000000002,7.802,153,222,7.802,2024-06-05 11:41:51
254.0,93,18533.95,254.0,8.456,141,224,8.456,2024-06-05 11:41:52
253.39999999999998,88,18541.6,253.39999999999998,7.649,145,204,7.649,2024-06-05 11:41:53
257.6,90,18549.42,257.6,7.825,137,196,7.825,2024-06-05 11:41:54
257.79999999999995,81,18557.22,257.79999999999995,7.793,152,207,7.793,2024-06-05 11:41:55
253.79999999999995,94,18565.45,253.79999999999995,8.236,133,236,8.236,2024-06-05 11:41:56
254.39999999999998,92,18574.22,254.39999999999998,8.767,135,222,8.767,2024-06-05 11:41:57
255.79999999999995,95,18580.74,255.79999999999995,6.523,160,226,6.523,2024-06-05 11:41:58
255.0,87,18589.31,255.0,8.57,158,204,8.57,2024-06-05 11:41:59
256.4,82,18596.86,256.4,7.551,167,244,7.551,2024-06-05 11:42:00
258.20000000000005,83,18604.75,258.20000000000005,7.889,146,210,7.889,2024-06-05 11:42:01
252.0,90,18612.76,252.0,8.012,156,236,8.012,2024-06-05 11:42:02
258.79999999999995,84,18619.81,258.79999999999995,7.051,144,245,7.051,2024-06-05 11:42:03
254.20000000000005,94,18627.91,254.20000000000005,8.1,150,200,8.1,2024-06-05 11:42:04
258.79999999999995,88,18636.79,258.79999999999995,8.877,150,197,8.877,2024-06-05 11:42:05
254.79999999999995,88,18643.82,254.79999999999995,7.027,153,183,7.027,2024-06-05 11:42:06
253.60000000000002,91,18652.21,253.60000000000002,8.394,153,215,8.394,2024-06-05 11:42:07
254.60000000000002,86,18661.03,254.60000000000002,8.821,150,225,8.821,2024-06-05 11:42:08
254.39999999999998,96,18669.38,254.39999999999998,8.35,152,234,8.35,2024-06-05 11:42:09
255.39999999999998,83,18676.91,255.39999999999998,7.53,150,211,7.53,2024-06-05 11:42:10
254.39999999999998,77,18685.47,254.39999999999998,8.551,145,218,8.551,2024-06-05 11:42:11
257.0,98,18692.98,257.0,7.511,156,213,7.511,2024-06-05 11:42:12
257.0,88,18701.0,257.0,8.027,140,237,8.027,2024-06-05 11:42:13
255.60000000000002,88,18709.57,255.60000000000002,8.564,156,260,8.564,2024-06-05 11:42:14
251.60000000000002,92,18718.56,251.60000000000002,8.992,153,266,8.992,2024-06-05 11:42:15
258.20000000000005,88,18726.09,258.20000000000005,7.528,147,235,7.528,2024-06-05 11:42:16
253.79999999999995,90,18733.3,253.79999999999995,7.218,162,259,7.218,2024-06-05 11:42:17
251.0,97,18741.36,251.0,8.052,152,215,8.052,2024-06-05 11:42:18
253.0,91,18748.74,253.0,7.386,161,216,7.386,2024-06-05 11:42:19
251.60000000000002,97,18756.19,251.60000000000002,7.444,133,204,7.444,2024-06-05 11:42:20
258.4,99,18763.91,258.4,7.722,137,232,7.722,2024-06-05 11:42:21
251.79999999999995,94,18771.66,251.79999999999995,7.753,146,210,7.753,2024-06-05 11:42:22
255.39999999999998,88,18780.02,255.39999999999998,8.353,154,229,8.353,2024-06-05 11:42:23
253.39999999999998,93,18788.34,253.39999999999998,8.329,150,240,8.329,2024-06-05 11:42:24
257.4,90,18796.48,257.4,8.137,154,226,8.137,2024-06-05 11:42:25
254.39999999999998,95,18804.61,254.39999999999998,8.133,156,249,8.133,2024-06-05 11:42:26
254.0,91,18811.8,254.0,7.187,147,234,7.187,2024-06-05 11:42:27
258.0,86,18820.2,258.0,8.394,162,194,8.394,2024-06-05 11:42:28
253.60000000000002,92,18828.59,253.60000000000002,8.392,151,218,8.392,2024-06-05 11:42:29
258.4,99,18836.53,258.4,7.939,159,233,7.939,2024-06-05 11:42:30
254.20000000000005,88,18843.47,254.20000000000005,6.944,158,222,6.944,2024-06-05 11:42:31
253.20000000000005,88,18850.53,253.20000000000005,7.058,152,222,7.058,2024-06-05 11:42:32
254.0,87,18859.27,254.0,8.745,161,230,8.745,2024-06-05 11:42:33
256.0,88,18867.42,256.0,8.152,166,207,8.152,2024-06-05 11:42:34
255.60000000000002,88,18876.51,255.60000000000002,9.087,153,188,9.087,2024-06-05 11:42:35
255.0,92,18884.97,255.0,8.454,153,239,8.454,2024-06-05 11:42:36
251.79999999999995,92,18892.9,251.79999999999995,7.929,154,210,7.929,2024-06-05 11:42:37
255.20000000000005,88,18901.65,255.20000000000005,8.755,155,233,8.755,2024-06-05 11:42:38
256.4,89,18909.29,256.4,7.643,146,205,7.643,2024-06-05 11:42:39
253.79999999999995,90,18917.04,253.79999999999995,7.746,147,225,7.746,2024-06-05 11:42:40
254.79999999999995,85,18924.62,254.79999999999995,7.585,142,252,7.585,2024-06-05 11:42:41
255.60000000000002,86,18932.88,255.60000000000002,8.258,157,230,8.258,2024-06-05 11:42:42
256.79999999999995,86,18941.23,256.79999999999995,8.345,152,225,8.345,2024-06-05 11:42:43
257.0,84,18949.6,257.0,8.374,154,239,8.374,2024-06-05 11:42:44
256.20000000000005,94,18958.12,256.20000000000005,8.52,144,212,8.52,2024-06-05 11:42:45
253.60000000000002,88,18965.73,253.60000000000002,7.604,150,226,7.604,2024-06-05 11:42:46
252.79999999999995,101,18973.18,252.79999999999995,7.456,162,211,7.456,2024-06-05 11:42:47
258.79999999999995,90,18980.59,258.79999999999995,7.409,151,214,7.409,2024-06-05 11:42:48
253.0,93,18987.91,253.0,7.318,142,230,7.318,2024-06-05 11:42:49
253.60000000000002,93,18996.49,253.60000000000002,8.579,134,254,8.579,2024-06-05 11:42:50
252.0,86,19004.91,252.0,8.418,149,216,8.418,2024-06-05 11:42:51
258.0,95,19014.16,258.0,9.256,150,241,9.256,2024-06-05 11:42:52
253.79999999999995,92,19022.52,253.79999999999995,8.359,145,258,8.359,2024-06-05 11:42:53
253.79999999999995,92,19029.67,253.79999999999995,7.151,161,225,7.151,2024-06-05 11:42:54
257.4,97,19037.36,257.4,7.692,148,217,7.692,2024-06-05 11:42:55
257.4,93,19045.45,257.4,8.085,158,237,8.085,2024-06-05 11:42:56
257.6,87,19053.61,257.6,8.163,136,216,8.163,2024-06-05 11:42:57
253.0,93,19061.81,253.0,8.195,146,229,8.195,2024-06-05 11:42:58
255.0,89,19070.13,255.0,8.326,178,207,8.326,2024-06-05 11:42:59
254.39999999999998,89,19078.28,254.39999999999998,8.143,146,199,8.143,2024-06-05 11:43:00
252.60000000000002,92,19085.9,252.60000000000002,7.621,158,216,7.621,2024-06-05 11:43:01
259.4,82,19094.29,259.4,8.391,175,194,8.391,2024-06-05 11:43:02
254.60000000000002,92,19102.58,254.60000000000002,8.293,136,232,8.293,2024-06-05 11:43:03
255.20000000000005,87,19110.43,255.20000000000005,7.848,153,222,7.848,2024-06-05 11:43:04
253.0,93,19118.34,253.0,7.914,163,269,7.914,2024-06-05 11:43:05
251.79999999999995,89,19126.54,251.79999999999995,8.2,140,219,8.2,2024-06-05 11:43:06
253.79999999999995,94,19134.95,253.79999999999995,8.404,152,252,8.404,2024-06-05 11:43:07
255.20000000000005,93,19142.31,255.20000000000005,7.366,142,178,7.366,2024-06-05 11:43:08
258.20000000000005,90,19149.89,258.20000000000005,7.577,144,188,7.577,2024-06-05 11:43:09
258.20000000000005,95,19157.67,258.20000000000005,7.782,133,230,7.782,2024-06-05 11:43:10
255.20000000000005,85,19164.7,255.20000000000005,7.033,144,218,7.033,2024-06-05 11:43:11
256.4,88,19172.91,256.4,8.204,145,220,8.204,2024-06-05 11:43:12
256.6,92,19180.58,256.6,7.669,145,220,7.669,2024-06-05 11:43:13
260.0,96,19188.1,260.0,7.521,165,236,7.521,2024-06-05 11:43:14
254.39999999999998,95,19196.23,254.39999999999998,8.131,150,205,8.131,2024-06-05 11:43:15
256.6,96,19204.59,256.6,8.356,151,175,8.356,2024-06-05 11:43:16
259.79999999999995,86,19212.86,259.79999999999995,8.277,168,240,8.277,2024-06-05 11:43:17
254.20000000000005,91,19220.62,254.20000000000005,7.754,157,229,7.754,2024-06-05 11:43:18
254.79999999999995,94,19229.29,254.79999999999995,8.671,150,198,8.671,2024-06-05 11:43:19
253.20000000000005,89,19237.97,253.20000000000005,8.684,151,240,8.684,2024-06-05 11:43:20
255.0,80,19245.82,255.0,7.85,139,200,7.85,2024-06-05 11:43:21
252.79999999999995,90,19253.76,252.79999999999995,7.94,151,234,7.94,2024-06-05 11:43:22
257.4,90,19261.56,257.4,7.797,165,221,7.797,2024-06-05 11:43:23
253.20000000000005,94,19269.73,253.20000000000005,8.175,141,229,8.175,2024-06-05 11:43:24
256.20000000000005,89,19278.34,256.20000000000005,8.601,156,174,8.601,2024-06-05 11:43:25
255.20000000000005,91,19285.99,255.20000000000005,7.653,150,216,7.653,2024-06-05 11:43:26
255.39999999999998,93,19293.71,255.39999999999998,7.722,149,236,7.722,2024-06-05 11:43:27
253.60000000000002,89,19300.95,253.60000000000002,7.24,152,193,7.24,2024-06-05 11:43:28
251.79999999999995,79,19308.88,251.79999999999995,7.934,159,215,7.934,2024-06-05 11:43:29
256.0,98,19316.52,256.0,7.636,154,202,7.636,2024-06-05 11:43:30
254.20000000000005,87,19326.13,254.20000000000005,9.608,164,226,9.608,2024-06-05 11:43:31
257.20000000000005,84,19334.52,257.20000000000005,8.389,148,195,8.389,2024-06-05 11:43:32
257.0,86,19342.61,257.0,8.095,151,211,8.095,2024-06-05 11:43:33
253.0,96,19350.82,253.0,8.206,146,241,8.206,2024-06-05 11:43:34
256.20000000000005,94,19358.88,256.20000000000005,8.06,162,204,8.06,2024-06-05 11:43:35
254.39999999999998,84,19366.4,254.39999999999998,7.525,147,235,7.525,2024-06-05 11:43:36
255.0,83,19375.43,255.0,9.026,140,188,9.026,2024-06-05 11:43:37
258.0,79,19384.09,258.0,8.66,149,207,8.66,2024-06-05 11:43:38
254.60000000000002,89,19391.68,254.60000000000002,7.591,155,205,7.591,2024-06-05 11:43:39
253.79999999999995,91,19398.99,253.79999999999995,7.311,144,255,7.311,2024-06-05 11:43:40
253.20000000000005,87,19405.42,253.20000000000005,6.426,149,234,6.426,2024-06-05 11:43:41
254.0,92,19413.18,254.0,7.76,147,199,7.76,2024-06-05 11:43:42
256.4,85,19421.37,256.4,8.194,159,228,8.194,2024-06-05 11:43:43
255.39999999999998,87,19428.74,255.39999999999998,7.363,151,215,7.363,2024-06-05 11:43:44
253.39999999999998,89,19436.7,253.39999999999998,7.966,158,189,7.966,2024-06-05 11:43:45
251.79999999999995,85,19444.53,251.79999999999995,7.833,142,228,7.833,2024-06-05 11:43:46
253.39999999999998,89,19451.36,253.39999999999998,6.827,151,204,6.827,2024-06-05 11:43:47
254.60000000000002,91,19459.65,254.60000000000002,8.284,157,242,8.284,2024-06-05 11:43:48
255.20000000000005,89,19468.09,255.20000000000005,8.445,143,194,8.445,2024-06-05 11:43:49
256.4,85,19475.8,256.4,7.709,160,213,7.709,2024-06-05 11:43:50
254.0,92,19483.58,254.0,7.779,152,183,7.779,2024-06-05 11:43:51
257.79999999999995,92,19491.77,257.79999999999995,8.193,140,219,8.193,2024-06-05 11:43:52
254.60000000000002,93,19499.89,254.60000000000002,8.118,142,181,8.118,2024-06-05 11:43:53
255.39999999999998,87,19507.88,255.39999999999998,7.993,140,247,7.993,2024-06-05 11:43:54
257.20000000000005,91,19515.88,257.20000000000005,7.994,149,211,7.994,2024-06-05 11:43:55
250.0,96,19523.85,250.0,7.972,142,229,7.972,2024-06-05 11:43:56
255.39999999999998,92,19531.19,255.39999999999998,7.346,164,246,7.346,2024-06-05 11:43:57
256.4,97,19537.98,256.4,6.785,148,230,6.785,2024-06-05 11:43:58
253.60000000000002,90,19545.93,253.60000000000002,7.946,165,202,7.946,2024-06-05 11:43:59
255.20000000000005,82,19553.22,255.20000000000005,7.297,155,230,7.297,2024-06-05 11:44:00
254.39999999999998,92,19560.94,254.39999999999998,7.715,154,205,7.715,2024-06-05 11:44:01
249.60000000000002,94,19569.41,249.60000000000002,8.475,132,222,8.475,2024-06-05 11:44:02
254.0,91,19577.81,254.0,8.397,167,212,8.397,2024-06-05 11:44:03
253.60000000000002,85,19586.48,253.60000000000002,8.671,146,243,8.671,2024-06-05 11:44:04
252.20000000000005,91,19595.07,252.20000000000005,8.589,147,196,8.589,2024-06-05 11:44:05
254.39999999999998,83,19602.44,254.39999999999998,7.375,155,219,7.375,2024-06-05 11:44:06
257.4,96,19610.87,257.4,8.429,129,240,8.429,2024-06-05 11:44:07
251.79999999999995,85,19618.32,251.79999999999995,7.448,141,206,7.448,2024-06-05 11:44:08
254.79999999999995,96,19625.59,254.79999999999995,7.266,156,224,7.266,2024-06-05 11:44:09
254.79999999999995,98,19634.06,254.79999999999995,8.476,147,257,8.476,2024-06-05 11:44:10
256.4,83,19640.77,256.4,6.705,149,231,6.705,2024-06-05 11:44:11
255.20000000000005,95,19648.68,255.20000000000005,7.913,166,228,7.913,2024-06-05 11:44:12
255.39999999999998,90,19656.43,255.39999999999998,7.755,152,223,7.755,2024-06-05 11:44:13
256.4,85,19665.18,256.4,8.748,140,234,8.748,2024-06-05 11:44:14
253.60000000000002,90,19673.64,253.60000000000002,8.455,148,211,8.455,2024-06-05 11:44:15
255.20000000000005,94,19682.18,255.20000000000005,8.54,150,210,8.54,2024-06-05 11:44:16
255.20000000000005,93,19689.34,255.20000000000005,7.161,158,246,7.161,2024-06-05 11:44:17
253.20000000000005,89,19696.48,253.20000000000005,7.144,140,212,7.144,2024-06-05 11:44:18
254.79999999999995,91,19704.77,254.79999999999995,8.283,152,209,8.283,2024-06-05 11:44:19
252.79999999999995,99,19712.92,252.79999999999995,8.157,163,216,8.157,2024-06-05 11:44:20
255.0,88,19720.92,255.0,7.995,152,198,7.995,2024-06-05 11:44:21
255.79999999999995,85,19729.56,255.79999999999995,8.646,145,174,8.646,2024-06-05 11:44:22
254.0,84,19737.14,254.0,7.573,159,234,7.573,2024-06-05 11:44:23
252.20000000000005,93,19745.71,252.20000000000005,8.568,153,220,8.568,2024-06-05 11:44:24
254.79999999999995,95,19753.11,254.79999999999995,7.407,162,242,7.407,2024-06-05 11:44:25
254.39999999999998,94,19761.4,254.39999999999998,8.287,154,226,8.287,2024-06-05 11:44:26
254.60000000000002,86,19769.52,254.60000000000002,8.123,175,253,8.123,2024-06-05 11:44:27
255.20000000000005,83,19778.55,255.20000000000005,9.026,154,203,9.026,2024-06-05 11:44:28
256.6,84,19786.59,256.6,8.043,156,221,8.043,2024-06-05 11:44:29
254.60000000000002,83,19794.76,254.60000000000002,8.164,154,238,8.164,2024-06-05 11:44:30
259.4,79,19801.37,259.4,6.617,141,158,6.617,2024-06-05 11:44:31
259.4,76,19808.63,259.4,7.261,128,205,7.261,2024-06-05 11:44:32
262.0,76,19815.83,262.0,7.192,140,180,7.192,2024-06-05 11:44:33
259.0,85,19822.64,259.0,6.817,142,204,6.817,2024-06-05 11:44:34
261.4,90,19829.21,261.4,6.57,152,180,6.57,2024-06-05 11:44:35
263.0,82,19835.72,263.0,6.504,133,136,6.504,2024-06-05 11:44:36
259.0,82,19842.91,259.0,7.197,129,181,7.197,2024-06-05 11:44:37
258.20000000000005,83,19849.75,258.20000000000005,6.838,147,213,6.838,2024-06-05 11:44:38
262.6,83,19855.88,262.6,6.13,134,179,6.13,2024-06-05 11:44:39
258.20000000000005,87,19862.37,258.20000000000005,6.485,128,191,6.485,2024-06-05 11:44:40
257.79999999999995,82,19869.18,257.79999999999995,6.813,128,225,6.813,2024-06-05 11:44:41
259.0,73,19875.54,259.0,6.363,143,174,6.363,2024-06-05 11:44:42
259.6,75,19883.01,259.6,7.468,137,210,7.468,2024-06-05 11:44:43
260.0,81,19889.99,260.0,6.981,142,155,6.981,2024-06-05 11:44:44
260.20000000000005,80,19896.12,260.20000000000005,6.131,131,191,6.131,2024-06-05 11:44:45
258.6,74,19901.84,258.6,5.723,139,174,5.723,2024-06-05 11:44:46
259.4,73,19907.49,259.4,5.646,126,182,5.646,2024-06-05 11:44:47
262.79999999999995,82,19914.25,262.79999999999995,6.757,119,176,6.757,2024-06-05 11:44:48
257.4,85,19920.6,257.4,6.35,138,147,6.35,2024-06-05 11:44:49
260.6,79,19927.35,260.6,6.75,120,159,6.75,2024-06-05 11:44:50
260.6,84,19932.74,260.6,5.398,136,160,5.398,2024-06-05 11:44:51
254.39999999999998,81,19939.64,254.39999999999998,6.892,120,156,6.892,2024-06-05 11:44:52
262.20000000000005,70,19946.07,262.20000000000005,6.436,126,185,6.436,2024-06-05 11:44:53
261.4,72,19952.88,261.4,6.806,127,191,6.806,2024-06-05 11:44:54
260.79999999999995,92,19958.58,260.79999999999995,5.705,123,181,5.705,2024-06-05 11:44:55
259.0,68,19964.95,259.0,6.363,134,195,6.363,2024-06-05 11:44:56
261.0,81,19971.1,261.0,6.149,126,134,6.149,2024-06-05 11:44:57
255.79999999999995,76,19977.89,255.79999999999995,6.797,115,186,6.797,2024-06-05 11:44:58
257.0,90,19984.48,257.0,6.59,136,190,6.59,2024-06-05 11:44:59
259.79999999999995,81,19990.89,259.79999999999995,6.408,107,143,6.408,2024-06-05 11:45:00
259.0,78,19997.51,259.0,6.619,128,193,6.619,2024-06-05 11:45:01
259.79999999999995,76,20003.5,259.79999999999995,5.985,134,176,5.985,2024-06-05 11:45:02
261.6,79,20009.62,261.6,6.124,131,152,6.124,2024-06-05 11:45:03
259.0,89,20016.41,259.0,6.791,135,143,6.791,2024-06-05 11:45:04
260.20000000000005,74,20022.25,260.20000000000005,5.844,147,195,5.844,2024-06-05 11:45:05
258.4,83,20028.86,258.4,6.602,141,188,6.602,2024-06-05 11:45:06
259.20000000000005,88,20035.61,259.20000000000005,6.752,157,192,6.752,2024-06-05 11:45:07
259.20000000000005,86,20043.12,259.20000000000005,7.511,142,165,7.511,2024-06-05 11:45:08
259.79999999999995,79,20049.5,259.79999999999995,6.378,134,184,6.378,2024-06-05 11:45:09
262.0,82,20056.48,262.0,6.982,116,167,6.982,2024-06-05 11:45:10
260.4,77,20063.05,260.4,6.57,120,156,6.57,2024-06-05 11:45:11
260.20000000000005,88,20069.7,260.20000000000005,6.653,108,200,6.653,2024-06-05 11:45:12
256.20000000000005,83,20076.46,256.20000000000005,6.754,124,185,6.754,2024-06-05 11:45:13
263.0,74,20083.1,263.0,6.646,131,177,6.646,2024-06-05 11:45:14
258.6,81,20089.86,258.6,6.755,125,153,6.755,2024-06-05 11:45:15
263.0,83,20096.72,263.0,6.857,122,187,6.857,2024-06-05 11:45:16
259.6,87,20103.82,259.6,7.104,120,203,7.104,2024-06-05 11:45:17
258.4,83,20109.64,258.4,5.822,123,199,5.822,2024-06-05 11:45:18
259.20000000000005,81,20116.05,259.20000000000005,6.411,132,206,6.411,2024-06-05 11:45:19
263.0,74,20122.29,263.0,6.233,120,200,6.233,2024-06-05 11:45:20
258.4,74,20128.98,258.4,6.694,115,170,6.694,2024-06-05 11:45:21
256.20000000000005,81,20136.15,256.20000000000005,7.168,137,196,7.168,2024-06-05 11:45:22
261.6,74,20142.52,261.6,6.368,121,182,6.368,2024-06-05 11:45:23
261.0,83,20148.81,261.0,6.296,141,166,6.296,2024-06-05 11:45:24
262.79999999999995,82,20154.83,262.79999999999995,6.022,138,190,6.022,2024-06-05 11:45:25
261.4,77,20161.21,261.4,6.374,126,205,6.374,2024-06-05 11:45:26
261.0,78,20166.83,261.0,5.619,133,179,5.619,2024-06-05 11:45:27
262.20000000000005,82,20173.69,262.20000000000005,6.865,111,194,6.865,2024-06-05 11:45:28
261.4,82,20179.98,261.4,6.291,133,172,6.291,2024-06-05 11:45:29
261.6,79,20187.26,261.6,7.274,143,175,7.274,2024-06-05 11:45:30
257.6,86,20193.65,257.6,6.397,132,169,6.397,2024-06-05 11:45:31
261.4,78,20199.85,261.4,6.199,126,165,6.199,2024-06-05 11:45:32
259.6,76,20206.54,259.6,6.692,139,165,6.692,2024-06-05 11:45:33
264.0,73,20213.34,264.0,6.792,136,160,6.792,2024-06-05 11:45:34
257.79999999999995,79,20220.2,257.79999999999995,6.863,153,207,6.863,2024-06-05 11:45:35
259.0,71,20226.9,259.0,6.705,111,141,6.705,2024-06-05 11:45:36
260.6,91,20233.67,260.6,6.761,128,163,6.761,2024-06-05 11:45:37
264.0,85,20239.46,264.0,5.793,132,186,5.793,2024-06-05 11:45:38
258.79999999999995,80,20245.22,258.79999999999995,5.762,152,208,5.762,2024-06-05 11:45:39
261.20000000000005,69,20251.74,261.20000000000005,6.523,129,213,6.523,2024-06-05 11:45:40
256.79999999999995,78,20258.24,256.79999999999995,6.49,139,183,6.49,2024-06-05 11:45:41
264.4,83,20265.79,264.4,7.558,141,198,7.558,2024-06-05 11:45:42
263.20000000000005,78,20271.83,263.20000000000005,6.034,118,190,6.034,2024-06-05 11:45:43
261.79999999999995,78,20278.17,261.79999999999995,6.341,112,184,6.341,2024-06-05 11:45:44
258.79999999999995,86,20284.68,258.79999999999995,6.509,127,175,6.509,2024-06-05 11:45:45
259.20000000000005,83,20291.06,259.20000000000005,6.387,133,187,6.387,2024-06-05 11:45:46
257.4,83,20297.81,257.4,6.746,121,152,6.746,2024-06-05 11:45:47
257.6,68,20305.05,257.6,7.241,126,173,7.241,2024-06-05 11:45:48
263.6,84,20311.8,263.6,6.744,119,159,6.744,2024-06-05 11:45:49
257.79999999999995,89,20317.04,257.79999999999995,5.245,129,192,5.245,2024-06-05 11:45:50
256.6,85,20322.98,256.6,5.94,127,180,5.94,2024-06-05 11:45:51
258.6,79,20329.86,258.6,6.882,112,165,6.882,2024-06-05 11:45:52
258.4,75,20336.52,258.4,6.659,135,163,6.659,2024-06-05 11:45:53
260.4,80,20342.68,260.4,6.158,138,207,6.158,2024-06-05 11:45:54
259.6,77,20349.61,259.6,6.929,116,183,6.929,2024-06-05 11:45:55
260.79999999999995,76,20355.95,260.79999999999995,6.337,125,179,6.337,2024-06-05 11:45:56
260.79999999999995,75,20362.3,260.79999999999995,6.355,152,175,6.355,2024-06-05 11:45:57
257.4,81,20368.67,257.4,6.369,119,174,6.369,2024-06-05 11:45:58
255.0,79,20375.3,255.0,6.634,133,186,6.634,2024-06-05 11:45:59
260.0,74,20382.63,260.0,7.321,121,173,7.321,2024-06-05 11:46:00
261.0,86,20389.4,261.0,6.78,121,192,6.78,2024-06-05 11:46:01
258.0,79,20395.3,258.0,5.894,130,231,5.894,2024-06-05 11:46:02
261.0,83,20401.37,261.0,6.071,125,168,6.071,2024-06-05 11:46:03
259.79999999999995,78,20408.03,259.79999999999995,6.659,126,163,6.659,2024-06-05 11:46:04
258.79999999999995,79,20414.18,258.79999999999995,6.151,151,167,6.151,2024-06-05 11:46:05
262.20000000000005,84,20420.38,262.20000000000005,6.204,132,210,6.204,2024-06-05 11:46:06
257.20000000000005,76,20426.61,257.20000000000005,6.227,124,194,6.227,2024-06-05 11:46:07
258.79999999999995,78,20432.84,258.79999999999995,6.231,133,174,6.231,2024-06-05 11:46:08
259.20000000000005,84,20439.98,259.20000000000005,7.14,126,181,7.14,2024-06-05 11:46:09
261.4,76,20446.28,261.4,6.295,124,184,6.295,2024-06-05 11:46:10
260.0,79,20452.98,260.0,6.705,119,163,6.705,2024-06-05 11:46:11
260.4,82,20459.86,260.4,6.873,121,166,6.873,2024-06-05 11:46:12
259.6,72,20466.06,259.6,6.203,101,176,6.203,2024-06-05 11:46:13
259.4,70,20473.5,259.4,7.438,140,170,7.438,2024-06-05 11:46:14
264.6,84,20479.64,264.6,6.149,116,224,6.149,2024-06-05 11:46:15
260.20000000000005,79,20486.34,260.20000000000005,6.7,126,173,6.7,2024-06-05 11:46:16
261.20000000000005,86,20493.35,261.20000000000005,7.01,116,188,7.01,2024-06-05 11:46:17
262.4,82,20500.05,262.4,6.692,121,192,6.692,2024-06-05 11:46:18
260.79999999999995,86,20506.58,260.79999999999995,6.531,118,139,6.531,2024-06-05 11:46:19
257.6,76,20512.57,257.6,5.993,138,211,5.993,2024-06-05 11:46:20
260.4,86,20519.29,260.4,6.724,126,181,6.724,2024-06-05 11:46:21
260.79999999999995,75,20526.34,260.79999999999995,7.047,136,190,7.047,2024-06-05 11:46:22
258.6,84,20533.12,258.6,6.78,124,158,6.78,2024-06-05 11:46:23
261.4,87,20540.23,261.4,7.113,125,216,7.113,2024-06-05 11:46:24
263.20000000000005,80,20546.86,263.20000000000005,6.623,122,197,6.623,2024-06-05 11:46:25
260.4,82,20552.18,260.4,5.323,124,179,5.323,2024-06-05 11:46:26
259.79999999999995,84,20558.62,259.79999999999995,6.437,125,187,6.437,2024-06-05 11:46:27
260.20000000000005,78,20565.65,260.20000000000005,7.039,129,174,7.039,2024-06-05 11:46:28
258.4,77,20571.55,258.4,5.892,158,156,5.892,2024-06-05 11:46:29
259.79999999999995,73,20577.68,259.79999999999995,6.132,150,187,6.132,2024-06-05 11:46:30
260.20000000000005,77,20584.6,260.20000000000005,6.92,123,192,6.92,2024-06-05 11:46:31
260.20000000000005,78,20591.31,260.20000000000005,6.706,134,171,6.706,2024-06-05 11:46:32
261.79999999999995,84,20597.93,261.79999999999995,6.626,134,171,6.626,2024-06-05 11:46:33
259.20000000000005,74,20604.79,259.20000000000005,6.858,131,201,6.858,2024-06-05 11:46:34
260.79999999999995,75,20610.36,260.79999999999995,5.575,138,205,5.575,2024-06-05 11:46:35
262.6,84,20617.66,262.6,7.3,129,178,7.3,2024-06-05 11:46:36
261.79999999999995,74,20624.57,261.79999999999995,6.907,136,163,6.907,2024-06-05 11:46:37
262.0,79,20631.71,262.0,7.138,141,203,7.138,2024-06-05 11:46:38
258.79999999999995,84,20636.96,258.79999999999995,5.251,119,199,5.251,2024-06-05 11:46:39
258.20000000000005,73,20643.25,258.20000000000005,6.286,143,190,6.286,2024-06-05 11:46:40
257.6,79,20650.15,257.6,6.904,129,181,6.904,2024-06-05 11:46:41
259.6,71,20656.66,259.6,6.507,116,166,6.507,2024-06-05 11:46:42
263.6,85,20663.45,263.6,6.79,131,157,6.79,2024-06-05 11:46:43
259.79999999999995,77,20670.9,259.79999999999995,7.452,128,146,7.452,2024-06-05 11:46:44
262.79999999999995,77,20678.03,262.79999999999995,7.127,140,180,7.127,2024-06-05 11:46:45
261.0,82,20684.35,261.0,6.328,113,177,6.328,2024-06-05 11:46:46
258.4,80,20690.73,258.4,6.374,130,171,6.374,2024-06-05 11:46:47
260.0,88,20697.05,260.0,6.321,137,152,6.321,2024-06-05 11:46:48
262.6,83,20703.35,262.6,6.297,137,145,6.297,2024-06-05 11:46:49
256.79999999999995,86,20710.02,256.79999999999995,6.676,129,162,6.676,2024-06-05 11:46:50
257.79999999999995,80,20715.83,257.79999999999995,5.807,117,198,5.807,2024-06-05 11:46:51
259.0,73,20722.73,259.0,6.903,132,162,6.903,2024-06-05 11:46:52
259.6,79,20728.38,259.6,5.646,116,165,5.646,2024-06-05 11:46:53
260.20000000000005,79,20734.34,260.20000000000005,5.957,115,186,5.957,2024-06-05 11:46:54
260.4,83,20741.11,260.4,6.774,128,169,6.774,2024-06-05 11:46:55
260.0,87,20748.31,260.0,7.201,119,167,7.201,2024-06-05 11:46:56
260.0,83,20754.63,260.0,6.317,135,212,6.317,2024-06-05 11:46:57
260.79999999999995,86,20760.83,260.79999999999995,6.2,144,187,6.2,2024-06-05 11:46:58
265.6,78,20767.0,265.6,6.171,141,168,6.171,2024-06-05 11:46:59
257.4,79,20773.25,257.4,6.249,143,186,6.249,2024-06-05 11:47:00
260.6,73,20779.84,260.6,6.596,150,191,6.596,2024-06-05 11:47:01
261.4,76,20785.64,261.4,5.796,140,181,5.796,2024-06-05 11:47:02
258.79999999999995,88,20791.67,258.79999999999995,6.031,128,182,6.031,2024-06-05 11:47:03
257.4,87,20798.84,257.4,7.168,125,172,7.168,2024-06-05 11:47:04
263.79999999999995,77,20804.91,263.79999999999995,6.073,135,140,6.073,2024-06-05 11:47:05
258.0,78,20810.66,258.0,5.746,116,158,5.746,2024-06-05 11:47:06
260.0,73,20817.45,260.0,6.787,124,154,6.787,2024-06-05 11:47:07
261.6,71,20825.03,261.6,7.583,126,182,7.583,2024-06-05 11:47:08
257.79999999999995,78,20832.05,257.79999999999995,7.019,131,165,7.019,2024-06-05 11:47:09
260.20000000000005,90,20837.6,260.20000000000005,5.551,140,183,5.551,2024-06-05 11:47:10
260.6,74,20844.12,260.6,6.525,125,187,6.525,2024-06-05 11:47:11
257.4,73,20851.59,257.4,7.465,115,187,7.465,2024-06-05 11:47:12
262.20000000000005,78,20858.47,262.20000000000005,6.882,123,176,6.882,2024-06-05 11:47:13
263.6,82,20865.51,263.6,7.041,138,234,7.041,2024-06-05 11:47:14
257.6,71,20870.91,257.6,5.397,136,193,5.397,2024-06-05 11:47:15
259.4,71,20877.41,259.4,6.502,131,147,6.502,2024-06-05 11:47:16
259.6,91,20882.75,259.6,5.342,122,210,5.342,2024-06-05 11:47:17
261.20000000000005,82,20889.81,261.20000000000005,7.057,118,165,7.057,2024-06-05 11:47:18
261.79999999999995,86,20895.47,261.79999999999995,5.664,128,196,5.664,2024-06-05 11:47:19
262.0,72,20901.82,262.0,6.347,142,200,6.347,2024-06-05 11:47:20
260.0,82,20909.43,260.0,7.606,140,177,7.606,2024-06-05 11:47:21
260.6,82,20916.05,260.6,6.621,127,177,6.621,2024-06-05 11:47:22
260.79999999999995,83,20921.98,260.79999999999995,5.937,143,180,5.937,2024-06-05 11:47:23
258.0,74,20928.3,258.0,6.319,123,175,6.319,2024-06-05 11:47:24
259.79999999999995,75,20934.41,259.79999999999995,6.107,131,186,6.107,2024-06-05 11:47:25
260.20000000000005,75,20940.6,260.20000000000005,6.186,142,133,6.186,2024-06-05 11:47:26
257.4,83,20947.42,257.4,6.819,123,204,6.819,2024-06-05 11:47:27
262.4,85,20953.07,262.4,5.652,121,208,5.652,2024-06-05 11:47:28
261.6,82,20959.63,261.6,6.563,125,158,6.563,2024-06-05 11:47:29
260.0,75,20966.85,260.0,7.217,132,175,7.217,2024-06-05 11:47:30
260.20000000000005,81,20973.46,260.20000000000005,6.617,125,227,6.617,2024-06-05 11:47:31
261.79999999999995,82,20980.65,261.79999999999995,7.185,137,188,7.185,2024-06-05 11:47:32
261.6,78,20986.72,261.6,6.071,146,165,6.071,2024-06-05 11:47:33
257.20000000000005,88,20993.57,257.20000000000005,6.852,142,197,6.852,2024-06-05 11:47:34
261.6,74,21000.21,261.6,6.641,128,172,6.641,2024-06-05 11:47:35
260.20000000000005,84,21006.62,260.20000000000005,6.407,122,167,6.407,2024-06-05 11:47:36
259.6,81,21013.25,259.6,6.631,122,195,6.631,2024-06-05 11:47:37
260.0,79,21020.71,260.0,7.46,130,180,7.46,2024-06-05 11:47:38
263.4,86,21027.92,263.4,7.206,122,210,7.206,2024-06-05 11:47:39
260.20000000000005,79,21033.86,260.20000000000005,5.946,135,146,5.946,2024-06-05 11:47:40
259.0,75,21039.3,259.0,5.435,131,156,5.435,2024-06-05 11:47:41
262.0,76,21047.11,262.0,7.813,147,191,7.813,2024-06-05 11:47:42
259.6,70,21053.54,259.6,6.432,110,209,6.432,2024-06-05 11:47:43
260.6,80,21060.24,260.6,6.695,120,174,6.695,2024-06-05 11:47:44
262.79999999999995,84,21067.04,262.79999999999995,6.797,133,175,6.797,2024-06-05 11:47:45
260.20000000000005,75,21072.77,260.20000000000005,5.735,138,165,5.735,2024-06-05 11:47:46
259.79999999999995,79,21079.57,259.79999999999995,6.799,146,152,6.799,2024-06-05 11:47:47
259.20000000000005,71,21085.74,259.20000000000005,6.169,110,180,6.169,2024-06-05 11:47:48
259.6,79,21091.6,259.6,5.864,131,172,5.864,2024-06-05 11:47:49
258.20000000000005,78,21098.94,258.20000000000005,7.332,109,168,7.332,2024-06-05 11:47:50
260.79999999999995,84,21105.25,260.79999999999995,6.315,125,172,6.315,2024-06-05 11:47:51
263.0,85,21111.36,263.0,6.111,108,207,6.111,2024-06-05 11:47:52
256.20000000000005,88,21118.02,256.20000000000005,6.658,141,193,6.658,2024-06-05 11:47:53
257.0,83,21124.13,257.0,6.108,136,155,6.108,2024-06-05 11:47:54
256.20000000000005,83,21130.88,256.20000000000005,6.749,128,210,6.749,2024-06-05 11:47:55
258.0,78,21137.86,258.0,6.988,129,191,6.988,2024-06-05 11:47:56
261.0,82,21144.29,261.0,6.422,109,136,6.422,2024-06-05 11:47:57
261.0,80,21150.16,261.0,5.874,139,164,5.874,2024-06-05 11:47:58
265.0,77,21156.78,265.0,6.618,129,181,6.618,2024-06-05 11:47:59
260.20000000000005,81,21163.01,260.20000000000005,6.234,129,189,6.234,2024-06-05 11:48:00
263.79999999999995,84,21169.8,263.79999999999995,6.786,127,194,6.786,2024-06-05 11:48:01
258.6,87,21176.65,258.6,6.855,127,202,6.855,2024-06-05 11:48:02
263.79999999999995,85,21183.67,263.79999999999995,7.02,132,203,7.02,2024-06-05 11:48:03
258.0,77,21190.55,258.0,6.877,130,177,6.877,2024-06-05 11:48:04
263.79999999999995,84,21196.55,263.79999999999995,6.0,134,188,6.0,2024-06-05 11:48:05
259.79999999999995,85,21203.16,259.79999999999995,6.606,152,158,6.606,2024-06-05 11:48:06
262.20000000000005,83,21209.33,262.20000000000005,6.174,132,169,6.174,2024-06-05 11:48:07
259.4,77,21216.94,259.4,7.614,131,147,7.614,2024-06-05 11:48:08
256.20000000000005,80,21223.38,256.20000000000005,6.431,130,135,6.431,2024-06-05 11:48:09
259.20000000000005,82,21229.87,259.20000000000005,6.495,140,149,6.495,2024-06-05 11:48:10
259.4,73,21235.21,259.4,5.334,136,149,5.334,2024-06-05 11:48:11
259.20000000000005,81,21241.57,259.20000000000005,6.36,129,177,6.36,2024-06-05 11:48:12
262.20000000000005,86,21248.79,262.20000000000005,7.221,131,202,7.221,2024-06-05 11:48:13
258.79999999999995,83,21255.14,258.79999999999995,6.356,114,160,6.356,2024-06-05 11:48:14
261.4,71,21262.01,261.4,6.865,123,154,6.865,2024-06-05 11:48:15
259.4,79,21268.91,259.4,6.901,132,164,6.901,2024-06-05 11:48:16
261.20000000000005,82,21276.15,261.20000000000005,7.239,129,181,7.239,2024-06-05 11:48:17
258.79999999999995,71,21282.78,258.79999999999995,6.636,125,175,6.636,2024-06-05 11:48:18
262.6,87,21288.98,262.6,6.197,135,181,6.197,2024-06-05 11:48:19
256.20000000000005,73,21295.27,256.20000000000005,6.294,146,172,6.294,2024-06-05 11:48:20
261.4,87,21301.78,261.4,6.503,129,178,6.503,2024-06-05 11:48:21
261.20000000000005,84,21307.38,261.20000000000005,5.607,126,173,5.607,2024-06-05 11:48:22
260.79999999999995,85,21313.64,260.79999999999995,6.253,131,187,6.253,2024-06-05 11:48:23
261.20000000000005,83,21319.39,261.20000000000005,5.754,131,195,5.754,2024-06-05 11:48:24
259.20000000000005,75,21325.68,259.20000000000005,6.292,119,126,6.292,2024-06-05 11:48:25
260.79999999999995,81,21332.89,260.79999999999995,7.205,118,178,7.205,2024-06-05 11:48:26
261.6,83,21339.56,261.6,6.671,131,173,6.671,2024-06-05 11:48:27
262.20000000000005,82,21345.52,262.20000000000005,5.955,142,167,5.955,2024-06-05 11:48:28
260.20000000000005,81,21352.14,260.20000000000005,6.622,134,212,6.622,2024-06-05 11:48:29
256.0,82,21357.96,256.0,5.826,126,199,5.826,2024-06-05 11:48:30
256.6,77,21365.01,256.6,7.046,141,210,7.046,2024-06-05 11:48:31
259.4,76,21372.06,259.4,7.054,134,205,7.054,2024-06-05 11:48:32
258.4,90,21378.05,258.4,5.982,132,211,5.982,2024-06-05 11:48:33
259.0,81,21384.03,259.0,5.986,123,193,5.986,2024-06-05 11:48:34
260.0,73,21390.8,260.0,6.768,123,154,6.768,2024-06-05 11:48:35
258.79999999999995,83,21397.01,258.79999999999995,6.211,126,207,6.211,2024-06-05 11:48:36
263.4,78,21404.14,263.4,7.126,126,137,7.126,2024-06-05 11:48:37
258.6,85,21411.24,258.6,7.099,135,181,7.099,2024-06-05 11:48:38
262.4,75,21418.11,262.4,6.872,120,170,6.872,2024-06-05 11:48:39
264.4,80,21424.48,264.4,6.37,143,190,6.37,2024-06-05 11:48:40
258.6,81,21430.7,258.6,6.224,126,192,6.224,2024-06-05 11:48:41
259.4,78,21437.67,259.4,6.965,121,197,6.965,2024-06-05 11:48:42
257.6,67,21444.7,257.6,7.029,123,189,7.029,2024-06-05 11:48:43
260.79999999999995,69,21451.2,260.79999999999995,6.507,130,188,6.507,2024-06-05 11:48:44
260.20000000000005,79,21457.93,260.20000000000005,6.731,124,192,6.731,2024-06-05 11:48:45
265.20000000000005,82,21465.11,265.20000000000005,7.176,121,210,7.176,2024-06-05 11:48:46
258.0,79,21471.39,258.0,6.278,142,175,6.278,2024-06-05 11:48:47
257.0,79,21478.7,257.0,7.312,125,190,7.312,2024-06-05 11:48:48
263.0,85,21485.19,263.0,6.494,116,201,6.494,2024-06-05 11:48:49
260.79999999999995,75,21491.79,260.79999999999995,6.594,153,171,6.594,2024-06-05 11:48:50
258.79999999999995,91,21498.28,258.79999999999995,6.492,154,189,6.492,2024-06-05 11:48:51
261.20000000000005,82,21505.25,261.20000000000005,6.966,127,200,6.966,2024-06-05 11:48:52
262.20000000000005,74,21511.66,262.20000000000005,6.411,132,210,6.411,2024-06-05 11:48:53
262.4,87,21517.22,262.4,5.561,132,166,5.561,2024-06-05 11:48:54
258.6,74,21524.4,258.6,7.185,128,184,7.185,2024-06-05 11:48:55
258.0,77,21531.11,258.0,6.712,144,179,6.712,2024-06-05 11:48:56
263.0,84,21537.76,263.0,6.649,133,190,6.649,2024-06-05 11:48:57
259.4,74,21543.76,259.4,5.997,139,185,5.997,2024-06-05 11:48:58
261.20000000000005,77,21550.52,261.20000000000005,6.764,133,189,6.764,2024-06-05 11:48:59
262.0,80,21556.85,262.0,6.328,122,172,6.328,2024-06-05 11:49:00
258.0,83,21563.35,258.0,6.501,115,207,6.501,2024-06-05 11:49:01
260.0,79,21569.93,260.0,6.582,142,174,6.582,2024-06-05 11:49:02
261.6,77,21576.32,261.6,6.39,138,190,6.39,2024-06-05 11:49:03
261.4,70,21582.86,261.4,6.539,132,180,6.539,2024-06-05 11:49:04
258.20000000000005,70,21589.55,258.20000000000005,6.684,146,188,6.684,2024-06-05 11:49:05
260.20000000000005,76,21596.29,260.20000000000005,6.741,134,171,6.741,2024-06-05 11:49:06
261.0,82,21603.06,261.0,6.772,131,156,6.772,2024-06-05 11:49:07
259.79999999999995,78,21610.03,259.79999999999995,6.967,131,185,6.967,2024-06-05 11:49:08
260.20000000000005,76,21616.75,260.20000000000005,6.726,126,203,6.726,2024-06-05 11:49:09
259.0,80,21623.07,259.0,6.316,133,182,6.316,2024-06-05 11:49:10
262.4,80,21630.25,262.4,7.179,128,195,7.179,2024-06-05 11:49:11
255.0,69,21636.77,255.0,6.52,136,149,6.52,2024-06-05 11:49:12
265.20000000000005,85,21643.03,265.20000000000005,6.262,123,163,6.262,2024-06-05 11:49:13
261.4,81,21649.19,261.4,6.161,116,160,6.161,2024-06-05 11:49:14
258.0,76,21655.68,258.0,6.485,111,194,6.485,2024-06-05 11:49:15
260.20000000000005,79,21661.23,260.20000000000005,5.551,118,173,5.551,2024-06-05 11:49:16
262.0,84,21667.97,262.0,6.742,140,202,6.742,2024-06-05 11:49:17
256.6,78,21675.22,256.6,7.25,127,166,7.25,2024-06-05 11:49:18
259.20000000000005,83,21681.33,259.20000000000005,6.109,132,217,6.109,2024-06-05 11:49:19
263.4,77,21688.14,263.4,6.808,144,207,6.808,2024-06-05 11:49:20
256.6,82,21695.25,256.6,7.11,130,149,7.11,2024-06-05 11:49:21
259.20000000000005,81,21701.91,259.20000000000005,6.663,127,170,6.663,2024-06-05 11:49:22
258.20000000000005,77,21708.48,258.20000000000005,6.569,122,161,6.569,2024-06-05 11:49:23
257.0,85,21714.98,257.0,6.498,128,203,6.498,2024-06-05 11:49:24
260.0,81,21720.54,260.0,5.567,135,179,5.567,2024-06-05 11:49:25
260.79999999999995,84,21727.48,260.79999999999995,6.94,116,173,6.94,2024-06-05 11:49:26
260.79999999999995,66,21733.89,260.79999999999995,6.405,142,180,6.405,2024-06-05 11:49:27
263.0,77,21740.91,263.0,7.022,137,205,7.022,2024-06-05 11:49:28
259.20000000000005,89,21747.03,259.20000000000005,6.122,129,195,6.122,2024-06-05 11:49:29
257.0,80,21751.92,257.0,4.882,133,192,4.882,2024-06-05 11:49:30
254.39999999999998,90,21759.49,254.39999999999998,7.573,146,211,7.573,2024-06-05 11:49:31
254.0,100,21767.57,254.0,8.085,137,213,8.085,2024-06-05 11:49:32
255.0,96,21775.81,255.0,8.232,144,190,8.232,2024-06-05 11:49:33
251.60000000000002,91,21783.86,251.60000000000002,8.054,143,221,8.054,2024-06-05 11:49:34
258.6,83,21792.57,258.6,8.713,150,241,8.713,2024-06-05 11:49:35
253.79999999999995,98,21800.06,253.79999999999995,7.487,167,202,7.487,2024-06-05 11:49:36
254.20000000000005,92,21808.25,254.20000000000005,8.184,150,238,8.184,2024-06-05 11:49:37
257.79999999999995,85,21815.97,257.79999999999995,7.728,136,187,7.728,2024-06-05 11:49:38
252.60000000000002,92,21823.71,252.60000000000002,7.733,138,230,7.733,2024-06-05 11:49:39
252.60000000000002,90,21831.85,252.60000000000002,8.143,134,205,8.143,2024-06-05 11:49:40
255.39999999999998,82,21839.89,255.39999999999998,8.036,134,216,8.036,2024-06-05 11:49:41
255.0,86,21848.84,255.0,8.953,155,199,8.953,2024-06-05 11:49:42
255.0,82,21856.61,255.0,7.769,135,241,7.769,2024-06-05 11:49:43
254.60000000000002,92,21865.26,254.60000000000002,8.648,160,226,8.648,2024-06-05 11:49:44
255.60000000000002,102,21873.56,255.60000000000002,8.3,149,221,8.3,2024-06-05 11:49:45
255.20000000000005,93,21881.67,255.20000000000005,8.109,139,229,8.109,2024-06-05 11:49:46
254.79999999999995,91,21889.79,254.79999999999995,8.123,143,263,8.123,2024-06-05 11:49:47
257.6,83,21897.76,257.6,7.969,150,194,7.969,2024-06-05 11:49:48
254.0,93,21905.44,254.0,7.687,143,227,7.687,2024-06-05 11:49:49
256.0,98,21914.22,256.0,8.772,150,219,8.772,2024-06-05 11:49:50
256.0,90,21921.95,256.0,7.739,137,224,7.739,2024-06-05 11:49:51
252.60000000000002,96,21929.72,252.60000000000002,7.764,142,229,7.764,2024-06-05 11:49:52
255.20000000000005,92,21938.14,255.20000000000005,8.423,161,222,8.423,2024-06-05 11:49:53
254.60000000000002,99,21946.81,254.60000000000002,8.667,148,234,8.667,2024-06-05 11:49:54
255.79999999999995,77,21954.48,255.79999999999995,7.666,153,228,7.666,2024-06-05 11:49:55
259.20000000000005,90,21963.24,259.20000000000005,8.766,158,245,8.766,2024-06-05 11:49:56
255.60000000000002,91,21971.24,255.60000000000002,7.998,157,181,7.998,2024-06-05 11:49:57
257.6,86,21979.42,257.6,8.179,168,227,8.179,2024-06-05 11:49:58
253.79999999999995,87,21987.33,253.79999999999995,7.909,142,200,7.909,2024-06-05 11:49:59
256.79999999999995,81,21995.36,256.79999999999995,8.032,152,230,8.032,2024-06-05 11:50:00
254.60000000000002,90,22002.79,254.60000000000002,7.425,148,238,7.425,2024-06-05 11:50:01
255.0,91,22011.22,255.0,8.432,151,217,8.432,2024-06-05 11:50:02
253.39999999999998,97,22019.54,253.39999999999998,8.323,159,227,8.323,2024-06-05 11:50:03
251.39999999999998,96,22028.15,251.39999999999998,8.609,154,232,8.609,2024-06-05 11:50:04
254.79999999999995,92,22036.96,254.79999999999995,8.814,140,211,8.814,2024-06-05 11:50:05
252.79999999999995,84,22044.27,252.79999999999995,7.31,163,202,7.31,2024-06-05 11:50:06
254.79999999999995,91,22051.96,254.79999999999995,7.685,164,203,7.685,2024-06-05 11:50:07
256.4,96,22060.0,256.4,8.041,168,245,8.041,2024-06-05 11:50:08
251.60000000000002,92,22067.85,251.60000000000002,7.848,173,250,7.848,2024-06-05 11:50:09
254.0,97,22075.93,254.0,8.08,142,220,8.08,2024-06-05 11:50:10
255.39999999999998,86,22083.49,255.39999999999998,7.565,145,229,7.565,2024-06-05 11:50:11
254.0,92,22090.88,254.0,7.383,159,219,7.383,2024-06-05 11:50:12
256.0,86,22099.11,256.0,8.234,143,229,8.234,2024-06-05 11:50:13
254.20000000000005,93,22107.73,254.20000000000005,8.619,150,218,8.619,2024-06-05 11:50:14
252.60000000000002,86,22115.7,252.60000000000002,7.976,151,214,7.976,2024-06-05 11:50:15
255.20000000000005,96,22123.88,255.20000000000005,8.178,153,244,8.178,2024-06-05 11:50:16
256.6,92,22131.3,256.6,7.415,135,222,7.415,2024-06-05 11:50:17
252.39999999999998,92,22138.96,252.39999999999998,7.66,146,217,7.66,2024-06-05 11:50:18
252.39999999999998,91,22146.31,252.39999999999998,7.353,144,231,7.353,2024-06-05 11:50:19
255.0,91,22153.9,255.0,7.588,156,221,7.588,2024-06-05 11:50:20
252.39999999999998,87,22161.61,252.39999999999998,7.716,142,276,7.716,2024-06-05 11:50:21
251.39999999999998,93,22170.18,251.39999999999998,8.568,137,236,8.568,2024-06-05 11:50:22
251.79999999999995,101,22178.6,251.79999999999995,8.421,158,225,8.421,2024-06-05 11:50:23
253.20000000000005,83,22186.78,253.20000000000005,8.175,153,205,8.175,2024-06-05 11:50:24
256.20000000000005,97,22194.64,256.20000000000005,7.863,165,249,7.863,2024-06-05 11:50:25
256.0,80,22203.19,256.0,8.55,148,201,8.55,2024-06-05 11:50:26
255.20000000000005,89,22211.35,255.20000000000005,8.159,143,211,8.159,2024-06-05 11:50:27
256.4,93,22218.99,256.4,7.641,154,202,7.641,2024-06-05 11:50:28
253.0,86,22227.12,253.0,8.133,171,245,8.133,2024-06-05 11:50:29
254.60000000000002,101,22235.17,254.60000000000002,8.048,166,270,8.048,2024-06-05 11:50:30
254.20000000000005,79,22241.8,254.20000000000005,6.627,166,232,6.627,2024-06-05 11:50:31
254.39999999999998,95,22249.68,254.39999999999998,7.881,151,208,7.881,2024-06-05 11:50:32
254.79999999999995,90,22257.5,254.79999999999995,7.82,146,216,7.82,2024-06-05 11:50:33
251.39999999999998,96,22266.24,251.39999999999998,8.739,154,213,8.739,2024-06-05 11:50:34
261.20000000000005,94,22274.94,261.20000000000005,8.701,130,169,8.701,2024-06-05 11:50:35
254.20000000000005,91,22283.46,254.20000000000005,8.52,157,227,8.52,2024-06-05 11:50:36
256.4,90,22291.52,256.4,8.061,135,217,8.061,2024-06-05 11:50:37
256.0,88,22299.34,256.0,7.818,158,229,7.818,2024-06-05 11:50:38
255.0,91,22307.23,255.0,7.893,155,201,7.893,2024-06-05 11:50:39
255.79999999999995,88,22315.48,255.79999999999995,8.252,163,196,8.252,2024-06-05 11:50:40
251.20000000000005,94,22322.88,251.20000000000005,7.391,143,207,7.391,2024-06-05 11:50:41
255.0,89,22331.31,255.0,8.43,160,242,8.43,2024-06-05 11:50:42
255.20000000000005,92,22339.68,255.20000000000005,8.37,149,243,8.37,2024-06-05 11:50:43
256.0,96,22347.58,256.0,7.903,147,229,7.903,2024-06-05 11:50:44
253.60000000000002,85,22355.11,253.60000000000002,7.528,159,218,7.528,2024-06-05 11:50:45
256.0,96,22363.59,256.0,8.479,135,259,8.479,2024-06-05 11:50:46
254.39999999999998,99,22370.9,254.39999999999998,7.312,151,256,7.312,2024-06-05 11:50:47
260.4,91,22379.41,260.4,8.513,161,213,8.513,2024-06-05 11:50:48
254.39999999999998,93,22387.48,254.39999999999998,8.069,158,234,8.069,2024-06-05 11:50:49
254.20000000000005,86,22395.32,254.20000000000005,7.835,161,212,7.835,2024-06-05 11:50:50
256.20000000000005,100,22403.77,256.20000000000005,8.454,149,210,8.454,2024-06-05 11:50:51
252.79999999999995,96,22410.99,252.79999999999995,7.221,148,203,7.221,2024-06-05 11:50:52
258.4,89,22419.02,258.4,8.031,149,241,8.031,2024-06-05 11:50:53
256.0,87,22427.79,256.0,8.766,157,242,8.766,2024-06-05 11:50:54
252.20000000000005,88,22437.12,252.20000000000005,9.331,139,214,9.331,2024-06-05 11:50:55
253.60000000000002,100,22445.56,253.60000000000002,8.444,137,235,8.444,2024-06-05 11:50:56
251.60000000000002,95,22453.2,251.60000000000002,7.64,153,200,7.64,2024-06-05 11:50:57
254.79999999999995,85,22461.08,254.79999999999995,7.879,150,196,7.879,2024-06-05 11:50:58
254.20000000000005,85,22469.01,254.20000000000005,7.925,139,217,7.925,2024-06-05 11:50:59
252.0,87,22477.15,252.0,8.147,134,215,8.147,2024-06-05 11:51:00
258.79999999999995,92,22484.1,258.79999999999995,6.948,145,231,6.948,2024-06-05 11:51:01
255.39999999999998,86,22492.13,255.39999999999998,8.028,156,198,8.028,2024-06-05 11:51:02
253.39999999999998,98,22499.89,253.39999999999998,7.761,140,221,7.761,2024-06-05 11:51:03
254.39999999999998,96,22507.9,254.39999999999998,8.014,158,229,8.014,2024-06-05 11:51:04
254.0,78,22516.25,254.0,8.345,160,217,8.345,2024-06-05 11:51:05
255.79999999999995,92,22524.47,255.79999999999995,8.222,157,227,8.222,2024-06-05 11:51:06
253.0,93,22532.69,253.0,8.223,153,223,8.223,2024-06-05 11:51:07
254.79999999999995,82,22541.05,254.79999999999995,8.351,140,244,8.351,2024-06-05 11:51:08
258.6,87,22548.4,258.6,7.352,133,191,7.352,2024-06-05 11:51:09
257.6,88,22556.35,257.6,7.952,146,222,7.952,2024-06-05 11:51:10
255.79999999999995,98,22564.83,255.79999999999995,8.481,160,216,8.481,2024-06-05 11:51:11
253.20000000000005,89,22573.04,253.20000000000005,8.206,150,205,8.206,2024-06-05 11:51:12
256.0,81,22581.27,256.0,8.231,146,257,8.231,2024-06-05 11:51:13
254.0,91,22589.35,254.0,8.081,146,240,8.081,2024-06-05 11:51:14
252.20000000000005,92,22597.89,252.20000000000005,8.546,133,221,8.546,2024-06-05 11:51:15
252.79999999999995,85,22605.72,252.79999999999995,7.824,137,181,7.824,2024-06-05 11:51:16
254.0,87,22612.63,254.0,6.907,154,217,6.907,2024-06-05 11:51:17
252.0,89,22620.26,252.0,7.63,154,237,7.63,2024-06-05 11:51:18
250.79999999999995,88,22628.41,250.79999999999995,8.158,149,239,8.158,2024-06-05 11:51:19
258.4,89,22637.41,258.4,8.998,135,205,8.998,2024-06-05 11:51:20
250.20000000000005,87,22644.95,250.20000000000005,7.536,142,228,7.536,2024-06-05 11:51:21
258.0,87,22652.42,258.0,7.468,147,229,7.468,2024-06-05 11:51:22
256.6,94,22660.59,256.6,8.179,153,225,8.179,2024-06-05 11:51:23
252.79999999999995,93,22669.28,252.79999999999995,8.681,143,235,8.681,2024-06-05 11:51:24
255.79999999999995,88,22677.1,255.79999999999995,7.827,160,258,7.827,2024-06-05 11:51:25
258.20000000000005,90,22684.54,258.20000000000005,7.435,157,204,7.435,2024-06-05 11:51:26
252.39999999999998,94,22691.8,252.39999999999998,7.264,146,236,7.264,2024-06-05 11:51:27
253.60000000000002,87,22700.32,253.60000000000002,8.515,147,211,8.515,2024-06-05 11:51:28
255.39999999999998,85,22708.62,255.39999999999998,8.307,148,235,8.307,2024-06-05 11:51:29
253.79999999999995,85,22715.52,253.79999999999995,6.897,158,237,6.897,2024-06-05 11:51:30
253.20000000000005,90,22723.35,253.20000000000005,7.83,143,215,7.83,2024-06-05 11:51:31
251.79999999999995,101,22731.46,251.79999999999995,8.113,159,222,8.113,2024-06-05 11:51:32
255.60000000000002,82,22739.53,255.60000000000002,8.065,152,182,8.065,2024-06-05 11:51:33
254.0,93,22746.87,254.0,7.346,139,220,7.346,2024-06-05 11:51:34
257.79999999999995,84,22755.09,257.79999999999995,8.217,146,220,8.217,2024-06-05 11:51:35
254.60000000000002,90,22762.35,254.60000000000002,7.259,141,256,7.259,2024-06-05 11:51:36
256.20000000000005,94,22770.88,256.20000000000005,8.533,137,239,8.533,2024-06-05 11:51:37
255.20000000000005,88,22779.26,255.20000000000005,8.376,140,225,8.376,2024-06-05 11:51:38
251.60000000000002,93,22786.7,251.60000000000002,7.439,140,225,7.439,2024-06-05 11:51:39
255.0,90,22794.91,255.0,8.215,159,208,8.215,2024-06-05 11:51:40
257.4,85,22803.08,257.4,8.168,145,213,8.168,2024-06-05 11:51:41
256.6,92,22811.71,256.6,8.63,156,216,8.63,2024-06-05 11:51:42
255.79999999999995,83,22819.99,255.79999999999995,8.277,156,212,8.277,2024-06-05 11:51:43
256.4,90,22826.98,256.4,6.994,156,250,6.994,2024-06-05 11:51:44
256.0,89,22835.46,256.0,8.473,155,235,8.473,2024-06-05 11:51:45
255.60000000000002,82,22843.91,255.60000000000002,8.456,147,208,8.456,2024-06-05 11:51:46
255.60000000000002,92,22852.64,255.60000000000002,8.732,138,226,8.732,2024-06-05 11:51:47
253.60000000000002,87,22860.48,253.60000000000002,7.833,135,195,7.833,2024-06-05 11:51:48
254.39999999999998,94,22868.4,254.39999999999998,7.925,156,233,7.925,2024-06-05 11:51:49
251.79999999999995,89,22876.24,251.79999999999995,7.839,149,230,7.839,2024-06-05 11:51:50
255.79999999999995,94,22884.39,255.79999999999995,8.154,148,214,8.154,2024-06-05 11:51:51
256.4,95,22892.61,256.4,8.219,144,218,8.219,2024-06-05 11:51:52
256.20000000000005,88,22901.1,256.20000000000005,8.484,140,202,8.484,2024-06-05 11:51:53
255.39999999999998,84,22909.74,255.39999999999998,8.645,133,215,8.645,2024-06-05 11:51:54
258.4,91,22917.76,258.4,8.015,156,267,8.015,2024-06-05 11:51:55
257.20000000000005,96,22925.4,257.20000000000005,7.643,163,240,7.643,2024-06-05 11:51:56
252.20000000000005,89,22933.17,252.20000000000005,7.77,146,208,7.77,2024-06-05 11:51:57
256.0,88,22940.63,256.0,7.46,135,249,7.46,2024-06-05 11:51:58
257.0,95,22948.16,257.0,7.525,158,216,7.525,2024-06-05 11:51:59
254.0,94,22955.63,254.0,7.473,136,213,7.473,2024-06-05 11:52:00
256.20000000000005,94,22963.61,256.20000000000005,7.983,153,220,7.983,2024-06-05 11:52:01
256.0,87,22971.66,256.0,8.045,147,249,8.045,2024-06-05 11:52:02
256.20000000000005,90,22979.47,256.20000000000005,7.815,162,202,7.815,2024-06-05 11:52:03
256.0,75,22988.83,256.0,9.361,153,217,9.361,2024-06-05 11:52:04
254.20000000000005,91,22996.54,254.20000000000005,7.706,142,246,7.706,2024-06-05 11:52:05
256.6,90,23004.78,256.6,8.242,150,211,8.242,2024-06-05 11:52:06
253.20000000000005,88,23012.81,253.20000000000005,8.03,157,216,8.03,2024-06-05 11:52:07
252.60000000000002,85,23021.81,252.60000000000002,8.995,153,236,8.995,2024-06-05 11:52:08
254.60000000000002,86,23029.62,254.60000000000002,7.816,155,210,7.816,2024-06-05 11:52:09
250.20000000000005,80,23037.76,250.20000000000005,8.142,145,223,8.142,2024-06-05 11:52:10
254.79999999999995,89,23046.14,254.79999999999995,8.379,164,244,8.379,2024-06-05 11:52:11
255.20000000000005,82,23054.77,255.20000000000005,8.625,145,199,8.625,2024-06-05 11:52:12
254.79999999999995,92,23063.09,254.79999999999995,8.321,154,222,8.321,2024-06-05 11:52:13
256.20000000000005,91,23070.77,256.20000000000005,7.684,157,253,7.684,2024-06-05 11:52:14
255.79999999999995,88,23079.96,255.79999999999995,9.181,157,187,9.181,2024-06-05 11:52:15
255.20000000000005,98,23087.15,255.20000000000005,7.194,140,237,7.194,2024-06-05 11:52:16
254.39999999999998,85,23095.17,254.39999999999998,8.024,150,200,8.024,2024-06-05 11:52:17
258.20000000000005,97,23103.31,258.20000000000005,8.138,148,204,8.138,2024-06-05 11:52:18
251.60000000000002,90,23110.92,251.60000000000002,7.605,141,236,7.605,2024-06-05 11:52:19
252.39999999999998,96,23119.68,252.39999999999998,8.764,140,233,8.764,2024-06-05 11:52:20
255.79999999999995,87,23128.4,255.79999999999995,8.716,149,229,8.716,2024-06-05 11:52:21
249.39999999999998,87,23136.8,249.39999999999998,8.402,145,215,8.402,2024-06-05 11:52:22
253.79999999999995,98,23144.08,253.79999999999995,7.278,137,214,7.278,2024-06-05 11:52:23
258.79999999999995,90,23152.99,258.79999999999995,8.911,153,208,8.911,2024-06-05 11:52:24
259.20000000000005,91,23161.47,259.20000000000005,8.478,158,237,8.478,2024-06-05 11:52:25
255.79999999999995,81,23168.9,255.79999999999995,7.432,157,217,7.432,2024-06-05 11:52:26
252.39999999999998,99,23176.34,252.39999999999998,7.446,161,214,7.446,2024-06-05 11:52:27
256.0,87,23184.43,256.0,8.087,157,194,8.087,2024-06-05 11:52:28
257.0,85,23191.37,257.0,6.94,146,256,6.94,2024-06-05 11:52:29
254.20000000000005,93,23200.38,254.20000000000005,9.008,163,194,9.008,2024-06-05 11:52:30
256.79999999999995,88,23208.89,256.79999999999995,8.515,170,258,8.515,2024-06-05 11:52:31
253.60000000000002,91,23216.88,253.60000000000002,7.986,146,181,7.986,2024-06-05 11:52:32
254.0,90,23225.25,254.0,8.37,149,249,8.37,2024-06-05 11:52:33
256.20000000000005,94,23232.77,256.20000000000005,7.523,137,201,7.523,2024-06-05 11:52:34
256.4,87,23241.51,256.4,8.733,146,252,8.733,2024-06-05 11:52:35
255.20000000000005,82,23248.6,255.20000000000005,7.093,156,225,7.093,2024-06-05 11:52:36
253.0,91,23256.65,253.0,8.055,152,208,8.055,2024-06-05 11:52:37
256.4,86,23264.83,256.4,8.172,147,248,8.172,2024-06-05 11:52:38
254.0,81,23272.35,254.0,7.523,151,238,7.523,2024-06-05 11:52:39
256.0,92,23280.29,256.0,7.938,144,196,7.938,2024-06-05 11:52:40
254.0,94,23287.75,254.0,7.463,144,248,7.463,2024-06-05 11:52:41
253.79999999999995,82,23295.86,253.79999999999995,8.114,148,226,8.114,2024-06-05 11:52:42
255.79999999999995,88,23304.07,255.79999999999995,8.206,152,207,8.206,2024-06-05 11:52:43
253.60000000000002,95,23312.14,253.60000000000002,8.072,162,197,8.072,2024-06-05 11:52:44
254.60000000000002,94,23320.6,254.60000000000002,8.462,160,242,8.462,2024-06-05 11:52:45
253.0,95,23328.15,253.0,7.547,144,189,7.547,2024-06-05 11:52:46
255.39999999999998,90,23335.88,255.39999999999998,7.733,156,194,7.733,2024-06-05 11:52:47
255.0,79,23343.69,255.0,7.808,152,246,7.808,2024-06-05 11:52:48
256.6,102,23352.02,256.6,8.325,140,279,8.325,2024-06-05 11:52:49
252.60000000000002,95,23360.1,252.60000000000002,8.08,158,219,8.08,2024-06-05 11:52:50
256.0,92,23368.69,256.0,8.593,152,220,8.593,2024-06-05 11:52:51
253.20000000000005,96,23376.78,253.20000000000005,8.09,155,235,8.09,2024-06-05 11:52:52
256.4,97,23385.33,256.4,8.549,136,204,8.549,2024-06-05 11:52:53
257.0,81,23393.01,257.0,7.676,140,250,7.676,2024-06-05 11:52:54
255.79999999999995,90,23401.3,255.79999999999995,8.29,145,218,8.29,2024-06-05 11:52:55
256.6,87,23408.4,256.6,7.107,143,242,7.107,2024-06-05 11:52:56
254.20000000000005,92,23416.37,254.20000000000005,7.97,149,238,7.97,2024-06-05 11:52:57
256.4,85,23424.4,256.4,8.03,135,221,8.03,2024-06-05 11:52:58
254.60000000000002,92,23432.98,254.60000000000002,8.575,163,226,8.575,2024-06-05 11:52:59
257.79999999999995,99,23441.52,257.79999999999995,8.54,165,171,8.54,2024-06-05 11:53:00
253.20000000000005,90,23449.89,253.20000000000005,8.368,128,214,8.368,2024-06-05 11:53:01
255.20000000000005,87,23459.36,255.20000000000005,9.472,127,248,9.472,2024-06-05 11:53:02
258.4,89,23466.57,258.4,7.209,131,233,7.209,2024-06-05 11:53:03
255.79999999999995,91,23475.05,255.79999999999995,8.488,163,181,8.488,2024-06-05 11:53:04
254.79999999999995,92,23483.65,254.79999999999995,8.595,137,195,8.595,2024-06-05 11:53:05
252.60000000000002,90,23491.64,252.60000000000002,7.989,157,231,7.989,2024-06-05 11:53:06
252.79999999999995,89,23499.56,252.79999999999995,7.919,144,229,7.919,2024-06-05 11:53:07
251.39999999999998,86,23507.58,251.39999999999998,8.022,131,191,8.022,2024-06-05 11:53:08
254.60000000000002,88,23515.22,254.60000000000002,7.64,141,195,7.64,2024-06-05 11:53:09
250.20000000000005,78,23524.15,250.20000000000005,8.926,149,217,8.926,2024-06-05 11:53:10
255.79999999999995,86,23532.47,255.79999999999995,8.325,163,240,8.325,2024-06-05 11:53:11
255.0,89,23540.54,255.0,8.068,137,201,8.068,2024-06-05 11:53:12
257.20000000000005,92,23548.08,257.20000000000005,7.54,142,209,7.54,2024-06-05 11:53:13
254.79999999999995,94,23555.75,254.79999999999995,7.67,154,241,7.67,2024-06-05 11:53:14
256.20000000000005,92,23564.06,256.20000000000005,8.315,162,197,8.315,2024-06-05 11:53:15
253.79999999999995,88,23571.6,253.79999999999995,7.534,157,211,7.534,2024-06-05 11:53:16
256.6,86,23580.03,256.6,8.436,143,196,8.436,2024-06-05 11:53:17
256.4,93,23586.88,256.4,6.841,153,224,6.841,2024-06-05 11:53:18
253.39999999999998,95,23594.95,253.39999999999998,8.07,146,232,8.07,2024-06-05 11:53:19
254.0,99,23603.02,254.0,8.071,140,241,8.071,2024-06-05 11:53:20
253.39999999999998,90,23610.32,253.39999999999998,7.304,141,208,7.304,2024-06-05 11:53:21
252.39999999999998,84,23618.27,252.39999999999998,7.945,158,213,7.945,2024-06-05 11:53:22
254.20000000000005,91,23626.29,254.20000000000005,8.019,142,225,8.019,2024-06-05 11:53:23
256.6,89,23633.96,256.6,7.67,168,216,7.67,2024-06-05 11:53:24
254.79999999999995,91,23641.93,254.79999999999995,7.978,157,220,7.978,2024-06-05 11:53:25
253.79999999999995,83,23650.02,253.79999999999995,8.09,148,208,8.09,2024-06-05 11:53:26
255.0,84,23657.34,255.0,7.321,146,239,7.321,2024-06-05 11:53:27
257.0,85,23664.98,257.0,7.641,147,214,7.641,2024-06-05 11:53:28
253.0,97,23673.26,253.0,8.272,143,255,8.272,2024-06-05 11:53:29
252.39999999999998,94,23681.7,252.39999999999998,8.439,130,223,8.439,2024-06-05 11:53:30
256.4,86,23689.16,256.4,7.461,160,243,7.461,2024-06-05 11:53:31
254.60000000000002,84,23697.43,254.60000000000002,8.277,165,218,8.277,2024-06-05 11:53:32
253.39999999999998,89,23704.73,253.39999999999998,7.299,156,235,7.299,2024-06-05 11:53:33
254.79999999999995,102,23712.79,254.79999999999995,8.053,128,233,8.053,2024-06-05 11:53:34
250.79999999999995,96,23721.01,250.79999999999995,8.225,168,194,8.225,2024-06-05 11:53:35
253.60000000000002,91,23729.12,253.60000000000002,8.113,132,235,8.113,2024-06-05 11:53:36
252.60000000000002,98,23737.98,252.60000000000002,8.857,147,251,8.857,2024-06-05 11:53:37
255.60000000000002,96,23746.04,255.60000000000002,8.059,157,266,8.059,2024-06-05 11:53:38
252.0,79,23754.12,252.0,8.079,148,207,8.079,2024-06-05 11:53:39
256.4,102,23762.74,256.4,8.622,134,239,8.622,2024-06-05 11:53:40
256.4,88,23771.13,256.4,8.389,135,217,8.389,2024-06-05 11:53:41
252.39999999999998,83,23778.73,252.39999999999998,7.605,133,201,7.605,2024-06-05 11:53:42
254.20000000000005,88,23786.79,254.20000000000005,8.056,161,243,8.056,2024-06-05 11:53:43
253.79999999999995,96,23795.13,253.79999999999995,8.335,147,218,8.335,2024-06-05 11:53:44
250.0,87,23803.1,250.0,7.974,148,213,7.974,2024-06-05 11:53:45
257.20000000000005,102,23810.5,257.20000000000005,7.406,161,244,7.406,2024-06-05 11:53:46
255.60000000000002,96,23818.42,255.60000000000002,7.913,148,217,7.913,2024-06-05 11:53:47
256.20000000000005,92,23826.65,256.20000000000005,8.237,147,246,8.237,2024-06-05 11:53:48
254.79999999999995,96,23835.5,254.79999999999995,8.84,151,220,8.84,2024-06-05 11:53:49
252.39999999999998,97,23843.66,252.39999999999998,8.167,144,254,8.167,2024-06-05 11:53:50
255.39999999999998,81,23851.31,255.39999999999998,7.646,140,227,7.646,2024-06-05 11:53:51
254.39999999999998,89,23858.85,254.39999999999998,7.539,146,244,7.539,2024-06-05 11:53:52
255.39999999999998,89,23867.07,255.39999999999998,8.22,145,231,8.22,2024-06-05 11:53:53
256.4,83,23874.57,256.4,7.5,156,230,7.5,2024-06-05 11:53:54
256.20000000000005,92,23882.46,256.20000000000005,7.888,180,217,7.888,2024-06-05 11:53:55
253.20000000000005,88,23891.04,253.20000000000005,8.582,148,250,8.582,2024-06-05 11:53:56
252.79999999999995,93,23899.64,252.79999999999995,8.597,140,192,8.597,2024-06-05 11:53:57
253.0,88,23907.8,253.0,8.167,160,235,8.167,2024-06-05 11:53:58
256.0,82,23916.12,256.0,8.314,135,232,8.314,2024-06-05 11:53:59
254.60000000000002,97,23923.9,254.60000000000002,7.782,148,220,7.782,2024-06-05 11:54:00
255.20000000000005,96,23932.07,255.20000000000005,8.167,166,203,8.167,2024-06-05 11:54:01
254.0,75,23940.11,254.0,8.047,136,181,8.047,2024-06-05 11:54:02
257.20000000000005,89,23948.26,257.20000000000005,8.142,158,201,8.142,2024-06-05 11:54:03
259.6,92,23954.92,259.6,6.664,150,216,6.664,2024-06-05 11:54:04
256.6,93,23963.19,256.6,8.274,139,209,8.274,2024-06-05 11:54:05
258.20000000000005,88,23971.38,258.20000000000005,8.188,150,242,8.188,2024-06-05 11:54:06
253.79999999999995,85,23979.39,253.79999999999995,8.008,151,200,8.008,2024-06-05 11:54:07
253.60000000000002,90,23987.81,253.60000000000002,8.424,152,206,8.424,2024-06-05 11:54:08
253.39999999999998,88,23995.9,253.39999999999998,8.09,147,245,8.09,2024-06-05 11:54:09
259.20000000000005,86,24004.21,259.20000000000005,8.306,152,204,8.306,2024-06-05 11:54:10
254.0,98,24012.26,254.0,8.046,141,263,8.046,2024-06-05 11:54:11
252.0,90,24021.62,252.0,9.366,156,180,9.366,2024-06-05 11:54:12
254.60000000000002,98,24030.15,254.60000000000002,8.531,135,212,8.531,2024-06-05 11:54:13
255.79999999999995,83,24038.24,255.79999999999995,8.091,158,166,8.091,2024-06-05 11:54:14
252.0,92,24047.23,252.0,8.992,145,188,8.992,2024-06-05 11:54:15
255.79999999999995,88,24055.16,255.79999999999995,7.93,155,232,7.93,2024-06-05 11:54:16
255.60000000000002,95,24062.86,255.60000000000002,7.7,133,203,7.7,2024-06-05 11:54:17
255.0,81,24072.0,255.0,9.133,148,195,9.133,2024-06-05 11:54:18
251.79999999999995,94,24080.25,251.79999999999995,8.25,155,284,8.25,2024-06-05 11:54:19
256.79999999999995,91,24087.36,256.79999999999995,7.116,159,225,7.116,2024-06-05 11:54:20
249.39999999999998,106,24095.68,249.39999999999998,8.312,136,189,8.312,2024-06-05 11:54:21
253.79999999999995,88,24102.68,253.79999999999995,7.007,142,199,7.007,2024-06-05 11:54:22
253.0,90,24110.78,253.0,8.098,130,237,8.098,2024-06-05 11:54:23
252.60000000000002,89,24118.69,252.60000000000002,7.911,143,223,7.911,2024-06-05 11:54:24
256.79999999999995,86,24126.68,256.79999999999995,7.993,154,234,7.993,2024-06-05 11:54:25
258.4,94,24135.01,258.4,8.325,146,218,8.325,2024-06-05 11:54:26
250.60000000000002,89,24142.88,250.60000000000002,7.871,141,219,7.871,2024-06-05 11:54:27
253.79999999999995,85,24150.6,253.79999999999995,7.725,154,221,7.725,2024-06-05 11:54:28
250.39999999999998,79,24159.45,250.39999999999998,8.849,149,199,8.849,2024-06-05 11:54:29
258.0,90,24167.73,258.0,8.275,142,225,8.275,2024-06-05 11:54:30
259.0,78,24173.56,259.0,5.827,147,172,5.827,2024-06-05 11:54:31
263.20000000000005,86,24179.63,263.20000000000005,6.074,128,194,6.074,2024-06-05 11:54:32
259.4,77,24186.33,259.4,6.699,108,178,6.699,2024-06-05 11:54:33
257.6,83,24193.3,257.6,6.973,136,184,6.973,2024-06-05 11:54:34
260.79999999999995,81,24199.4,260.79999999999995,6.101,110,210,6.101,2024-06-05 11:54:35
261.20000000000005,85,24205.47,261.20000000000005,6.072,154,194,6.072,2024-06-05 11:54:36
260.20000000000005,83,24212.71,260.20000000000005,7.238,131,200,7.238,2024-06-05 11:54:37
259.79999999999995,90,24219.14,259.79999999999995,6.425,142,184,6.425,2024-06-05 11:54:38
261.6,76,24225.11,261.6,5.975,130,213,5.975,2024-06-05 11:54:39
258.79999999999995,79,24232.52,258.79999999999995,7.411,128,174,7.411,2024-06-05 11:54:40
254.79999999999995,78,24240.16,254.79999999999995,7.635,135,166,7.635,2024-06-05 11:54:41
262.4,80,24246.01,262.4,5.853,162,151,5.853,2024-06-05 11:54:42
259.4,80,24252.32,259.4,6.312,134,129,6.312,2024-06-05 11:54:43
260.6,76,24259.34,260.6,7.015,111,208,7.015,2024-06-05 11:54:44
257.6,86,24265.75,257.6,6.413,130,182,6.413,2024-06-05 11:54:45
261.79999999999995,81,24272.32,261.79999999999995,6.566,140,178,6.566,2024-06-05 11:54:46
259.0,74,24280.33,259.0,8.015,126,187,8.015,2024-06-05 11:54:47
260.79999999999995,80,24287.09,260.79999999999995,6.758,117,164,6.758,2024-06-05 11:54:48
260.79999999999995,82,24293.78,260.79999999999995,6.689,137,177,6.689,2024-06-05 11:54:49
258.79999999999995,80,24299.97,258.79999999999995,6.189,127,198,6.189,2024-06-05 11:54:50
258.6,82,24306.53,258.6,6.558,137,162,6.558,2024-06-05 11:54:51
261.4,80,24313.38,261.4,6.856,122,188,6.856,2024-06-05 11:54:52
259.0,83,24320.17,259.0,6.786,122,176,6.786,2024-06-05 11:54:53
259.0,87,24326.16,259.0,5.99,130,155,5.99,2024-06-05 11:54:54
260.79999999999995,75,24332.69,260.79999999999995,6.528,133,204,6.528,2024-06-05 11:54:55
258.79999999999995,69,24338.87,258.79999999999995,6.183,134,203,6.183,2024-06-05 11:54:56
258.0,80,24346.1,258.0,7.233,114,181,7.233,2024-06-05 11:54:57
260.6,81,24352.68,260.6,6.575,127,181,6.575,2024-06-05 11:54:58
260.0,74,24358.7,260.0,6.024,127,185,6.024,2024-06-05 11:54:59
263.79999999999995,82,24365.67,263.79999999999995,6.97,127,167,6.97,2024-06-05 11:55:00
259.20000000000005,72,24372.65,259.20000000000005,6.978,115,207,6.978,2024-06-05 11:55:01
259.79999999999995,78,24379.47,259.79999999999995,6.819,138,203,6.819,2024-06-05 11:55:02
253.20000000000005,88,24386.24,253.20000000000005,6.773,123,184,6.773,2024-06-05 11:55:03
259.79999999999995,71,24393.19,259.79999999999995,6.948,130,151,6.948,2024-06-05 11:55:04
255.0,79,24400.2,255.0,7.013,131,164,7.013,2024-06-05 11:55:05
258.6,78,24406.11,258.6,5.906,125,144,5.906,2024-06-05 11:55:06
260.20000000000005,80,24412.2,260.20000000000005,6.087,117,165,6.087,2024-06-05 11:55:07
257.6,76,24418.97,257.6,6.774,143,151,6.774,2024-06-05 11:55:08
258.79999999999995,74,24425.62,258.79999999999995,6.648,106,162,6.648,2024-06-05 11:55:09
257.0,79,24432.55,257.0,6.928,125,158,6.928,2024-06-05 11:55:10
257.79999999999995,84,24438.59,257.79999999999995,6.042,140,167,6.042,2024-06-05 11:55:11
262.4,76,24445.33,262.4,6.747,126,199,6.747,2024-06-05 11:55:12
258.4,86,24451.52,258.4,6.183,129,167,6.183,2024-06-05 11:55:13
260.6,73,24458.93,260.6,7.418,132,172,7.418,2024-06-05 11:55:14
259.6,79,24466.44,259.6,7.51,151,157,7.51,2024-06-05 11:55:15
259.6,80,24472.98,259.6,6.54,120,155,6.54,2024-06-05 11:55:16
258.4,82,24478.95,258.4,5.962,128,165,5.962,2024-06-05 11:55:17
263.20000000000005,80,24486.14,263.20000000000005,7.193,144,147,7.193,2024-06-05 11:55:18
258.79999999999995,79,24493.06,258.79999999999995,6.924,129,204,6.924,2024-06-05 11:55:19
259.4,69,24499.41,259.4,6.351,129,194,6.351,2024-06-05 11:55:20
260.20000000000005,85,24505.27,260.20000000000005,5.854,131,171,5.854,2024-06-05 11:55:21
256.20000000000005,86,24511.68,256.20000000000005,6.417,140,172,6.417,2024-06-05 11:55:22
262.6,86,24518.57,262.6,6.881,125,139,6.881,2024-06-05 11:55:23
258.0,79,24524.07,258.0,5.499,154,149,5.499,2024-06-05 11:55:24
260.0,77,24530.52,260.0,6.45,112,165,6.45,2024-06-05 11:55:25
259.79999999999995,77,24537.57,259.79999999999995,7.059,126,179,7.059,2024-06-05 11:55:26
261.6,89,24545.0,261.6,7.43,131,194,7.43,2024-06-05 11:55:27
258.79999999999995,81,24552.09,258.79999999999995,7.086,151,154,7.086,2024-06-05 11:55:28
259.6,78,24558.1,259.6,6.008,134,193,6.008,2024-06-05 11:55:29
259.6,76,24565.05,259.6,6.947,133,174,6.947,2024-06-05 11:55:30
261.4,76,24571.42,261.4,6.377,120,180,6.377,2024-06-05 11:55:31
258.4,83,24577.9,258.4,6.48,131,179,6.48,2024-06-05 11:55:32
258.0,80,24584.27,258.0,6.363,114,187,6.363,2024-06-05 11:55:33
256.79999999999995,78,24590.75,256.79999999999995,6.488,139,179,6.488,2024-06-05 11:55:34
263.0,80,24596.83,263.0,6.076,137,214,6.076,2024-06-05 11:55:35
260.0,92,24602.98,260.0,6.149,119,182,6.149,2024-06-05 11:55:36
260.4,82,24609.33,260.4,6.349,140,157,6.349,2024-06-05 11:55:37
257.6,83,24616.46,257.6,7.129,117,180,7.129,2024-06-05 11:55:38
260.20000000000005,76,24622.4,260.20000000000005,5.94,125,200,5.94,2024-06-05 11:55:39
260.0,90,24629.4,260.0,7.007,124,175,7.007,2024-06-05 11:55:40
260.6,82,24635.54,260.6,6.142,109,207,6.142,2024-06-05 11:55:41
257.6,82,24641.45,257.6,5.907,127,187,5.907,2024-06-05 11:55:42
258.6,81,24648.78,258.6,7.324,133,182,7.324,2024-06-05 11:55:43
257.6,80,24654.66,257.6,5.887,135,197,5.887,2024-06-05 11:55:44
260.20000000000005,84,24661.32,260.20000000000005,6.653,111,174,6.653,2024-06-05 11:55:45
262.4,84,24668.38,262.4,7.06,122,150,7.06,2024-06-05 11:55:46
260.4,77,24674.33,260.4,5.952,121,160,5.952,2024-06-05 11:55:47
258.20000000000005,83,24680.11,258.20000000000005,5.783,148,166,5.783,2024-06-05 11:55:48
259.6,80,24686.68,259.6,6.568,131,208,6.568,2024-06-05 11:55:49
261.4,72,24692.65,261.4,5.974,124,169,5.974,2024-06-05 11:55:50
255.20000000000005,73,24698.92,255.20000000000005,6.265,107,182,6.265,2024-06-05 11:55:51
261.20000000000005,74,24704.5,261.20000000000005,5.582,133,165,5.582,2024-06-05 11:55:52
261.79999999999995,75,24710.13,261.79999999999995,5.627,136,150,5.627,2024-06-05 11:55:53
258.4,89,24716.35,258.4,6.223,141,178,6.223,2024-06-05 11:55:54
258.6,83,24723.04,258.6,6.692,145,202,6.692,2024-06-05 11:55:55
259.79999999999995,86,24730.17,259.79999999999995,7.124,155,186,7.124,2024-06-05 11:55:56
258.4,85,24736.63,258.4,6.466,141,151,6.466,2024-06-05 11:55:57
258.0,81,24743.01,258.0,6.382,138,181,6.382,2024-06-05 11:55:58
263.6,88,24749.7,263.6,6.687,129,162,6.687,2024-06-05 11:55:59
260.79999999999995,76,24756.12,260.79999999999995,6.423,131,173,6.423,2024-06-05 11:56:00
257.6,78,24762.43,257.6,6.304,129,198,6.304,2024-06-05 11:56:01
259.6,79,24767.83,259.6,5.399,116,210,5.399,2024-06-05 11:56:02
260.20000000000005,75,24774.7,260.20000000000005,6.869,124,183,6.869,2024-06-05 11:56:03
256.79999999999995,83,24781.23,256.79999999999995,6.529,152,192,6.529,2024-06-05 11:56:04
255.79999999999995,85,24787.78,255.79999999999995,6.553,114,203,6.553,2024-06-05 11:56:05
260.0,81,24794.04,260.0,6.265,145,210,6.265,2024-06-05 11:56:06
260.79999999999995,83,24800.65,260.79999999999995,6.608,144,217,6.608,2024-06-05 11:56:07
254.79999999999995,77,24807.41,254.79999999999995,6.762,124,142,6.762,2024-06-05 11:56:08
263.0,72,24812.85,263.0,5.432,138,163,5.432,2024-06-05 11:56:09
260.6,74,24819.15,260.6,6.309,130,192,6.309,2024-06-05 11:56:10
260.0,82,24825.39,260.0,6.239,132,194,6.239,2024-06-05 11:56:11
261.20000000000005,77,24831.73,261.20000000000005,6.34,146,151,6.34,2024-06-05 11:56:12
257.20000000000005,72,24839.48,257.20000000000005,7.745,138,213,7.745,2024-06-05 11:56:13
263.6,79,24846.04,263.6,6.562,134,160,6.562,2024-06-05 11:56:14
258.79999999999995,68,24852.43,258.79999999999995,6.389,138,186,6.389,2024-06-05 11:56:15
261.20000000000005,78,24858.25,261.20000000000005,5.825,122,172,5.825,2024-06-05 11:56:16
261.0,78,24864.89,261.0,6.632,139,162,6.632,2024-06-05 11:56:17
261.0,88,24872.12,261.0,7.236,124,225,7.236,2024-06-05 11:56:18
257.0,77,24879.06,257.0,6.943,111,202,6.943,2024-06-05 11:56:19
260.79999999999995,75,24884.89,260.79999999999995,5.824,134,119,5.824,2024-06-05 11:56:20
257.20000000000005,81,24890.47,257.20000000000005,5.581,140,192,5.581,2024-06-05 11:56:21
263.20000000000005,85,24896.91,263.20000000000005,6.444,136,147,6.444,2024-06-05 11:56:22
258.79999999999995,74,24902.87,258.79999999999995,5.96,130,192,5.96,2024-06-05 11:56:23
259.20000000000005,84,24910.23,259.20000000000005,7.353,122,199,7.353,2024-06-05 11:56:24
261.0,79,24916.4,261.0,6.177,123,180,6.177,2024-06-05 11:56:25
264.6,85,24922.69,264.6,6.287,144,158,6.287,2024-06-05 11:56:26
262.6,80,24930.24,262.6,7.554,123,202,7.554,2024-06-05 11:56:27
259.4,84,24937.68,259.4,7.431,114,161,7.431,2024-06-05 11:56:28
259.4,79,24944.57,259.4,6.897,113,153,6.897,2024-06-05 11:56:29
262.0,83,24951.17,262.0,6.594,114,153,6.594,2024-06-05 11:56:30
260.0,79,24957.22,260.0,6.053,115,187,6.053,2024-06-05 11:56:31
258.20000000000005,68,24964.05,258.20000000000005,6.833,128,151,6.833,2024-06-05 11:56:32
257.0,81,24970.33,257.0,6.277,139,160,6.277,2024-06-05 11:56:33
261.6,78,24976.7,261.6,6.366,147,172,6.366,2024-06-05 11:56:34
258.6,82,24983.97,258.6,7.277,143,155,7.277,2024-06-05 11:56:35
259.4,76,24990.65,259.4,6.678,145,171,6.678,2024-06-05 11:56:36
258.20000000000005,76,24996.32,258.20000000000005,5.667,130,193,5.667,2024-06-05 11:56:37
263.79999999999995,83,25002.96,263.79999999999995,6.639,128,175,6.639,2024-06-05 11:56:38
258.79999999999995,83,25009.68,258.79999999999995,6.718,128,202,6.718,2024-06-05 11:56:39
261.79999999999995,74,25016.36,261.79999999999995,6.687,122,183,6.687,2024-06-05 11:56:40
259.6,79,25022.65,259.6,6.288,123,143,6.288,2024-06-05 11:56:41
258.6,74,25029.09,258.6,6.439,123,200,6.439,2024-06-05 11:56:42
258.79999999999995,87,25035.46,258.79999999999995,6.367,136,192,6.367,2024-06-05 11:56:43
258.4,84,25041.89,258.4,6.433,133,230,6.433,2024-06-05 11:56:44
260.79999999999995,72,25048.45,260.79999999999995,6.561,134,135,6.561,2024-06-05 11:56:45
260.0,80,25055.46,260.0,7.012,116,169,7.012,2024-06-05 11:56:46
258.0,88,25062.22,258.0,6.752,138,134,6.752,2024-06-05 11:56:47
257.20000000000005,82,25069.0,257.20000000000005,6.787,122,183,6.787,2024-06-05 11:56:48
257.0,75,25076.0,257.0,7.0,136,216,7.0,2024-06-05 11:56:49
258.0,80,25082.39,258.0,6.382,110,161,6.382,2024-06-05 11:56:50
257.4,82,25088.6,257.4,6.211,137,152,6.211,2024-06-05 11:56:51
263.20000000000005,67,25094.68,263.20000000000005,6.082,132,191,6.082,2024-06-05 11:56:52
262.6,72,25101.12,262.6,6.442,133,173,6.442,2024-06-05 11:56:53
258.6,85,25107.96,258.6,6.839,113,189,6.839,2024-06-05 11:56:54
261.20000000000005,81,25114.67,261.20000000000005,6.714,132,131,6.714,2024-06-05 11:56:55
261.20000000000005,75,25121.32,261.20000000000005,6.646,124,214,6.646,2024-06-05 11:56:56
260.79999999999995,87,25128.25,260.79999999999995,6.932,141,158,6.932,2024-06-05 11:56:57
259.79999999999995,82,25134.62,259.79999999999995,6.374,121,213,6.374,2024-06-05 11:56:58
259.4,85,25140.31,259.4,5.685,131,196,5.685,2024-06-05 11:56:59
259.6,76,25147.69,259.6,7.377,124,172,7.377,2024-06-05 11:57:00
261.4,82,25154.6,261.4,6.911,142,167,6.911,2024-06-05 11:57:01
257.0,78,25161.56,257.0,6.96,148,196,6.96,2024-06-05 11:57:02
258.0,83,25167.87,258.0,6.313,122,216,6.313,2024-06-05 11:57:03
256.0,80,25174.44,256.0,6.573,119,196,6.573,2024-06-05 11:57:04
264.6,82,25180.9,264.6,6.461,127,190,6.461,2024-06-05 11:57:05
261.6,84,25187.72,261.6,6.82,144,192,6.82,2024-06-05 11:57:06
265.0,81,25194.24,265.0,6.518,132,171,6.518,2024-06-05 11:57:07
261.20000000000005,68,25200.84,261.20000000000005,6.602,129,211,6.602,2024-06-05 11:57:08
260.6,83,25206.93,260.6,6.086,128,209,6.086,2024-06-05 11:57:09
256.4,86,25212.92,256.4,5.99,112,163,5.99,2024-06-05 11:57:10
259.20000000000005,83,25220.01,259.20000000000005,7.093,134,155,7.093,2024-06-05 11:57:11
260.4,76,25226.42,260.4,6.403,132,170,6.403,2024-06-05 11:57:12
257.20000000000005,78,25232.08,257.20000000000005,5.666,147,212,5.666,2024-06-05 11:57:13
259.4,75,25238.24,259.4,6.155,123,177,6.155,2024-06-05 11:57:14
259.79999999999995,78,25245.03,259.79999999999995,6.795,128,210,6.795,2024-06-05 11:57:15
263.20000000000005,76,25251.88,263.20000000000005,6.848,132,193,6.848,2024-06-05 11:57:16
260.0,82,25257.91,260.0,6.029,138,186,6.029,2024-06-05 11:57:17
257.79999999999995,82,25264.64,257.79999999999995,6.732,130,201,6.732,2024-06-05 11:57:18
262.20000000000005,73,25271.14,262.20000000000005,6.504,140,186,6.504,2024-06-05 11:57:19
261.0,72,25278.31,261.0,7.167,134,166,7.167,2024-06-05 11:57:20
257.20000000000005,82,25285.05,257.20000000000005,6.738,119,216,6.738,2024-06-05 11:57:21
260.0,89,25292.17,260.0,7.123,132,159,7.123,2024-06-05 11:57:22
260.20000000000005,79,25298.86,260.20000000000005,6.688,125,161,6.688,2024-06-05 11:57:23
258.6,83,25304.86,258.6,6.001,128,181,6.001,2024-06-05 11:57:24
263.0,75,25311.98,263.0,7.119,118,163,7.119,2024-06-05 11:57:25
260.6,75,25318.39,260.6,6.413,143,202,6.413,2024-06-05 11:57:26
260.79999999999995,78,25326.07,260.79999999999995,7.673,124,233,7.673,2024-06-05 11:57:27
259.79999999999995,76,25332.93,259.79999999999995,6.867,126,187,6.867,2024-06-05 11:57:28
260.20000000000005,78,25340.34,260.20000000000005,7.407,125,161,7.407,2024-06-05 11:57:29
262.20000000000005,77,25346.59,262.20000000000005,6.251,118,169,6.251,2024-06-05 11:57:30
259.4,74,25352.83,259.4,6.236,114,192,6.236,2024-06-05 11:57:31
260.79999999999995,77,25358.95,260.79999999999995,6.12,135,178,6.12,2024-06-05 11:57:32
259.4,73,25366.04,259.4,7.088,131,181,7.088,2024-06-05 11:57:33
260.6,77,25372.01,260.6,5.971,129,186,5.971,2024-06-05 11:57:34
262.0,86,25378.73,262.0,6.719,125,186,6.719,2024-06-05 11:57:35
261.4,79,25384.25,261.4,5.528,120,233,5.528,2024-06-05 11:57:36
260.6,77,25391.07,260.6,6.813,120,211,6.813,2024-06-05 11:57:37
258.6,79,25396.72,258.6,5.653,130,209,5.653,2024-06-05 11:57:38
257.79999999999995,89,25402.89,257.79999999999995,6.17,148,180,6.17,2024-06-05 11:57:39
261.20000000000005,79,25409.05,261.20000000000005,6.156,138,191,6.156,2024-06-05 11:57:40
261.0,78,25415.51,261.0,6.462,124,147,6.462,2024-06-05 11:57:41
261.20000000000005,86,25421.11,261.20000000000005,5.603,129,162,5.603,2024-06-05 11:57:42
258.6,72,25427.87,258.6,6.755,122,184,6.755,2024-06-05 11:57:43
261.4,71,25434.13,261.4,6.263,138,188,6.263,2024-06-05 11:57:44
261.79999999999995,81,25439.78,261.79999999999995,5.647,110,148,5.647,2024-06-05 11:57:45
262.0,78,25446.04,262.0,6.258,131,176,6.258,2024-06-05 11:57:46
259.4,81,25452.26,259.4,6.221,126,202,6.221,2024-06-05 11:57:47
259.6,79,25458.59,259.6,6.331,133,194,6.331,2024-06-05 11:57:48
261.79999999999995,81,25465.03,261.79999999999995,6.443,127,194,6.443,2024-06-05 11:57:49
260.20000000000005,80,25471.26,260.20000000000005,6.228,146,194,6.228,2024-06-05 11:57:50
263.20000000000005,76,25477.81,263.20000000000005,6.554,132,171,6.554,2024-06-05 11:57:51
261.20000000000005,85,25484.24,261.20000000000005,6.422,141,196,6.422,2024-06-05 11:57:52
260.6,86,25491.39,260.6,7.151,125,164,7.151,2024-06-05 11:57:53
258.6,73,25497.52,258.6,6.134,129,153,6.134,2024-06-05 11:57:54
261.79999999999995,76,25503.94,261.79999999999995,6.423,146,169,6.423,2024-06-05 11:57:55
257.6,70,25510.32,257.6,6.376,120,156,6.376,2024-06-05 11:57:56
260.6,82,25516.76,260.6,6.442,129,186,6.442,2024-06-05 11:57:57
258.20000000000005,79,25523.07,258.20000000000005,6.313,127,138,6.313,2024-06-05 11:57:58
259.0,69,25529.5,259.0,6.429,132,197,6.429,2024-06-05 11:57:59
260.4,85,25535.89,260.4,6.384,131,177,6.384,2024-06-05 11:58:00
260.0,80,25541.77,260.0,5.881,127,167,5.881,2024-06-05 11:58:01
261.4,79,25548.9,261.4,7.13,130,185,7.13,2024-06-05 11:58:02
261.0,76,25555.69,261.0,6.797,128,182,6.797,2024-06-05 11:58:03
262.20000000000005,82,25562.68,262.20000000000005,6.985,132,229,6.985,2024-06-05 11:58:04
259.4,85,25568.93,259.4,6.247,133,161,6.247,2024-06-05 11:58:05
262.79999999999995,72,25575.72,262.79999999999995,6.797,122,191,6.797,2024-06-05 11:58:06
262.4,80,25582.51,262.4,6.782,139,201,6.782,2024-06-05 11:58:07
262.0,80,25589.26,262.0,6.753,138,161,6.753,2024-06-05 11:58:08
262.6,74,25596.84,262.6,7.576,132,154,7.576,2024-06-05 11:58:09
257.0,77,25603.11,257.0,6.273,120,147,6.273,2024-06-05 11:58:10
261.20000000000005,79,25609.36,261.20000000000005,6.248,139,210,6.248,2024-06-05 11:58:11
258.20000000000005,87,25615.49,258.20000000000005,6.13,117,183,6.13,2024-06-05 11:58:12
262.79999999999995,77,25621.92,262.79999999999995,6.436,115,185,6.436,2024-06-05 11:58:13
257.4,77,25627.81,257.4,5.892,135,187,5.892,2024-06-05 11:58:14
259.6,75,25634.81,259.6,7.0,122,226,7.0,2024-06-05 11:58:15
262.6,72,25640.58,262.6,5.768,117,185,5.768,2024-06-05 11:58:16
261.20000000000005,75,25647.17,261.20000000000005,6.589,117,183,6.589,2024-06-05 11:58:17
260.0,82,25654.6,260.0,7.432,119,173,7.432,2024-06-05 11:58:18
260.79999999999995,80,25661.53,260.79999999999995,6.924,122,160,6.924,2024-06-05 11:58:19
256.0,76,25668.82,256.0,7.297,125,144,7.297,2024-06-05 11:58:20
260.79999999999995,80,25675.49,260.79999999999995,6.668,129,185,6.668,2024-06-05 11:58:21
259.20000000000005,80,25682.14,259.20000000000005,6.653,140,208,6.653,2024-06-05 11:58:22
263.20000000000005,79,25688.1,263.20000000000005,5.953,127,185,5.953,2024-06-05 11:58:23
258.6,72,25693.83,258.6,5.736,144,165,5.736,2024-06-05 11:58:24
258.6,73,25699.95,258.6,6.117,119,162,6.117,2024-06-05 11:58:25
262.0,78,25706.65,262.0,6.698,108,176,6.698,2024-06-05 11:58:26
261.4,88,25713.88,261.4,7.235,143,231,7.235,2024-06-05 11:58:27
260.0,78,25720.32,260.0,6.436,121,220,6.436,2024-06-05 11:58:28
258.79999999999995,80,25726.7,258.79999999999995,6.38,133,159,6.38,2024-06-05 11:58:29
258.79999999999995,76,25733.45,258.79999999999995,6.755,126,192,6.755,2024-06-05 11:58:30
261.20000000000005,79,25740.14,261.20000000000005,6.682,148,175,6.682,2024-06-05 11:58:31
260.6,75,25747.0,260.6,6.86,134,164,6.86,2024-06-05 11:58:32
259.4,76,25754.04,259.4,7.046,126,154,7.046,2024-06-05 11:58:33
261.6,82,25760.46,261.6,6.422,122,196,6.422,2024-06-05 11:58:34
258.20000000000005,84,25767.21,258.20000000000005,6.746,150,156,6.746,2024-06-05 11:58:35
262.4,73,25773.48,262.4,6.267,118,158,6.267,2024-06-05 11:58:36
259.6,80,25780.44,259.6,6.96,123,220,6.96,2024-06-05 11:58:37
260.0,92,25787.59,260.0,7.152,129,184,7.152,2024-06-05 11:58:38
259.6,79,25794.4,259.6,6.812,129,199,6.812,2024-06-05 11:58:39
260.20000000000005,77,25801.49,260.20000000000005,7.09,124,183,7.09,2024-06-05 11:58:40
260.20000000000005,86,25808.01,260.20000000000005,6.523,145,168,6.523,2024-06-05 11:58:41
258.79999999999995,73,25815.13,258.79999999999995,7.119,129,176,7.119,2024-06-05 11:58:42
260.4,80,25820.72,260.4,5.584,120,203,5.584,2024-06-05 11:58:43
256.0,74,25827.21,256.0,6.488,136,198,6.488,2024-06-05 11:58:44
261.6,83,25833.44,261.6,6.239,134,160,6.239,2024-06-05 11:58:45
258.6,84,25840.27,258.6,6.825,126,184,6.825,2024-06-05 11:58:46
261.79999999999995,77,25846.72,261.79999999999995,6.45,117,208,6.45,2024-06-05 11:58:47
260.79999999999995,79,25853.94,260.79999999999995,7.219,137,170,7.219,2024-06-05 11:58:48
260.4,81,25860.65,260.4,6.711,132,195,6.711,2024-06-05 11:58:49
260.20000000000005,72,25866.46,260.20000000000005,5.814,128,214,5.814,2024-06-05 11:58:50
260.0,79,25872.9,260.0,6.433,132,223,6.433,2024-06-05 11:58:51
259.0,80,25878.88,259.0,5.986,128,197,5.986,2024-06-05 11:58:52
258.0,79,25885.93,258.0,7.049,139,193,7.049,2024-06-05 11:58:53
261.4,83,25892.59,261.4,6.663,140,173,6.663,2024-06-05 11:58:54
263.0,92,25898.72,263.0,6.125,133,201,6.125,2024-06-05 11:58:55
260.0,78,25905.77,260.0,7.054,136,152,7.054,2024-06-05 11:58:56
260.0,77,25913.07,260.0,7.296,131,156,7.296,2024-06-05 11:58:57
259.0,78,25919.87,259.0,6.803,122,201,6.803,2024-06-05 11:58:58
261.0,79,25926.41,261.0,6.542,121,219,6.542,2024-06-05 11:58:59
263.0,78,25933.63,263.0,7.217,130,166,7.217,2024-06-05 11:59:00
256.20000000000005,81,25939.77,256.20000000000005,6.137,122,170,6.137,2024-06-05 11:59:01
259.0,80,25945.92,259.0,6.15,141,170,6.15,2024-06-05 11:59:02
261.6,72,25952.59,261.6,6.672,125,167,6.672,2024-06-05 11:59:03
259.20000000000005,81,25959.28,259.20000000000005,6.69,140,181,6.69,2024-06-05 11:59:04
258.20000000000005,70,25965.49,258.20000000000005,6.206,143,201,6.206,2024-06-05 11:59:05
259.4,76,25972.64,259.4,7.157,130,187,7.157,2024-06-05 11:59:06
259.4,80,25979.2,259.4,6.56,134,152,6.56,2024-06-05 11:59:07
261.4,71,25984.73,261.4,5.522,132,164,5.522,2024-06-05 11:59:08
258.4,76,25990.88,258.4,6.159,131,185,6.159,2024-06-05 11:59:09
262.20000000000005,80,25997.37,262.20000000000005,6.481,127,183,6.481,2024-06-05 11:59:10
257.0,83,26004.59,257.0,7.228,129,183,7.228,2024-06-05 11:59:11
259.79999999999995,87,26010.93,259.79999999999995,6.332,138,148,6.332,2024-06-05 11:59:12
260.20000000000005,71,26017.79,260.20000000000005,6.862,140,194,6.862,2024-06-05 11:59:13
260.6,77,26024.26,260.6,6.471,127,175,6.471,2024-06-05 11:59:14
260.20000000000005,76,26030.4,260.20000000000005,6.143,131,150,6.143,2024-06-05 11:59:15
257.0,73,26036.51,257.0,6.111,130,163,6.111,2024-06-05 11:59:16
259.20000000000005,80,26043.35,259.20000000000005,6.835,118,184,6.835,2024-06-05 11:59:17
255.0,86,26049.1,255.0,5.751,122,188,5.751,2024-06-05 11:59:18
258.20000000000005,76,26055.46,258.20000000000005,6.359,126,194,6.359,2024-06-05 11:59:19
257.20000000000005,76,26061.43,257.20000000000005,5.979,124,146,5.979,2024-06-05 11:59:20
259.20000000000005,84,26067.93,259.20000000000005,6.499,139,210,6.499,2024-06-05 11:59:21
258.0,73,26075.22,258.0,7.283,132,170,7.283,2024-06-05 11:59:22
262.0,75,26082.23,262.0,7.009,142,171,7.009,2024-06-05 11:59:23
262.79999999999995,82,26088.55,262.79999999999995,6.321,118,191,6.321,2024-06-05 11:59:24
260.79999999999995,74,26094.73,260.79999999999995,6.184,150,161,6.184,2024-06-05 11:59:25
261.4,75,26100.7,261.4,5.964,137,210,5.964,2024-06-05 11:59:26
261.6,77,26107.33,261.6,6.636,118,160,6.636,2024-06-05 11:59:27
260.0,84,26113.73,260.0,6.403,128,218,6.403,2024-06-05 11:59:28
261.4,76,26120.14,261.4,6.405,121,204,6.405,2024-06-05 11:59:29
257.79999999999995,74,26125.69,257.79999999999995,5.554,146,187,5.554,2024-06-05 11:59:30
