altitude,cadence,distance,enhanced_altitude,enhanced_speed,heart_rate,power,speed,timestamp
248.79999999999995,86,8.02,248.79999999999995,8.019,160,281,8.019,2024-06-05 10:59:31
250.39999999999998,88,17.72,250.39999999999998,9.697,153,280,9.697,2024-06-05 10:59:32
251.60000000000002,98,27.18,251.60000000000002,9.466,158,267,9.466,2024-06-05 10:59:33
249.39999999999998,91,36.3,249.39999999999998,9.114,164,278,9.114,2024-06-05 10:59:34
249.0,96,46.03,249.0,9.734,159,289,9.734,2024-06-05 10:59:35
251.60000000000002,91,54.3,251.60000000000002,8.269,160,293,8.269,2024-06-05 10:59:36
250.20000000000005,84,62.83,250.20000000000005,8.535,158,265,8.535,2024-06-05 10:59:37
249.20000000000005,96,73.02,249.20000000000005,10.191,161,265,10.191,2024-06-05 10:59:38
248.0,88,83.28,248.0,10.253,161,295,10.253,2024-06-05 10:59:39
248.0,89,91.87,248.0,8.589,153,245,8.589,2024-06-05 10:59:40
248.79999999999995,95,100.16,248.79999999999995,8.29,149,272,8.29,2024-06-05 10:59:41
248.39999999999998,86,109.58,248.39999999999998,9.422,154,295,9.422,2024-06-05 10:59:42
247.60000000000002,90,118.56,247.60000000000002,8.979,162,260,8.979,2024-06-05 10:59:43
252.0,89,127.8,252.0,9.244,156,303,9.244,2024-06-05 10:59:44
251.60000000000002,100,137.37,251.60000000000002,9.565,157,274,9.565,2024-06-05 10:59:45
247.39999999999998,100,145.56,247.39999999999998,8.19,156,248,8.19,2024-06-05 10:59:46
248.20000000000005,94,154.6,248.20000000000005,9.038,167,269,9.038,2024-06-05 10:59:47
250.20000000000005,99,164.48,250.20000000000005,9.885,162,281,9.885,2024-06-05 10:59:48
250.20000000000005,96,173.48,250.20000000000005,9.004,154,335,9.004,2024-06-05 10:59:49
251.79999999999995,96,182.58,251.79999999999995,9.092,167,248,9.092,2024-06-05 10:59:50
249.60000000000002,94,190.0,249.60000000000002,7.427,154,276,7.427,2024-06-05 10:59:51
249.0,88,198.58,249.0,8.577,164,280,8.577,2024-06-05 10:59:52
250.60000000000002,94,209.32,250.60000000000002,10.741,163,266,10.741,2024-06-05 10:59:53
249.0,93,216.54,249.0,7.223,171,309,7.223,2024-06-05 10:59:54
246.39999999999998,98,225.76,246.39999999999998,9.213,158,251,9.213,2024-06-05 10:59:55
253.39999999999998,103,235.44,253.39999999999998,9.682,161,278,9.682,2024-06-05 10:59:56
248.79999999999995,93,244.86,248.79999999999995,9.425,164,270,9.425,2024-06-05 10:59:57
249.0,96,253.17,249.0,8.311,162,248,8.311,2024-06-05 10:59:58
248.39999999999998,88,262.08,248.39999999999998,8.906,158,264,8.906,2024-06-05 10:59:59
249.0,98,269.4,249.0,7.317,153,300,7.317,2024-06-05 11:00:00
253.0,91,277.68,253.0,8.281,158,309,8.281,2024-06-05 11:00:01
250.20000000000005,95,286.15,250.20000000000005,8.469,160,287,8.469,2024-06-05 11:00:02
247.20000000000005,94,294.71,247.20000000000005,8.564,162,288,8.564,2024-06-05 11:00:03
247.60000000000002,104,303.15,247.60000000000002,8.441,157,286,8.441,2024-06-05 11:00:04
254.0,99,309.97,254.0,6.822,163,298,6.822,2024-06-05 11:00:05
249.39999999999998,95,319.91,249.39999999999998,9.94,158,263,9.94,2024-06-05 11:00:06
251.20000000000005,89,330.98,251.20000000000005,11.063,164,277,11.063,2024-06-05 11:00:07
247.79999999999995,97,340.51,247.79999999999995,9.536,156,289,9.536,2024-06-05 11:00:08
251.39999999999998,96,347.25,251.39999999999998,6.741,153,286,6.741,2024-06-05 11:00:09
251.39999999999998,96,356.43,251.39999999999998,9.176,171,287,9.176,2024-06-05 11:00:10
249.0,94,365.94,249.0,9.515,160,309,9.515,2024-06-05 11:00:11
250.0,93,374.54,250.0,8.597,155,301,8.597,2024-06-05 11:00:12
246.79999999999995,91,383.58,246.79999999999995,9.043,154,258,9.043,2024-06-05 11:00:13
251.39999999999998,88,391.85,251.39999999999998,8.268,154,269,8.268,2024-06-05 11:00:14
251.79999999999995,94,400.68,251.79999999999995,8.83,164,298,8.83,2024-06-05 11:00:15
250.60000000000002,97,409.88,250.60000000000002,9.195,149,279,9.195,2024-06-05 11:00:16
252.20000000000005,94,419.34,252.20000000000005,9.46,166,271,9.46,2024-06-05 11:00:17
247.20000000000005,91,429.82,247.20000000000005,10.485,164,293,10.485,2024-06-05 11:00:18
251.39999999999998,98,438.47,251.39999999999998,8.648,135,275,8.648,2024-06-05 11:00:19
252.60000000000002,98,447.11,252.60000000000002,8.644,164,282,8.644,2024-06-05 11:00:20
249.20000000000005,95,455.36,249.20000000000005,8.247,158,287,8.247,2024-06-05 11:00:21
247.20000000000005,98,464.25,247.20000000000005,8.889,163,268,8.889,2024-06-05 11:00:22
248.20000000000005,90,472.9,248.20000000000005,8.654,159,265,8.654,2024-06-05 11:00:23
252.0,83,481.94,252.0,9.042,165,296,9.042,2024-06-05 11:00:24
253.0,100,494.2,253.0,12.253,157,261,12.253,2024-06-05 11:00:25
246.79999999999995,94,503.69,246.79999999999995,9.493,160,321,9.493,2024-06-05 11:00:26
250.39999999999998,84,514.32,250.39999999999998,10.627,154,276,10.627,2024-06-05 11:00:27
250.60000000000002,98,523.21,250.60000000000002,8.896,165,266,8.896,2024-06-05 11:00:28
253.20000000000005,93,532.38,253.20000000000005,9.168,160,299,9.168,2024-06-05 11:00:29
248.60000000000002,96,542.53,248.60000000000002,10.145,164,293,10.145,2024-06-05 11:00:30
248.79999999999995,100,552.2,248.79999999999995,9.673,156,307,9.673,2024-06-05 11:00:31
252.0,87,562.23,252.0,10.034,158,313,10.034,2024-06-05 11:00:32
247.39999999999998,100,570.0,247.39999999999998,7.764,162,314,7.764,2024-06-05 11:00:33
250.79999999999995,94,579.53,250.79999999999995,9.532,166,261,9.532,2024-06-05 11:00:34
247.0,85,590.38,247.0,10.852,165,277,10.852,2024-06-05 11:00:35
250.39999999999998,101,598.45,250.39999999999998,8.069,157,326,8.069,2024-06-05 11:00:36
247.0,88,608.2,247.0,9.752,163,267,9.752,2024-06-05 11:00:37
250.0,92,616.87,250.0,8.67,156,300,8.67,2024-06-05 11:00:38
244.79999999999995,99,626.43,244.79999999999995,9.554,151,260,9.554,2024-06-05 11:00:39
248.60000000000002,99,634.93,248.60000000000002,8.5,157,276,8.5,2024-06-05 11:00:40
251.20000000000005,87,642.22,251.20000000000005,7.293,160,275,7.293,2024-06-05 11:00:41
248.20000000000005,96,651.92,248.20000000000005,9.704,155,332,9.704,2024-06-05 11:00:42
248.20000000000005,96,662.97,248.20000000000005,11.049,160,281,11.049,2024-06-05 11:00:43
252.20000000000005,92,671.57,252.20000000000005,8.601,161,291,8.601,2024-06-05 11:00:44
249.79999999999995,91,681.04,249.79999999999995,9.466,154,281,9.466,2024-06-05 11:00:45
245.20000000000005,99,690.24,245.20000000000005,9.202,159,271,9.202,2024-06-05 11:00:46
246.60000000000002,93,697.75,246.60000000000002,7.507,157,283,7.507,2024-06-05 11:00:47
251.39999999999998,98,707.5,251.39999999999998,9.747,173,275,9.747,2024-06-05 11:00:48
250.0,95,716.13,250.0,8.63,155,281,8.63,2024-06-05 11:00:49
253.60000000000002,92,725.62,253.60000000000002,9.498,165,280,9.498,2024-06-05 11:00:50
251.20000000000005,92,734.28,251.20000000000005,8.656,152,286,8.656,2024-06-05 11:00:51
254.0,89,743.04,254.0,8.756,172,274,8.756,2024-06-05 11:00:52
249.39999999999998,92,754.79,249.39999999999998,11.751,159,239,11.751,2024-06-05 11:00:53
252.60000000000002,95,763.76,252.60000000000002,8.975,166,306,8.975,2024-06-05 11:00:54
249.20000000000005,101,775.42,249.20000000000005,11.657,162,274,11.657,2024-06-05 11:00:55
250.39999999999998,94,786.22,250.39999999999998,10.803,158,329,10.803,2024-06-05 11:00:56
248.20000000000005,104,794.54,248.20000000000005,8.316,162,263,8.316,2024-06-05 11:00:57
251.79999999999995,90,802.04,251.79999999999995,7.504,154,275,7.504,2024-06-05 11:00:58
251.39999999999998,96,811.87,251.39999999999998,9.825,158,271,9.825,2024-06-05 11:00:59
248.60000000000002,96,818.56,248.60000000000002,6.692,156,299,6.692,2024-06-05 11:01:00
249.39999999999998,98,827.5,249.39999999999998,8.944,160,272,8.944,2024-06-05 11:01:01
246.39999999999998,107,836.67,246.39999999999998,9.161,162,262,9.161,2024-06-05 11:01:02
253.0,92,845.93,253.0,9.26,156,297,9.26,2024-06-05 11:01:03
250.39999999999998,91,854.51,250.39999999999998,8.583,160,301,8.583,2024-06-05 11:01:04
250.39999999999998,96,864.48,250.39999999999998,9.976,161,307,9.976,2024-06-05 11:01:05
251.20000000000005,101,873.82,251.20000000000005,9.337,155,297,9.337,2024-06-05 11:01:06
249.20000000000005,91,880.83,249.20000000000005,7.006,158,289,7.006,2024-06-05 11:01:07
249.79999999999995,93,891.12,249.79999999999995,10.29,155,278,10.29,2024-06-05 11:01:08
247.79999999999995,102,901.48,247.79999999999995,10.364,151,285,10.364,2024-06-05 11:01:09
250.79999999999995,100,911.38,250.79999999999995,9.904,154,270,9.904,2024-06-05 11:01:10
249.0,98,919.97,249.0,8.583,166,282,8.583,2024-06-05 11:01:11
249.60000000000002,100,928.61,249.60000000000002,8.646,156,257,8.646,2024-06-05 11:01:12
252.60000000000002,96,937.56,252.60000000000002,8.951,156,299,8.951,2024-06-05 11:01:13
252.0,102,947.3,252.0,9.733,171,296,9.733,2024-06-05 11:01:14
249.0,91,955.85,249.0,8.555,159,251,8.555,2024-06-05 11:01:15
249.20000000000005,85,964.8,249.20000000000005,8.947,156,286,8.947,2024-06-05 11:01:16
248.79999999999995,92,974.25,248.79999999999995,9.446,162,279,9.446,2024-06-05 11:01:17
251.20000000000005,89,982.06,251.20000000000005,7.816,164,227,7.816,2024-06-05 11:01:18
251.79999999999995,89,990.74,251.79999999999995,8.678,163,278,8.678,2024-06-05 11:01:19
248.0,97,998.17,248.0,7.431,158,296,7.431,2024-06-05 11:01:20
248.79999999999995,88,1007.57,248.79999999999995,9.399,154,276,9.399,2024-06-05 11:01:21
252.20000000000005,84,1017.2,252.20000000000005,9.63,163,292,9.63,2024-06-05 11:01:22
246.20000000000005,100,1025.88,246.20000000000005,8.68,162,300,8.68,2024-06-05 11:01:23
248.79999999999995,100,1035.57,248.79999999999995,9.688,160,297,9.688,2024-06-05 11:01:24
251.20000000000005,109,1043.55,251.20000000000005,7.98,156,260,7.98,2024-06-05 11:01:25
246.0,100,1052.4,246.0,8.853,164,261,8.853,2024-06-05 11:01:26
251.20000000000005,88,1059.85,251.20000000000005,7.45,155,273,7.45,2024-06-05 11:01:27
250.0,89,1069.75,250.0,9.902,161,290,9.902,2024-06-05 11:01:28
250.79999999999995,95,1079.25,250.79999999999995,9.496,153,309,9.496,2024-06-05 11:01:29
251.39999999999998,91,1090.75,251.39999999999998,11.5,157,280,11.5,2024-06-05 11:01:30
248.60000000000002,88,1100.03,248.60000000000002,9.28,162,268,9.28,2024-06-05 11:01:31
250.20000000000005,86,1108.53,250.20000000000005,8.5,160,262,8.5,2024-06-05 11:01:32
249.0,93,1117.96,249.0,9.426,162,274,9.426,2024-06-05 11:01:33
252.39999999999998,99,1126.71,252.39999999999998,8.75,156,316,8.75,2024-06-05 11:01:34
247.20000000000005,89,1135.51,247.20000000000005,8.804,154,298,8.804,2024-06-05 11:01:35
245.79999999999995,99,1145.43,245.79999999999995,9.921,153,235,9.921,2024-06-05 11:01:36
251.79999999999995,103,1155.14,251.79999999999995,9.711,159,282,9.711,2024-06-05 11:01:37
251.60000000000002,89,1164.79,251.60000000000002,9.646,161,267,9.646,2024-06-05 11:01:38
250.0,101,1173.99,250.0,9.199,155,257,9.199,2024-06-05 11:01:39
252.79999999999995,90,1181.75,252.79999999999995,7.763,162,299,7.763,2024-06-05 11:01:40
249.60000000000002,94,1190.69,249.60000000000002,8.94,163,279,8.94,2024-06-05 11:01:41
248.39999999999998,91,1199.76,248.39999999999998,9.071,163,297,9.071,2024-06-05 11:01:42
249.0,102,1208.81,249.0,9.05,160,274,9.05,2024-06-05 11:01:43
248.0,96,1217.03,248.0,8.221,150,278,8.221,2024-06-05 11:01:44
252.0,100,1223.87,252.0,6.84,158,253,6.84,2024-06-05 11:01:45
252.60000000000002,101,1232.76,252.60000000000002,8.889,172,270,8.889,2024-06-05 11:01:46
249.39999999999998,89,1242.47,249.39999999999998,9.712,163,248,9.712,2024-06-05 11:01:47
249.0,88,1250.73,249.0,8.256,162,269,8.256,2024-06-05 11:01:48
253.20000000000005,82,1258.09,253.20000000000005,7.36,157,323,7.36,2024-06-05 11:01:49
252.0,95,1267.34,252.0,9.253,158,298,9.253,2024-06-05 11:01:50
250.0,91,1277.31,250.0,9.969,158,291,9.969,2024-06-05 11:01:51
249.79999999999995,88,1286.82,249.79999999999995,9.51,164,296,9.51,2024-06-05 11:01:52
252.20000000000005,88,1294.55,252.20000000000005,7.727,156,265,7.727,2024-06-05 11:01:53
252.20000000000005,87,1307.18,252.20000000000005,12.629,162,259,12.629,2024-06-05 11:01:54
249.0,88,1315.09,249.0,7.913,158,305,7.913,2024-06-05 11:01:55
251.20000000000005,98,1322.32,251.20000000000005,7.228,168,292,7.228,2024-06-05 11:01:56
253.60000000000002,83,1331.31,253.60000000000002,8.994,159,266,8.994,2024-06-05 11:01:57
252.79999999999995,105,1340.83,252.79999999999995,9.52,158,304,9.52,2024-06-05 11:01:58
248.0,86,1348.91,248.0,8.079,157,288,8.079,2024-06-05 11:01:59
252.0,91,1356.79,252.0,7.875,170,286,7.875,2024-06-05 11:02:00
251.0,85,1363.61,251.0,6.819,123,130,6.819,2024-06-05 11:02:01
250.0,77,1369.15,250.0,5.54,123,134,5.54,2024-06-05 11:02:02
252.0,79,1375.05,252.0,5.899,119,176,5.899,2024-06-05 11:02:03
254.39999999999998,77,1381.09,254.39999999999998,6.04,120,176,6.04,2024-06-05 11:02:04
249.39999999999998,73,1386.86,249.39999999999998,5.777,114,134,5.777,2024-06-05 11:02:05
248.79999999999995,80,1393.51,248.79999999999995,6.651,118,157,6.651,2024-06-05 11:02:06
250.60000000000002,78,1398.77,250.60000000000002,5.254,119,178,5.254,2024-06-05 11:02:07
249.39999999999998,74,1404.17,249.39999999999998,5.399,116,153,5.399,2024-06-05 11:02:08
253.20000000000005,85,1409.56,253.20000000000005,5.391,117,161,5.391,2024-06-05 11:02:09
251.0,85,1415.54,251.0,5.98,115,135,5.98,2024-06-05 11:02:10
250.79999999999995,76,1421.34,250.79999999999995,5.8,122,147,5.8,2024-06-05 11:02:11
251.39999999999998,75,1428.13,251.39999999999998,6.795,130,118,6.795,2024-06-05 11:02:12
250.60000000000002,74,1435.24,250.60000000000002,7.107,118,127,7.107,2024-06-05 11:02:13
251.39999999999998,83,1440.51,251.39999999999998,5.272,124,121,5.272,2024-06-05 11:02:14
248.79999999999995,82,1446.78,248.79999999999995,6.265,114,136,6.265,2024-06-05 11:02:15
248.60000000000002,73,1451.59,248.60000000000002,4.811,122,174,4.811,2024-06-05 11:02:16
253.79999999999995,79,1457.15,253.79999999999995,5.558,122,134,5.558,2024-06-05 11:02:17
249.39999999999998,84,1462.62,249.39999999999998,5.47,120,137,5.47,2024-06-05 11:02:18
251.20000000000005,90,1468.76,251.20000000000005,6.142,124,132,6.142,2024-06-05 11:02:19
250.0,75,1474.84,250.0,6.082,122,159,6.082,2024-06-05 11:02:20
248.0,83,1479.77,248.0,4.927,121,156,4.927,2024-06-05 11:02:21
249.0,81,1486.06,249.0,6.295,121,126,6.295,2024-06-05 11:02:22
248.60000000000002,74,1492.48,248.60000000000002,6.416,125,157,6.416,2024-06-05 11:02:23
247.20000000000005,84,1497.43,247.20000000000005,4.955,121,142,4.955,2024-06-05 11:02:24
250.0,78,1502.06,250.0,4.632,117,134,4.632,2024-06-05 11:02:25
251.79999999999995,76,1509.5,251.79999999999995,7.44,112,157,7.44,2024-06-05 11:02:26
247.60000000000002,81,1514.33,247.60000000000002,4.829,120,104,4.829,2024-06-05 11:02:27
250.0,76,1520.71,250.0,6.377,121,138,6.377,2024-06-05 11:02:28
248.79999999999995,81,1527.23,248.79999999999995,6.517,126,148,6.517,2024-06-05 11:02:29
251.0,83,1533.4,251.0,6.171,122,139,6.171,2024-06-05 11:02:30
250.60000000000002,76,1540.25,250.60000000000002,6.849,118,173,6.849,2024-06-05 11:02:31
249.39999999999998,85,1544.55,249.39999999999998,4.304,120,150,4.304,2024-06-05 11:02:32
246.79999999999995,80,1552.38,246.79999999999995,7.83,121,150,7.83,2024-06-05 11:02:33
248.0,85,1558.17,248.0,5.787,127,99,5.787,2024-06-05 11:02:34
250.60000000000002,83,1565.53,250.60000000000002,7.36,121,142,7.36,2024-06-05 11:02:35
251.79999999999995,76,1570.61,251.79999999999995,5.085,124,142,5.085,2024-06-05 11:02:36
246.79999999999995,82,1576.22,246.79999999999995,5.606,119,139,5.606,2024-06-05 11:02:37
245.79999999999995,74,1580.86,245.79999999999995,4.643,109,190,4.643,2024-06-05 11:02:38
250.0,82,1585.58,250.0,4.718,117,176,4.718,2024-06-05 11:02:39
252.60000000000002,80,1591.01,252.60000000000002,5.431,116,150,5.431,2024-06-05 11:02:40
251.39999999999998,84,1597.3,251.39999999999998,6.287,124,185,6.287,2024-06-05 11:02:41
249.0,86,1601.0,249.0,3.703,120,186,3.703,2024-06-05 11:02:42
248.79999999999995,82,1607.18,248.79999999999995,6.183,120,130,6.183,2024-06-05 11:02:43
252.39999999999998,82,1612.02,252.39999999999998,4.841,119,176,4.841,2024-06-05 11:02:44
249.20000000000005,81,1619.03,249.20000000000005,7.008,130,161,7.008,2024-06-05 11:02:45
250.20000000000005,70,1625.54,250.20000000000005,6.508,115,170,6.508,2024-06-05 11:02:46
251.39999999999998,79,1629.71,251.39999999999998,4.172,121,172,4.172,2024-06-05 11:02:47
246.79999999999995,80,1634.79,246.79999999999995,5.075,121,161,5.075,2024-06-05 11:02:48
251.0,81,1640.61,251.0,5.825,125,167,5.825,2024-06-05 11:02:49
251.79999999999995,78,1646.06,251.79999999999995,5.444,125,141,5.444,2024-06-05 11:02:50
252.60000000000002,80,1650.19,252.60000000000002,4.138,125,109,4.138,2024-06-05 11:02:51
246.79999999999995,75,1657.64,246.79999999999995,7.443,122,140,7.443,2024-06-05 11:02:52
249.60000000000002,85,1661.6,249.60000000000002,3.963,124,157,3.963,2024-06-05 11:02:53
250.0,76,1667.79,250.0,6.192,116,134,6.192,2024-06-05 11:02:54
255.60000000000002,69,1674.25,255.60000000000002,6.455,118,137,6.455,2024-06-05 11:02:55
254.20000000000005,71,1679.69,254.20000000000005,5.44,116,148,5.44,2024-06-05 11:02:56
249.20000000000005,82,1686.59,249.20000000000005,6.9,128,133,6.9,2024-06-05 11:02:57
249.60000000000002,85,1692.9,249.60000000000002,6.313,122,150,6.313,2024-06-05 11:02:58
249.60000000000002,72,1696.55,249.60000000000002,3.648,134,107,3.648,2024-06-05 11:02:59
247.20000000000005,86,1701.81,247.20000000000005,5.257,113,182,5.257,2024-06-05 11:03:00
250.39999999999998,79,1708.6,250.39999999999998,6.795,115,143,6.795,2024-06-05 11:03:01
253.39999999999998,88,1713.47,253.39999999999998,4.867,117,157,4.867,2024-06-05 11:03:02
251.60000000000002,70,1718.21,251.60000000000002,4.747,127,157,4.747,2024-06-05 11:03:03
248.39999999999998,85,1724.7,248.39999999999998,6.482,121,160,6.482,2024-06-05 11:03:04
250.60000000000002,74,1730.64,250.60000000000002,5.942,115,107,5.942,2024-06-05 11:03:05
250.60000000000002,78,1736.2,250.60000000000002,5.56,120,134,5.56,2024-06-05 11:03:06
250.60000000000002,83,1744.03,250.60000000000002,7.834,117,175,7.834,2024-06-05 11:03:07
252.79999999999995,85,1748.85,252.79999999999995,4.814,121,148,4.814,2024-06-05 11:03:08
251.0,76,1754.56,251.0,5.713,114,173,5.713,2024-06-05 11:03:09
247.79999999999995,80,1759.97,247.79999999999995,5.411,119,128,5.411,2024-06-05 11:03:10
250.39999999999998,69,1765.84,250.39999999999998,5.866,119,145,5.866,2024-06-05 11:03:11
251.20000000000005,89,1770.78,251.20000000000005,4.942,115,121,4.942,2024-06-05 11:03:12
249.79999999999995,79,1776.72,249.79999999999995,5.938,110,179,5.938,2024-06-05 11:03:13
254.60000000000002,93,1782.63,254.60000000000002,5.916,122,135,5.916,2024-06-05 11:03:14
249.39999999999998,84,1790.49,249.39999999999998,7.853,122,170,7.853,2024-06-05 11:03:15
250.20000000000005,75,1795.88,250.20000000000005,5.392,126,160,5.392,2024-06-05 11:03:16
247.20000000000005,75,1801.67,247.20000000000005,5.796,119,155,5.796,2024-06-05 11:03:17
251.39999999999998,74,1808.11,251.39999999999998,6.432,126,163,6.432,2024-06-05 11:03:18
248.79999999999995,73,1812.59,248.79999999999995,4.485,117,145,4.485,2024-06-05 11:03:19
251.60000000000002,75,1817.27,251.60000000000002,4.679,112,201,4.679,2024-06-05 11:03:20
249.0,81,1821.1,249.0,3.831,120,145,3.831,2024-06-05 11:03:21
247.79999999999995,75,1826.09,247.79999999999995,4.99,117,129,4.99,2024-06-05 11:03:22
247.0,89,1832.15,247.0,6.061,118,141,6.061,2024-06-05 11:03:23
247.79999999999995,77,1836.89,247.79999999999995,4.736,117,143,4.736,2024-06-05 11:03:24
247.60000000000002,76,1844.49,247.60000000000002,7.605,121,162,7.605,2024-06-05 11:03:25
247.79999999999995,86,1852.41,247.79999999999995,7.917,124,185,7.917,2024-06-05 11:03:26
248.20000000000005,75,1858.01,248.20000000000005,5.599,115,142,5.599,2024-06-05 11:03:27
250.39999999999998,85,1864.0,250.39999999999998,5.991,115,140,5.991,2024-06-05 11:03:28
249.79999999999995,77,1870.86,249.79999999999995,6.858,123,141,6.858,2024-06-05 11:03:29
249.60000000000002,77,1877.34,249.60000000000002,6.485,108,181,6.485,2024-06-05 11:03:30
251.39999999999998,85,1883.2,251.39999999999998,5.86,117,146,5.86,2024-06-05 11:03:31
252.79999999999995,76,1889.9,252.79999999999995,6.696,123,143,6.696,2024-06-05 11:03:32
249.0,77,1896.64,249.0,6.74,121,146,6.74,2024-06-05 11:03:33
249.39999999999998,85,1901.78,249.39999999999998,5.138,138,132,5.138,2024-06-05 11:03:34
249.79999999999995,75,1909.04,249.79999999999995,7.259,108,144,7.259,2024-06-05 11:03:35
249.79999999999995,67,1914.62,249.79999999999995,5.587,112,172,5.587,2024-06-05 11:03:36
252.39999999999998,76,1919.85,252.39999999999998,5.232,121,175,5.232,2024-06-05 11:03:37
248.60000000000002,78,1925.24,248.60000000000002,5.384,123,134,5.384,2024-06-05 11:03:38
254.0,79,1929.37,254.0,4.136,122,154,4.136,2024-06-05 11:03:39
252.0,77,1935.21,252.0,5.838,123,174,5.838,2024-06-05 11:03:40
250.20000000000005,76,1941.58,250.20000000000005,6.369,127,130,6.369,2024-06-05 11:03:41
252.39999999999998,77,1947.27,252.39999999999998,5.691,118,158,5.691,2024-06-05 11:03:42
249.39999999999998,86,1953.81,249.39999999999998,6.537,121,188,6.537,2024-06-05 11:03:43
247.20000000000005,77,1958.67,247.20000000000005,4.866,118,149,4.866,2024-06-05 11:03:44
253.60000000000002,82,1964.11,253.60000000000002,5.431,116,165,5.431,2024-06-05 11:03:45
251.79999999999995,73,1969.69,251.79999999999995,5.583,122,182,5.583,2024-06-05 11:03:46
252.39999999999998,74,1975.42,252.39999999999998,5.733,124,129,5.733,2024-06-05 11:03:47
250.79999999999995,81,1981.51,250.79999999999995,6.089,123,127,6.089,2024-06-05 11:03:48
250.20000000000005,78,1985.79,250.20000000000005,4.279,122,160,4.279,2024-06-05 11:03:49
250.0,85,1991.1,250.0,5.308,114,149,5.308,2024-06-05 11:03:50
251.0,80,1996.91,251.0,5.815,125,184,5.815,2024-06-05 11:03:51
251.79999999999995,73,2003.37,251.79999999999995,6.454,119,190,6.454,2024-06-05 11:03:52
251.20000000000005,81,2010.75,251.20000000000005,7.389,117,159,7.389,2024-06-05 11:03:53
252.20000000000005,80,2017.0,252.20000000000005,6.245,117,159,6.245,2024-06-05 11:03:54
247.79999999999995,85,2022.68,247.79999999999995,5.683,116,165,5.683,2024-06-05 11:03:55
251.60000000000002,74,2027.22,251.60000000000002,4.541,117,107,4.541,2024-06-05 11:03:56
248.39999999999998,74,2033.74,248.39999999999998,6.513,123,117,6.513,2024-06-05 11:03:57
254.20000000000005,81,2040.18,254.20000000000005,6.438,115,158,6.438,2024-06-05 11:03:58
249.79999999999995,80,2045.87,249.79999999999995,5.693,118,137,5.693,2024-06-05 11:03:59
249.20000000000005,89,2051.69,249.20000000000005,5.819,122,149,5.819,2024-06-05 11:04:00
246.0,82,2057.71,246.0,6.023,106,160,6.023,2024-06-05 11:04:01
247.0,82,2064.07,247.0,6.359,116,170,6.359,2024-06-05 11:04:02
248.60000000000002,87,2070.45,248.60000000000002,6.376,109,144,6.376,2024-06-05 11:04:03
249.60000000000002,74,2077.74,249.60000000000002,7.291,126,145,7.291,2024-06-05 11:04:04
253.20000000000005,82,2083.82,253.20000000000005,6.084,124,167,6.084,2024-06-05 11:04:05
250.39999999999998,68,2090.76,250.39999999999998,6.94,125,133,6.94,2024-06-05 11:04:06
248.20000000000005,77,2095.55,248.20000000000005,4.786,129,139,4.786,2024-06-05 11:04:07
249.60000000000002,73,2102.28,249.60000000000002,6.732,115,146,6.732,2024-06-05 11:04:08
252.20000000000005,80,2107.83,252.20000000000005,5.55,122,173,5.55,2024-06-05 11:04:09
248.20000000000005,71,2113.81,248.20000000000005,5.977,125,169,5.977,2024-06-05 11:04:10
249.60000000000002,78,2119.86,249.60000000000002,6.05,123,174,6.05,2024-06-05 11:04:11
249.60000000000002,82,2124.07,249.60000000000002,4.213,122,154,4.213,2024-06-05 11:04:12
248.60000000000002,77,2131.39,248.60000000000002,7.319,118,186,7.319,2024-06-05 11:04:13
250.79999999999995,74,2136.79,250.79999999999995,5.407,123,190,5.407,2024-06-05 11:04:14
251.79999999999995,80,2143.31,251.79999999999995,6.519,117,165,6.519,2024-06-05 11:04:15
249.39999999999998,78,2148.65,249.39999999999998,5.334,124,98,5.334,2024-06-05 11:04:16
248.79999999999995,75,2153.47,248.79999999999995,4.818,119,134,4.818,2024-06-05 11:04:17
253.39999999999998,80,2159.78,253.39999999999998,6.316,118,144,6.316,2024-06-05 11:04:18
251.79999999999995,84,2166.29,251.79999999999995,6.513,120,137,6.513,2024-06-05 11:04:19
252.20000000000005,79,2172.25,252.20000000000005,5.957,124,165,5.957,2024-06-05 11:04:20
254.60000000000002,87,2177.15,254.60000000000002,4.894,126,177,4.894,2024-06-05 11:04:21
251.60000000000002,82,2183.08,251.60000000000002,5.938,118,135,5.938,2024-06-05 11:04:22
249.79999999999995,89,2188.37,249.79999999999995,5.283,114,160,5.283,2024-06-05 11:04:23
252.39999999999998,75,2194.88,252.39999999999998,6.514,113,125,6.514,2024-06-05 11:04:24
254.39999999999998,79,2198.85,254.39999999999998,3.97,126,153,3.97,2024-06-05 11:04:25
251.60000000000002,70,2204.44,251.60000000000002,5.587,128,163,5.587,2024-06-05 11:04:26
252.0,81,2210.2,252.0,5.758,123,143,5.758,2024-06-05 11:04:27
249.0,75,2217.32,249.0,7.125,122,128,7.125,2024-06-05 11:04:28
251.79999999999995,74,2221.89,251.79999999999995,4.564,118,160,4.564,2024-06-05 11:04:29
251.20000000000005,89,2227.99,251.20000000000005,6.107,118,131,6.107,2024-06-05 11:04:30
246.60000000000002,102,2237.03,246.60000000000002,9.034,157,294,9.034,2024-06-05 11:04:31
249.39999999999998,94,2247.02,249.39999999999998,9.994,160,265,9.994,2024-06-05 11:04:32
249.60000000000002,84,2257.51,249.60000000000002,10.488,164,260,10.488,2024-06-05 11:04:33
247.0,96,2265.89,247.0,8.384,162,257,8.384,2024-06-05 11:04:34
247.79999999999995,91,2275.62,247.79999999999995,9.724,161,319,9.724,2024-06-05 11:04:35
252.20000000000005,91,2287.57,252.20000000000005,11.954,155,234,11.954,2024-06-05 11:04:36
249.20000000000005,99,2296.12,249.20000000000005,8.552,160,280,8.552,2024-06-05 11:04:37
251.0,88,2302.99,251.0,6.864,160,285,6.864,2024-06-05 11:04:38
252.0,92,2310.38,252.0,7.396,166,318,7.396,2024-06-05 11:04:39
252.39999999999998,92,2318.14,252.39999999999998,7.758,163,247,7.758,2024-06-05 11:04:40
247.79999999999995,96,2327.71,247.79999999999995,9.57,166,259,9.57,2024-06-05 11:04:41
252.0,99,2337.71,252.0,10.0,167,289,10.0,2024-06-05 11:04:42
250.79999999999995,94,2345.06,250.79999999999995,7.346,161,258,7.346,2024-06-05 11:04:43
248.60000000000002,100,2355.48,248.60000000000002,10.423,159,299,10.423,2024-06-05 11:04:44
247.0,99,2364.23,247.0,8.753,162,297,8.753,2024-06-05 11:04:45
250.60000000000002,95,2372.1,250.60000000000002,7.87,154,260,7.87,2024-06-05 11:04:46
249.79999999999995,89,2381.5,249.79999999999995,9.395,154,285,9.395,2024-06-05 11:04:47
251.39999999999998,101,2390.75,251.39999999999998,9.25,171,277,9.25,2024-06-05 11:04:48
248.79999999999995,95,2400.63,248.79999999999995,9.881,159,325,9.881,2024-06-05 11:04:49
249.0,91,2408.36,249.0,7.734,155,268,7.734,2024-06-05 11:04:50
251.60000000000002,96,2416.57,251.60000000000002,8.201,152,252,8.201,2024-06-05 11:04:51
249.20000000000005,93,2426.96,249.20000000000005,10.398,155,280,10.398,2024-06-05 11:04:52
253.20000000000005,100,2434.0,253.20000000000005,7.041,163,253,7.041,2024-06-05 11:04:53
253.0,102,2442.25,253.0,8.246,158,251,8.246,2024-06-05 11:04:54
249.60000000000002,96,2451.56,249.60000000000002,9.313,160,268,9.313,2024-06-05 11:04:55
251.0,99,2461.62,251.0,10.06,160,294,10.06,2024-06-05 11:04:56
247.60000000000002,91,2470.76,247.60000000000002,9.137,159,254,9.137,2024-06-05 11:04:57
249.79999999999995,99,2479.62,249.79999999999995,8.861,165,316,8.861,2024-06-05 11:04:58
250.0,86,2487.85,250.0,8.234,160,273,8.234,2024-06-05 11:04:59
249.0,97,2495.87,249.0,8.015,162,268,8.015,2024-06-05 11:05:00
251.39999999999998,99,2506.16,251.39999999999998,10.291,155,257,10.291,2024-06-05 11:05:01
249.0,97,2514.21,249.0,8.05,156,259,8.05,2024-06-05 11:05:02
251.0,94,2522.83,251.0,8.621,151,306,8.621,2024-06-05 11:05:03
251.39999999999998,95,2530.05,251.39999999999998,7.219,161,277,7.219,2024-06-05 11:05:04
246.79999999999995,92,2537.68,246.79999999999995,7.632,156,289,7.632,2024-06-05 11:05:05
249.20000000000005,91,2546.66,249.20000000000005,8.981,167,305,8.981,2024-06-05 11:05:06
246.20000000000005,86,2556.36,246.20000000000005,9.694,156,248,9.694,2024-06-05 11:05:07
249.39999999999998,95,2566.45,249.39999999999998,10.095,162,265,10.095,2024-06-05 11:05:08
248.0,90,2576.33,248.0,9.875,154,312,9.875,2024-06-05 11:05:09
247.39999999999998,94,2586.72,247.39999999999998,10.397,157,270,10.397,2024-06-05 11:05:10
249.20000000000005,99,2596.0,249.20000000000005,9.276,160,297,9.276,2024-06-05 11:05:11
253.20000000000005,103,2604.07,253.20000000000005,8.07,167,274,8.07,2024-06-05 11:05:12
252.20000000000005,90,2613.97,252.20000000000005,9.898,160,278,9.898,2024-06-05 11:05:13
251.0,93,2622.43,251.0,8.465,161,271,8.465,2024-06-05 11:05:14
250.20000000000005,93,2631.07,250.20000000000005,8.637,156,290,8.637,2024-06-05 11:05:15
253.60000000000002,98,2642.0,253.60000000000002,10.926,158,276,10.926,2024-06-05 11:05:16
251.0,96,2651.94,251.0,9.946,155,237,9.946,2024-06-05 11:05:17
252.20000000000005,92,2662.1,252.20000000000005,10.157,169,232,10.157,2024-06-05 11:05:18
252.79999999999995,102,2671.77,252.79999999999995,9.669,157,267,9.669,2024-06-05 11:05:19
255.20000000000005,94,2680.23,255.20000000000005,8.46,159,315,8.46,2024-06-05 11:05:20
249.39999999999998,92,2688.6,249.39999999999998,8.368,155,272,8.368,2024-06-05 11:05:21
251.20000000000005,102,2697.37,251.20000000000005,8.776,167,279,8.776,2024-06-05 11:05:22
251.39999999999998,99,2704.96,251.39999999999998,7.589,155,268,7.589,2024-06-05 11:05:23
247.60000000000002,98,2715.87,247.60000000000002,10.904,159,262,10.904,2024-06-05 11:05:24
248.39999999999998,97,2725.1,248.39999999999998,9.239,158,287,9.239,2024-06-05 11:05:25
248.20000000000005,93,2732.52,248.20000000000005,7.413,163,283,7.413,2024-06-05 11:05:26
247.79999999999995,100,2740.31,247.79999999999995,7.792,155,272,7.792,2024-06-05 11:05:27
246.39999999999998,101,2748.37,246.39999999999998,8.061,166,258,8.061,2024-06-05 11:05:28
250.0,95,2760.11,250.0,11.743,162,289,11.743,2024-06-05 11:05:29
250.20000000000005,97,2770.21,250.20000000000005,10.098,165,336,10.098,2024-06-05 11:05:30
250.20000000000005,105,2778.46,250.20000000000005,8.245,168,251,8.245,2024-06-05 11:05:31
253.60000000000002,98,2788.54,253.60000000000002,10.088,155,295,10.088,2024-06-05 11:05:32
247.0,87,2799.39,247.0,10.842,165,273,10.842,2024-06-05 11:05:33
247.39999999999998,99,2808.17,247.39999999999998,8.78,168,245,8.78,2024-06-05 11:05:34
248.0,94,2817.99,248.0,9.822,164,281,9.822,2024-06-05 11:05:35
251.20000000000005,97,2827.72,251.20000000000005,9.726,164,246,9.726,2024-06-05 11:05:36
251.39999999999998,80,2836.55,251.39999999999998,8.832,159,269,8.832,2024-06-05 11:05:37
252.79999999999995,92,2845.41,252.79999999999995,8.867,165,261,8.867,2024-06-05 11:05:38
250.0,99,2854.06,250.0,8.644,162,299,8.644,2024-06-05 11:05:39
249.60000000000002,93,2863.21,249.60000000000002,9.151,168,269,9.151,2024-06-05 11:05:40
250.39999999999998,89,2873.9,250.39999999999998,10.687,162,254,10.687,2024-06-05 11:05:41
249.60000000000002,89,2882.76,249.60000000000002,8.86,157,266,8.86,2024-06-05 11:05:42
248.79999999999995,89,2891.26,248.79999999999995,8.505,164,246,8.505,2024-06-05 11:05:43
254.39999999999998,99,2900.01,254.39999999999998,8.746,164,264,8.746,2024-06-05 11:05:44
248.79999999999995,94,2909.83,248.79999999999995,9.826,156,282,9.826,2024-06-05 11:05:45
250.39999999999998,97,2918.21,250.39999999999998,8.378,157,232,8.378,2024-06-05 11:05:46
251.39999999999998,101,2927.17,251.39999999999998,8.964,165,286,8.964,2024-06-05 11:05:47
249.0,96,2937.79,249.0,10.612,155,310,10.612,2024-06-05 11:05:48
247.60000000000002,89,2946.28,247.60000000000002,8.497,151,289,8.497,2024-06-05 11:05:49
252.20000000000005,92,2954.01,252.20000000000005,7.723,159,273,7.723,2024-06-05 11:05:50
248.79999999999995,91,2963.5,248.79999999999995,9.494,163,296,9.494,2024-06-05 11:05:51
248.20000000000005,86,2971.24,248.20000000000005,7.738,172,296,7.738,2024-06-05 11:05:52
247.60000000000002,87,2980.84,247.60000000000002,9.601,152,281,9.601,2024-06-05 11:05:53
247.39999999999998,94,2989.65,247.39999999999998,8.807,157,268,8.807,2024-06-05 11:05:54
247.39999999999998,90,2998.58,247.39999999999998,8.932,166,300,8.932,2024-06-05 11:05:55
249.60000000000002,94,3007.7,249.60000000000002,9.118,168,273,9.118,2024-06-05 11:05:56
250.39999999999998,92,3014.94,250.39999999999998,7.243,166,284,7.243,2024-06-05 11:05:57
247.20000000000005,87,3023.32,247.20000000000005,8.384,152,268,8.384,2024-06-05 11:05:58
246.79999999999995,100,3032.12,246.79999999999995,8.796,163,251,8.796,2024-06-05 11:05:59
250.60000000000002,87,3041.21,250.60000000000002,9.087,157,263,9.087,2024-06-05 11:06:00
247.79999999999995,100,3049.25,247.79999999999995,8.039,158,267,8.039,2024-06-05 11:06:01
254.0,96,3058.35,254.0,9.106,157,298,9.106,2024-06-05 11:06:02
247.39999999999998,95,3068.64,247.39999999999998,10.283,159,287,10.283,2024-06-05 11:06:03
249.20000000000005,95,3079.02,249.20000000000005,10.387,157,281,10.387,2024-06-05 11:06:04
249.0,100,3087.42,249.0,8.394,156,279,8.394,2024-06-05 11:06:05
250.60000000000002,93,3094.6,250.60000000000002,7.18,155,243,7.18,2024-06-05 11:06:06
249.60000000000002,95,3103.29,249.60000000000002,8.69,159,279,8.69,2024-06-05 11:06:07
246.39999999999998,94,3112.69,246.39999999999998,9.401,158,305,9.401,2024-06-05 11:06:08
247.39999999999998,90,3121.8,247.39999999999998,9.109,154,272,9.109,2024-06-05 11:06:09
247.20000000000005,94,3131.48,247.20000000000005,9.68,154,296,9.68,2024-06-05 11:06:10
254.60000000000002,98,3139.12,254.60000000000002,7.643,161,292,7.643,2024-06-05 11:06:11
251.60000000000002,89,3148.44,251.60000000000002,9.321,152,276,9.321,2024-06-05 11:06:12
252.60000000000002,96,3155.66,252.60000000000002,7.222,168,275,7.222,2024-06-05 11:06:13
248.0,87,3165.3,248.0,9.639,150,276,9.639,2024-06-05 11:06:14
247.20000000000005,96,3173.38,247.20000000000005,8.082,162,286,8.082,2024-06-05 11:06:15
248.39999999999998,96,3183.28,248.39999999999998,9.893,153,326,9.893,2024-06-05 11:06:16
246.39999999999998,95,3193.59,246.39999999999998,10.316,162,293,10.316,2024-06-05 11:06:17
251.39999999999998,91,3204.55,251.39999999999998,10.961,154,279,10.961,2024-06-05 11:06:18
248.79999999999995,92,3213.58,248.79999999999995,9.023,160,265,9.023,2024-06-05 11:06:19
251.60000000000002,103,3222.99,251.60000000000002,9.412,156,260,9.412,2024-06-05 11:06:20
251.0,95,3231.79,251.0,8.796,162,295,8.796,2024-06-05 11:06:21
251.0,97,3240.27,251.0,8.482,165,291,8.482,2024-06-05 11:06:22
248.60000000000002,102,3248.82,248.60000000000002,8.556,169,255,8.556,2024-06-05 11:06:23
249.60000000000002,93,3257.59,249.60000000000002,8.77,166,266,8.77,2024-06-05 11:06:24
249.60000000000002,98,3266.26,249.60000000000002,8.662,155,299,8.662,2024-06-05 11:06:25
251.20000000000005,97,3275.93,251.20000000000005,9.67,163,291,9.67,2024-06-05 11:06:26
253.60000000000002,90,3285.07,253.60000000000002,9.148,162,297,9.148,2024-06-05 11:06:27
252.60000000000002,92,3294.67,252.60000000000002,9.595,160,275,9.595,2024-06-05 11:06:28
250.20000000000005,96,3303.95,250.20000000000005,9.286,157,299,9.286,2024-06-05 11:06:29
253.39999999999998,95,3312.92,253.39999999999998,8.969,163,273,8.969,2024-06-05 11:06:30
247.79999999999995,100,3321.34,247.79999999999995,8.418,166,284,8.418,2024-06-05 11:06:31
249.20000000000005,86,3329.92,249.20000000000005,8.579,163,284,8.579,2024-06-05 11:06:32
250.60000000000002,91,3337.91,250.60000000000002,7.994,160,300,7.994,2024-06-05 11:06:33
248.39999999999998,94,3345.42,248.39999999999998,7.503,155,266,7.503,2024-06-05 11:06:34
254.20000000000005,91,3354.16,254.20000000000005,8.737,160,250,8.737,2024-06-05 11:06:35
252.20000000000005,96,3362.75,252.20000000000005,8.594,166,279,8.594,2024-06-05 11:06:36
251.39999999999998,97,3370.82,251.39999999999998,8.066,163,300,8.066,2024-06-05 11:06:37
248.60000000000002,94,3377.81,248.60000000000002,6.992,161,310,6.992,2024-06-05 11:06:38
247.20000000000005,94,3385.55,247.20000000000005,7.745,166,290,7.745,2024-06-05 11:06:39
245.60000000000002,91,3393.85,245.60000000000002,8.292,166,281,8.292,2024-06-05 11:06:40
253.79999999999995,98,3404.21,253.79999999999995,10.366,150,274,10.366,2024-06-05 11:06:41
250.0,97,3412.79,250.0,8.578,156,298,8.578,2024-06-05 11:06:42
249.60000000000002,96,3420.93,249.60000000000002,8.14,160,275,8.14,2024-06-05 11:06:43
247.79999999999995,100,3430.01,247.79999999999995,9.081,165,286,9.081,2024-06-05 11:06:44
248.39999999999998,96,3439.98,248.39999999999998,9.97,162,247,9.97,2024-06-05 11:06:45
247.79999999999995,93,3450.04,247.79999999999995,10.059,159,241,10.059,2024-06-05 11:06:46
248.39999999999998,90,3460.33,248.39999999999998,10.29,152,303,10.29,2024-06-05 11:06:47
248.20000000000005,90,3470.0,248.20000000000005,9.668,161,288,9.668,2024-06-05 11:06:48
252.20000000000005,90,3479.04,252.20000000000005,9.042,155,279,9.042,2024-06-05 11:06:49
249.60000000000002,94,3489.25,249.60000000000002,10.207,169,300,10.207,2024-06-05 11:06:50
249.39999999999998,96,3497.42,249.39999999999998,8.171,164,275,8.171,2024-06-05 11:06:51
251.39999999999998,95,3506.97,251.39999999999998,9.548,159,258,9.548,2024-06-05 11:06:52
250.20000000000005,95,3515.71,250.20000000000005,8.743,169,264,8.743,2024-06-05 11:06:53
247.79999999999995,93,3523.78,247.79999999999995,8.076,158,303,8.076,2024-06-05 11:06:54
248.39999999999998,95,3533.66,248.39999999999998,9.873,152,264,9.873,2024-06-05 11:06:55
250.39999999999998,100,3543.14,250.39999999999998,9.482,154,291,9.482,2024-06-05 11:06:56
249.0,97,3551.71,249.0,8.566,158,274,8.566,2024-06-05 11:06:57
249.39999999999998,92,3561.98,249.39999999999998,10.277,158,265,10.277,2024-06-05 11:06:58
251.0,98,3569.74,251.0,7.754,162,277,7.754,2024-06-05 11:06:59
253.20000000000005,98,3576.75,253.20000000000005,7.016,165,310,7.016,2024-06-05 11:07:00
250.20000000000005,82,3583.96,250.20000000000005,7.204,130,160,7.204,2024-06-05 11:07:01
252.20000000000005,79,3589.07,252.20000000000005,5.118,124,116,5.118,2024-06-05 11:07:02
251.60000000000002,88,3594.63,251.60000000000002,5.552,129,141,5.552,2024-06-05 11:07:03
253.79999999999995,80,3601.12,253.79999999999995,6.491,123,137,6.491,2024-06-05 11:07:04
248.39999999999998,78,3608.39,248.39999999999998,7.271,118,123,7.271,2024-06-05 11:07:05
255.20000000000005,84,3615.07,255.20000000000005,6.682,123,139,6.682,2024-06-05 11:07:06
251.39999999999998,77,3620.4,251.39999999999998,5.333,106,143,5.333,2024-06-05 11:07:07
247.0,89,3625.76,247.0,5.352,120,145,5.352,2024-06-05 11:07:08
252.0,85,3631.66,252.0,5.901,121,212,5.901,2024-06-05 11:07:09
251.79999999999995,83,3639.49,251.79999999999995,7.829,123,157,7.829,2024-06-05 11:07:10
247.79999999999995,75,3645.54,247.79999999999995,6.052,119,141,6.052,2024-06-05 11:07:11
248.39999999999998,80,3650.53,248.39999999999998,4.997,119,121,4.997,2024-06-05 11:07:12
248.0,75,3656.06,248.0,5.526,114,154,5.526,2024-06-05 11:07:13
250.0,79,3660.7,250.0,4.643,121,141,4.643,2024-06-05 11:07:14
255.0,87,3667.3,255.0,6.597,123,164,6.597,2024-06-05 11:07:15
250.79999999999995,79,3673.79,250.79999999999995,6.489,124,169,6.489,2024-06-05 11:07:16
248.39999999999998,77,3680.78,248.39999999999998,6.99,114,186,6.99,2024-06-05 11:07:17
247.39999999999998,83,3685.0,247.39999999999998,4.216,119,141,4.216,2024-06-05 11:07:18
248.79999999999995,79,3691.46,248.79999999999995,6.466,118,176,6.466,2024-06-05 11:07:19
247.60000000000002,79,3698.64,247.60000000000002,7.178,114,135,7.178,2024-06-05 11:07:20
249.39999999999998,81,3703.51,249.39999999999998,4.87,127,98,4.87,2024-06-05 11:07:21
250.0,69,3708.99,250.0,5.478,125,142,5.478,2024-06-05 11:07:22
250.20000000000005,76,3715.87,250.20000000000005,6.88,120,153,6.88,2024-06-05 11:07:23
247.79999999999995,78,3721.1,247.79999999999995,5.237,126,146,5.237,2024-06-05 11:07:24
246.60000000000002,79,3728.72,246.60000000000002,7.613,125,136,7.613,2024-06-05 11:07:25
251.20000000000005,88,3735.05,251.20000000000005,6.33,122,127,6.33,2024-06-05 11:07:26
252.0,83,3743.27,252.0,8.224,128,195,8.224,2024-06-05 11:07:27
248.39999999999998,91,3749.62,248.39999999999998,6.351,113,148,6.351,2024-06-05 11:07:28
254.20000000000005,83,3757.88,254.20000000000005,8.261,122,126,8.261,2024-06-05 11:07:29
251.20000000000005,88,3763.98,251.20000000000005,6.094,117,110,6.094,2024-06-05 11:07:30
248.79999999999995,84,3771.22,248.79999999999995,7.24,116,158,7.24,2024-06-05 11:07:31
248.0,72,3776.56,248.0,5.345,119,148,5.345,2024-06-05 11:07:32
248.39999999999998,87,3783.16,248.39999999999998,6.601,120,133,6.601,2024-06-05 11:07:33
251.39999999999998,81,3789.64,251.39999999999998,6.474,116,135,6.474,2024-06-05 11:07:34
249.39999999999998,81,3794.24,249.39999999999998,4.604,121,149,4.604,2024-06-05 11:07:35
248.0,79,3799.42,248.0,5.178,122,141,5.178,2024-06-05 11:07:36
250.39999999999998,81,3805.99,250.39999999999998,6.572,123,140,6.572,2024-06-05 11:07:37
252.39999999999998,78,3812.37,252.39999999999998,6.38,118,156,6.38,2024-06-05 11:07:38
248.60000000000002,84,3817.44,248.60000000000002,5.074,126,189,5.074,2024-06-05 11:07:39
247.79999999999995,74,3824.5,247.79999999999995,7.056,122,131,7.056,2024-06-05 11:07:40
250.39999999999998,85,3831.46,250.39999999999998,6.957,124,189,6.957,2024-06-05 11:07:41
253.39999999999998,77,3838.14,253.39999999999998,6.68,124,134,6.68,2024-06-05 11:07:42
249.60000000000002,84,3843.49,249.60000000000002,5.354,114,124,5.354,2024-06-05 11:07:43
251.60000000000002,82,3848.71,251.60000000000002,5.221,113,172,5.221,2024-06-05 11:07:44
250.20000000000005,80,3855.49,250.20000000000005,6.775,122,146,6.775,2024-06-05 11:07:45
250.60000000000002,81,3859.18,250.60000000000002,3.69,116,179,3.69,2024-06-05 11:07:46
248.79999999999995,75,3866.62,248.79999999999995,7.44,123,162,7.44,2024-06-05 11:07:47
248.20000000000005,83,3872.46,248.20000000000005,5.839,120,127,5.839,2024-06-05 11:07:48
247.20000000000005,78,3876.85,247.20000000000005,4.393,113,108,4.393,2024-06-05 11:07:49
249.39999999999998,80,3882.96,249.39999999999998,6.114,120,135,6.114,2024-06-05 11:07:50
250.60000000000002,75,3890.43,250.60000000000002,7.472,118,133,7.472,2024-06-05 11:07:51
251.79999999999995,80,3896.27,251.79999999999995,5.839,111,124,5.839,2024-06-05 11:07:52
251.20000000000005,79,3904.17,251.20000000000005,7.899,121,127,7.899,2024-06-05 11:07:53
252.60000000000002,81,3909.55,252.60000000000002,5.383,125,142,5.383,2024-06-05 11:07:54
250.60000000000002,77,3916.43,250.60000000000002,6.871,119,160,6.871,2024-06-05 11:07:55
249.39999999999998,86,3922.24,249.39999999999998,5.814,125,158,5.814,2024-06-05 11:07:56
251.79999999999995,74,3927.51,251.79999999999995,5.269,128,180,5.269,2024-06-05 11:07:57
250.39999999999998,73,3933.08,250.39999999999998,5.576,124,171,5.576,2024-06-05 11:07:58
250.60000000000002,80,3938.44,250.60000000000002,5.357,120,146,5.357,2024-06-05 11:07:59
253.39999999999998,68,3944.87,253.39999999999998,6.432,122,164,6.432,2024-06-05 11:08:00
249.79999999999995,82,3951.96,249.79999999999995,7.083,113,148,7.083,2024-06-05 11:08:01
249.39999999999998,74,3956.12,249.39999999999998,4.16,121,142,4.16,2024-06-05 11:08:02
251.39999999999998,76,3961.29,251.39999999999998,5.179,123,153,5.179,2024-06-05 11:08:03
250.79999999999995,75,3966.39,250.79999999999995,5.096,125,169,5.096,2024-06-05 11:08:04
248.60000000000002,81,3972.53,248.60000000000002,6.139,110,159,6.139,2024-06-05 11:08:05
250.20000000000005,82,3977.64,250.20000000000005,5.114,122,169,5.114,2024-06-05 11:08:06
253.39999999999998,81,3984.01,253.39999999999998,6.369,125,183,6.369,2024-06-05 11:08:07
251.0,79,3989.6,251.0,5.589,119,162,5.589,2024-06-05 11:08:08
252.0,76,3996.1,252.0,6.494,107,168,6.494,2024-06-05 11:08:09
248.20000000000005,82,4001.29,248.20000000000005,5.199,125,182,5.199,2024-06-05 11:08:10
249.39999999999998,90,4007.36,249.39999999999998,6.07,121,183,6.07,2024-06-05 11:08:11
246.79999999999995,85,4013.42,246.79999999999995,6.056,126,126,6.056,2024-06-05 11:08:12
248.39999999999998,77,4018.22,248.39999999999998,4.797,117,168,4.797,2024-06-05 11:08:13
249.20000000000005,82,4024.21,249.20000000000005,5.991,122,152,5.991,2024-06-05 11:08:14
253.39999999999998,83,4029.42,253.39999999999998,5.209,108,151,5.209,2024-06-05 11:08:15
246.60000000000002,79,4035.18,246.60000000000002,5.764,121,167,5.764,2024-06-05 11:08:16
250.79999999999995,86,4041.9,250.79999999999995,6.716,112,156,6.716,2024-06-05 11:08:17
251.79999999999995,82,4046.92,251.79999999999995,5.021,126,140,5.021,2024-06-05 11:08:18
248.39999999999998,78,4051.28,248.39999999999998,4.364,121,139,4.364,2024-06-05 11:08:19
249.20000000000005,77,4056.92,249.20000000000005,5.633,125,149,5.633,2024-06-05 11:08:20
249.39999999999998,77,4063.56,249.39999999999998,6.647,109,162,6.647,2024-06-05 11:08:21
251.0,77,4069.66,251.0,6.1,122,150,6.1,2024-06-05 11:08:22
248.0,90,4075.9,248.0,6.241,116,127,6.241,2024-06-05 11:08:23
251.20000000000005,88,4081.99,251.20000000000005,6.086,122,150,6.086,2024-06-05 11:08:24
249.0,73,4087.11,249.0,5.117,120,144,5.117,2024-06-05 11:08:25
251.79999999999995,74,4093.73,251.79999999999995,6.627,120,160,6.627,2024-06-05 11:08:26
253.79999999999995,84,4098.08,253.79999999999995,4.346,119,165,4.346,2024-06-05 11:08:27
252.0,81,4105.16,252.0,7.082,128,167,7.082,2024-06-05 11:08:28
252.60000000000002,84,4109.9,252.60000000000002,4.74,119,131,4.74,2024-06-05 11:08:29
247.39999999999998,82,4116.43,247.39999999999998,6.522,117,134,6.522,2024-06-05 11:08:30
246.79999999999995,77,4122.62,246.79999999999995,6.195,138,144,6.195,2024-06-05 11:08:31
251.39999999999998,80,4128.52,251.39999999999998,5.903,113,163,5.903,2024-06-05 11:08:32
248.20000000000005,87,4135.96,248.20000000000005,7.439,111,142,7.439,2024-06-05 11:08:33
249.79999999999995,92,4141.03,249.79999999999995,5.07,111,136,5.07,2024-06-05 11:08:34
251.60000000000002,84,4147.97,251.60000000000002,6.941,126,146,6.941,2024-06-05 11:08:35
247.39999999999998,76,4152.23,247.39999999999998,4.254,112,125,4.254,2024-06-05 11:08:36
250.79999999999995,83,4157.5,250.79999999999995,5.269,121,165,5.269,2024-06-05 11:08:37
247.79999999999995,74,4161.73,247.79999999999995,4.229,120,153,4.229,2024-06-05 11:08:38
252.20000000000005,81,4168.36,252.20000000000005,6.637,125,129,6.637,2024-06-05 11:08:39
252.0,79,4176.98,252.0,8.615,113,191,8.615,2024-06-05 11:08:40
250.79999999999995,80,4183.33,250.79999999999995,6.348,120,180,6.348,2024-06-05 11:08:41
249.0,72,4189.98,249.0,6.653,116,153,6.653,2024-06-05 11:08:42
254.39999999999998,86,4196.31,254.39999999999998,6.329,126,125,6.329,2024-06-05 11:08:43
248.20000000000005,66,4200.89,248.20000000000005,4.584,122,155,4.584,2024-06-05 11:08:44
248.60000000000002,79,4207.16,248.60000000000002,6.27,127,160,6.27,2024-06-05 11:08:45
254.60000000000002,78,4212.79,254.60000000000002,5.631,125,147,5.631,2024-06-05 11:08:46
246.39999999999998,67,4218.88,246.39999999999998,6.083,117,164,6.083,2024-06-05 11:08:47
251.79999999999995,86,4225.12,251.79999999999995,6.245,120,142,6.245,2024-06-05 11:08:48
248.20000000000005,83,4233.13,248.20000000000005,8.011,123,123,8.011,2024-06-05 11:08:49
252.0,76,4240.18,252.0,7.046,119,149,7.046,2024-06-05 11:08:50
248.20000000000005,77,4247.3,248.20000000000005,7.122,106,146,7.122,2024-06-05 11:08:51
246.39999999999998,84,4253.22,246.39999999999998,5.921,123,183,5.921,2024-06-05 11:08:52
248.79999999999995,80,4258.18,248.79999999999995,4.962,118,126,4.962,2024-06-05 11:08:53
248.20000000000005,78,4266.05,248.20000000000005,7.871,114,147,7.871,2024-06-05 11:08:54
247.79999999999995,79,4271.68,247.79999999999995,5.622,117,139,5.622,2024-06-05 11:08:55
250.60000000000002,80,4279.15,250.60000000000002,7.477,122,125,7.477,2024-06-05 11:08:56
253.20000000000005,74,4285.52,253.20000000000005,6.365,110,142,6.365,2024-06-05 11:08:57
249.39999999999998,76,4292.41,249.39999999999998,6.895,114,184,6.895,2024-06-05 11:08:58
249.79999999999995,79,4299.28,249.79999999999995,6.863,114,139,6.863,2024-06-05 11:08:59
245.0,83,4307.38,245.0,8.103,122,135,8.103,2024-06-05 11:09:00
249.60000000000002,81,4312.24,249.60000000000002,4.857,117,101,4.857,2024-06-05 11:09:01
249.79999999999995,82,4316.72,249.79999999999995,4.487,119,138,4.487,2024-06-05 11:09:02
250.79999999999995,82,4322.77,250.79999999999995,6.048,118,149,6.048,2024-06-05 11:09:03
248.39999999999998,77,4327.68,248.39999999999998,4.908,121,147,4.908,2024-06-05 11:09:04
247.20000000000005,78,4333.6,247.20000000000005,5.916,126,160,5.916,2024-06-05 11:09:05
253.0,85,4338.94,253.0,5.343,124,163,5.343,2024-06-05 11:09:06
246.39999999999998,80,4343.83,246.39999999999998,4.893,117,136,4.893,2024-06-05 11:09:07
253.60000000000002,76,4348.54,253.60000000000002,4.706,108,109,4.706,2024-06-05 11:09:08
250.60000000000002,83,4353.44,250.60000000000002,4.902,118,173,4.902,2024-06-05 11:09:09
248.60000000000002,82,4359.11,248.60000000000002,5.671,118,184,5.671,2024-06-05 11:09:10
250.39999999999998,76,4366.53,250.39999999999998,7.421,125,167,7.421,2024-06-05 11:09:11
247.60000000000002,84,4372.88,247.60000000000002,6.345,127,130,6.345,2024-06-05 11:09:12
250.39999999999998,88,4379.95,250.39999999999998,7.077,121,182,7.077,2024-06-05 11:09:13
251.39999999999998,87,4386.96,251.39999999999998,7.007,118,133,7.007,2024-06-05 11:09:14
249.60000000000002,81,4394.86,249.60000000000002,7.902,119,175,7.902,2024-06-05 11:09:15
252.79999999999995,75,4400.06,252.79999999999995,5.2,119,160,5.2,2024-06-05 11:09:16
250.20000000000005,76,4406.61,250.20000000000005,6.543,117,179,6.543,2024-06-05 11:09:17
255.20000000000005,77,4413.4,255.20000000000005,6.799,124,149,6.799,2024-06-05 11:09:18
246.79999999999995,79,4420.48,246.79999999999995,7.072,131,177,7.072,2024-06-05 11:09:19
246.0,83,4426.67,246.0,6.189,122,164,6.189,2024-06-05 11:09:20
250.20000000000005,76,4433.25,250.20000000000005,6.586,116,168,6.586,2024-06-05 11:09:21
246.0,68,4439.36,246.0,6.112,119,158,6.112,2024-06-05 11:09:22
252.60000000000002,76,4444.99,252.60000000000002,5.63,129,170,5.63,2024-06-05 11:09:23
249.0,75,4451.57,249.0,6.579,117,127,6.579,2024-06-05 11:09:24
248.60000000000002,83,4459.17,248.60000000000002,7.599,128,137,7.599,2024-06-05 11:09:25
251.0,79,4465.17,251.0,5.998,115,134,5.998,2024-06-05 11:09:26
249.20000000000005,86,4472.63,249.20000000000005,7.462,116,138,7.462,2024-06-05 11:09:27
250.20000000000005,73,4478.21,250.20000000000005,5.583,121,128,5.583,2024-06-05 11:09:28
249.79999999999995,78,4485.21,249.79999999999995,6.991,116,170,6.991,2024-06-05 11:09:29
251.20000000000005,82,4490.52,251.20000000000005,5.317,110,146,5.317,2024-06-05 11:09:30
252.60000000000002,100,4500.24,252.60000000000002,9.72,157,271,9.72,2024-06-05 11:09:31
250.60000000000002,98,4509.49,250.60000000000002,9.245,163,275,9.245,2024-06-05 11:09:32
250.20000000000005,89,4518.22,250.20000000000005,8.734,150,313,8.734,2024-06-05 11:09:33
251.79999999999995,99,4526.71,251.79999999999995,8.484,161,250,8.484,2024-06-05 11:09:34
251.39999999999998,96,4536.61,251.39999999999998,9.904,166,255,9.904,2024-06-05 11:09:35
249.60000000000002,98,4546.23,249.60000000000002,9.618,161,294,9.618,2024-06-05 11:09:36
253.60000000000002,88,4555.98,253.60000000000002,9.757,160,307,9.757,2024-06-05 11:09:37
247.20000000000005,97,4564.12,247.20000000000005,8.132,162,298,8.132,2024-06-05 11:09:38
250.60000000000002,97,4573.6,250.60000000000002,9.483,165,297,9.483,2024-06-05 11:09:39
247.79999999999995,94,4578.71,247.79999999999995,5.111,162,281,5.111,2024-06-05 11:09:40
251.20000000000005,98,4587.09,251.20000000000005,8.382,155,261,8.382,2024-06-05 11:09:41
250.60000000000002,92,4596.79,250.60000000000002,9.698,167,313,9.698,2024-06-05 11:09:42
252.39999999999998,98,4605.45,252.39999999999998,8.665,162,266,8.665,2024-06-05 11:09:43
249.60000000000002,95,4615.01,249.60000000000002,9.555,160,272,9.555,2024-06-05 11:09:44
251.20000000000005,84,4623.82,251.20000000000005,8.812,159,301,8.812,2024-06-05 11:09:45
248.60000000000002,91,4633.04,248.60000000000002,9.218,154,240,9.218,2024-06-05 11:09:46
248.39999999999998,90,4639.56,248.39999999999998,6.524,158,288,6.524,2024-06-05 11:09:47
250.20000000000005,95,4646.93,250.20000000000005,7.365,161,297,7.365,2024-06-05 11:09:48
252.0,97,4656.78,252.0,9.851,158,276,9.851,2024-06-05 11:09:49
251.79999999999995,103,4666.21,251.79999999999995,9.431,153,285,9.431,2024-06-05 11:09:50
249.39999999999998,99,4675.23,249.39999999999998,9.022,161,269,9.022,2024-06-05 11:09:51
248.39999999999998,94,4684.8,248.39999999999998,9.563,153,278,9.563,2024-06-05 11:09:52
252.0,98,4692.56,252.0,7.769,156,304,7.769,2024-06-05 11:09:53
249.0,97,4700.99,249.0,8.422,151,313,8.422,2024-06-05 11:09:54
250.20000000000005,90,4707.19,250.20000000000005,6.202,156,265,6.202,2024-06-05 11:09:55
254.60000000000002,95,4715.16,254.60000000000002,7.97,167,285,7.97,2024-06-05 11:09:56
251.0,98,4724.22,251.0,9.062,158,292,9.062,2024-06-05 11:09:57
251.39999999999998,101,4732.72,251.39999999999998,8.497,156,261,8.497,2024-06-05 11:09:58
251.20000000000005,96,4740.09,251.20000000000005,7.373,155,287,7.373,2024-06-05 11:09:59
252.79999999999995,103,4749.87,252.79999999999995,9.783,164,286,9.783,2024-06-05 11:10:00
251.20000000000005,90,4760.31,251.20000000000005,10.432,160,341,10.432,2024-06-05 11:10:01
254.0,99,4768.47,254.0,8.166,158,266,8.166,2024-06-05 11:10:02
251.79999999999995,92,4777.78,251.79999999999995,9.304,163,319,9.304,2024-06-05 11:10:03
247.39999999999998,96,4785.86,247.39999999999998,8.087,156,298,8.087,2024-06-05 11:10:04
252.0,99,4793.26,252.0,7.395,160,272,7.395,2024-06-05 11:10:05
249.60000000000002,100,4803.46,249.60000000000002,10.204,159,314,10.204,2024-06-05 11:10:06
251.0,99,4810.89,251.0,7.43,161,307,7.43,2024-06-05 11:10:07
251.0,92,4821.84,251.0,10.945,164,276,10.945,2024-06-05 11:10:08
247.60000000000002,89,4828.92,247.60000000000002,7.084,153,281,7.084,2024-06-05 11:10:09
250.20000000000005,95,4838.47,250.20000000000005,9.547,143,327,9.547,2024-06-05 11:10:10
250.20000000000005,81,4847.81,250.20000000000005,9.341,164,307,9.341,2024-06-05 11:10:11
250.79999999999995,87,4855.59,250.79999999999995,7.78,160,260,7.78,2024-06-05 11:10:12
249.0,93,4865.79,249.0,10.199,162,276,10.199,2024-06-05 11:10:13
251.39999999999998,91,4875.18,251.39999999999998,9.389,168,274,9.389,2024-06-05 11:10:14
250.20000000000005,90,4883.35,250.20000000000005,8.177,155,278,8.177,2024-06-05 11:10:15
251.39999999999998,90,4892.23,251.39999999999998,8.882,166,250,8.882,2024-06-05 11:10:16
244.79999999999995,92,4898.89,244.79999999999995,6.658,162,309,6.658,2024-06-05 11:10:17
250.39999999999998,90,4909.14,250.39999999999998,10.246,157,281,10.246,2024-06-05 11:10:18
247.20000000000005,101,4919.68,247.20000000000005,10.538,161,278,10.538,2024-06-05 11:10:19
246.0,86,4928.23,246.0,8.548,158,276,8.548,2024-06-05 11:10:20
248.0,92,4938.23,248.0,10.006,153,291,10.006,2024-06-05 11:10:21
253.0,91,4945.3,253.0,7.065,157,285,7.065,2024-06-05 11:10:22
253.60000000000002,95,4955.19,253.60000000000002,9.892,158,258,9.892,2024-06-05 11:10:23
253.79999999999995,97,4963.86,253.79999999999995,8.667,160,295,8.667,2024-06-05 11:10:24
250.79999999999995,92,4972.2,250.79999999999995,8.347,154,291,8.347,2024-06-05 11:10:25
251.20000000000005,98,4981.03,251.20000000000005,8.825,149,313,8.825,2024-06-05 11:10:26
251.39999999999998,99,4989.68,251.39999999999998,8.653,161,263,8.653,2024-06-05 11:10:27
252.0,96,4999.68,252.0,9.998,155,298,9.998,2024-06-05 11:10:28
249.0,90,5008.53,249.0,8.851,159,294,8.851,2024-06-05 11:10:29
254.60000000000002,100,5016.67,254.60000000000002,8.136,164,309,8.136,2024-06-05 11:10:30
250.60000000000002,101,5026.51,250.60000000000002,9.846,157,312,9.846,2024-06-05 11:10:31
249.20000000000005,100,5037.02,249.20000000000005,10.507,157,313,10.507,2024-06-05 11:10:32
248.0,96,5045.14,248.0,8.118,156,279,8.118,2024-06-05 11:10:33
248.79999999999995,89,5053.63,248.79999999999995,8.496,156,287,8.496,2024-06-05 11:10:34
248.0,100,5062.59,248.0,8.953,163,275,8.953,2024-06-05 11:10:35
250.79999999999995,114,5071.47,250.79999999999995,8.884,154,301,8.884,2024-06-05 11:10:36
249.60000000000002,85,5078.86,249.60000000000002,7.394,162,274,7.394,2024-06-05 11:10:37
250.60000000000002,92,5086.02,250.60000000000002,7.157,164,339,7.157,2024-06-05 11:10:38
251.39999999999998,89,5092.31,251.39999999999998,6.285,155,277,6.285,2024-06-05 11:10:39
251.39999999999998,93,5102.38,251.39999999999998,10.073,162,267,10.073,2024-06-05 11:10:40
248.20000000000005,91,5111.48,248.20000000000005,9.105,151,227,9.105,2024-06-05 11:10:41
247.0,98,5121.04,247.0,9.554,158,275,9.554,2024-06-05 11:10:42
249.0,93,5129.2,249.0,8.16,163,297,8.16,2024-06-05 11:10:43
249.60000000000002,96,5140.06,249.60000000000002,10.859,154,262,10.859,2024-06-05 11:10:44
251.60000000000002,100,5148.02,251.60000000000002,7.967,158,319,7.967,2024-06-05 11:10:45
251.0,87,5156.88,251.0,8.86,162,285,8.86,2024-06-05 11:10:46
252.0,98,5167.14,252.0,10.252,161,321,10.252,2024-06-05 11:10:47
251.20000000000005,99,5173.38,251.20000000000005,6.249,162,294,6.249,2024-06-05 11:10:48
251.60000000000002,88,5179.93,251.60000000000002,6.543,153,288,6.543,2024-06-05 11:10:49
249.20000000000005,85,5187.49,249.20000000000005,7.561,158,244,7.561,2024-06-05 11:10:50
248.79999999999995,84,5195.89,248.79999999999995,8.405,157,285,8.405,2024-06-05 11:10:51
251.60000000000002,91,5204.31,251.60000000000002,8.413,160,258,8.413,2024-06-05 11:10:52
249.20000000000005,95,5211.82,249.20000000000005,7.517,152,305,7.517,2024-06-05 11:10:53
252.0,93,5220.46,252.0,8.632,166,270,8.632,2024-06-05 11:10:54
253.20000000000005,101,5228.99,253.20000000000005,8.532,164,274,8.532,2024-06-05 11:10:55
246.60000000000002,101,5237.9,246.60000000000002,8.91,155,257,8.91,2024-06-05 11:10:56
247.20000000000005,95,5246.95,247.20000000000005,9.05,163,292,9.05,2024-06-05 11:10:57
248.60000000000002,93,5254.87,248.60000000000002,7.923,163,236,7.923,2024-06-05 11:10:58
249.79999999999995,89,5262.98,249.79999999999995,8.111,162,271,8.111,2024-06-05 11:10:59
248.60000000000002,87,5271.52,248.60000000000002,8.539,156,280,8.539,2024-06-05 11:11:00
251.79999999999995,93,5280.66,251.79999999999995,9.14,157,270,9.14,2024-06-05 11:11:01
252.39999999999998,95,5290.53,252.39999999999998,9.867,155,271,9.867,2024-06-05 11:11:02
247.39999999999998,86,5300.42,247.39999999999998,9.891,161,272,9.891,2024-06-05 11:11:03
251.39999999999998,92,5310.23,251.39999999999998,9.81,159,306,9.81,2024-06-05 11:11:04
251.39999999999998,93,5319.48,251.39999999999998,9.252,153,275,9.252,2024-06-05 11:11:05
253.79999999999995,91,5327.86,253.79999999999995,8.38,159,302,8.38,2024-06-05 11:11:06
251.60000000000002,100,5335.9,251.60000000000002,8.037,163,245,8.037,2024-06-05 11:11:07
249.20000000000005,100,5344.06,249.20000000000005,8.167,170,264,8.167,2024-06-05 11:11:08
248.39999999999998,85,5352.95,248.39999999999998,8.888,159,280,8.888,2024-06-05 11:11:09
249.39999999999998,89,5362.94,249.39999999999998,9.985,166,311,9.985,2024-06-05 11:11:10
250.60000000000002,97,5372.34,250.60000000000002,9.399,159,263,9.399,2024-06-05 11:11:11
249.79999999999995,93,5381.5,249.79999999999995,9.164,146,266,9.164,2024-06-05 11:11:12
250.60000000000002,103,5391.54,250.60000000000002,10.035,161,285,10.035,2024-06-05 11:11:13
252.20000000000005,91,5401.34,252.20000000000005,9.801,156,260,9.801,2024-06-05 11:11:14
248.20000000000005,88,5410.05,248.20000000000005,8.717,162,271,8.717,2024-06-05 11:11:15
245.60000000000002,89,5418.86,245.60000000000002,8.802,157,280,8.802,2024-06-05 11:11:16
249.60000000000002,86,5428.16,249.60000000000002,9.307,156,270,9.307,2024-06-05 11:11:17
248.60000000000002,86,5437.17,248.60000000000002,9.003,147,252,9.003,2024-06-05 11:11:18
247.39999999999998,88,5445.69,247.39999999999998,8.523,157,290,8.523,2024-06-05 11:11:19
247.39999999999998,95,5456.13,247.39999999999998,10.441,166,283,10.441,2024-06-05 11:11:20
249.79999999999995,103,5465.79,249.79999999999995,9.656,160,283,9.656,2024-06-05 11:11:21
249.0,92,5474.96,249.0,9.177,159,314,9.177,2024-06-05 11:11:22
250.60000000000002,92,5483.27,250.60000000000002,8.308,163,304,8.308,2024-06-05 11:11:23
251.39999999999998,98,5492.97,251.39999999999998,9.697,168,303,9.697,2024-06-05 11:11:24
251.0,91,5500.62,251.0,7.654,153,298,7.654,2024-06-05 11:11:25
252.20000000000005,85,5510.28,252.20000000000005,9.664,162,259,9.664,2024-06-05 11:11:26
247.39999999999998,95,5519.6,247.39999999999998,9.311,153,258,9.311,2024-06-05 11:11:27
247.0,92,5528.09,247.0,8.491,160,278,8.491,2024-06-05 11:11:28
254.39999999999998,99,5537.69,254.39999999999998,9.607,163,297,9.607,2024-06-05 11:11:29
249.60000000000002,92,5546.24,249.60000000000002,8.549,169,244,8.549,2024-06-05 11:11:30
249.0,92,5555.41,249.0,9.164,162,238,9.164,2024-06-05 11:11:31
248.60000000000002,103,5565.42,248.60000000000002,10.015,165,238,10.015,2024-06-05 11:11:32
248.79999999999995,90,5573.19,248.79999999999995,7.766,157,299,7.766,2024-06-05 11:11:33
248.39999999999998,84,5581.97,248.39999999999998,8.787,167,293,8.787,2024-06-05 11:11:34
248.20000000000005,97,5591.91,248.20000000000005,9.938,155,265,9.938,2024-06-05 11:11:35
251.60000000000002,93,5602.13,251.60000000000002,10.216,162,304,10.216,2024-06-05 11:11:36
251.79999999999995,94,5610.47,251.79999999999995,8.345,162,293,8.345,2024-06-05 11:11:37
249.60000000000002,93,5620.89,249.60000000000002,10.417,153,263,10.417,2024-06-05 11:11:38
249.20000000000005,95,5629.95,249.20000000000005,9.056,166,259,9.056,2024-06-05 11:11:39
248.79999999999995,100,5640.77,248.79999999999995,10.825,158,244,10.825,2024-06-05 11:11:40
251.60000000000002,96,5650.84,251.60000000000002,10.064,161,290,10.064,2024-06-05 11:11:41
249.60000000000002,91,5660.41,249.60000000000002,9.573,162,295,9.573,2024-06-05 11:11:42
250.60000000000002,96,5668.57,250.60000000000002,8.158,156,280,8.158,2024-06-05 11:11:43
253.0,97,5676.21,253.0,7.648,157,249,7.648,2024-06-05 11:11:44
250.39999999999998,95,5685.56,250.39999999999998,9.347,166,279,9.347,2024-06-05 11:11:45
250.20000000000005,98,5695.12,250.20000000000005,9.554,157,262,9.554,2024-06-05 11:11:46
248.39999999999998,99,5703.34,248.39999999999998,8.224,158,287,8.224,2024-06-05 11:11:47
250.20000000000005,93,5712.87,250.20000000000005,9.533,160,259,9.533,2024-06-05 11:11:48
255.20000000000005,90,5721.44,255.20000000000005,8.569,161,257,8.569,2024-06-05 11:11:49
249.20000000000005,94,5729.99,249.20000000000005,8.544,156,303,8.544,2024-06-05 11:11:50
251.39999999999998,83,5739.76,251.39999999999998,9.778,154,311,9.778,2024-06-05 11:11:51
255.20000000000005,88,5748.92,255.20000000000005,9.159,164,270,9.159,2024-06-05 11:11:52
251.79999999999995,88,5758.13,251.79999999999995,9.205,157,304,9.205,2024-06-05 11:11:53
249.20000000000005,100,5766.71,249.20000000000005,8.579,162,277,8.579,2024-06-05 11:11:54
251.20000000000005,98,5775.04,251.20000000000005,8.338,154,290,8.338,2024-06-05 11:11:55
249.79999999999995,93,5782.92,249.79999999999995,7.88,152,284,7.88,2024-06-05 11:11:56
249.39999999999998,101,5790.43,249.39999999999998,7.508,167,244,7.508,2024-06-05 11:11:57
252.60000000000002,96,5798.91,252.60000000000002,8.478,156,277,8.478,2024-06-05 11:11:58
247.0,91,5808.59,247.0,9.681,157,288,9.681,2024-06-05 11:11:59
249.79999999999995,95,5818.5,249.79999999999995,9.911,169,268,9.911,2024-06-05 11:12:00
249.79999999999995,83,5826.26,249.79999999999995,7.756,127,130,7.756,2024-06-05 11:12:01
254.0,81,5833.8,254.0,7.538,119,128,7.538,2024-06-05 11:12:02
250.0,76,5839.93,250.0,6.13,118,181,6.13,2024-06-05 11:12:03
253.39999999999998,85,5846.68,253.39999999999998,6.754,118,163,6.754,2024-06-05 11:12:04
251.0,87,5851.06,251.0,4.38,123,152,4.38,2024-06-05 11:12:05
249.0,76,5856.26,249.0,5.201,131,165,5.201,2024-06-05 11:12:06
250.79999999999995,75,5863.46,250.79999999999995,7.195,114,202,7.195,2024-06-05 11:12:07
248.60000000000002,75,5870.82,248.60000000000002,7.36,126,144,7.36,2024-06-05 11:12:08
248.79999999999995,82,5875.28,248.79999999999995,4.465,121,147,4.465,2024-06-05 11:12:09
250.60000000000002,76,5881.13,250.60000000000002,5.85,123,123,5.85,2024-06-05 11:12:10
253.20000000000005,81,5888.44,253.20000000000005,7.311,109,118,7.311,2024-06-05 11:12:11
249.79999999999995,66,5893.96,249.79999999999995,5.512,116,130,5.512,2024-06-05 11:12:12
250.0,78,5900.34,250.0,6.382,119,166,6.382,2024-06-05 11:12:13
249.20000000000005,92,5904.91,249.20000000000005,4.577,123,132,4.577,2024-06-05 11:12:14
251.39999999999998,73,5911.78,251.39999999999998,6.869,113,141,6.869,2024-06-05 11:12:15
251.39999999999998,83,5916.43,251.39999999999998,4.649,121,159,4.649,2024-06-05 11:12:16
248.39999999999998,82,5923.05,248.39999999999998,6.617,114,127,6.617,2024-06-05 11:12:17
249.0,79,5929.5,249.0,6.447,112,150,6.447,2024-06-05 11:12:18
253.0,79,5935.68,253.0,6.182,122,164,6.182,2024-06-05 11:12:19
247.79999999999995,85,5942.15,247.79999999999995,6.468,120,129,6.468,2024-06-05 11:12:20
254.0,78,5946.61,254.0,4.459,120,167,4.459,2024-06-05 11:12:21
248.39999999999998,80,5950.99,248.39999999999998,4.385,123,153,4.385,2024-06-05 11:12:22
248.20000000000005,78,5956.0,248.20000000000005,5.008,112,176,5.008,2024-06-05 11:12:23
248.39999999999998,87,5960.87,248.39999999999998,4.87,118,152,4.87,2024-06-05 11:12:24
250.79999999999995,77,5966.14,250.79999999999995,5.267,119,172,5.267,2024-06-05 11:12:25
247.39999999999998,81,5972.73,247.39999999999998,6.591,119,152,6.591,2024-06-05 11:12:26
248.60000000000002,70,5979.07,248.60000000000002,6.345,112,150,6.345,2024-06-05 11:12:27
246.79999999999995,84,5984.87,246.79999999999995,5.801,121,141,5.801,2024-06-05 11:12:28
249.20000000000005,77,5991.63,249.20000000000005,6.753,120,154,6.753,2024-06-05 11:12:29
251.0,80,5998.72,251.0,7.094,127,171,7.094,2024-06-05 11:12:30
247.60000000000002,77,6004.42,247.60000000000002,5.703,129,148,5.703,2024-06-05 11:12:31
249.39999999999998,80,6010.04,249.39999999999998,5.621,120,163,5.621,2024-06-05 11:12:32
251.20000000000005,80,6015.0,251.20000000000005,4.96,121,201,4.96,2024-06-05 11:12:33
251.39999999999998,75,6020.67,251.39999999999998,5.672,123,170,5.672,2024-06-05 11:12:34
251.39999999999998,80,6026.55,251.39999999999998,5.879,118,129,5.879,2024-06-05 11:12:35
248.60000000000002,74,6030.56,248.60000000000002,4.002,108,153,4.002,2024-06-05 11:12:36
250.0,74,6038.31,250.0,7.751,107,163,7.751,2024-06-05 11:12:37
248.60000000000002,84,6044.58,248.60000000000002,6.27,123,148,6.27,2024-06-05 11:12:38
250.0,78,6051.56,250.0,6.978,118,152,6.978,2024-06-05 11:12:39
250.60000000000002,78,6057.48,250.60000000000002,5.919,128,160,5.919,2024-06-05 11:12:40
247.0,74,6063.18,247.0,5.7,122,141,5.7,2024-06-05 11:12:41
248.79999999999995,77,6069.82,248.79999999999995,6.642,122,130,6.642,2024-06-05 11:12:42
250.60000000000002,78,6076.61,250.60000000000002,6.794,122,179,6.794,2024-06-05 11:12:43
247.39999999999998,70,6082.69,247.39999999999998,6.083,114,139,6.083,2024-06-05 11:12:44
252.20000000000005,73,6088.34,252.20000000000005,5.644,122,136,5.644,2024-06-05 11:12:45
247.39999999999998,79,6093.85,247.39999999999998,5.508,116,132,5.508,2024-06-05 11:12:46
248.60000000000002,82,6098.16,248.60000000000002,4.314,112,166,4.314,2024-06-05 11:12:47
249.39999999999998,85,6103.45,249.39999999999998,5.291,124,120,5.291,2024-06-05 11:12:48
249.60000000000002,77,6108.05,249.60000000000002,4.594,120,140,4.594,2024-06-05 11:12:49
248.79999999999995,84,6113.12,248.79999999999995,5.07,131,165,5.07,2024-06-05 11:12:50
250.79999999999995,78,6119.9,250.79999999999995,6.788,122,172,6.788,2024-06-05 11:12:51
251.20000000000005,83,6126.05,251.20000000000005,6.143,115,148,6.143,2024-06-05 11:12:52
249.79999999999995,90,6130.65,249.79999999999995,4.605,115,153,4.605,2024-06-05 11:12:53
250.39999999999998,76,6137.18,250.39999999999998,6.532,115,154,6.532,2024-06-05 11:12:54
250.60000000000002,84,6142.55,250.60000000000002,5.367,129,167,5.367,2024-06-05 11:12:55
248.20000000000005,75,6148.19,248.20000000000005,5.634,119,157,5.634,2024-06-05 11:12:56
255.79999999999995,87,6154.78,255.79999999999995,6.59,112,143,6.59,2024-06-05 11:12:57
250.0,79,6161.57,250.0,6.793,114,160,6.793,2024-06-05 11:12:58
253.39999999999998,86,6168.66,253.39999999999998,7.09,109,160,7.09,2024-06-05 11:12:59
247.20000000000005,69,6174.02,247.20000000000005,5.36,113,155,5.36,2024-06-05 11:13:00
249.0,81,6179.76,249.0,5.739,119,142,5.739,2024-06-05 11:13:01
248.20000000000005,73,6186.06,248.20000000000005,6.3,112,150,6.3,2024-06-05 11:13:02
249.20000000000005,81,6193.1,249.20000000000005,7.04,121,144,7.04,2024-06-05 11:13:03
247.0,71,6199.6,247.0,6.503,116,139,6.503,2024-06-05 11:13:04
250.20000000000005,74,6203.86,250.20000000000005,4.262,131,122,4.262,2024-06-05 11:13:05
250.39999999999998,76,6210.4,250.39999999999998,6.541,121,143,6.541,2024-06-05 11:13:06
252.0,89,6217.02,252.0,6.616,119,166,6.616,2024-06-05 11:13:07
251.20000000000005,82,6221.29,251.20000000000005,4.271,121,161,4.271,2024-06-05 11:13:08
250.20000000000005,83,6227.11,250.20000000000005,5.824,118,149,5.824,2024-06-05 11:13:09
250.20000000000005,91,6233.49,250.20000000000005,6.374,127,137,6.374,2024-06-05 11:13:10
250.60000000000002,84,6237.17,250.60000000000002,3.683,116,160,3.683,2024-06-05 11:13:11
252.79999999999995,76,6243.26,252.79999999999995,6.093,120,179,6.093,2024-06-05 11:13:12
251.60000000000002,73,6248.26,251.60000000000002,4.993,124,118,4.993,2024-06-05 11:13:13
251.60000000000002,73,6254.17,251.60000000000002,5.917,118,161,5.917,2024-06-05 11:13:14
252.0,73,6258.82,252.0,4.65,118,141,4.65,2024-06-05 11:13:15
252.20000000000005,80,6265.07,252.20000000000005,6.243,119,161,6.243,2024-06-05 11:13:16
246.39999999999998,84,6269.53,246.39999999999998,4.46,125,196,4.46,2024-06-05 11:13:17
249.39999999999998,81,6276.7,249.39999999999998,7.17,123,139,7.17,2024-06-05 11:13:18
250.0,83,6283.33,250.0,6.636,117,101,6.636,2024-06-05 11:13:19
251.60000000000002,74,6289.57,251.60000000000002,6.239,123,162,6.239,2024-06-05 11:13:20
251.0,86,6295.35,251.0,5.776,115,168,5.776,2024-06-05 11:13:21
249.60000000000002,84,6301.54,249.60000000000002,6.192,122,137,6.192,2024-06-05 11:13:22
253.60000000000002,80,6306.07,253.60000000000002,4.528,123,160,4.528,2024-06-05 11:13:23
248.20000000000005,80,6310.79,248.20000000000005,4.721,122,118,4.721,2024-06-05 11:13:24
253.20000000000005,86,6317.22,253.20000000000005,6.433,120,134,6.433,2024-06-05 11:13:25
252.39999999999998,85,6324.55,252.39999999999998,7.325,121,118,7.325,2024-06-05 11:13:26
252.60000000000002,79,6331.44,252.60000000000002,6.892,127,136,6.892,2024-06-05 11:13:27
249.79999999999995,80,6336.17,249.79999999999995,4.729,118,144,4.729,2024-06-05 11:13:28
249.79999999999995,78,6341.86,249.79999999999995,5.692,119,170,5.692,2024-06-05 11:13:29
250.39999999999998,81,6348.22,250.39999999999998,6.363,130,120,6.363,2024-06-05 11:13:30
252.0,82,6354.63,252.0,6.403,115,145,6.403,2024-06-05 11:13:31
251.79999999999995,81,6360.58,251.79999999999995,5.951,122,142,5.951,2024-06-05 11:13:32
247.60000000000002,79,6365.59,247.60000000000002,5.018,109,166,5.018,2024-06-05 11:13:33
248.39999999999998,76,6370.66,248.39999999999998,5.066,118,171,5.066,2024-06-05 11:13:34
249.79999999999995,81,6376.99,249.79999999999995,6.329,115,117,6.329,2024-06-05 11:13:35
251.60000000000002,75,6382.31,251.60000000000002,5.321,124,112,5.321,2024-06-05 11:13:36
244.39999999999998,86,6388.31,244.39999999999998,6.001,125,144,6.001,2024-06-05 11:13:37
248.20000000000005,80,6393.96,248.20000000000005,5.648,126,188,5.648,2024-06-05 11:13:38
251.79999999999995,83,6398.98,251.79999999999995,5.024,121,136,5.024,2024-06-05 11:13:39
253.79999999999995,84,6406.43,253.79999999999995,7.45,116,157,7.45,2024-06-05 11:13:40
250.60000000000002,82,6412.99,250.60000000000002,6.561,119,135,6.561,2024-06-05 11:13:41
253.0,72,6418.88,253.0,5.887,128,165,5.887,2024-06-05 11:13:42
251.79999999999995,83,6425.36,251.79999999999995,6.475,122,135,6.475,2024-06-05 11:13:43
249.0,78,6430.45,249.0,5.096,125,137,5.096,2024-06-05 11:13:44
248.0,82,6436.35,248.0,5.897,122,146,5.897,2024-06-05 11:13:45
248.0,72,6441.2,248.0,4.851,113,153,4.851,2024-06-05 11:13:46
249.39999999999998,85,6445.31,249.39999999999998,4.108,117,148,4.108,2024-06-05 11:13:47
247.39999999999998,84,6449.83,247.39999999999998,4.525,119,168,4.525,2024-06-05 11:13:48
251.0,69,6454.85,251.0,5.012,118,154,5.012,2024-06-05 11:13:49
247.39999999999998,71,6461.34,247.39999999999998,6.492,113,151,6.492,2024-06-05 11:13:50
251.20000000000005,78,6466.98,251.20000000000005,5.644,117,140,5.644,2024-06-05 11:13:51
247.79999999999995,87,6474.43,247.79999999999995,7.449,118,153,7.449,2024-06-05 11:13:52
251.79999999999995,76,6482.41,251.79999999999995,7.98,116,150,7.98,2024-06-05 11:13:53
250.39999999999998,83,6487.59,250.39999999999998,5.176,121,131,5.176,2024-06-05 11:13:54
252.20000000000005,73,6492.19,252.20000000000005,4.6,121,143,4.6,2024-06-05 11:13:55
249.39999999999998,85,6498.51,249.39999999999998,6.329,124,122,6.329,2024-06-05 11:13:56
251.20000000000005,77,6504.66,251.20000000000005,6.144,123,189,6.144,2024-06-05 11:13:57
251.60000000000002,80,6508.58,251.60000000000002,3.922,116,122,3.922,2024-06-05 11:13:58
249.20000000000005,79,6514.53,249.20000000000005,5.948,126,159,5.948,2024-06-05 11:13:59
250.20000000000005,79,6520.81,250.20000000000005,6.284,118,211,6.284,2024-06-05 11:14:00
250.20000000000005,76,6528.08,250.20000000000005,7.269,123,135,7.269,2024-06-05 11:14:01
247.0,80,6533.99,247.0,5.912,111,155,5.912,2024-06-05 11:14:02
253.20000000000005,80,6540.14,253.20000000000005,6.146,115,170,6.146,2024-06-05 11:14:03
253.20000000000005,79,6545.88,253.20000000000005,5.742,110,147,5.742,2024-06-05 11:14:04
250.39999999999998,81,6554.02,250.39999999999998,8.137,124,128,8.137,2024-06-05 11:14:05
249.39999999999998,77,6560.3,249.39999999999998,6.284,119,86,6.284,2024-06-05 11:14:06
246.79999999999995,80,6565.93,246.79999999999995,5.625,127,172,5.625,2024-06-05 11:14:07
250.20000000000005,86,6571.47,250.20000000000005,5.547,118,138,5.547,2024-06-05 11:14:08
250.60000000000002,72,6576.35,250.60000000000002,4.878,120,148,4.878,2024-06-05 11:14:09
249.39999999999998,75,6583.56,249.39999999999998,7.206,119,150,7.206,2024-06-05 11:14:10
248.79999999999995,84,6590.58,248.79999999999995,7.023,121,151,7.023,2024-06-05 11:14:11
253.20000000000005,84,6596.32,253.20000000000005,5.744,119,155,5.744,2024-06-05 11:14:12
251.39999999999998,79,6604.17,251.39999999999998,7.85,123,143,7.85,2024-06-05 11:14:13
252.60000000000002,69,6611.0,252.60000000000002,6.828,119,148,6.828,2024-06-05 11:14:14
251.20000000000005,81,6617.9,251.20000000000005,6.901,127,158,6.901,2024-06-05 11:14:15
252.0,81,6624.64,252.0,6.736,118,135,6.736,2024-06-05 11:14:16
252.20000000000005,85,6630.67,252.20000000000005,6.033,117,98,6.033,2024-06-05 11:14:17
249.39999999999998,80,6636.37,249.39999999999998,5.702,120,126,5.702,2024-06-05 11:14:18
253.79999999999995,84,6642.93,253.79999999999995,6.558,118,136,6.558,2024-06-05 11:14:19
247.79999999999995,80,6649.12,247.79999999999995,6.188,114,160,6.188,2024-06-05 11:14:20
247.39999999999998,79,6654.72,247.39999999999998,5.603,124,164,5.603,2024-06-05 11:14:21
254.60000000000002,71,6661.15,254.60000000000002,6.423,110,155,6.423,2024-06-05 11:14:22
250.0,71,6664.85,250.0,3.701,117,141,3.701,2024-06-05 11:14:23
250.60000000000002,81,6671.13,250.60000000000002,6.278,119,174,6.278,2024-06-05 11:14:24
250.20000000000005,84,6677.79,250.20000000000005,6.664,121,138,6.664,2024-06-05 11:14:25
252.0,78,6686.73,252.0,8.941,121,101,8.941,2024-06-05 11:14:26
248.0,75,6691.95,248.0,5.223,118,131,5.223,2024-06-05 11:14:27
250.0,84,6697.73,250.0,5.779,127,140,5.779,2024-06-05 11:14:28
251.0,75,6704.72,251.0,6.984,117,165,6.984,2024-06-05 11:14:29
251.79999999999995,84,6711.74,251.79999999999995,7.018,127,176,7.018,2024-06-05 11:14:30
253.60000000000002,105,6720.11,253.60000000000002,8.377,160,284,8.377,2024-06-05 11:14:31
250.79999999999995,94,6728.99,250.79999999999995,8.878,159,292,8.878,2024-06-05 11:14:32
249.20000000000005,96,6737.77,249.20000000000005,8.776,160,270,8.776,2024-06-05 11:14:33
250.60000000000002,95,6746.85,250.60000000000002,9.08,166,261,9.08,2024-06-05 11:14:34
253.79999999999995,89,6754.89,253.79999999999995,8.044,166,291,8.044,2024-06-05 11:14:35
249.60000000000002,96,6765.94,249.60000000000002,11.053,164,305,11.053,2024-06-05 11:14:36
249.20000000000005,89,6776.09,249.20000000000005,10.147,162,284,10.147,2024-06-05 11:14:37
250.0,95,6785.24,250.0,9.149,162,268,9.149,2024-06-05 11:14:38
250.79999999999995,103,6794.99,250.79999999999995,9.752,159,253,9.752,2024-06-05 11:14:39
250.79999999999995,110,6803.72,250.79999999999995,8.729,162,261,8.729,2024-06-05 11:14:40
253.20000000000005,94,6813.39,253.20000000000005,9.673,158,291,9.673,2024-06-05 11:14:41
250.0,88,6822.39,250.0,8.998,157,270,8.998,2024-06-05 11:14:42
249.79999999999995,93,6830.63,249.79999999999995,8.238,161,307,8.238,2024-06-05 11:14:43
252.39999999999998,109,6839.64,252.39999999999998,9.005,156,282,9.005,2024-06-05 11:14:44
251.0,95,6848.4,251.0,8.768,162,287,8.768,2024-06-05 11:14:45
250.39999999999998,100,6856.86,250.39999999999998,8.457,158,287,8.457,2024-06-05 11:14:46
249.0,97,6865.58,249.0,8.719,159,276,8.719,2024-06-05 11:14:47
253.20000000000005,95,6874.53,253.20000000000005,8.953,165,237,8.953,2024-06-05 11:14:48
250.60000000000002,91,6882.5,250.60000000000002,7.97,157,272,7.97,2024-06-05 11:14:49
249.0,95,6891.56,249.0,9.054,159,237,9.054,2024-06-05 11:14:50
249.39999999999998,91,6900.74,249.39999999999998,9.187,152,282,9.187,2024-06-05 11:14:51
250.79999999999995,96,6910.55,250.79999999999995,9.802,155,264,9.802,2024-06-05 11:14:52
250.0,86,6920.22,250.0,9.677,164,260,9.677,2024-06-05 11:14:53
249.20000000000005,99,6929.87,249.20000000000005,9.643,154,247,9.643,2024-06-05 11:14:54
252.60000000000002,95,6938.16,252.60000000000002,8.291,163,278,8.291,2024-06-05 11:14:55
250.0,98,6947.1,250.0,8.938,158,227,8.938,2024-06-05 11:14:56
249.20000000000005,99,6955.28,249.20000000000005,8.182,165,279,8.182,2024-06-05 11:14:57
251.60000000000002,92,6964.9,251.60000000000002,9.623,156,265,9.623,2024-06-05 11:14:58
250.39999999999998,94,6971.01,250.39999999999998,6.106,158,287,6.106,2024-06-05 11:14:59
250.79999999999995,97,6980.23,250.79999999999995,9.228,164,276,9.228,2024-06-05 11:15:00
250.0,88,6990.27,250.0,10.039,159,264,10.039,2024-06-05 11:15:01
250.79999999999995,92,6998.82,250.79999999999995,8.549,152,255,8.549,2024-06-05 11:15:02
250.39999999999998,97,7007.48,250.39999999999998,8.658,171,291,8.658,2024-06-05 11:15:03
248.39999999999998,77,7016.78,248.39999999999998,9.3,164,279,9.3,2024-06-05 11:15:04
247.79999999999995,95,7025.68,247.79999999999995,8.901,162,309,8.901,2024-06-05 11:15:05
247.20000000000005,94,7035.29,247.20000000000005,9.612,158,263,9.612,2024-06-05 11:15:06
250.0,95,7044.42,250.0,9.13,155,289,9.13,2024-06-05 11:15:07
249.39999999999998,93,7053.37,249.39999999999998,8.952,164,279,8.952,2024-06-05 11:15:08
249.20000000000005,93,7062.71,249.20000000000005,9.333,158,263,9.333,2024-06-05 11:15:09
254.0,96,7070.49,254.0,7.78,157,282,7.78,2024-06-05 11:15:10
249.39999999999998,93,7079.24,249.39999999999998,8.75,166,293,8.75,2024-06-05 11:15:11
250.39999999999998,92,7086.88,250.39999999999998,7.645,153,293,7.645,2024-06-05 11:15:12
249.79999999999995,98,7096.09,249.79999999999995,9.21,162,288,9.21,2024-06-05 11:15:13
253.60000000000002,91,7105.5,253.60000000000002,9.41,159,331,9.41,2024-06-05 11:15:14
250.20000000000005,89,7113.37,250.20000000000005,7.868,164,290,7.868,2024-06-05 11:15:15
248.60000000000002,89,7125.09,248.60000000000002,11.715,159,266,11.715,2024-06-05 11:15:16
250.0,98,7131.16,250.0,6.075,164,296,6.075,2024-06-05 11:15:17
249.39999999999998,94,7141.2,249.39999999999998,10.038,163,284,10.038,2024-06-05 11:15:18
245.20000000000005,93,7150.75,245.20000000000005,9.55,158,299,9.55,2024-06-05 11:15:19
253.39999999999998,86,7160.41,253.39999999999998,9.661,156,259,9.661,2024-06-05 11:15:20
248.39999999999998,90,7169.17,248.39999999999998,8.76,162,242,8.76,2024-06-05 11:15:21
248.20000000000005,98,7179.27,248.20000000000005,10.104,159,287,10.104,2024-06-05 11:15:22
250.60000000000002,88,7187.4,250.60000000000002,8.131,163,273,8.131,2024-06-05 11:15:23
246.39999999999998,107,7195.7,246.39999999999998,8.292,153,303,8.292,2024-06-05 11:15:24
252.39999999999998,97,7205.56,252.39999999999998,9.863,156,298,9.863,2024-06-05 11:15:25
249.0,91,7213.7,249.0,8.145,156,294,8.145,2024-06-05 11:15:26
248.0,94,7222.09,248.0,8.386,152,287,8.386,2024-06-05 11:15:27
247.39999999999998,95,7230.07,247.39999999999998,7.979,164,273,7.979,2024-06-05 11:15:28
248.0,96,7237.66,248.0,7.595,165,268,7.595,2024-06-05 11:15:29
246.20000000000005,95,7246.18,246.20000000000005,8.514,165,277,8.514,2024-06-05 11:15:30
247.60000000000002,106,7255.45,247.60000000000002,9.268,160,273,9.268,2024-06-05 11:15:31
254.20000000000005,95,7263.93,254.20000000000005,8.478,166,279,8.478,2024-06-05 11:15:32
248.79999999999995,92,7271.18,248.79999999999995,7.255,164,281,7.255,2024-06-05 11:15:33
247.39999999999998,93,7280.42,247.39999999999998,9.239,163,245,9.239,2024-06-05 11:15:34
248.39999999999998,97,7289.27,248.39999999999998,8.852,171,279,8.852,2024-06-05 11:15:35
249.60000000000002,100,7298.7,249.60000000000002,9.43,156,300,9.43,2024-06-05 11:15:36
250.39999999999998,93,7308.24,250.39999999999998,9.539,163,270,9.539,2024-06-05 11:15:37
250.79999999999995,87,7317.73,250.79999999999995,9.493,157,279,9.493,2024-06-05 11:15:38
246.79999999999995,99,7326.16,246.79999999999995,8.421,159,293,8.421,2024-06-05 11:15:39
248.39999999999998,87,7333.42,248.39999999999998,7.264,158,280,7.264,2024-06-05 11:15:40
249.20000000000005,87,7340.11,249.20000000000005,6.691,165,287,6.691,2024-06-05 11:15:41
250.79999999999995,93,7350.25,250.79999999999995,10.142,158,290,10.142,2024-06-05 11:15:42
252.60000000000002,98,7358.99,252.60000000000002,8.739,168,270,8.739,2024-06-05 11:15:43
250.0,97,7367.93,250.0,8.944,157,260,8.944,2024-06-05 11:15:44
247.0,93,7377.45,247.0,9.511,154,292,9.511,2024-06-05 11:15:45
252.0,93,7385.76,252.0,8.318,163,237,8.318,2024-06-05 11:15:46
249.60000000000002,98,7395.56,249.60000000000002,9.797,164,293,9.797,2024-06-05 11:15:47
248.39999999999998,99,7405.2,248.39999999999998,9.639,164,304,9.639,2024-06-05 11:15:48
250.39999999999998,95,7414.65,250.39999999999998,9.449,161,285,9.449,2024-06-05 11:15:49
248.60000000000002,109,7423.61,248.60000000000002,8.966,159,297,8.966,2024-06-05 11:15:50
250.79999999999995,93,7432.02,250.79999999999995,8.406,158,290,8.406,2024-06-05 11:15:51
249.20000000000005,104,7439.57,249.20000000000005,7.549,148,272,7.549,2024-06-05 11:15:52
251.20000000000005,99,7447.99,251.20000000000005,8.426,161,253,8.426,2024-06-05 11:15:53
249.79999999999995,85,7457.53,249.79999999999995,9.538,162,288,9.538,2024-06-05 11:15:54
248.60000000000002,91,7467.37,248.60000000000002,9.834,156,278,9.834,2024-06-05 11:15:55
250.0,91,7476.56,250.0,9.193,152,296,9.193,2024-06-05 11:15:56
250.60000000000002,86,7485.23,250.60000000000002,8.668,156,278,8.668,2024-06-05 11:15:57
252.60000000000002,97,7495.49,252.60000000000002,10.263,169,282,10.263,2024-06-05 11:15:58
252.0,91,7505.24,252.0,9.748,160,280,9.748,2024-06-05 11:15:59
247.39999999999998,96,7514.76,247.39999999999998,9.523,159,279,9.523,2024-06-05 11:16:00
248.0,87,7523.63,248.0,8.874,161,240,8.874,2024-06-05 11:16:01
248.0,89,7531.23,248.0,7.593,166,258,7.593,2024-06-05 11:16:02
246.20000000000005,91,7539.98,246.20000000000005,8.754,156,260,8.754,2024-06-05 11:16:03
253.60000000000002,88,7549.98,253.60000000000002,9.994,161,292,9.994,2024-06-05 11:16:04
251.0,93,7559.14,251.0,9.165,159,260,9.165,2024-06-05 11:16:05
252.60000000000002,95,7567.13,252.60000000000002,7.992,160,283,7.992,2024-06-05 11:16:06
250.79999999999995,95,7575.67,250.79999999999995,8.537,160,315,8.537,2024-06-05 11:16:07
249.39999999999998,100,7585.09,249.39999999999998,9.426,153,274,9.426,2024-06-05 11:16:08
252.20000000000005,92,7594.32,252.20000000000005,9.229,156,301,9.229,2024-06-05 11:16:09
252.60000000000002,94,7603.44,252.60000000000002,9.12,158,289,9.12,2024-06-05 11:16:10
246.20000000000005,81,7611.61,246.20000000000005,8.169,165,239,8.169,2024-06-05 11:16:11
250.79999999999995,94,7621.46,250.79999999999995,9.847,170,269,9.847,2024-06-05 11:16:12
251.60000000000002,87,7630.87,251.60000000000002,9.406,156,268,9.406,2024-06-05 11:16:13
256.4,89,7640.02,256.4,9.15,158,233,9.15,2024-06-05 11:16:14
251.0,95,7648.58,251.0,8.563,163,280,8.563,2024-06-05 11:16:15
254.0,103,7657.64,254.0,9.059,159,249,9.059,2024-06-05 11:16:16
248.79999999999995,93,7667.21,248.79999999999995,9.57,159,268,9.57,2024-06-05 11:16:17
249.60000000000002,93,7675.85,249.60000000000002,8.645,163,276,8.645,2024-06-05 11:16:18
249.60000000000002,89,7685.06,249.60000000000002,9.209,153,249,9.209,2024-06-05 11:16:19
248.60000000000002,93,7694.81,248.60000000000002,9.749,158,301,9.749,2024-06-05 11:16:20
249.39999999999998,94,7704.52,249.39999999999998,9.704,149,243,9.704,2024-06-05 11:16:21
250.0,88,7714.87,250.0,10.358,163,268,10.358,2024-06-05 11:16:22
251.60000000000002,96,7722.95,251.60000000000002,8.075,151,292,8.075,2024-06-05 11:16:23
245.0,98,7731.23,245.0,8.277,166,318,8.277,2024-06-05 11:16:24
255.60000000000002,100,7740.34,255.60000000000002,9.113,165,280,9.113,2024-06-05 11:16:25
251.39999999999998,94,7749.75,251.39999999999998,9.412,155,278,9.412,2024-06-05 11:16:26
251.60000000000002,91,7759.56,251.60000000000002,9.812,165,282,9.812,2024-06-05 11:16:27
250.79999999999995,100,7767.94,250.79999999999995,8.375,155,260,8.375,2024-06-05 11:16:28
247.20000000000005,90,7776.83,247.20000000000005,8.892,169,275,8.892,2024-06-05 11:16:29
246.60000000000002,94,7784.63,246.60000000000002,7.799,164,316,7.799,2024-06-05 11:16:30
251.39999999999998,91,7792.93,251.39999999999998,8.304,161,277,8.304,2024-06-05 11:16:31
250.20000000000005,94,7802.24,250.20000000000005,9.303,153,279,9.303,2024-06-05 11:16:32
251.79999999999995,91,7813.12,251.79999999999995,10.886,151,261,10.886,2024-06-05 11:16:33
251.79999999999995,97,7823.43,251.79999999999995,10.302,161,297,10.302,2024-06-05 11:16:34
249.0,81,7833.25,249.0,9.827,170,279,9.827,2024-06-05 11:16:35
250.60000000000002,102,7843.62,250.60000000000002,10.366,166,280,10.366,2024-06-05 11:16:36
249.20000000000005,89,7852.88,249.20000000000005,9.262,156,302,9.262,2024-06-05 11:16:37
245.60000000000002,95,7863.21,245.60000000000002,10.328,152,276,10.328,2024-06-05 11:16:38
251.39999999999998,88,7873.7,251.39999999999998,10.488,160,282,10.488,2024-06-05 11:16:39
249.20000000000005,94,7882.03,249.20000000000005,8.338,165,251,8.338,2024-06-05 11:16:40
247.0,87,7891.88,247.0,9.842,165,292,9.842,2024-06-05 11:16:41
248.20000000000005,95,7901.17,248.20000000000005,9.297,156,273,9.297,2024-06-05 11:16:42
249.79999999999995,94,7911.36,249.79999999999995,10.184,160,283,10.184,2024-06-05 11:16:43
247.79999999999995,80,7918.72,247.79999999999995,7.359,162,286,7.359,2024-06-05 11:16:44
251.0,84,7926.4,251.0,7.687,155,231,7.687,2024-06-05 11:16:45
249.60000000000002,92,7936.62,249.60000000000002,10.212,163,311,10.212,2024-06-05 11:16:46
249.20000000000005,98,7947.18,249.20000000000005,10.563,167,314,10.563,2024-06-05 11:16:47
252.0,91,7957.24,252.0,10.056,170,250,10.056,2024-06-05 11:16:48
250.79999999999995,96,7966.12,250.79999999999995,8.88,154,262,8.88,2024-06-05 11:16:49
247.60000000000002,92,7975.56,247.60000000000002,9.441,161,289,9.441,2024-06-05 11:16:50
250.79999999999995,92,7985.42,250.79999999999995,9.863,159,317,9.863,2024-06-05 11:16:51
249.0,89,7993.76,249.0,8.337,164,241,8.337,2024-06-05 11:16:52
248.79999999999995,90,8001.94,248.79999999999995,8.188,164,243,8.188,2024-06-05 11:16:53
250.20000000000005,92,8012.16,250.20000000000005,10.216,150,261,10.216,2024-06-05 11:16:54
248.79999999999995,95,8021.22,248.79999999999995,9.057,161,241,9.057,2024-06-05 11:16:55
254.20000000000005,93,8030.61,254.20000000000005,9.395,160,263,9.395,2024-06-05 11:16:56
251.20000000000005,87,8040.46,251.20000000000005,9.849,159,303,9.849,2024-06-05 11:16:57
248.79999999999995,93,8048.02,248.79999999999995,7.553,152,298,7.553,2024-06-05 11:16:58
249.20000000000005,89,8059.21,249.20000000000005,11.195,164,266,11.195,2024-06-05 11:16:59
252.20000000000005,100,8068.73,252.20000000000005,9.522,163,285,9.522,2024-06-05 11:17:00
247.60000000000002,83,8074.28,247.60000000000002,5.551,123,143,5.551,2024-06-05 11:17:01
251.39999999999998,71,8079.17,251.39999999999998,4.89,126,164,4.89,2024-06-05 11:17:02
248.0,75,8085.1,248.0,5.924,118,134,5.924,2024-06-05 11:17:03
252.20000000000005,83,8091.7,252.20000000000005,6.604,121,185,6.604,2024-06-05 11:17:04
249.0,70,8098.73,249.0,7.027,122,160,7.027,2024-06-05 11:17:05
252.39999999999998,76,8105.3,252.39999999999998,6.567,125,142,6.567,2024-06-05 11:17:06
250.20000000000005,81,8111.92,250.20000000000005,6.629,120,134,6.629,2024-06-05 11:17:07
249.39999999999998,75,8117.48,249.39999999999998,5.555,119,153,5.555,2024-06-05 11:17:08
249.60000000000002,82,8123.33,249.60000000000002,5.849,127,190,5.849,2024-06-05 11:17:09
251.60000000000002,78,8128.71,251.60000000000002,5.378,116,179,5.378,2024-06-05 11:17:10
252.0,86,8135.42,252.0,6.713,126,148,6.713,2024-06-05 11:17:11
250.60000000000002,85,8141.92,250.60000000000002,6.498,113,159,6.498,2024-06-05 11:17:12
249.60000000000002,70,8149.39,249.60000000000002,7.469,120,148,7.469,2024-06-05 11:17:13
250.39999999999998,75,8154.35,250.39999999999998,4.966,116,169,4.966,2024-06-05 11:17:14
246.79999999999995,79,8159.65,246.79999999999995,5.301,127,153,5.301,2024-06-05 11:17:15
256.20000000000005,85,8166.93,256.20000000000005,7.279,110,123,7.279,2024-06-05 11:17:16
251.20000000000005,87,8172.63,251.20000000000005,5.699,117,183,5.699,2024-06-05 11:17:17
249.60000000000002,82,8180.65,249.60000000000002,8.021,119,137,8.021,2024-06-05 11:17:18
248.39999999999998,83,8187.79,248.39999999999998,7.136,127,135,7.136,2024-06-05 11:17:19
252.20000000000005,77,8195.3,252.20000000000005,7.507,125,174,7.507,2024-06-05 11:17:20
250.20000000000005,79,8200.63,250.20000000000005,5.338,128,143,5.338,2024-06-05 11:17:21
248.79999999999995,76,8205.51,248.79999999999995,4.873,115,153,4.873,2024-06-05 11:17:22
249.20000000000005,77,8213.26,249.20000000000005,7.757,120,151,7.757,2024-06-05 11:17:23
251.39999999999998,73,8218.12,251.39999999999998,4.853,115,203,4.853,2024-06-05 11:17:24
248.0,84,8222.58,248.0,4.465,118,155,4.465,2024-06-05 11:17:25
248.39999999999998,77,8227.52,248.39999999999998,4.932,120,146,4.932,2024-06-05 11:17:26
251.39999999999998,83,8234.55,251.39999999999998,7.035,116,153,7.035,2024-06-05 11:17:27
251.79999999999995,88,8240.94,251.79999999999995,6.385,114,173,6.385,2024-06-05 11:17:28
246.79999999999995,81,8246.26,246.79999999999995,5.326,115,146,5.326,2024-06-05 11:17:29
249.0,77,8252.34,249.0,6.08,122,158,6.08,2024-06-05 11:17:30
249.39999999999998,78,8256.91,249.39999999999998,4.566,118,137,4.566,2024-06-05 11:17:31
249.79999999999995,78,8263.09,249.79999999999995,6.181,125,173,6.181,2024-06-05 11:17:32
250.39999999999998,70,8269.74,250.39999999999998,6.656,123,148,6.656,2024-06-05 11:17:33
248.79999999999995,83,8275.44,248.79999999999995,5.692,129,161,5.692,2024-06-05 11:17:34
249.0,75,8282.17,249.0,6.728,115,135,6.728,2024-06-05 11:17:35
248.0,84,8288.69,248.0,6.522,111,164,6.522,2024-06-05 11:17:36
251.20000000000005,81,8294.78,251.20000000000005,6.092,121,169,6.092,2024-06-05 11:17:37
249.20000000000005,78,8301.87,249.20000000000005,7.089,126,143,7.089,2024-06-05 11:17:38
250.79999999999995,74,8306.18,250.79999999999995,4.315,116,160,4.315,2024-06-05 11:17:39
247.20000000000005,80,8311.76,247.20000000000005,5.573,124,150,5.573,2024-06-05 11:17:40
249.79999999999995,71,8318.8,249.79999999999995,7.046,119,131,7.046,2024-06-05 11:17:41
250.20000000000005,81,8324.22,250.20000000000005,5.42,119,138,5.42,2024-06-05 11:17:42
254.39999999999998,80,8330.4,254.39999999999998,6.174,119,162,6.174,2024-06-05 11:17:43
251.60000000000002,82,8337.61,251.60000000000002,7.216,119,149,7.216,2024-06-05 11:17:44
250.0,73,8342.78,250.0,5.172,113,150,5.172,2024-06-05 11:17:45
247.79999999999995,84,8348.43,247.79999999999995,5.649,128,151,5.649,2024-06-05 11:17:46
252.60000000000002,76,8353.68,252.60000000000002,5.243,131,104,5.243,2024-06-05 11:17:47
247.60000000000002,73,8361.31,247.60000000000002,7.638,126,176,7.638,2024-06-05 11:17:48
250.79999999999995,85,8366.66,250.79999999999995,5.346,120,97,5.346,2024-06-05 11:17:49
251.0,79,8372.84,251.0,6.178,124,142,6.178,2024-06-05 11:17:50
249.60000000000002,81,8376.25,249.60000000000002,3.412,125,149,3.412,2024-06-05 11:17:51
247.0,73,8380.8,247.0,4.554,126,143,4.554,2024-06-05 11:17:52
250.39999999999998,76,8386.64,250.39999999999998,5.84,119,100,5.84,2024-06-05 11:17:53
249.20000000000005,73,8392.73,249.20000000000005,6.091,123,131,6.091,2024-06-05 11:17:54
250.0,77,8397.08,250.0,4.347,118,149,4.347,2024-06-05 11:17:55
249.39999999999998,78,8402.99,249.39999999999998,5.908,125,161,5.908,2024-06-05 11:17:56
255.20000000000005,73,8407.06,255.20000000000005,4.075,124,147,4.075,2024-06-05 11:17:57
253.79999999999995,74,8412.98,253.79999999999995,5.916,124,185,5.916,2024-06-05 11:17:58
249.39999999999998,83,8419.1,249.39999999999998,6.115,118,131,6.115,2024-06-05 11:17:59
250.79999999999995,83,8425.47,250.79999999999995,6.377,121,171,6.377,2024-06-05 11:18:00
246.79999999999995,71,8431.11,246.79999999999995,5.637,121,134,5.637,2024-06-05 11:18:01
249.60000000000002,64,8437.37,249.60000000000002,6.256,118,114,6.256,2024-06-05 11:18:02
249.20000000000005,80,8443.13,249.20000000000005,5.767,115,130,5.767,2024-06-05 11:18:03
249.0,77,8448.89,249.0,5.753,124,168,5.753,2024-06-05 11:18:04
251.39999999999998,84,8453.32,251.39999999999998,4.438,119,146,4.438,2024-06-05 11:18:05
248.20000000000005,75,8460.19,248.20000000000005,6.865,123,185,6.865,2024-06-05 11:18:06
248.39999999999998,84,8465.94,248.39999999999998,5.749,120,143,5.749,2024-06-05 11:18:07
253.39999999999998,82,8471.21,253.39999999999998,5.269,125,138,5.269,2024-06-05 11:18:08
250.0,74,8477.62,250.0,6.415,126,142,6.415,2024-06-05 11:18:09
247.60000000000002,77,8483.76,247.60000000000002,6.14,120,104,6.14,2024-06-05 11:18:10
249.0,79,8489.11,249.0,5.345,119,159,5.345,2024-06-05 11:18:11
250.39999999999998,81,8493.66,250.39999999999998,4.551,120,119,4.551,2024-06-05 11:18:12
247.20000000000005,80,8499.47,247.20000000000005,5.813,125,151,5.813,2024-06-05 11:18:13
247.39999999999998,68,8506.87,247.39999999999998,7.398,129,139,7.398,2024-06-05 11:18:14
250.39999999999998,81,8513.12,250.39999999999998,6.252,120,125,6.252,2024-06-05 11:18:15
249.60000000000002,76,8517.24,249.60000000000002,4.116,113,137,4.116,2024-06-05 11:18:16
252.39999999999998,80,8522.77,252.39999999999998,5.532,115,149,5.532,2024-06-05 11:18:17
249.79999999999995,80,8528.85,249.79999999999995,6.084,120,148,6.084,2024-06-05 11:18:18
251.79999999999995,82,8533.58,251.79999999999995,4.73,117,147,4.73,2024-06-05 11:18:19
250.20000000000005,83,8538.2,250.20000000000005,4.616,118,142,4.616,2024-06-05 11:18:20
250.39999999999998,84,8543.37,250.39999999999998,5.173,119,130,5.173,2024-06-05 11:18:21
248.60000000000002,81,8548.23,248.60000000000002,4.856,119,179,4.856,2024-06-05 11:18:22
248.39999999999998,80,8555.03,248.39999999999998,6.802,126,149,6.802,2024-06-05 11:18:23
250.79999999999995,75,8560.49,250.79999999999995,5.459,121,181,5.459,2024-06-05 11:18:24
251.39999999999998,84,8565.46,251.39999999999998,4.969,120,153,4.969,2024-06-05 11:18:25
249.39999999999998,79,8570.09,249.39999999999998,4.63,123,162,4.63,2024-06-05 11:18:26
248.39999999999998,76,8576.06,248.39999999999998,5.978,127,164,5.978,2024-06-05 11:18:27
248.60000000000002,74,8583.6,248.60000000000002,7.538,124,142,7.538,2024-06-05 11:18:28
249.60000000000002,78,8590.85,249.60000000000002,7.248,112,162,7.248,2024-06-05 11:18:29
249.39999999999998,73,8598.37,249.39999999999998,7.521,120,170,7.521,2024-06-05 11:18:30
252.20000000000005,80,8604.52,252.20000000000005,6.145,121,161,6.145,2024-06-05 11:18:31
248.60000000000002,84,8609.12,248.60000000000002,4.6,121,152,4.6,2024-06-05 11:18:32
247.79999999999995,83,8613.65,247.79999999999995,4.533,127,172,4.533,2024-06-05 11:18:33
248.20000000000005,76,8619.53,248.20000000000005,5.879,114,117,5.879,2024-06-05 11:18:34
249.0,83,8624.99,249.0,5.462,122,137,5.462,2024-06-05 11:18:35
249.79999999999995,70,8630.76,249.79999999999995,5.775,115,170,5.775,2024-06-05 11:18:36
246.79999999999995,74,8636.92,246.79999999999995,6.159,110,194,6.159,2024-06-05 11:18:37
250.0,81,8642.3,250.0,5.374,129,147,5.374,2024-06-05 11:18:38
251.0,80,8648.14,251.0,5.845,121,149,5.845,2024-06-05 11:18:39
251.0,86,8653.07,251.0,4.926,123,130,4.926,2024-06-05 11:18:40
249.0,78,8659.38,249.0,6.308,130,171,6.308,2024-06-05 11:18:41
248.60000000000002,79,8666.04,248.60000000000002,6.667,116,157,6.667,2024-06-05 11:18:42
249.39999999999998,74,8671.9,249.39999999999998,5.855,124,161,5.855,2024-06-05 11:18:43
247.79999999999995,80,8678.6,247.79999999999995,6.703,116,160,6.703,2024-06-05 11:18:44
250.0,76,8683.8,250.0,5.196,108,155,5.196,2024-06-05 11:18:45
251.79999999999995,75,8689.47,251.79999999999995,5.668,119,146,5.668,2024-06-05 11:18:46
248.79999999999995,86,8693.41,248.79999999999995,3.946,118,164,3.946,2024-06-05 11:18:47
250.39999999999998,78,8699.79,250.39999999999998,6.379,119,160,6.379,2024-06-05 11:18:48
249.39999999999998,80,8706.37,249.39999999999998,6.582,120,151,6.582,2024-06-05 11:18:49
248.20000000000005,79,8712.42,248.20000000000005,6.046,118,174,6.046,2024-06-05 11:18:50
252.20000000000005,80,8719.07,252.20000000000005,6.654,113,135,6.654,2024-06-05 11:18:51
251.20000000000005,77,8725.78,251.20000000000005,6.707,119,146,6.707,2024-06-05 11:18:52
250.60000000000002,76,8732.91,250.60000000000002,7.132,114,164,7.132,2024-06-05 11:18:53
250.79999999999995,84,8739.51,250.79999999999995,6.6,129,174,6.6,2024-06-05 11:18:54
250.79999999999995,92,8747.08,250.79999999999995,7.564,114,113,7.564,2024-06-05 11:18:55
251.39999999999998,77,8752.34,251.39999999999998,5.269,126,145,5.269,2024-06-05 11:18:56
250.79999999999995,70,8758.8,250.79999999999995,6.456,119,149,6.456,2024-06-05 11:18:57
246.0,74,8765.17,246.0,6.367,124,147,6.367,2024-06-05 11:18:58
248.79999999999995,80,8771.39,248.79999999999995,6.221,116,156,6.221,2024-06-05 11:18:59
249.39999999999998,81,8778.45,249.39999999999998,7.061,114,165,7.061,2024-06-05 11:19:00
248.39999999999998,78,8784.81,248.39999999999998,6.364,118,168,6.364,2024-06-05 11:19:01
251.20000000000005,92,8790.11,251.20000000000005,5.295,126,182,5.295,2024-06-05 11:19:02
248.20000000000005,77,8794.76,248.20000000000005,4.65,125,125,4.65,2024-06-05 11:19:03
251.20000000000005,78,8801.7,251.20000000000005,6.947,117,179,6.947,2024-06-05 11:19:04
252.60000000000002,81,8806.75,252.60000000000002,5.048,119,137,5.048,2024-06-05 11:19:05
249.20000000000005,79,8811.74,249.20000000000005,4.99,121,144,4.99,2024-06-05 11:19:06
250.0,79,8816.96,250.0,5.217,108,152,5.217,2024-06-05 11:19:07
250.79999999999995,74,8822.47,250.79999999999995,5.515,119,151,5.515,2024-06-05 11:19:08
249.20000000000005,79,8828.07,249.20000000000005,5.591,117,152,5.591,2024-06-05 11:19:09
250.60000000000002,75,8834.39,250.60000000000002,6.321,120,124,6.321,2024-06-05 11:19:10
250.39999999999998,79,8840.73,250.39999999999998,6.342,113,177,6.342,2024-06-05 11:19:11
250.60000000000002,79,8846.54,250.60000000000002,5.809,117,153,5.809,2024-06-05 11:19:12
253.79999999999995,89,8851.67,253.79999999999995,5.138,128,154,5.138,2024-06-05 11:19:13
247.20000000000005,83,8856.87,247.20000000000005,5.2,116,121,5.2,2024-06-05 11:19:14
249.60000000000002,77,8862.94,249.60000000000002,6.069,116,165,6.069,2024-06-05 11:19:15
250.0,87,8867.99,250.0,5.042,120,171,5.042,2024-06-05 11:19:16
250.0,78,8873.19,250.0,5.207,121,164,5.207,2024-06-05 11:19:17
251.79999999999995,85,8879.12,251.79999999999995,5.925,123,154,5.925,2024-06-05 11:19:18
253.79999999999995,77,8885.5,253.79999999999995,6.38,109,133,6.38,2024-06-05 11:19:19
250.39999999999998,76,8890.0,250.39999999999998,4.501,114,153,4.501,2024-06-05 11:19:20
249.20000000000005,80,8896.02,249.20000000000005,6.017,116,161,6.017,2024-06-05 11:19:21
251.79999999999995,77,8901.8,251.79999999999995,5.781,122,147,5.781,2024-06-05 11:19:22
251.39999999999998,74,8907.06,251.39999999999998,5.267,110,197,5.267,2024-06-05 11:19:23
253.39999999999998,83,8912.06,253.39999999999998,5.001,121,148,5.001,2024-06-05 11:19:24
248.20000000000005,83,8919.01,248.20000000000005,6.948,115,139,6.948,2024-06-05 11:19:25
247.39999999999998,73,8925.77,247.39999999999998,6.754,115,172,6.754,2024-06-05 11:19:26
250.79999999999995,79,8934.72,250.79999999999995,8.952,120,137,8.952,2024-06-05 11:19:27
249.79999999999995,78,8940.99,249.79999999999995,6.266,119,144,6.266,2024-06-05 11:19:28
250.39999999999998,79,8948.98,250.39999999999998,7.995,123,146,7.995,2024-06-05 11:19:29
251.39999999999998,78,8954.86,251.39999999999998,5.881,114,129,5.881,2024-06-05 11:19:30
252.0,90,8963.22,252.0,8.36,165,240,8.36,2024-06-05 11:19:31
254.39999999999998,90,8970.19,254.39999999999998,6.973,162,278,6.973,2024-06-05 11:19:32
253.20000000000005,94,8979.32,253.20000000000005,9.127,162,303,9.127,2024-06-05 11:19:33
250.79999999999995,97,8985.71,250.79999999999995,6.386,162,253,6.386,2024-06-05 11:19:34
250.39999999999998,96,8996.57,250.39999999999998,10.864,157,306,10.864,2024-06-05 11:19:35
249.79999999999995,98,9005.89,249.79999999999995,9.323,159,296,9.323,2024-06-05 11:19:36
245.0,90,9014.49,245.0,8.602,164,279,8.602,2024-06-05 11:19:37
251.39999999999998,92,9023.63,251.39999999999998,9.14,160,275,9.14,2024-06-05 11:19:38
253.0,98,9031.58,253.0,7.944,160,283,7.944,2024-06-05 11:19:39
247.0,97,9040.19,247.0,8.615,157,316,8.615,2024-06-05 11:19:40
252.0,98,9051.66,252.0,11.463,162,274,11.463,2024-06-05 11:19:41
247.79999999999995,92,9060.84,247.79999999999995,9.184,166,255,9.184,2024-06-05 11:19:42
249.39999999999998,92,9071.41,249.39999999999998,10.57,161,281,10.57,2024-06-05 11:19:43
246.79999999999995,101,9079.59,246.79999999999995,8.181,159,291,8.181,2024-06-05 11:19:44
250.60000000000002,108,9088.23,250.60000000000002,8.639,159,267,8.639,2024-06-05 11:19:45
253.39999999999998,86,9096.55,253.39999999999998,8.322,159,260,8.322,2024-06-05 11:19:46
248.20000000000005,85,9104.65,248.20000000000005,8.102,148,246,8.102,2024-06-05 11:19:47
247.79999999999995,92,9114.43,247.79999999999995,9.776,153,243,9.776,2024-06-05 11:19:48
249.20000000000005,85,9122.63,249.20000000000005,8.205,165,303,8.205,2024-06-05 11:19:49
247.60000000000002,93,9131.13,247.60000000000002,8.496,157,278,8.496,2024-06-05 11:19:50
246.0,87,9140.45,246.0,9.318,155,258,9.318,2024-06-05 11:19:51
249.20000000000005,106,9149.23,249.20000000000005,8.783,158,296,8.783,2024-06-05 11:19:52
253.60000000000002,91,9159.69,253.60000000000002,10.462,157,295,10.462,2024-06-05 11:19:53
252.60000000000002,86,9170.64,252.60000000000002,10.946,167,295,10.946,2024-06-05 11:19:54
246.0,93,9179.03,246.0,8.387,157,306,8.387,2024-06-05 11:19:55
251.39999999999998,91,9189.1,251.39999999999998,10.07,162,276,10.07,2024-06-05 11:19:56
248.79999999999995,92,9198.01,248.79999999999995,8.911,163,280,8.911,2024-06-05 11:19:57
250.20000000000005,95,9206.26,250.20000000000005,8.255,159,278,8.255,2024-06-05 11:19:58
250.0,95,9214.9,250.0,8.641,158,293,8.641,2024-06-05 11:19:59
249.0,96,9224.31,249.0,9.404,164,306,9.404,2024-06-05 11:20:00
250.20000000000005,96,9233.19,250.20000000000005,8.878,158,291,8.878,2024-06-05 11:20:01
247.20000000000005,98,9242.13,247.20000000000005,8.946,165,245,8.946,2024-06-05 11:20:02
249.79999999999995,96,9251.6,249.79999999999995,9.467,157,259,9.467,2024-06-05 11:20:03
256.0,89,9259.47,256.0,7.867,156,293,7.867,2024-06-05 11:20:04
247.20000000000005,103,9268.53,247.20000000000005,9.065,152,289,9.065,2024-06-05 11:20:05
251.20000000000005,89,9275.69,251.20000000000005,7.155,155,288,7.155,2024-06-05 11:20:06
253.39999999999998,96,9283.72,253.39999999999998,8.031,159,328,8.031,2024-06-05 11:20:07
250.20000000000005,87,9292.03,250.20000000000005,8.311,163,241,8.311,2024-06-05 11:20:08
251.60000000000002,91,9301.53,251.60000000000002,9.503,163,283,9.503,2024-06-05 11:20:09
249.20000000000005,88,9311.56,249.20000000000005,10.027,158,280,10.027,2024-06-05 11:20:10
251.20000000000005,88,9321.01,251.20000000000005,9.451,161,271,9.451,2024-06-05 11:20:11
249.79999999999995,99,9330.73,249.79999999999995,9.724,159,302,9.724,2024-06-05 11:20:12
250.79999999999995,101,9339.41,250.79999999999995,8.68,164,255,8.68,2024-06-05 11:20:13
247.39999999999998,87,9348.32,247.39999999999998,8.904,160,287,8.904,2024-06-05 11:20:14
247.39999999999998,99,9356.56,247.39999999999998,8.242,154,273,8.242,2024-06-05 11:20:15
249.0,92,9366.0,249.0,9.438,163,265,9.438,2024-06-05 11:20:16
252.20000000000005,89,9373.24,252.20000000000005,7.242,160,275,7.242,2024-06-05 11:20:17
249.0,102,9384.04,249.0,10.802,157,274,10.802,2024-06-05 11:20:18
252.79999999999995,92,9393.74,252.79999999999995,9.699,157,268,9.699,2024-06-05 11:20:19
247.20000000000005,93,9402.68,247.20000000000005,8.934,156,286,8.934,2024-06-05 11:20:20
249.0,94,9409.57,249.0,6.893,156,283,6.893,2024-06-05 11:20:21
252.39999999999998,80,9417.71,252.39999999999998,8.143,166,277,8.143,2024-06-05 11:20:22
253.39999999999998,93,9424.53,253.39999999999998,6.823,153,298,6.823,2024-06-05 11:20:23
247.79999999999995,93,9433.27,247.79999999999995,8.734,161,288,8.734,2024-06-05 11:20:24
248.0,88,9443.61,248.0,10.34,156,240,10.34,2024-06-05 11:20:25
255.79999999999995,94,9451.34,255.79999999999995,7.728,155,276,7.728,2024-06-05 11:20:26
249.0,92,9459.2,249.0,7.866,159,274,7.866,2024-06-05 11:20:27
250.60000000000002,94,9466.67,250.60000000000002,7.469,167,267,7.469,2024-06-05 11:20:28
249.79999999999995,88,9475.3,249.79999999999995,8.626,161,310,8.626,2024-06-05 11:20:29
250.39999999999998,97,9484.17,250.39999999999998,8.876,155,289,8.876,2024-06-05 11:20:30
249.79999999999995,101,9492.13,249.79999999999995,7.959,172,270,7.959,2024-06-05 11:20:31
248.39999999999998,93,9501.16,248.39999999999998,9.024,158,248,9.024,2024-06-05 11:20:32
247.39999999999998,104,9510.33,247.39999999999998,9.174,159,285,9.174,2024-06-05 11:20:33
246.60000000000002,88,9517.44,246.60000000000002,7.106,158,268,7.106,2024-06-05 11:20:34
252.0,99,9525.85,252.0,8.412,159,281,8.412,2024-06-05 11:20:35
251.60000000000002,100,9534.69,251.60000000000002,8.847,157,297,8.847,2024-06-05 11:20:36
250.79999999999995,98,9544.02,250.79999999999995,9.326,155,288,9.326,2024-06-05 11:20:37
248.79999999999995,97,9553.78,248.79999999999995,9.761,158,259,9.761,2024-06-05 11:20:38
251.60000000000002,97,9562.94,251.60000000000002,9.159,147,263,9.159,2024-06-05 11:20:39
251.0,101,9571.6,251.0,8.657,157,262,8.657,2024-06-05 11:20:40
250.0,83,9581.75,250.0,10.153,147,314,10.153,2024-06-05 11:20:41
248.39999999999998,97,9591.92,248.39999999999998,10.17,162,292,10.17,2024-06-05 11:20:42
247.20000000000005,94,9599.95,247.20000000000005,8.027,165,277,8.027,2024-06-05 11:20:43
251.79999999999995,100,9609.06,251.79999999999995,9.116,166,270,9.116,2024-06-05 11:20:44
248.39999999999998,100,9620.77,248.39999999999998,11.703,152,289,11.703,2024-06-05 11:20:45
251.60000000000002,98,9630.38,251.60000000000002,9.612,154,294,9.612,2024-06-05 11:20:46
252.20000000000005,99,9639.74,252.20000000000005,9.361,161,290,9.361,2024-06-05 11:20:47
253.20000000000005,89,9649.59,253.20000000000005,9.85,156,259,9.85,2024-06-05 11:20:48
250.79999999999995,94,9657.92,250.79999999999995,8.336,155,241,8.336,2024-06-05 11:20:49
249.20000000000005,99,9666.31,249.20000000000005,8.387,170,270,8.387,2024-06-05 11:20:50
249.39999999999998,96,9672.87,249.39999999999998,6.553,162,287,6.553,2024-06-05 11:20:51
252.60000000000002,99,9681.5,252.60000000000002,8.639,165,246,8.639,2024-06-05 11:20:52
251.20000000000005,90,9689.74,251.20000000000005,8.235,162,310,8.235,2024-06-05 11:20:53
250.60000000000002,92,9698.96,250.60000000000002,9.217,164,273,9.217,2024-06-05 11:20:54
253.79999999999995,94,9706.81,253.79999999999995,7.851,163,274,7.851,2024-06-05 11:20:55
250.0,85,9715.46,250.0,8.651,146,254,8.651,2024-06-05 11:20:56
250.20000000000005,103,9724.28,250.20000000000005,8.826,159,322,8.826,2024-06-05 11:20:57
250.60000000000002,95,9731.32,250.60000000000002,7.031,156,257,7.031,2024-06-05 11:20:58
249.0,86,9739.89,249.0,8.576,165,260,8.576,2024-06-05 11:20:59
249.0,89,9748.52,249.0,8.63,157,310,8.63,2024-06-05 11:21:00
252.79999999999995,99,9758.72,252.79999999999995,10.197,168,301,10.197,2024-06-05 11:21:01
251.0,104,9766.8,251.0,8.085,169,319,8.085,2024-06-05 11:21:02
248.60000000000002,93,9774.72,248.60000000000002,7.922,161,300,7.922,2024-06-05 11:21:03
248.0,91,9784.43,248.0,9.702,164,276,9.702,2024-06-05 11:21:04
252.39999999999998,91,9794.47,252.39999999999998,10.043,157,275,10.043,2024-06-05 11:21:05
250.39999999999998,92,9801.75,250.39999999999998,7.282,155,305,7.282,2024-06-05 11:21:06
253.60000000000002,92,9810.73,253.60000000000002,8.978,153,271,8.978,2024-06-05 11:21:07
250.39999999999998,103,9820.87,250.39999999999998,10.14,155,284,10.14,2024-06-05 11:21:08
249.60000000000002,97,9829.59,249.60000000000002,8.721,152,273,8.721,2024-06-05 11:21:09
248.39999999999998,96,9839.67,248.39999999999998,10.075,167,270,10.075,2024-06-05 11:21:10
252.39999999999998,96,9849.08,252.39999999999998,9.412,157,308,9.412,2024-06-05 11:21:11
248.79999999999995,100,9858.56,248.79999999999995,9.479,164,289,9.479,2024-06-05 11:21:12
251.79999999999995,90,9868.2,251.79999999999995,9.644,157,273,9.644,2024-06-05 11:21:13
253.0,84,9877.89,253.0,9.689,153,319,9.689,2024-06-05 11:21:14
251.0,100,9884.64,251.0,6.753,154,295,6.753,2024-06-05 11:21:15
251.0,98,9893.95,251.0,9.308,157,265,9.308,2024-06-05 11:21:16
251.60000000000002,93,9903.84,251.60000000000002,9.893,153,256,9.893,2024-06-05 11:21:17
248.79999999999995,94,9912.78,248.79999999999995,8.934,152,278,8.934,2024-06-05 11:21:18
250.39999999999998,94,9922.66,250.39999999999998,9.886,152,275,9.886,2024-06-05 11:21:19
246.79999999999995,97,9932.04,246.79999999999995,9.379,155,303,9.379,2024-06-05 11:21:20
250.20000000000005,100,9942.56,250.20000000000005,10.516,159,254,10.516,2024-06-05 11:21:21
250.20000000000005,93,9950.43,250.20000000000005,7.873,160,265,7.873,2024-06-05 11:21:22
250.39999999999998,97,9960.3,250.39999999999998,9.87,155,246,9.87,2024-06-05 11:21:23
247.79999999999995,100,9969.67,247.79999999999995,9.37,160,260,9.37,2024-06-05 11:21:24
250.20000000000005,94,9978.37,250.20000000000005,8.701,156,310,8.701,2024-06-05 11:21:25
252.60000000000002,91,9986.79,252.60000000000002,8.414,162,255,8.414,2024-06-05 11:21:26
251.79999999999995,92,9995.72,251.79999999999995,8.938,157,294,8.938,2024-06-05 11:21:27
248.79999999999995,100,10004.77,248.79999999999995,9.042,158,255,9.042,2024-06-05 11:21:28
252.79999999999995,93,10013.51,252.79999999999995,8.746,169,271,8.746,2024-06-05 11:21:29
244.79999999999995,94,10023.97,244.79999999999995,10.456,162,285,10.456,2024-06-05 11:21:30
249.39999999999998,90,10033.07,249.39999999999998,9.099,155,263,9.099,2024-06-05 11:21:31
249.79999999999995,92,10041.18,249.79999999999995,8.11,159,270,8.11,2024-06-05 11:21:32
250.0,94,10048.76,250.0,7.583,160,276,7.583,2024-06-05 11:21:33
249.79999999999995,103,10058.89,249.79999999999995,10.132,166,300,10.132,2024-06-05 11:21:34
248.79999999999995,105,10068.5,248.79999999999995,9.608,169,266,9.608,2024-06-05 11:21:35
249.60000000000002,94,10078.2,249.60000000000002,9.703,152,305,9.703,2024-06-05 11:21:36
245.39999999999998,96,10088.86,245.39999999999998,10.657,157,263,10.657,2024-06-05 11:21:37
252.0,97,10098.21,252.0,9.35,157,313,9.35,2024-06-05 11:21:38
251.0,88,10108.64,251.0,10.433,173,265,10.433,2024-06-05 11:21:39
250.60000000000002,94,10117.64,250.60000000000002,8.993,162,288,8.993,2024-06-05 11:21:40
248.39999999999998,92,10123.94,248.39999999999998,6.304,155,278,6.304,2024-06-05 11:21:41
244.20000000000005,94,10131.97,244.20000000000005,8.032,166,253,8.032,2024-06-05 11:21:42
250.39999999999998,94,10141.35,250.39999999999998,9.378,163,290,9.378,2024-06-05 11:21:43
251.39999999999998,93,10150.85,251.39999999999998,9.501,160,279,9.501,2024-06-05 11:21:44
248.60000000000002,96,10161.17,248.60000000000002,10.316,162,302,10.316,2024-06-05 11:21:45
248.20000000000005,88,10171.24,248.20000000000005,10.069,152,310,10.069,2024-06-05 11:21:46
249.39999999999998,91,10180.51,249.39999999999998,9.274,158,259,9.274,2024-06-05 11:21:47
251.0,93,10189.36,251.0,8.852,156,254,8.852,2024-06-05 11:21:48
254.20000000000005,99,10200.43,254.20000000000005,11.065,161,266,11.065,2024-06-05 11:21:49
249.0,89,10210.88,249.0,10.455,161,309,10.455,2024-06-05 11:21:50
251.60000000000002,100,10219.96,251.60000000000002,9.081,170,260,9.081,2024-06-05 11:21:51
249.79999999999995,90,10229.5,249.79999999999995,9.532,172,304,9.532,2024-06-05 11:21:52
247.20000000000005,95,10238.45,247.20000000000005,8.958,160,311,8.958,2024-06-05 11:21:53
244.39999999999998,96,10247.47,244.39999999999998,9.017,164,296,9.017,2024-06-05 11:21:54
249.20000000000005,92,10256.15,249.20000000000005,8.677,160,279,8.677,2024-06-05 11:21:55
249.79999999999995,93,10264.95,249.79999999999995,8.809,158,269,8.809,2024-06-05 11:21:56
249.39999999999998,88,10273.89,249.39999999999998,8.931,160,312,8.931,2024-06-05 11:21:57
250.0,91,10284.63,250.0,10.747,156,258,10.747,2024-06-05 11:21:58
251.60000000000002,99,10293.89,251.60000000000002,9.26,156,264,9.26,2024-06-05 11:21:59
249.0,98,10304.21,249.0,10.317,165,308,10.317,2024-06-05 11:22:00
250.39999999999998,78,10312.05,250.39999999999998,7.843,122,188,7.843,2024-06-05 11:22:01
252.39999999999998,79,10318.85,252.39999999999998,6.796,121,132,6.796,2024-06-05 11:22:02
253.20000000000005,85,10324.69,253.20000000000005,5.836,114,145,5.836,2024-06-05 11:22:03
246.20000000000005,83,10329.75,246.20000000000005,5.065,116,171,5.065,2024-06-05 11:22:04
250.79999999999995,79,10336.69,250.79999999999995,6.936,128,179,6.936,2024-06-05 11:22:05
248.0,72,10341.53,248.0,4.844,118,148,4.844,2024-06-05 11:22:06
250.79999999999995,80,10346.24,250.79999999999995,4.708,112,123,4.708,2024-06-05 11:22:07
246.60000000000002,78,10351.84,246.60000000000002,5.605,117,105,5.605,2024-06-05 11:22:08
248.20000000000005,85,10358.69,248.20000000000005,6.845,116,127,6.845,2024-06-05 11:22:09
253.20000000000005,79,10363.49,253.20000000000005,4.803,118,129,4.803,2024-06-05 11:22:10
249.60000000000002,83,10370.29,249.60000000000002,6.797,119,161,6.797,2024-06-05 11:22:11
248.0,85,10375.5,248.0,5.21,118,161,5.21,2024-06-05 11:22:12
252.79999999999995,77,10382.52,252.79999999999995,7.023,119,143,7.023,2024-06-05 11:22:13
250.39999999999998,83,10388.79,250.39999999999998,6.269,119,135,6.269,2024-06-05 11:22:14
250.0,79,10395.36,250.0,6.569,109,160,6.569,2024-06-05 11:22:15
251.79999999999995,85,10401.06,251.79999999999995,5.698,118,121,5.698,2024-06-05 11:22:16
251.79999999999995,78,10406.51,251.79999999999995,5.456,125,163,5.456,2024-06-05 11:22:17
247.79999999999995,73,10412.39,247.79999999999995,5.877,126,142,5.877,2024-06-05 11:22:18
251.60000000000002,73,10418.76,251.60000000000002,6.373,127,145,6.373,2024-06-05 11:22:19
250.20000000000005,76,10424.18,250.20000000000005,5.419,126,125,5.419,2024-06-05 11:22:20
252.39999999999998,80,10430.95,252.39999999999998,6.773,113,169,6.773,2024-06-05 11:22:21
248.79999999999995,85,10438.81,248.79999999999995,7.858,112,113,7.858,2024-06-05 11:22:22
253.20000000000005,86,10444.36,253.20000000000005,5.543,120,170,5.543,2024-06-05 11:22:23
246.79999999999995,79,10451.8,246.79999999999995,7.443,107,156,7.443,2024-06-05 11:22:24
250.0,74,10457.04,250.0,5.237,121,165,5.237,2024-06-05 11:22:25
251.0,84,10463.11,251.0,6.07,120,118,6.07,2024-06-05 11:22:26
249.0,73,10470.38,249.0,7.27,116,171,7.27,2024-06-05 11:22:27
250.20000000000005,75,10476.32,250.20000000000005,5.946,113,124,5.946,2024-06-05 11:22:28
250.20000000000005,74,10481.9,250.20000000000005,5.578,117,139,5.578,2024-06-05 11:22:29
253.20000000000005,77,10487.9,253.20000000000005,6.0,121,122,6.0,2024-06-05 11:22:30
252.0,79,10494.72,252.0,6.823,111,163,6.823,2024-06-05 11:22:31
248.0,90,10500.79,248.0,6.069,116,148,6.069,2024-06-05 11:22:32
249.60000000000002,77,10507.27,249.60000000000002,6.476,115,147,6.476,2024-06-05 11:22:33
251.79999999999995,72,10512.3,251.79999999999995,5.035,123,107,5.035,2024-06-05 11:22:34
249.79999999999995,83,10516.8,249.79999999999995,4.495,129,165,4.495,2024-06-05 11:22:35
249.20000000000005,81,10522.21,249.20000000000005,5.411,109,176,5.411,2024-06-05 11:22:36
248.20000000000005,86,10529.0,248.20000000000005,6.791,119,141,6.791,2024-06-05 11:22:37
247.39999999999998,80,10536.35,247.39999999999998,7.345,125,142,7.345,2024-06-05 11:22:38
247.60000000000002,84,10541.13,247.60000000000002,4.787,120,182,4.787,2024-06-05 11:22:39
247.39999999999998,80,10545.61,247.39999999999998,4.482,114,133,4.482,2024-06-05 11:22:40
251.20000000000005,87,10552.05,251.20000000000005,6.431,125,136,6.431,2024-06-05 11:22:41
250.60000000000002,71,10556.27,250.60000000000002,4.228,107,150,4.228,2024-06-05 11:22:42
246.79999999999995,82,10562.74,246.79999999999995,6.466,120,178,6.466,2024-06-05 11:22:43
251.60000000000002,86,10568.14,251.60000000000002,5.404,107,122,5.404,2024-06-05 11:22:44
243.0,87,10574.29,243.0,6.15,117,103,6.15,2024-06-05 11:22:45
249.0,80,10581.53,249.0,7.233,121,141,7.233,2024-06-05 11:22:46
253.39999999999998,79,10587.74,253.39999999999998,6.21,126,161,6.21,2024-06-05 11:22:47
247.60000000000002,81,10593.9,247.60000000000002,6.167,116,152,6.167,2024-06-05 11:22:48
251.0,77,10599.99,251.0,6.083,115,138,6.083,2024-06-05 11:22:49
251.0,87,10606.75,251.0,6.76,118,148,6.76,2024-06-05 11:22:50
251.79999999999995,85,10613.73,251.79999999999995,6.987,122,161,6.987,2024-06-05 11:22:51
249.39999999999998,77,10619.56,249.39999999999998,5.822,122,160,5.822,2024-06-05 11:22:52
249.39999999999998,75,10624.31,249.39999999999998,4.75,123,155,4.75,2024-06-05 11:22:53
247.0,69,10630.12,247.0,5.817,117,118,5.817,2024-06-05 11:22:54
248.60000000000002,80,10636.72,248.60000000000002,6.6,120,158,6.6,2024-06-05 11:22:55
248.0,80,10642.9,248.0,6.179,125,131,6.179,2024-06-05 11:22:56
250.20000000000005,84,10648.85,250.20000000000005,5.945,121,161,5.945,2024-06-05 11:22:57
251.79999999999995,81,10653.66,251.79999999999995,4.819,114,156,4.819,2024-06-05 11:22:58
249.39999999999998,85,10657.08,249.39999999999998,3.417,124,186,3.417,2024-06-05 11:22:59
249.60000000000002,86,10663.45,249.60000000000002,6.368,120,105,6.368,2024-06-05 11:23:00
251.20000000000005,76,10670.49,251.20000000000005,7.043,118,128,7.043,2024-06-05 11:23:01
249.39999999999998,85,10676.75,249.39999999999998,6.255,119,151,6.255,2024-06-05 11:23:02
252.60000000000002,82,10683.16,252.60000000000002,6.412,122,183,6.412,2024-06-05 11:23:03
246.39999999999998,80,10689.42,246.39999999999998,6.264,112,131,6.264,2024-06-05 11:23:04
248.0,85,10695.06,248.0,5.638,127,174,5.638,2024-06-05 11:23:05
250.20000000000005,76,10702.94,250.20000000000005,7.878,118,167,7.878,2024-06-05 11:23:06
252.39999999999998,79,10709.09,252.39999999999998,6.149,117,153,6.149,2024-06-05 11:23:07
246.20000000000005,73,10714.74,246.20000000000005,5.655,124,133,5.655,2024-06-05 11:23:08
250.60000000000002,81,10721.14,250.60000000000002,6.4,118,143,6.4,2024-06-05 11:23:09
250.0,73,10729.88,250.0,8.738,120,117,8.738,2024-06-05 11:23:10
248.0,83,10736.04,248.0,6.159,112,178,6.159,2024-06-05 11:23:11
251.79999999999995,84,10741.24,251.79999999999995,5.199,120,156,5.199,2024-06-05 11:23:12
246.79999999999995,78,10747.29,246.79999999999995,6.053,126,162,6.053,2024-06-05 11:23:13
252.20000000000005,70,10752.02,252.20000000000005,4.722,122,158,4.722,2024-06-05 11:23:14
250.79999999999995,80,10759.55,250.79999999999995,7.534,115,150,7.534,2024-06-05 11:23:15
252.60000000000002,85,10765.79,252.60000000000002,6.239,110,148,6.239,2024-06-05 11:23:16
249.39999999999998,83,10772.81,249.39999999999998,7.025,122,111,7.025,2024-06-05 11:23:17
246.60000000000002,70,10777.39,246.60000000000002,4.573,119,148,4.573,2024-06-05 11:23:18
253.60000000000002,79,10783.77,253.60000000000002,6.386,114,151,6.386,2024-06-05 11:23:19
249.79999999999995,84,10790.01,249.79999999999995,6.24,123,118,6.24,2024-06-05 11:23:20
251.79999999999995,81,10794.59,251.79999999999995,4.577,115,129,4.577,2024-06-05 11:23:21
251.60000000000002,75,10800.52,251.60000000000002,5.932,120,147,5.932,2024-06-05 11:23:22
250.60000000000002,83,10806.03,250.60000000000002,5.508,125,137,5.508,2024-06-05 11:23:23
249.60000000000002,89,10810.89,249.60000000000002,4.856,127,156,4.856,2024-06-05 11:23:24
250.0,91,10815.33,250.0,4.445,114,155,4.445,2024-06-05 11:23:25
249.60000000000002,74,10819.9,249.60000000000002,4.569,116,139,4.569,2024-06-05 11:23:26
248.39999999999998,75,10824.65,248.39999999999998,4.746,124,136,4.746,2024-06-05 11:23:27
251.0,76,10830.53,251.0,5.888,116,115,5.888,2024-06-05 11:23:28
250.39999999999998,75,10837.3,250.39999999999998,6.768,126,115,6.768,2024-06-05 11:23:29
250.20000000000005,80,10841.42,250.20000000000005,4.115,123,138,4.115,2024-06-05 11:23:30
246.20000000000005,73,10846.72,246.20000000000005,5.302,119,162,5.302,2024-06-05 11:23:31
250.79999999999995,70,10851.46,250.79999999999995,4.743,114,154,4.743,2024-06-05 11:23:32
249.79999999999995,82,10856.11,249.79999999999995,4.647,116,158,4.647,2024-06-05 11:23:33
248.60000000000002,79,10863.94,248.60000000000002,7.834,121,116,7.834,2024-06-05 11:23:34
252.20000000000005,76,10871.54,252.20000000000005,7.592,118,141,7.592,2024-06-05 11:23:35
251.0,73,10877.92,251.0,6.385,123,140,6.385,2024-06-05 11:23:36
249.79999999999995,84,10883.21,249.79999999999995,5.285,116,162,5.285,2024-06-05 11:23:37
255.39999999999998,82,10888.77,255.39999999999998,5.566,124,181,5.566,2024-06-05 11:23:38
251.20000000000005,84,10894.53,251.20000000000005,5.762,117,168,5.762,2024-06-05 11:23:39
250.79999999999995,84,10898.31,250.79999999999995,3.773,127,137,3.773,2024-06-05 11:23:40
248.0,82,10906.07,248.0,7.76,121,147,7.76,2024-06-05 11:23:41
250.20000000000005,74,10911.5,250.20000000000005,5.437,124,138,5.437,2024-06-05 11:23:42
250.39999999999998,82,10916.31,250.39999999999998,4.811,120,146,4.811,2024-06-05 11:23:43
247.60000000000002,86,10922.21,247.60000000000002,5.892,112,143,5.892,2024-06-05 11:23:44
248.60000000000002,77,10928.48,248.60000000000002,6.275,110,135,6.275,2024-06-05 11:23:45
247.0,79,10933.86,247.0,5.379,118,148,5.379,2024-06-05 11:23:46
254.0,83,10938.84,254.0,4.975,120,131,4.975,2024-06-05 11:23:47
252.60000000000002,70,10944.58,252.60000000000002,5.74,125,123,5.74,2024-06-05 11:23:48
248.79999999999995,79,10952.32,248.79999999999995,7.743,118,172,7.743,2024-06-05 11:23:49
249.20000000000005,88,10958.74,249.20000000000005,6.421,118,157,6.421,2024-06-05 11:23:50
251.39999999999998,79,10962.92,251.39999999999998,4.176,117,146,4.176,2024-06-05 11:23:51
250.0,78,10969.96,250.0,7.039,120,129,7.039,2024-06-05 11:23:52
249.60000000000002,82,10974.78,249.60000000000002,4.824,122,127,4.824,2024-06-05 11:23:53
249.0,82,10980.8,249.0,6.021,125,161,6.021,2024-06-05 11:23:54
250.0,87,10986.84,250.0,6.04,124,161,6.04,2024-06-05 11:23:55
251.20000000000005,74,10994.04,251.20000000000005,7.195,119,158,7.195,2024-06-05 11:23:56
247.79999999999995,80,11000.47,247.79999999999995,6.439,120,145,6.439,2024-06-05 11:23:57
250.39999999999998,77,11007.27,250.39999999999998,6.795,118,149,6.795,2024-06-05 11:23:58
250.79999999999995,83,11014.36,250.79999999999995,7.092,122,137,7.092,2024-06-05 11:23:59
245.79999999999995,80,11021.11,245.79999999999995,6.747,125,163,6.747,2024-06-05 11:24:00
248.79999999999995,68,11025.66,248.79999999999995,4.552,129,174,4.552,2024-06-05 11:24:01
252.39999999999998,80,11031.31,252.39999999999998,5.649,117,152,5.649,2024-06-05 11:24:02
250.79999999999995,85,11038.03,250.79999999999995,6.721,130,160,6.721,2024-06-05 11:24:03
250.60000000000002,83,11043.06,250.60000000000002,5.026,130,146,5.026,2024-06-05 11:24:04
249.39999999999998,84,11049.47,249.39999999999998,6.417,116,126,6.417,2024-06-05 11:24:05
253.0,82,11054.47,253.0,5.001,122,128,5.001,2024-06-05 11:24:06
250.39999999999998,75,11061.77,250.39999999999998,7.298,125,166,7.298,2024-06-05 11:24:07
250.20000000000005,83,11067.97,250.20000000000005,6.198,121,152,6.198,2024-06-05 11:24:08
250.39999999999998,75,11073.45,250.39999999999998,5.479,121,108,5.479,2024-06-05 11:24:09
251.0,75,11079.79,251.0,6.337,130,147,6.337,2024-06-05 11:24:10
250.39999999999998,71,11088.37,250.39999999999998,8.581,130,138,8.581,2024-06-05 11:24:11
249.39999999999998,86,11092.72,249.39999999999998,4.35,120,156,4.35,2024-06-05 11:24:12
248.79999999999995,87,11098.12,248.79999999999995,5.403,124,149,5.403,2024-06-05 11:24:13
250.60000000000002,76,11105.86,250.60000000000002,7.736,116,158,7.736,2024-06-05 11:24:14
252.79999999999995,74,11111.43,252.79999999999995,5.57,118,138,5.57,2024-06-05 11:24:15
249.60000000000002,76,11118.52,249.60000000000002,7.09,114,172,7.09,2024-06-05 11:24:16
251.39999999999998,80,11125.69,251.39999999999998,7.173,116,107,7.173,2024-06-05 11:24:17
248.39999999999998,83,11131.07,248.39999999999998,5.377,117,170,5.377,2024-06-05 11:24:18
249.60000000000002,83,11136.12,249.60000000000002,5.058,119,116,5.058,2024-06-05 11:24:19
251.0,87,11142.19,251.0,6.068,125,118,6.068,2024-06-05 11:24:20
251.79999999999995,68,11147.97,251.79999999999995,5.782,119,169,5.782,2024-06-05 11:24:21
248.39999999999998,77,11152.53,248.39999999999998,4.559,131,167,4.559,2024-06-05 11:24:22
246.79999999999995,76,11157.42,246.79999999999995,4.883,119,131,4.883,2024-06-05 11:24:23
249.20000000000005,79,11165.15,249.20000000000005,7.739,122,158,7.739,2024-06-05 11:24:24
247.0,80,11170.59,247.0,5.433,127,152,5.433,2024-06-05 11:24:25
252.20000000000005,67,11175.24,252.20000000000005,4.65,124,163,4.65,2024-06-05 11:24:26
249.60000000000002,74,11179.83,249.60000000000002,4.593,112,164,4.593,2024-06-05 11:24:27
249.60000000000002,84,11185.61,249.60000000000002,5.775,119,185,5.775,2024-06-05 11:24:28
250.79999999999995,81,11193.01,250.79999999999995,7.407,111,147,7.407,2024-06-05 11:24:29
251.20000000000005,77,11198.73,251.20000000000005,5.715,118,139,5.715,2024-06-05 11:24:30
253.20000000000005,84,11208.6,253.20000000000005,9.872,157,273,9.872,2024-06-05 11:24:31
254.39999999999998,96,11216.72,254.39999999999998,8.12,154,259,8.12,2024-06-05 11:24:32
252.20000000000005,94,11224.2,252.20000000000005,7.484,172,282,7.484,2024-06-05 11:24:33
245.0,99,11233.17,245.0,8.962,149,320,8.962,2024-06-05 11:24:34
248.20000000000005,97,11242.99,248.20000000000005,9.82,169,307,9.82,2024-06-05 11:24:35
251.0,98,11250.65,251.0,7.667,159,244,7.667,2024-06-05 11:24:36
250.39999999999998,89,11259.81,250.39999999999998,9.159,160,326,9.159,2024-06-05 11:24:37
248.39999999999998,92,11267.58,248.39999999999998,7.767,162,240,7.767,2024-06-05 11:24:38
249.20000000000005,92,11275.64,249.20000000000005,8.066,163,281,8.066,2024-06-05 11:24:39
249.79999999999995,90,11285.84,249.79999999999995,10.198,165,286,10.198,2024-06-05 11:24:40
247.79999999999995,98,11295.29,247.79999999999995,9.447,156,258,9.447,2024-06-05 11:24:41
251.79999999999995,92,11303.71,251.79999999999995,8.423,159,254,8.423,2024-06-05 11:24:42
252.0,96,11311.8,252.0,8.085,161,314,8.085,2024-06-05 11:24:43
249.20000000000005,97,11321.91,249.20000000000005,10.118,161,288,10.118,2024-06-05 11:24:44
250.0,89,11330.46,250.0,8.545,156,316,8.545,2024-06-05 11:24:45
250.0,97,11339.22,250.0,8.765,156,292,8.765,2024-06-05 11:24:46
245.79999999999995,96,11346.91,245.79999999999995,7.687,164,267,7.687,2024-06-05 11:24:47
249.39999999999998,97,11355.28,249.39999999999998,8.373,167,282,8.373,2024-06-05 11:24:48
247.0,99,11362.19,247.0,6.902,159,311,6.902,2024-06-05 11:24:49
250.79999999999995,89,11371.95,250.79999999999995,9.765,161,289,9.765,2024-06-05 11:24:50
251.60000000000002,92,11380.03,251.60000000000002,8.082,152,267,8.082,2024-06-05 11:24:51
252.20000000000005,97,11390.51,252.20000000000005,10.478,153,244,10.478,2024-06-05 11:24:52
249.79999999999995,104,11400.15,249.79999999999995,9.641,158,266,9.641,2024-06-05 11:24:53
249.39999999999998,96,11408.02,249.39999999999998,7.872,153,272,7.872,2024-06-05 11:24:54
249.39999999999998,91,11415.28,249.39999999999998,7.258,162,307,7.258,2024-06-05 11:24:55
250.60000000000002,91,11423.44,250.60000000000002,8.156,149,272,8.156,2024-06-05 11:24:56
248.60000000000002,94,11432.36,248.60000000000002,8.921,157,300,8.921,2024-06-05 11:24:57
252.79999999999995,93,11439.54,252.79999999999995,7.18,158,264,7.18,2024-06-05 11:24:58
251.79999999999995,99,11449.15,251.79999999999995,9.617,170,284,9.617,2024-06-05 11:24:59
248.0,100,11459.33,248.0,10.178,156,265,10.178,2024-06-05 11:25:00
253.0,98,11467.07,253.0,7.741,173,288,7.741,2024-06-05 11:25:01
251.60000000000002,88,11476.68,251.60000000000002,9.609,159,275,9.609,2024-06-05 11:25:02
250.39999999999998,98,11484.95,250.39999999999998,8.268,162,274,8.268,2024-06-05 11:25:03
253.20000000000005,91,11493.78,253.20000000000005,8.832,161,241,8.832,2024-06-05 11:25:04
249.60000000000002,92,11501.68,249.60000000000002,7.901,165,269,7.901,2024-06-05 11:25:05
248.0,95,11511.31,248.0,9.623,152,267,9.623,2024-06-05 11:25:06
249.79999999999995,97,11520.52,249.79999999999995,9.213,164,260,9.213,2024-06-05 11:25:07
249.60000000000002,100,11529.67,249.60000000000002,9.145,162,286,9.145,2024-06-05 11:25:08
247.60000000000002,84,11538.58,247.60000000000002,8.913,158,281,8.913,2024-06-05 11:25:09
245.20000000000005,98,11547.98,245.20000000000005,9.398,165,274,9.398,2024-06-05 11:25:10
250.79999999999995,95,11557.11,250.79999999999995,9.135,157,292,9.135,2024-06-05 11:25:11
249.20000000000005,99,11566.26,249.20000000000005,9.151,155,279,9.151,2024-06-05 11:25:12
246.60000000000002,95,11574.68,246.60000000000002,8.414,161,296,8.414,2024-06-05 11:25:13
250.20000000000005,91,11584.54,250.20000000000005,9.86,172,264,9.86,2024-06-05 11:25:14
251.60000000000002,89,11594.72,251.60000000000002,10.19,157,259,10.19,2024-06-05 11:25:15
250.0,95,11600.87,250.0,6.147,162,298,6.147,2024-06-05 11:25:16
250.60000000000002,93,11610.03,250.60000000000002,9.16,164,221,9.16,2024-06-05 11:25:17
249.39999999999998,93,11617.05,249.39999999999998,7.02,160,298,7.02,2024-06-05 11:25:18
246.0,93,11625.2,246.0,8.151,154,303,8.151,2024-06-05 11:25:19
252.0,96,11634.21,252.0,9.004,153,304,9.004,2024-06-05 11:25:20
249.79999999999995,96,11642.93,249.79999999999995,8.725,165,291,8.725,2024-06-05 11:25:21
251.79999999999995,94,11652.09,251.79999999999995,9.161,158,293,9.161,2024-06-05 11:25:22
251.20000000000005,92,11659.1,251.20000000000005,7.012,153,286,7.012,2024-06-05 11:25:23
249.20000000000005,93,11668.34,249.20000000000005,9.236,161,299,9.236,2024-06-05 11:25:24
251.60000000000002,102,11677.01,251.60000000000002,8.671,156,275,8.671,2024-06-05 11:25:25
248.0,95,11684.83,248.0,7.819,156,278,7.819,2024-06-05 11:25:26
252.20000000000005,83,11693.72,252.20000000000005,8.89,169,277,8.89,2024-06-05 11:25:27
250.39999999999998,89,11703.94,250.39999999999998,10.224,148,264,10.224,2024-06-05 11:25:28
251.0,91,11712.1,251.0,8.152,159,253,8.152,2024-06-05 11:25:29
250.79999999999995,100,11720.65,250.79999999999995,8.551,162,261,8.551,2024-06-05 11:25:30
248.0,93,11727.95,248.0,7.307,159,247,7.307,2024-06-05 11:25:31
251.0,92,11735.39,251.0,7.435,162,272,7.435,2024-06-05 11:25:32
248.60000000000002,91,11744.23,248.60000000000002,8.838,158,284,8.838,2024-06-05 11:25:33
251.20000000000005,88,11752.08,251.20000000000005,7.858,156,285,7.858,2024-06-05 11:25:34
251.60000000000002,88,11761.38,251.60000000000002,9.297,158,250,9.297,2024-06-05 11:25:35
250.0,89,11768.99,250.0,7.613,155,285,7.613,2024-06-05 11:25:36
249.79999999999995,97,11779.36,249.79999999999995,10.364,158,260,10.364,2024-06-05 11:25:37
251.20000000000005,95,11789.54,251.20000000000005,10.178,159,267,10.178,2024-06-05 11:25:38
252.20000000000005,92,11799.67,252.20000000000005,10.139,155,296,10.139,2024-06-05 11:25:39
250.20000000000005,102,11808.97,250.20000000000005,9.299,162,300,9.299,2024-06-05 11:25:40
251.0,101,11819.19,251.0,10.22,159,240,10.22,2024-06-05 11:25:41
253.39999999999998,92,11827.47,253.39999999999998,8.279,155,282,8.279,2024-06-05 11:25:42
246.20000000000005,85,11836.56,246.20000000000005,9.087,159,317,9.087,2024-06-05 11:25:43
246.60000000000002,93,11845.7,246.60000000000002,9.14,161,251,9.14,2024-06-05 11:25:44
250.79999999999995,97,11855.3,250.79999999999995,9.6,161,280,9.6,2024-06-05 11:25:45
247.60000000000002,87,11864.51,247.60000000000002,9.213,171,230,9.213,2024-06-05 11:25:46
250.79999999999995,88,11872.24,250.79999999999995,7.726,160,243,7.726,2024-06-05 11:25:47
251.0,83,11880.7,251.0,8.457,161,278,8.457,2024-06-05 11:25:48
251.20000000000005,92,11889.42,251.20000000000005,8.719,165,275,8.719,2024-06-05 11:25:49
249.0,90,11898.7,249.0,9.29,148,298,9.29,2024-06-05 11:25:50
251.79999999999995,91,11909.27,251.79999999999995,10.57,162,289,10.57,2024-06-05 11:25:51
249.79999999999995,97,11919.18,249.79999999999995,9.9,159,306,9.9,2024-06-05 11:25:52
248.0,83,11928.18,248.0,9.007,165,296,9.007,2024-06-05 11:25:53
251.79999999999995,96,11935.11,251.79999999999995,6.927,168,240,6.927,2024-06-05 11:25:54
246.79999999999995,100,11945.01,246.79999999999995,9.906,163,299,9.906,2024-06-05 11:25:55
252.39999999999998,94,11954.18,252.39999999999998,9.162,160,234,9.162,2024-06-05 11:25:56
250.0,85,11962.62,250.0,8.447,156,302,8.447,2024-06-05 11:25:57
252.39999999999998,81,11972.52,252.39999999999998,9.899,166,299,9.899,2024-06-05 11:25:58
249.0,98,11981.74,249.0,9.217,156,276,9.217,2024-06-05 11:25:59
250.60000000000002,93,11989.41,250.60000000000002,7.67,156,256,7.67,2024-06-05 11:26:00
248.79999999999995,92,11996.93,248.79999999999995,7.518,155,271,7.518,2024-06-05 11:26:01
246.39999999999998,86,12005.87,246.39999999999998,8.943,159,289,8.943,2024-06-05 11:26:02
250.39999999999998,92,12016.08,250.39999999999998,10.215,160,258,10.215,2024-06-05 11:26:03
247.60000000000002,102,12025.78,247.60000000000002,9.694,158,268,9.694,2024-06-05 11:26:04
246.79999999999995,101,12035.42,246.79999999999995,9.641,161,272,9.641,2024-06-05 11:26:05
252.39999999999998,90,12043.72,252.39999999999998,8.3,162,288,8.3,2024-06-05 11:26:06
247.60000000000002,102,12053.72,247.60000000000002,9.997,166,295,9.997,2024-06-05 11:26:07
251.0,98,12062.54,251.0,8.824,161,270,8.824,2024-06-05 11:26:08
249.60000000000002,86,12071.37,249.60000000000002,8.825,164,283,8.825,2024-06-05 11:26:09
251.0,95,12078.62,251.0,7.249,163,306,7.249,2024-06-05 11:26:10
249.0,92,12087.79,249.0,9.174,156,287,9.174,2024-06-05 11:26:11
247.60000000000002,92,12096.6,247.60000000000002,8.814,156,284,8.814,2024-06-05 11:26:12
248.20000000000005,97,12106.24,248.20000000000005,9.64,160,278,9.64,2024-06-05 11:26:13
248.60000000000002,96,12115.14,248.60000000000002,8.895,159,268,8.895,2024-06-05 11:26:14
251.0,95,12123.64,251.0,8.501,159,214,8.501,2024-06-05 11:26:15
253.39999999999998,98,12134.65,253.39999999999998,11.015,159,279,11.015,2024-06-05 11:26:16
249.39999999999998,86,12143.21,249.39999999999998,8.556,161,259,8.556,2024-06-05 11:26:17
247.0,93,12151.77,247.0,8.558,160,254,8.558,2024-06-05 11:26:18
249.39999999999998,92,12161.75,249.39999999999998,9.982,158,250,9.982,2024-06-05 11:26:19
249.39999999999998,104,12172.87,249.39999999999998,11.115,173,272,11.115,2024-06-05 11:26:20
251.79999999999995,86,12179.74,251.79999999999995,6.879,160,283,6.879,2024-06-05 11:26:21
248.60000000000002,96,12188.68,248.60000000000002,8.931,160,288,8.931,2024-06-05 11:26:22
250.79999999999995,90,12195.9,250.79999999999995,7.224,161,321,7.224,2024-06-05 11:26:23
250.60000000000002,85,12203.9,250.60000000000002,8.004,163,281,8.004,2024-06-05 11:26:24
250.60000000000002,93,12212.1,250.60000000000002,8.198,163,303,8.198,2024-06-05 11:26:25
251.20000000000005,100,12221.29,251.20000000000005,9.186,152,272,9.186,2024-06-05 11:26:26
252.39999999999998,95,12230.5,252.39999999999998,9.218,157,273,9.218,2024-06-05 11:26:27
251.79999999999995,102,12237.77,251.79999999999995,7.262,159,286,7.262,2024-06-05 11:26:28
247.39999999999998,90,12245.09,247.39999999999998,7.324,160,262,7.324,2024-06-05 11:26:29
251.60000000000002,90,12254.05,251.60000000000002,8.96,164,262,8.96,2024-06-05 11:26:30
247.60000000000002,101,12264.06,247.60000000000002,10.009,150,254,10.009,2024-06-05 11:26:31
251.20000000000005,97,12274.66,251.20000000000005,10.6,155,288,10.6,2024-06-05 11:26:32
249.20000000000005,93,12284.17,249.20000000000005,9.512,170,275,9.512,2024-06-05 11:26:33
251.0,95,12293.13,251.0,8.961,161,291,8.961,2024-06-05 11:26:34
250.0,96,12302.09,250.0,8.954,154,330,8.954,2024-06-05 11:26:35
250.39999999999998,97,12311.16,250.39999999999998,9.069,159,282,9.069,2024-06-05 11:26:36
254.0,100,12316.97,254.0,5.817,169,319,5.817,2024-06-05 11:26:37
246.79999999999995,98,12324.78,246.79999999999995,7.806,151,296,7.806,2024-06-05 11:26:38
248.0,97,12333.93,248.0,9.152,160,273,9.152,2024-06-05 11:26:39
254.0,86,12341.86,254.0,7.932,161,282,7.932,2024-06-05 11:26:40
252.79999999999995,89,12351.28,252.79999999999995,9.419,149,255,9.419,2024-06-05 11:26:41
252.0,95,12359.43,252.0,8.15,156,244,8.15,2024-06-05 11:26:42
247.79999999999995,90,12371.0,247.79999999999995,11.568,153,302,11.568,2024-06-05 11:26:43
247.79999999999995,89,12381.22,247.79999999999995,10.221,165,275,10.221,2024-06-05 11:26:44
252.0,96,12390.89,252.0,9.671,159,302,9.671,2024-06-05 11:26:45
249.20000000000005,92,12398.49,249.20000000000005,7.594,168,276,7.594,2024-06-05 11:26:46
254.20000000000005,92,12407.72,254.20000000000005,9.232,163,270,9.232,2024-06-05 11:26:47
252.20000000000005,91,12417.74,252.20000000000005,10.019,160,277,10.019,2024-06-05 11:26:48
252.20000000000005,95,12427.71,252.20000000000005,9.971,160,279,9.971,2024-06-05 11:26:49
248.39999999999998,98,12435.54,248.39999999999998,7.834,158,269,7.834,2024-06-05 11:26:50
248.79999999999995,90,12443.96,248.79999999999995,8.419,154,311,8.419,2024-06-05 11:26:51
249.60000000000002,94,12452.95,249.60000000000002,8.991,151,285,8.991,2024-06-05 11:26:52
249.20000000000005,90,12461.64,249.20000000000005,8.691,163,299,8.691,2024-06-05 11:26:53
253.20000000000005,98,12470.4,253.20000000000005,8.755,158,259,8.755,2024-06-05 11:26:54
248.39999999999998,89,12478.42,248.39999999999998,8.023,171,261,8.023,2024-06-05 11:26:55
247.60000000000002,98,12487.45,247.60000000000002,9.032,155,294,9.032,2024-06-05 11:26:56
250.0,91,12496.0,250.0,8.545,166,266,8.545,2024-06-05 11:26:57
251.20000000000005,94,12505.46,251.20000000000005,9.462,166,269,9.462,2024-06-05 11:26:58
251.20000000000005,87,12513.82,251.20000000000005,8.361,161,271,8.361,2024-06-05 11:26:59
251.79999999999995,97,12522.12,251.79999999999995,8.299,164,277,8.299,2024-06-05 11:27:00
250.60000000000002,85,12528.74,250.60000000000002,6.622,110,137,6.622,2024-06-05 11:27:01
250.39999999999998,75,12534.79,250.39999999999998,6.042,116,135,6.042,2024-06-05 11:27:02
246.79999999999995,92,12540.27,246.79999999999995,5.488,118,166,5.488,2024-06-05 11:27:03
250.0,77,12547.25,250.0,6.977,118,153,6.977,2024-06-05 11:27:04
248.20000000000005,86,12552.49,248.20000000000005,5.234,123,193,5.234,2024-06-05 11:27:05
251.0,74,12557.86,251.0,5.378,117,136,5.378,2024-06-05 11:27:06
248.79999999999995,80,12564.88,248.79999999999995,7.018,120,156,7.018,2024-06-05 11:27:07
250.20000000000005,84,12572.55,250.20000000000005,7.667,119,161,7.667,2024-06-05 11:27:08
250.20000000000005,82,12578.34,250.20000000000005,5.794,112,109,5.794,2024-06-05 11:27:09
248.79999999999995,77,12583.57,248.79999999999995,5.224,114,147,5.224,2024-06-05 11:27:10
253.0,78,12588.39,253.0,4.822,128,142,4.822,2024-06-05 11:27:11
249.60000000000002,82,12592.65,249.60000000000002,4.261,120,134,4.261,2024-06-05 11:27:12
250.0,75,12597.49,250.0,4.845,117,162,4.845,2024-06-05 11:27:13
249.39999999999998,89,12601.49,249.39999999999998,3.998,123,170,3.998,2024-06-05 11:27:14
248.39999999999998,80,12608.77,248.39999999999998,7.275,114,178,7.275,2024-06-05 11:27:15
246.79999999999995,79,12614.75,246.79999999999995,5.984,130,176,5.984,2024-06-05 11:27:16
248.79999999999995,81,12619.91,248.79999999999995,5.161,112,146,5.161,2024-06-05 11:27:17
248.39999999999998,79,12625.88,248.39999999999998,5.969,113,154,5.969,2024-06-05 11:27:18
248.39999999999998,79,12632.4,248.39999999999998,6.516,118,150,6.516,2024-06-05 11:27:19
245.60000000000002,71,12638.61,245.60000000000002,6.209,115,142,6.209,2024-06-05 11:27:20
251.39999999999998,76,12644.97,251.39999999999998,6.363,113,143,6.363,2024-06-05 11:27:21
250.0,73,12650.89,250.0,5.924,119,125,5.924,2024-06-05 11:27:22
250.0,75,12656.41,250.0,5.52,124,138,5.52,2024-06-05 11:27:23
246.79999999999995,83,12661.02,246.79999999999995,4.608,127,143,4.608,2024-06-05 11:27:24
253.20000000000005,75,12667.36,253.20000000000005,6.333,121,141,6.333,2024-06-05 11:27:25
248.79999999999995,84,12673.35,248.79999999999995,5.997,119,146,5.997,2024-06-05 11:27:26
253.39999999999998,83,12679.98,253.39999999999998,6.63,117,159,6.63,2024-06-05 11:27:27
251.20000000000005,78,12688.42,251.20000000000005,8.441,117,169,8.441,2024-06-05 11:27:28
249.60000000000002,74,12694.77,249.60000000000002,6.343,125,158,6.343,2024-06-05 11:27:29
251.39999999999998,83,12698.32,251.39999999999998,3.556,125,169,3.556,2024-06-05 11:27:30
255.60000000000002,87,12705.41,255.60000000000002,7.084,115,149,7.084,2024-06-05 11:27:31
246.0,77,12711.3,246.0,5.896,118,130,5.896,2024-06-05 11:27:32
251.20000000000005,82,12717.59,251.20000000000005,6.291,121,142,6.291,2024-06-05 11:27:33
249.20000000000005,76,12723.24,249.20000000000005,5.649,109,153,5.649,2024-06-05 11:27:34
251.60000000000002,82,12729.2,251.60000000000002,5.954,119,170,5.954,2024-06-05 11:27:35
246.39999999999998,63,12734.26,246.39999999999998,5.068,124,110,5.068,2024-06-05 11:27:36
249.39999999999998,78,12742.53,249.39999999999998,8.264,110,148,8.264,2024-06-05 11:27:37
246.79999999999995,79,12749.39,246.79999999999995,6.865,112,195,6.865,2024-06-05 11:27:38
247.39999999999998,86,12756.33,247.39999999999998,6.941,122,140,6.941,2024-06-05 11:27:39
250.20000000000005,85,12762.06,250.20000000000005,5.725,123,154,5.725,2024-06-05 11:27:40
251.39999999999998,80,12768.26,251.39999999999998,6.197,125,108,6.197,2024-06-05 11:27:41
248.79999999999995,80,12772.74,248.79999999999995,4.481,124,143,4.481,2024-06-05 11:27:42
249.20000000000005,85,12779.71,249.20000000000005,6.977,125,151,6.977,2024-06-05 11:27:43
248.60000000000002,82,12786.96,248.60000000000002,7.25,123,168,7.25,2024-06-05 11:27:44
250.20000000000005,81,12792.91,250.20000000000005,5.942,119,135,5.942,2024-06-05 11:27:45
250.39999999999998,75,12800.44,250.39999999999998,7.532,115,154,7.532,2024-06-05 11:27:46
249.79999999999995,84,12805.65,249.79999999999995,5.212,115,160,5.212,2024-06-05 11:27:47
250.20000000000005,78,12810.52,250.20000000000005,4.865,121,135,4.865,2024-06-05 11:27:48
249.0,79,12815.35,249.0,4.83,119,140,4.83,2024-06-05 11:27:49
252.20000000000005,79,12821.41,252.20000000000005,6.066,122,153,6.066,2024-06-05 11:27:50
249.60000000000002,70,12827.11,249.60000000000002,5.702,121,177,5.702,2024-06-05 11:27:51
248.20000000000005,85,12835.01,248.20000000000005,7.891,124,138,7.891,2024-06-05 11:27:52
248.20000000000005,87,12839.7,248.20000000000005,4.691,116,173,4.691,2024-06-05 11:27:53
251.0,92,12846.41,251.0,6.715,123,110,6.715,2024-06-05 11:27:54
250.20000000000005,80,12851.7,250.20000000000005,5.284,120,153,5.284,2024-06-05 11:27:55
248.79999999999995,84,12857.49,248.79999999999995,5.79,121,129,5.79,2024-06-05 11:27:56
247.0,82,12865.73,247.0,8.241,116,198,8.241,2024-06-05 11:27:57
245.60000000000002,79,12870.59,245.60000000000002,4.86,133,160,4.86,2024-06-05 11:27:58
251.20000000000005,90,12877.17,251.20000000000005,6.587,120,151,6.587,2024-06-05 11:27:59
248.20000000000005,77,12883.08,248.20000000000005,5.908,119,152,5.908,2024-06-05 11:28:00
246.60000000000002,72,12889.2,246.60000000000002,6.118,116,147,6.118,2024-06-05 11:28:01
248.0,88,12896.66,248.0,7.457,114,165,7.457,2024-06-05 11:28:02
248.79999999999995,69,12902.71,248.79999999999995,6.058,123,151,6.058,2024-06-05 11:28:03
251.60000000000002,77,12908.29,251.60000000000002,5.578,117,143,5.578,2024-06-05 11:28:04
250.20000000000005,81,12915.13,250.20000000000005,6.838,115,132,6.838,2024-06-05 11:28:05
248.39999999999998,69,12923.0,248.39999999999998,7.866,113,135,7.866,2024-06-05 11:28:06
249.0,79,12929.2,249.0,6.205,117,119,6.205,2024-06-05 11:28:07
248.39999999999998,84,12933.53,248.39999999999998,4.325,112,169,4.325,2024-06-05 11:28:08
250.79999999999995,77,12940.23,250.79999999999995,6.7,116,147,6.7,2024-06-05 11:28:09
249.0,69,12945.73,249.0,5.508,127,156,5.508,2024-06-05 11:28:10
249.39999999999998,79,12951.85,249.39999999999998,6.12,131,160,6.12,2024-06-05 11:28:11
244.79999999999995,75,12956.96,244.79999999999995,5.11,111,180,5.11,2024-06-05 11:28:12
250.79999999999995,77,12961.23,250.79999999999995,4.267,112,154,4.267,2024-06-05 11:28:13
248.39999999999998,68,12965.06,248.39999999999998,3.83,113,155,3.83,2024-06-05 11:28:14
249.0,70,12971.77,249.0,6.705,117,142,6.705,2024-06-05 11:28:15
249.39999999999998,72,12976.62,249.39999999999998,4.857,118,151,4.857,2024-06-05 11:28:16
251.79999999999995,83,12982.31,251.79999999999995,5.686,128,148,5.686,2024-06-05 11:28:17
248.79999999999995,80,12988.23,248.79999999999995,5.925,118,169,5.925,2024-06-05 11:28:18
249.79999999999995,82,12993.67,249.79999999999995,5.433,124,132,5.433,2024-06-05 11:28:19
249.60000000000002,79,13000.42,249.60000000000002,6.753,123,144,6.753,2024-06-05 11:28:20
252.60000000000002,83,13007.76,252.60000000000002,7.344,124,177,7.344,2024-06-05 11:28:21
249.20000000000005,79,13012.01,249.20000000000005,4.25,117,128,4.25,2024-06-05 11:28:22
252.20000000000005,87,13017.7,252.20000000000005,5.684,118,128,5.684,2024-06-05 11:28:23
251.20000000000005,75,13024.14,251.20000000000005,6.439,135,189,6.439,2024-06-05 11:28:24
247.0,77,13031.3,247.0,7.162,119,145,7.162,2024-06-05 11:28:25
249.20000000000005,73,13037.17,249.20000000000005,5.867,115,168,5.867,2024-06-05 11:28:26
250.39999999999998,67,13042.35,250.39999999999998,5.186,114,133,5.186,2024-06-05 11:28:27
251.60000000000002,76,13047.72,251.60000000000002,5.368,119,197,5.368,2024-06-05 11:28:28
249.60000000000002,76,13054.74,249.60000000000002,7.019,118,175,7.019,2024-06-05 11:28:29
249.20000000000005,79,13059.25,249.20000000000005,4.512,120,140,4.512,2024-06-05 11:28:30
251.39999999999998,78,13064.19,251.39999999999998,4.936,118,173,4.936,2024-06-05 11:28:31
246.60000000000002,74,13068.03,246.60000000000002,3.843,117,140,3.843,2024-06-05 11:28:32
253.0,91,13073.91,253.0,5.881,116,164,5.881,2024-06-05 11:28:33
251.79999999999995,92,13081.07,251.79999999999995,7.163,124,136,7.163,2024-06-05 11:28:34
249.39999999999998,73,13086.68,249.39999999999998,5.606,122,152,5.606,2024-06-05 11:28:35
250.79999999999995,81,13092.3,250.79999999999995,5.617,119,144,5.617,2024-06-05 11:28:36
249.60000000000002,81,13099.83,249.60000000000002,7.528,126,135,7.528,2024-06-05 11:28:37
249.0,79,13105.83,249.0,6.001,124,148,6.001,2024-06-05 11:28:38
249.39999999999998,73,13112.9,249.39999999999998,7.072,122,141,7.072,2024-06-05 11:28:39
247.79999999999995,79,13119.83,247.79999999999995,6.93,120,157,6.93,2024-06-05 11:28:40
246.0,79,13125.18,246.0,5.347,117,143,5.347,2024-06-05 11:28:41
250.0,83,13130.75,250.0,5.574,119,160,5.574,2024-06-05 11:28:42
251.20000000000005,81,13136.8,251.20000000000005,6.049,119,155,6.049,2024-06-05 11:28:43
252.20000000000005,90,13142.7,252.20000000000005,5.902,110,167,5.902,2024-06-05 11:28:44
253.0,74,13148.32,253.0,5.623,120,177,5.623,2024-06-05 11:28:45
249.39999999999998,81,13154.18,249.39999999999998,5.855,122,144,5.855,2024-06-05 11:28:46
247.39999999999998,77,13159.82,247.39999999999998,5.646,122,156,5.646,2024-06-05 11:28:47
250.39999999999998,83,13166.13,250.39999999999998,6.303,120,141,6.303,2024-06-05 11:28:48
249.0,69,13171.58,249.0,5.447,121,157,5.447,2024-06-05 11:28:49
252.0,82,13177.69,252.0,6.118,123,143,6.118,2024-06-05 11:28:50
251.39999999999998,86,13184.07,251.39999999999998,6.375,119,101,6.375,2024-06-05 11:28:51
250.60000000000002,76,13188.42,250.60000000000002,4.355,127,121,4.355,2024-06-05 11:28:52
247.39999999999998,72,13194.87,247.39999999999998,6.452,108,143,6.452,2024-06-05 11:28:53
252.60000000000002,78,13200.77,252.60000000000002,5.896,108,150,5.896,2024-06-05 11:28:54
247.0,80,13207.29,247.0,6.516,125,149,6.516,2024-06-05 11:28:55
251.60000000000002,82,13213.27,251.60000000000002,5.98,122,173,5.98,2024-06-05 11:28:56
250.60000000000002,75,13219.5,250.60000000000002,6.23,108,161,6.23,2024-06-05 11:28:57
250.20000000000005,77,13225.46,250.20000000000005,5.967,119,135,5.967,2024-06-05 11:28:58
248.60000000000002,75,13231.02,248.60000000000002,5.558,115,150,5.558,2024-06-05 11:28:59
250.20000000000005,76,13237.88,250.20000000000005,6.861,111,173,6.861,2024-06-05 11:29:00
251.60000000000002,81,13243.66,251.60000000000002,5.774,121,109,5.774,2024-06-05 11:29:01
250.20000000000005,79,13248.84,250.20000000000005,5.188,123,139,5.188,2024-06-05 11:29:02
249.20000000000005,76,13253.78,249.20000000000005,4.935,123,140,4.935,2024-06-05 11:29:03
253.20000000000005,74,13258.77,253.20000000000005,4.986,124,120,4.986,2024-06-05 11:29:04
253.0,80,13263.3,253.0,4.536,118,120,4.536,2024-06-05 11:29:05
247.60000000000002,80,13268.33,247.60000000000002,5.027,125,126,5.027,2024-06-05 11:29:06
246.20000000000005,83,13273.67,246.20000000000005,5.343,130,189,5.343,2024-06-05 11:29:07
251.20000000000005,83,13277.49,251.20000000000005,3.821,115,126,3.821,2024-06-05 11:29:08
250.0,71,13285.39,250.0,7.895,117,171,7.895,2024-06-05 11:29:09
246.0,74,13292.27,246.0,6.882,113,164,6.882,2024-06-05 11:29:10
249.79999999999995,72,13297.36,249.79999999999995,5.092,122,159,5.092,2024-06-05 11:29:11
249.60000000000002,78,13304.1,249.60000000000002,6.733,121,159,6.733,2024-06-05 11:29:12
248.79999999999995,84,13309.53,248.79999999999995,5.438,122,153,5.438,2024-06-05 11:29:13
249.0,79,13315.49,249.0,5.959,118,148,5.959,2024-06-05 11:29:14
249.39999999999998,86,13321.75,249.39999999999998,6.26,113,152,6.26,2024-06-05 11:29:15
246.20000000000005,74,13328.2,246.20000000000005,6.444,111,168,6.444,2024-06-05 11:29:16
251.39999999999998,66,13333.51,251.39999999999998,5.318,109,161,5.318,2024-06-05 11:29:17
247.60000000000002,80,13338.43,247.60000000000002,4.916,116,133,4.916,2024-06-05 11:29:18
250.20000000000005,86,13344.28,250.20000000000005,5.848,120,136,5.848,2024-06-05 11:29:19
247.39999999999998,87,13350.45,247.39999999999998,6.176,127,151,6.176,2024-06-05 11:29:20
250.79999999999995,80,13357.57,250.79999999999995,7.12,117,142,7.12,2024-06-05 11:29:21
252.20000000000005,81,13362.61,252.20000000000005,5.037,131,136,5.037,2024-06-05 11:29:22
249.79999999999995,86,13370.19,249.79999999999995,7.581,111,163,7.581,2024-06-05 11:29:23
247.60000000000002,74,13375.62,247.60000000000002,5.424,122,173,5.424,2024-06-05 11:29:24
251.39999999999998,79,13380.68,251.39999999999998,5.064,115,170,5.064,2024-06-05 11:29:25
250.20000000000005,82,13386.2,250.20000000000005,5.52,123,173,5.52,2024-06-05 11:29:26
251.20000000000005,75,13393.06,251.20000000000005,6.86,117,158,6.86,2024-06-05 11:29:27
249.39999999999998,80,13400.1,249.39999999999998,7.043,121,183,7.043,2024-06-05 11:29:28
248.39999999999998,83,13405.79,248.39999999999998,5.69,118,168,5.69,2024-06-05 11:29:29
252.20000000000005,77,13412.17,252.20000000000005,6.375,117,172,6.375,2024-06-05 11:29:30
250.0,95,13419.98,250.0,7.811,156,282,7.811,2024-06-05 11:29:31
250.39999999999998,94,13428.64,250.39999999999998,8.667,161,294,8.667,2024-06-05 11:29:32
248.20000000000005,93,13438.68,248.20000000000005,10.037,156,282,10.037,2024-06-05 11:29:33
249.79999999999995,101,13448.26,249.79999999999995,9.584,165,311,9.584,2024-06-05 11:29:34
249.20000000000005,93,13458.82,249.20000000000005,10.558,162,271,10.558,2024-06-05 11:29:35
246.39999999999998,95,13468.47,246.39999999999998,9.652,156,259,9.652,2024-06-05 11:29:36
249.0,92,13476.58,249.0,8.106,165,283,8.106,2024-06-05 11:29:37
249.0,92,13485.06,249.0,8.481,165,271,8.481,2024-06-05 11:29:38
250.39999999999998,94,13494.92,250.39999999999998,9.859,154,292,9.859,2024-06-05 11:29:39
250.79999999999995,95,13503.91,250.79999999999995,8.985,163,281,8.985,2024-06-05 11:29:40
250.20000000000005,99,13512.2,250.20000000000005,8.295,154,304,8.295,2024-06-05 11:29:41
251.20000000000005,97,13523.53,251.20000000000005,11.333,167,228,11.333,2024-06-05 11:29:42
246.60000000000002,96,13531.82,246.60000000000002,8.284,164,275,8.284,2024-06-05 11:29:43
249.0,96,13542.44,249.0,10.624,161,249,10.624,2024-06-05 11:29:44
251.0,90,13551.19,251.0,8.747,160,255,8.747,2024-06-05 11:29:45
250.79999999999995,94,13560.85,250.79999999999995,9.665,158,290,9.665,2024-06-05 11:29:46
250.79999999999995,101,13570.04,250.79999999999995,9.185,158,296,9.185,2024-06-05 11:29:47
250.79999999999995,89,13579.57,250.79999999999995,9.526,144,285,9.526,2024-06-05 11:29:48
249.79999999999995,95,13588.84,249.79999999999995,9.275,156,270,9.275,2024-06-05 11:29:49
251.79999999999995,89,13597.29,251.79999999999995,8.449,151,284,8.449,2024-06-05 11:29:50
248.20000000000005,95,13605.94,248.20000000000005,8.649,149,306,8.649,2024-06-05 11:29:51
251.20000000000005,90,13614.79,251.20000000000005,8.856,158,289,8.856,2024-06-05 11:29:52
249.20000000000005,91,13623.78,249.20000000000005,8.99,169,267,8.99,2024-06-05 11:29:53
252.20000000000005,94,13634.59,252.20000000000005,10.805,157,321,10.805,2024-06-05 11:29:54
250.60000000000002,95,13643.21,250.60000000000002,8.619,169,282,8.619,2024-06-05 11:29:55
250.60000000000002,93,13651.97,250.60000000000002,8.757,160,270,8.757,2024-06-05 11:29:56
250.39999999999998,105,13659.88,250.39999999999998,7.915,162,271,7.915,2024-06-05 11:29:57
245.60000000000002,98,13667.66,245.60000000000002,7.781,156,278,7.781,2024-06-05 11:29:58
247.39999999999998,92,13676.63,247.39999999999998,8.967,162,266,8.967,2024-06-05 11:29:59
250.60000000000002,105,13684.45,250.60000000000002,7.817,159,269,7.817,2024-06-05 11:30:00
248.39999999999998,100,13694.07,248.39999999999998,9.629,164,265,9.629,2024-06-05 11:30:01
245.60000000000002,89,13702.56,245.60000000000002,8.488,155,255,8.488,2024-06-05 11:30:02
251.60000000000002,95,13710.57,251.60000000000002,8.002,168,283,8.002,2024-06-05 11:30:03
249.60000000000002,92,13721.44,249.60000000000002,10.873,162,280,10.873,2024-06-05 11:30:04
253.20000000000005,96,13732.3,253.20000000000005,10.857,158,241,10.857,2024-06-05 11:30:05
249.60000000000002,93,13741.43,249.60000000000002,9.135,156,256,9.135,2024-06-05 11:30:06
248.79999999999995,99,13748.19,248.79999999999995,6.759,159,311,6.759,2024-06-05 11:30:07
246.60000000000002,100,13756.25,246.60000000000002,8.06,150,255,8.06,2024-06-05 11:30:08
246.60000000000002,82,13766.94,246.60000000000002,10.689,156,252,10.689,2024-06-05 11:30:09
251.20000000000005,95,13776.71,251.20000000000005,9.774,166,302,9.774,2024-06-05 11:30:10
249.20000000000005,93,13786.86,249.20000000000005,10.148,170,246,10.148,2024-06-05 11:30:11
247.20000000000005,96,13797.25,247.20000000000005,10.39,157,295,10.39,2024-06-05 11:30:12
249.0,96,13807.68,249.0,10.433,161,310,10.433,2024-06-05 11:30:13
252.20000000000005,90,13817.29,252.20000000000005,9.602,158,279,9.602,2024-06-05 11:30:14
251.0,94,13826.17,251.0,8.887,162,286,8.887,2024-06-05 11:30:15
246.79999999999995,87,13835.74,246.79999999999995,9.568,164,291,9.568,2024-06-05 11:30:16
248.60000000000002,89,13843.5,248.60000000000002,7.759,145,302,7.759,2024-06-05 11:30:17
250.79999999999995,86,13852.42,250.79999999999995,8.922,158,306,8.922,2024-06-05 11:30:18
253.79999999999995,98,13860.45,253.79999999999995,8.032,162,272,8.032,2024-06-05 11:30:19
249.79999999999995,93,13869.06,249.79999999999995,8.603,160,260,8.603,2024-06-05 11:30:20
249.79999999999995,93,13877.78,249.79999999999995,8.725,168,309,8.725,2024-06-05 11:30:21
251.0,95,13887.46,251.0,9.679,154,293,9.679,2024-06-05 11:30:22
250.79999999999995,91,13897.18,250.79999999999995,9.718,163,279,9.718,2024-06-05 11:30:23
245.0,93,13906.83,245.0,9.649,158,293,9.649,2024-06-05 11:30:24
249.39999999999998,93,13917.02,249.39999999999998,10.198,151,290,10.198,2024-06-05 11:30:25
247.79999999999995,90,13928.26,247.79999999999995,11.24,148,275,11.24,2024-06-05 11:30:26
250.79999999999995,93,13936.08,250.79999999999995,7.812,167,304,7.812,2024-06-05 11:30:27
245.20000000000005,88,13944.26,245.20000000000005,8.18,158,262,8.18,2024-06-05 11:30:28
251.0,88,13951.18,251.0,6.924,168,252,6.924,2024-06-05 11:30:29
250.60000000000002,95,13959.45,250.60000000000002,8.266,153,243,8.266,2024-06-05 11:30:30
251.60000000000002,97,13967.59,251.60000000000002,8.142,159,266,8.142,2024-06-05 11:30:31
249.79999999999995,103,13974.83,249.79999999999995,7.246,168,310,7.246,2024-06-05 11:30:32
252.20000000000005,97,13984.12,252.20000000000005,9.285,157,281,9.285,2024-06-05 11:30:33
250.79999999999995,100,13992.84,250.79999999999995,8.723,163,242,8.723,2024-06-05 11:30:34
251.20000000000005,94,14001.97,251.20000000000005,9.13,156,279,9.13,2024-06-05 11:30:35
250.20000000000005,94,14010.52,250.20000000000005,8.546,156,292,8.546,2024-06-05 11:30:36
248.60000000000002,90,14018.2,248.60000000000002,7.684,162,289,7.684,2024-06-05 11:30:37
248.39999999999998,102,14028.52,248.39999999999998,10.321,152,230,10.321,2024-06-05 11:30:38
247.60000000000002,82,14039.21,247.60000000000002,10.683,161,281,10.683,2024-06-05 11:30:39
250.60000000000002,91,14049.62,250.60000000000002,10.412,156,252,10.412,2024-06-05 11:30:40
251.20000000000005,93,14058.19,251.20000000000005,8.576,165,257,8.576,2024-06-05 11:30:41
249.60000000000002,100,14067.4,249.60000000000002,9.206,160,303,9.206,2024-06-05 11:30:42
247.60000000000002,100,14074.33,247.60000000000002,6.93,154,263,6.93,2024-06-05 11:30:43
251.0,92,14082.07,251.0,7.742,158,310,7.742,2024-06-05 11:30:44
249.20000000000005,85,14091.82,249.20000000000005,9.752,154,286,9.752,2024-06-05 11:30:45
250.60000000000002,91,14101.82,250.60000000000002,10.0,157,281,10.0,2024-06-05 11:30:46
249.0,88,14108.67,249.0,6.851,160,270,6.851,2024-06-05 11:30:47
247.79999999999995,100,14118.01,247.79999999999995,9.34,155,224,9.34,2024-06-05 11:30:48
246.0,90,14125.62,246.0,7.61,152,277,7.61,2024-06-05 11:30:49
251.79999999999995,97,14134.22,251.79999999999995,8.59,160,317,8.59,2024-06-05 11:30:50
249.20000000000005,104,14144.24,249.20000000000005,10.021,169,302,10.021,2024-06-05 11:30:51
251.0,97,14154.25,251.0,10.017,162,299,10.017,2024-06-05 11:30:52
247.79999999999995,95,14162.85,247.79999999999995,8.599,155,278,8.599,2024-06-05 11:30:53
249.0,93,14174.01,249.0,11.16,159,277,11.16,2024-06-05 11:30:54
248.20000000000005,96,14183.92,248.20000000000005,9.904,154,251,9.904,2024-06-05 11:30:55
253.60000000000002,99,14190.42,253.60000000000002,6.505,155,282,6.505,2024-06-05 11:30:56
250.0,96,14198.3,250.0,7.874,156,291,7.874,2024-06-05 11:30:57
250.39999999999998,101,14208.93,250.39999999999998,10.638,157,278,10.638,2024-06-05 11:30:58
250.79999999999995,91,14217.84,250.79999999999995,8.902,156,292,8.902,2024-06-05 11:30:59
250.60000000000002,88,14227.3,250.60000000000002,9.469,155,269,9.469,2024-06-05 11:31:00
251.20000000000005,88,14236.27,251.20000000000005,8.961,164,294,8.961,2024-06-05 11:31:01
251.39999999999998,95,14246.07,251.39999999999998,9.809,155,275,9.809,2024-06-05 11:31:02
251.0,96,14255.06,251.0,8.981,163,284,8.981,2024-06-05 11:31:03
250.39999999999998,98,14265.23,250.39999999999998,10.179,165,282,10.179,2024-06-05 11:31:04
249.39999999999998,87,14274.48,249.39999999999998,9.244,165,291,9.244,2024-06-05 11:31:05
248.60000000000002,95,14283.39,248.60000000000002,8.91,157,283,8.91,2024-06-05 11:31:06
248.20000000000005,97,14292.8,248.20000000000005,9.408,161,287,9.408,2024-06-05 11:31:07
250.60000000000002,93,14302.38,250.60000000000002,9.58,156,292,9.58,2024-06-05 11:31:08
247.79999999999995,98,14311.81,247.79999999999995,9.428,162,248,9.428,2024-06-05 11:31:09
249.60000000000002,88,14320.55,249.60000000000002,8.747,161,316,8.747,2024-06-05 11:31:10
248.79999999999995,95,14329.67,248.79999999999995,9.12,154,321,9.12,2024-06-05 11:31:11
255.39999999999998,96,14337.44,255.39999999999998,7.766,171,266,7.766,2024-06-05 11:31:12
247.60000000000002,96,14346.9,247.60000000000002,9.463,160,258,9.463,2024-06-05 11:31:13
249.60000000000002,100,14356.16,249.60000000000002,9.259,163,306,9.259,2024-06-05 11:31:14
250.79999999999995,96,14366.99,250.79999999999995,10.833,164,268,10.833,2024-06-05 11:31:15
251.20000000000005,99,14376.67,251.20000000000005,9.679,156,288,9.679,2024-06-05 11:31:16
248.39999999999998,88,14385.25,248.39999999999998,8.578,147,272,8.578,2024-06-05 11:31:17
246.60000000000002,97,14394.51,246.60000000000002,9.264,159,278,9.264,2024-06-05 11:31:18
247.20000000000005,93,14402.62,247.20000000000005,8.103,165,297,8.103,2024-06-05 11:31:19
249.20000000000005,102,14412.78,249.20000000000005,10.163,162,295,10.163,2024-06-05 11:31:20
253.20000000000005,93,14424.22,253.20000000000005,11.435,158,238,11.435,2024-06-05 11:31:21
247.0,85,14433.55,247.0,9.334,159,255,9.334,2024-06-05 11:31:22
250.20000000000005,99,14442.99,250.20000000000005,9.445,156,254,9.445,2024-06-05 11:31:23
250.79999999999995,92,14451.05,250.79999999999995,8.051,172,275,8.051,2024-06-05 11:31:24
247.39999999999998,94,14460.25,247.39999999999998,9.204,158,263,9.204,2024-06-05 11:31:25
251.79999999999995,97,14469.25,251.79999999999995,9.005,171,272,9.005,2024-06-05 11:31:26
247.0,94,14476.13,247.0,6.873,163,292,6.873,2024-06-05 11:31:27
250.60000000000002,92,14485.09,250.60000000000002,8.959,157,282,8.959,2024-06-05 11:31:28
248.79999999999995,87,14496.81,248.79999999999995,11.721,160,236,11.721,2024-06-05 11:31:29
255.39999999999998,89,14504.02,255.39999999999998,7.21,160,290,7.21,2024-06-05 11:31:30
249.60000000000002,101,14512.48,249.60000000000002,8.457,156,289,8.457,2024-06-05 11:31:31
251.79999999999995,103,14522.24,251.79999999999995,9.764,158,275,9.764,2024-06-05 11:31:32
248.20000000000005,87,14530.93,248.20000000000005,8.687,151,261,8.687,2024-06-05 11:31:33
248.20000000000005,102,14540.86,248.20000000000005,9.938,164,296,9.938,2024-06-05 11:31:34
249.0,89,14549.55,249.0,8.684,151,281,8.684,2024-06-05 11:31:35
249.60000000000002,85,14557.73,249.60000000000002,8.184,165,308,8.184,2024-06-05 11:31:36
247.20000000000005,93,14565.3,247.20000000000005,7.57,160,315,7.57,2024-06-05 11:31:37
249.39999999999998,96,14574.43,249.39999999999998,9.126,164,277,9.126,2024-06-05 11:31:38
248.39999999999998,94,14584.63,248.39999999999998,10.2,159,294,10.2,2024-06-05 11:31:39
252.0,94,14593.95,252.0,9.319,156,317,9.319,2024-06-05 11:31:40
250.79999999999995,99,14602.82,250.79999999999995,8.879,160,277,8.879,2024-06-05 11:31:41
250.0,88,14611.39,250.0,8.561,159,277,8.561,2024-06-05 11:31:42
250.20000000000005,101,14621.78,250.20000000000005,10.397,161,257,10.397,2024-06-05 11:31:43
250.79999999999995,96,14630.26,250.79999999999995,8.473,161,281,8.473,2024-06-05 11:31:44
248.39999999999998,96,14639.94,248.39999999999998,9.685,162,286,9.685,2024-06-05 11:31:45
250.39999999999998,90,14650.51,250.39999999999998,10.573,157,260,10.573,2024-06-05 11:31:46
248.39999999999998,96,14658.34,248.39999999999998,7.825,160,293,7.825,2024-06-05 11:31:47
248.20000000000005,86,14666.51,248.20000000000005,8.167,163,316,8.167,2024-06-05 11:31:48
249.60000000000002,91,14675.95,249.60000000000002,9.442,161,234,9.442,2024-06-05 11:31:49
252.79999999999995,98,14685.63,252.79999999999995,9.686,150,269,9.686,2024-06-05 11:31:50
252.79999999999995,93,14694.51,252.79999999999995,8.878,154,294,8.878,2024-06-05 11:31:51
251.0,91,14705.31,251.0,10.798,166,263,10.798,2024-06-05 11:31:52
248.39999999999998,94,14713.73,248.39999999999998,8.417,162,281,8.417,2024-06-05 11:31:53
250.39999999999998,99,14720.84,250.39999999999998,7.116,151,265,7.116,2024-06-05 11:31:54
249.0,95,14729.11,249.0,8.263,144,317,8.263,2024-06-05 11:31:55
250.60000000000002,84,14738.71,250.60000000000002,9.606,168,272,9.606,2024-06-05 11:31:56
251.0,91,14747.36,251.0,8.644,160,274,8.644,2024-06-05 11:31:57
248.39999999999998,91,14756.77,248.39999999999998,9.41,160,288,9.41,2024-06-05 11:31:58
250.20000000000005,88,14767.66,250.20000000000005,10.898,159,309,10.898,2024-06-05 11:31:59
247.39999999999998,99,14776.99,247.39999999999998,9.33,176,303,9.33,2024-06-05 11:32:00
248.60000000000002,85,14782.99,248.60000000000002,6.0,117,135,6.0,2024-06-05 11:32:01
248.60000000000002,78,14790.02,248.60000000000002,7.022,113,140,7.022,2024-06-05 11:32:02
251.0,71,14796.61,251.0,6.591,123,142,6.591,2024-06-05 11:32:03
250.20000000000005,71,14803.71,250.20000000000005,7.1,123,172,7.1,2024-06-05 11:32:04
250.79999999999995,76,14812.18,250.79999999999995,8.476,116,173,8.476,2024-06-05 11:32:05
252.20000000000005,65,14817.68,252.20000000000005,5.493,122,179,5.493,2024-06-05 11:32:06
252.60000000000002,78,14824.4,252.60000000000002,6.728,120,131,6.728,2024-06-05 11:32:07
253.0,79,14832.28,253.0,7.873,128,159,7.873,2024-06-05 11:32:08
247.79999999999995,80,14837.95,247.79999999999995,5.669,126,122,5.669,2024-06-05 11:32:09
249.0,76,14843.24,249.0,5.295,118,151,5.295,2024-06-05 11:32:10
250.20000000000005,76,14848.27,250.20000000000005,5.025,115,158,5.025,2024-06-05 11:32:11
248.39999999999998,79,14854.19,248.39999999999998,5.921,116,137,5.921,2024-06-05 11:32:12
248.20000000000005,75,14857.69,248.20000000000005,3.499,121,138,3.499,2024-06-05 11:32:13
248.20000000000005,80,14864.0,248.20000000000005,6.318,117,162,6.318,2024-06-05 11:32:14
250.0,76,14871.47,250.0,7.468,121,190,7.468,2024-06-05 11:32:15
250.60000000000002,81,14878.85,250.60000000000002,7.382,115,168,7.382,2024-06-05 11:32:16
248.39999999999998,88,14885.41,248.39999999999998,6.556,119,144,6.556,2024-06-05 11:32:17
250.39999999999998,82,14892.18,250.39999999999998,6.766,119,139,6.766,2024-06-05 11:32:18
251.39999999999998,77,14898.91,251.39999999999998,6.738,110,115,6.738,2024-06-05 11:32:19
249.79999999999995,77,14902.9,249.79999999999995,3.982,124,156,3.982,2024-06-05 11:32:20
252.60000000000002,70,14909.15,252.60000000000002,6.252,118,132,6.252,2024-06-05 11:32:21
251.0,84,14914.37,251.0,5.224,115,179,5.224,2024-06-05 11:32:22
251.0,87,14920.6,251.0,6.229,127,166,6.229,2024-06-05 11:32:23
249.79999999999995,78,14927.34,249.79999999999995,6.735,116,150,6.735,2024-06-05 11:32:24
249.79999999999995,73,14933.13,249.79999999999995,5.793,116,124,5.793,2024-06-05 11:32:25
252.0,69,14940.72,252.0,7.591,120,176,7.591,2024-06-05 11:32:26
250.0,80,14945.54,250.0,4.822,120,163,4.822,2024-06-05 11:32:27
247.0,80,14951.86,247.0,6.319,122,153,6.319,2024-06-05 11:32:28
247.60000000000002,77,14956.86,247.60000000000002,5.002,115,172,5.002,2024-06-05 11:32:29
250.39999999999998,71,14962.35,250.39999999999998,5.487,121,157,5.487,2024-06-05 11:32:30
249.20000000000005,78,14968.7,249.20000000000005,6.353,117,129,6.353,2024-06-05 11:32:31
252.20000000000005,79,14973.82,252.20000000000005,5.118,115,154,5.118,2024-06-05 11:32:32
248.60000000000002,73,14979.78,248.60000000000002,5.955,131,176,5.955,2024-06-05 11:32:33
248.39999999999998,74,14986.18,248.39999999999998,6.402,123,135,6.402,2024-06-05 11:32:34
248.79999999999995,79,14990.92,248.79999999999995,4.742,118,143,4.742,2024-06-05 11:32:35
248.79999999999995,83,14997.24,248.79999999999995,6.325,130,175,6.325,2024-06-05 11:32:36
248.20000000000005,86,15004.27,248.20000000000005,7.031,117,171,7.031,2024-06-05 11:32:37
248.39999999999998,77,15010.74,248.39999999999998,6.47,121,170,6.47,2024-06-05 11:32:38
252.20000000000005,77,15017.93,252.20000000000005,7.19,112,141,7.19,2024-06-05 11:32:39
248.60000000000002,77,15024.82,248.60000000000002,6.884,121,138,6.884,2024-06-05 11:32:40
249.60000000000002,79,15031.72,249.60000000000002,6.902,120,185,6.902,2024-06-05 11:32:41
251.79999999999995,79,15039.24,251.79999999999995,7.519,122,162,7.519,2024-06-05 11:32:42
254.20000000000005,81,15045.32,254.20000000000005,6.084,128,167,6.084,2024-06-05 11:32:43
250.79999999999995,76,15052.23,250.79999999999995,6.903,123,130,6.903,2024-06-05 11:32:44
249.0,69,15058.19,249.0,5.963,115,152,5.963,2024-06-05 11:32:45
249.39999999999998,80,15065.31,249.39999999999998,7.118,125,140,7.118,2024-06-05 11:32:46
249.0,82,15071.77,249.0,6.459,116,136,6.459,2024-06-05 11:32:47
250.20000000000005,67,15076.66,250.20000000000005,4.891,129,114,4.891,2024-06-05 11:32:48
249.60000000000002,75,15083.64,249.60000000000002,6.983,111,156,6.983,2024-06-05 11:32:49
248.60000000000002,83,15089.93,248.60000000000002,6.29,113,137,6.29,2024-06-05 11:32:50
248.0,81,15097.8,248.0,7.868,123,118,7.868,2024-06-05 11:32:51
248.60000000000002,73,15104.44,248.60000000000002,6.636,125,128,6.636,2024-06-05 11:32:52
251.39999999999998,70,15110.17,251.39999999999998,5.731,120,114,5.731,2024-06-05 11:32:53
251.39999999999998,80,15115.1,251.39999999999998,4.937,116,137,4.937,2024-06-05 11:32:54
247.79999999999995,70,15121.12,247.79999999999995,6.02,118,133,6.02,2024-06-05 11:32:55
251.79999999999995,71,15126.44,251.79999999999995,5.321,122,155,5.321,2024-06-05 11:32:56
252.0,83,15132.01,252.0,5.57,118,123,5.57,2024-06-05 11:32:57
250.0,78,15139.1,250.0,7.083,127,143,7.083,2024-06-05 11:32:58
249.20000000000005,84,15146.93,249.20000000000005,7.833,118,192,7.833,2024-06-05 11:32:59
251.39999999999998,74,15152.35,251.39999999999998,5.423,125,142,5.423,2024-06-05 11:33:00
253.39999999999998,83,15158.62,253.39999999999998,6.271,116,150,6.271,2024-06-05 11:33:01
249.60000000000002,80,15165.64,249.60000000000002,7.018,118,185,7.018,2024-06-05 11:33:02
246.39999999999998,87,15171.2,246.39999999999998,5.562,122,134,5.562,2024-06-05 11:33:03
249.60000000000002,77,15175.53,249.60000000000002,4.324,118,142,4.324,2024-06-05 11:33:04
250.20000000000005,79,15182.98,250.20000000000005,7.451,124,145,7.451,2024-06-05 11:33:05
249.60000000000002,71,15190.92,249.60000000000002,7.942,125,166,7.942,2024-06-05 11:33:06
249.20000000000005,79,15196.87,249.20000000000005,5.953,123,121,5.953,2024-06-05 11:33:07
247.0,83,15202.4,247.0,5.523,127,121,5.523,2024-06-05 11:33:08
252.39999999999998,71,15207.85,252.39999999999998,5.455,117,128,5.455,2024-06-05 11:33:09
246.39999999999998,82,15213.88,246.39999999999998,6.03,123,174,6.03,2024-06-05 11:33:10
247.79999999999995,84,15219.84,247.79999999999995,5.957,124,134,5.957,2024-06-05 11:33:11
249.20000000000005,77,15227.05,249.20000000000005,7.217,119,130,7.217,2024-06-05 11:33:12
248.20000000000005,76,15231.45,248.20000000000005,4.395,119,170,4.395,2024-06-05 11:33:13
250.39999999999998,76,15236.95,250.39999999999998,5.506,118,142,5.506,2024-06-05 11:33:14
247.0,84,15243.56,247.0,6.609,118,177,6.609,2024-06-05 11:33:15
251.79999999999995,87,15250.25,251.79999999999995,6.691,125,156,6.691,2024-06-05 11:33:16
252.39999999999998,91,15256.92,252.39999999999998,6.665,121,174,6.665,2024-06-05 11:33:17
248.20000000000005,86,15263.47,248.20000000000005,6.548,124,164,6.548,2024-06-05 11:33:18
250.20000000000005,76,15268.85,250.20000000000005,5.386,121,164,5.386,2024-06-05 11:33:19
249.60000000000002,81,15274.83,249.60000000000002,5.981,122,97,5.981,2024-06-05 11:33:20
251.20000000000005,79,15281.08,251.20000000000005,6.244,119,137,6.244,2024-06-05 11:33:21
251.60000000000002,76,15285.84,251.60000000000002,4.763,113,160,4.763,2024-06-05 11:33:22
251.79999999999995,83,15290.13,251.79999999999995,4.288,122,138,4.288,2024-06-05 11:33:23
249.60000000000002,75,15297.12,249.60000000000002,6.989,126,154,6.989,2024-06-05 11:33:24
249.79999999999995,79,15304.47,249.79999999999995,7.35,121,177,7.35,2024-06-05 11:33:25
250.0,91,15311.35,250.0,6.886,116,138,6.886,2024-06-05 11:33:26
252.39999999999998,78,15318.89,252.39999999999998,7.532,114,134,7.532,2024-06-05 11:33:27
250.60000000000002,69,15325.63,250.60000000000002,6.746,118,134,6.746,2024-06-05 11:33:28
248.0,82,15332.22,248.0,6.584,121,177,6.584,2024-06-05 11:33:29
250.39999999999998,86,15339.29,250.39999999999998,7.075,116,88,7.075,2024-06-05 11:33:30
251.39999999999998,75,15346.89,251.39999999999998,7.602,113,131,7.602,2024-06-05 11:33:31
250.60000000000002,74,15354.68,250.60000000000002,7.785,122,106,7.785,2024-06-05 11:33:32
248.79999999999995,79,15361.85,248.79999999999995,7.175,111,181,7.175,2024-06-05 11:33:33
250.79999999999995,77,15367.88,250.79999999999995,6.029,114,154,6.029,2024-06-05 11:33:34
251.20000000000005,80,15373.57,251.20000000000005,5.693,117,139,5.693,2024-06-05 11:33:35
250.20000000000005,84,15380.76,250.20000000000005,7.181,121,159,7.181,2024-06-05 11:33:36
249.79999999999995,71,15388.09,249.79999999999995,7.337,112,119,7.337,2024-06-05 11:33:37
249.60000000000002,79,15394.1,249.60000000000002,6.011,105,122,6.011,2024-06-05 11:33:38
253.79999999999995,91,15399.83,253.79999999999995,5.722,121,139,5.722,2024-06-05 11:33:39
249.60000000000002,89,15405.1,249.60000000000002,5.275,122,167,5.275,2024-06-05 11:33:40
251.0,81,15411.58,251.0,6.476,114,144,6.476,2024-06-05 11:33:41
250.0,83,15418.01,250.0,6.433,114,131,6.433,2024-06-05 11:33:42
250.0,73,15425.98,250.0,7.968,123,146,7.968,2024-06-05 11:33:43
249.0,92,15433.46,249.0,7.486,116,140,7.486,2024-06-05 11:33:44
248.20000000000005,80,15439.95,248.20000000000005,6.487,127,112,6.487,2024-06-05 11:33:45
253.20000000000005,82,15447.1,253.20000000000005,7.153,112,119,7.153,2024-06-05 11:33:46
249.20000000000005,73,15452.99,249.20000000000005,5.891,121,127,5.891,2024-06-05 11:33:47
251.0,83,15458.32,251.0,5.324,118,161,5.324,2024-06-05 11:33:48
252.60000000000002,77,15463.74,252.60000000000002,5.425,129,143,5.425,2024-06-05 11:33:49
250.20000000000005,73,15470.19,250.20000000000005,6.446,116,183,6.446,2024-06-05 11:33:50
248.60000000000002,80,15475.94,248.60000000000002,5.753,121,154,5.753,2024-06-05 11:33:51
250.39999999999998,87,15482.43,250.39999999999998,6.491,123,183,6.491,2024-06-05 11:33:52
249.0,83,15487.9,249.0,5.462,127,155,5.462,2024-06-05 11:33:53
250.39999999999998,77,15496.01,250.39999999999998,8.114,126,157,8.114,2024-06-05 11:33:54
249.39999999999998,84,15502.59,249.39999999999998,6.579,130,137,6.579,2024-06-05 11:33:55
252.0,76,15507.13,252.0,4.539,112,142,4.539,2024-06-05 11:33:56
250.60000000000002,77,15513.73,250.60000000000002,6.598,113,164,6.598,2024-06-05 11:33:57
250.0,82,15519.88,250.0,6.15,123,126,6.15,2024-06-05 11:33:58
250.20000000000005,75,15526.97,250.20000000000005,7.094,118,126,7.094,2024-06-05 11:33:59
246.39999999999998,79,15531.84,246.39999999999998,4.875,126,149,4.875,2024-06-05 11:34:00
251.0,82,15537.19,251.0,5.347,131,207,5.347,2024-06-05 11:34:01
251.39999999999998,76,15543.72,251.39999999999998,6.527,116,174,6.527,2024-06-05 11:34:02
251.60000000000002,80,15548.38,251.60000000000002,4.666,120,153,4.666,2024-06-05 11:34:03
249.20000000000005,73,15554.25,249.20000000000005,5.863,126,177,5.863,2024-06-05 11:34:04
248.79999999999995,84,15559.62,248.79999999999995,5.376,110,138,5.376,2024-06-05 11:34:05
252.20000000000005,79,15564.48,252.20000000000005,4.855,112,158,4.855,2024-06-05 11:34:06
249.60000000000002,80,15571.57,249.60000000000002,7.095,118,141,7.095,2024-06-05 11:34:07
250.79999999999995,82,15576.48,250.79999999999995,4.903,107,175,4.903,2024-06-05 11:34:08
253.20000000000005,77,15583.76,253.20000000000005,7.288,115,174,7.288,2024-06-05 11:34:09
250.20000000000005,70,15589.26,250.20000000000005,5.499,126,161,5.499,2024-06-05 11:34:10
248.20000000000005,74,15595.73,248.20000000000005,6.465,120,179,6.465,2024-06-05 11:34:11
248.79999999999995,74,15601.66,248.79999999999995,5.929,123,138,5.929,2024-06-05 11:34:12
252.20000000000005,75,15605.96,252.20000000000005,4.305,122,159,4.305,2024-06-05 11:34:13
249.0,76,15609.81,249.0,3.851,114,152,3.851,2024-06-05 11:34:14
250.60000000000002,76,15615.85,250.60000000000002,6.042,121,139,6.042,2024-06-05 11:34:15
254.79999999999995,86,15621.59,254.79999999999995,5.739,121,139,5.739,2024-06-05 11:34:16
250.20000000000005,83,15627.44,250.20000000000005,5.849,119,147,5.849,2024-06-05 11:34:17
249.60000000000002,82,15632.93,249.60000000000002,5.491,109,187,5.491,2024-06-05 11:34:18
246.0,87,15638.8,246.0,5.864,132,199,5.864,2024-06-05 11:34:19
246.39999999999998,76,15646.54,246.39999999999998,7.739,113,160,7.739,2024-06-05 11:34:20
249.0,74,15650.64,249.0,4.101,121,178,4.101,2024-06-05 11:34:21
248.39999999999998,82,15656.52,248.39999999999998,5.878,122,163,5.878,2024-06-05 11:34:22
251.39999999999998,82,15663.39,251.39999999999998,6.874,117,168,6.874,2024-06-05 11:34:23
245.79999999999995,80,15670.29,245.79999999999995,6.901,113,157,6.901,2024-06-05 11:34:24
251.0,80,15676.9,251.0,6.608,114,129,6.608,2024-06-05 11:34:25
246.79999999999995,80,15682.41,246.79999999999995,5.51,116,131,5.51,2024-06-05 11:34:26
245.79999999999995,93,15689.74,245.79999999999995,7.327,124,131,7.327,2024-06-05 11:34:27
251.79999999999995,80,15697.11,251.79999999999995,7.373,115,136,7.373,2024-06-05 11:34:28
251.0,71,15702.76,251.0,5.647,126,133,5.647,2024-06-05 11:34:29
248.60000000000002,81,15709.42,248.60000000000002,6.66,131,127,6.66,2024-06-05 11:34:30
245.20000000000005,86,15716.64,245.20000000000005,7.225,156,313,7.225,2024-06-05 11:34:31
250.60000000000002,89,15725.6,250.60000000000002,8.953,163,313,8.953,2024-06-05 11:34:32
253.0,97,15735.55,253.0,9.959,156,315,9.959,2024-06-05 11:34:33
248.39999999999998,95,15743.04,248.39999999999998,7.486,165,303,7.486,2024-06-05 11:34:34
248.39999999999998,87,15751.83,248.39999999999998,8.792,162,276,8.792,2024-06-05 11:34:35
247.20000000000005,97,15761.82,247.20000000000005,9.987,165,317,9.987,2024-06-05 11:34:36
252.39999999999998,94,15771.41,252.39999999999998,9.587,158,295,9.587,2024-06-05 11:34:37
251.0,90,15779.52,251.0,8.109,147,264,8.109,2024-06-05 11:34:38
247.60000000000002,102,15787.7,247.60000000000002,8.182,156,293,8.182,2024-06-05 11:34:39
246.60000000000002,88,15796.49,246.60000000000002,8.793,151,266,8.793,2024-06-05 11:34:40
248.79999999999995,93,15804.96,248.79999999999995,8.465,160,270,8.465,2024-06-05 11:34:41
249.79999999999995,97,15814.26,249.79999999999995,9.308,155,262,9.308,2024-06-05 11:34:42
247.0,109,15823.32,247.0,9.055,167,283,9.055,2024-06-05 11:34:43
249.39999999999998,95,15833.22,249.39999999999998,9.898,167,237,9.898,2024-06-05 11:34:44
249.0,89,15843.62,249.0,10.407,174,261,10.407,2024-06-05 11:34:45
248.79999999999995,102,15852.81,248.79999999999995,9.185,158,275,9.185,2024-06-05 11:34:46
252.20000000000005,91,15862.03,252.20000000000005,9.216,155,282,9.216,2024-06-05 11:34:47
246.0,100,15871.13,246.0,9.104,159,306,9.104,2024-06-05 11:34:48
248.79999999999995,98,15880.46,248.79999999999995,9.334,159,304,9.334,2024-06-05 11:34:49
248.79999999999995,87,15888.67,248.79999999999995,8.21,160,243,8.21,2024-06-05 11:34:50
247.60000000000002,97,15896.29,247.60000000000002,7.615,153,273,7.615,2024-06-05 11:34:51
248.60000000000002,95,15904.22,248.60000000000002,7.935,164,272,7.935,2024-06-05 11:34:52
247.79999999999995,100,15913.03,247.79999999999995,8.811,158,276,8.811,2024-06-05 11:34:53
244.60000000000002,92,15921.14,244.60000000000002,8.103,165,287,8.103,2024-06-05 11:34:54
250.0,95,15930.58,250.0,9.444,166,260,9.444,2024-06-05 11:34:55
248.20000000000005,95,15938.8,248.20000000000005,8.214,147,295,8.214,2024-06-05 11:34:56
249.79999999999995,93,15947.41,249.79999999999995,8.613,159,294,8.613,2024-06-05 11:34:57
249.39999999999998,96,15957.4,249.39999999999998,9.989,159,282,9.989,2024-06-05 11:34:58
253.20000000000005,93,15966.3,253.20000000000005,8.906,162,327,8.906,2024-06-05 11:34:59
250.0,97,15976.18,250.0,9.874,162,278,9.874,2024-06-05 11:35:00
248.79999999999995,99,15985.79,248.79999999999995,9.608,155,275,9.608,2024-06-05 11:35:01
251.79999999999995,96,15995.09,251.79999999999995,9.308,156,278,9.308,2024-06-05 11:35:02
249.0,93,16005.14,249.0,10.046,163,266,10.046,2024-06-05 11:35:03
250.60000000000002,96,16013.7,250.60000000000002,8.558,170,262,8.558,2024-06-05 11:35:04
248.79999999999995,97,16023.79,248.79999999999995,10.091,158,270,10.091,2024-06-05 11:35:05
255.60000000000002,93,16032.17,255.60000000000002,8.384,168,281,8.384,2024-06-05 11:35:06
249.20000000000005,92,16041.1,249.20000000000005,8.929,164,318,8.929,2024-06-05 11:35:07
248.79999999999995,105,16050.26,248.79999999999995,9.159,159,280,9.159,2024-06-05 11:35:08
248.60000000000002,90,16059.64,248.60000000000002,9.374,154,257,9.374,2024-06-05 11:35:09
249.20000000000005,101,16066.76,249.20000000000005,7.125,153,298,7.125,2024-06-05 11:35:10
250.20000000000005,98,16076.1,250.20000000000005,9.341,158,219,9.341,2024-06-05 11:35:11
248.0,96,16086.26,248.0,10.16,163,267,10.16,2024-06-05 11:35:12
249.60000000000002,92,16096.21,249.60000000000002,9.946,146,291,9.946,2024-06-05 11:35:13
248.0,94,16104.91,248.0,8.706,158,293,8.706,2024-06-05 11:35:14
247.39999999999998,93,16113.59,247.39999999999998,8.674,154,259,8.674,2024-06-05 11:35:15
251.0,94,16121.99,251.0,8.408,151,265,8.408,2024-06-05 11:35:16
251.20000000000005,95,16131.51,251.20000000000005,9.51,159,256,9.51,2024-06-05 11:35:17
251.60000000000002,100,16141.03,251.60000000000002,9.521,160,304,9.521,2024-06-05 11:35:18
249.60000000000002,87,16149.19,249.60000000000002,8.163,163,286,8.163,2024-06-05 11:35:19
251.39999999999998,91,16157.15,251.39999999999998,7.964,159,290,7.964,2024-06-05 11:35:20
248.60000000000002,88,16164.76,248.60000000000002,7.606,161,270,7.606,2024-06-05 11:35:21
252.0,92,16174.74,252.0,9.984,155,254,9.984,2024-06-05 11:35:22
249.79999999999995,103,16183.66,249.79999999999995,8.917,161,275,8.917,2024-06-05 11:35:23
252.79999999999995,92,16191.82,252.79999999999995,8.158,160,304,8.158,2024-06-05 11:35:24
249.20000000000005,87,16200.42,249.20000000000005,8.6,159,314,8.6,2024-06-05 11:35:25
250.39999999999998,95,16209.51,250.39999999999998,9.095,163,284,9.095,2024-06-05 11:35:26
248.0,105,16218.25,248.0,8.741,162,318,8.741,2024-06-05 11:35:27
250.79999999999995,94,16227.86,250.79999999999995,9.607,169,234,9.607,2024-06-05 11:35:28
254.0,93,16236.77,254.0,8.911,161,283,8.911,2024-06-05 11:35:29
250.79999999999995,90,16245.45,250.79999999999995,8.673,155,314,8.673,2024-06-05 11:35:30
249.0,95,16253.14,249.0,7.698,157,283,7.698,2024-06-05 11:35:31
250.20000000000005,100,16261.27,250.20000000000005,8.129,158,264,8.129,2024-06-05 11:35:32
246.79999999999995,102,16270.86,246.79999999999995,9.591,160,269,9.591,2024-06-05 11:35:33
246.60000000000002,86,16278.79,246.60000000000002,7.925,151,276,7.925,2024-06-05 11:35:34
250.0,97,16287.19,250.0,8.405,164,290,8.405,2024-06-05 11:35:35
251.79999999999995,96,16296.08,251.79999999999995,8.891,165,313,8.891,2024-06-05 11:35:36
253.79999999999995,101,16304.73,253.79999999999995,8.643,159,257,8.643,2024-06-05 11:35:37
248.39999999999998,94,16315.04,248.39999999999998,10.319,153,255,10.319,2024-06-05 11:35:38
249.39999999999998,98,16324.1,249.39999999999998,9.052,153,292,9.052,2024-06-05 11:35:39
251.39999999999998,90,16332.36,251.39999999999998,8.268,157,294,8.268,2024-06-05 11:35:40
247.60000000000002,94,16340.57,247.60000000000002,8.21,167,246,8.21,2024-06-05 11:35:41
251.0,94,16349.08,251.0,8.509,159,277,8.509,2024-06-05 11:35:42
250.20000000000005,96,16357.23,250.20000000000005,8.145,154,305,8.145,2024-06-05 11:35:43
248.60000000000002,95,16368.64,248.60000000000002,11.412,161,257,11.412,2024-06-05 11:35:44
248.0,87,16379.01,248.0,10.369,155,261,10.369,2024-06-05 11:35:45
250.60000000000002,91,16388.18,250.60000000000002,9.169,150,262,9.169,2024-06-05 11:35:46
246.60000000000002,101,16397.02,246.60000000000002,8.844,159,258,8.844,2024-06-05 11:35:47
250.20000000000005,89,16405.58,250.20000000000005,8.555,167,292,8.555,2024-06-05 11:35:48
250.0,88,16415.14,250.0,9.558,155,289,9.558,2024-06-05 11:35:49
252.60000000000002,97,16423.07,252.60000000000002,7.933,158,230,7.933,2024-06-05 11:35:50
249.79999999999995,96,16432.11,249.79999999999995,9.045,164,283,9.045,2024-06-05 11:35:51
251.60000000000002,100,16441.33,251.60000000000002,9.222,157,259,9.222,2024-06-05 11:35:52
246.20000000000005,97,16451.81,246.20000000000005,10.473,161,262,10.473,2024-06-05 11:35:53
243.79999999999995,97,16462.32,243.79999999999995,10.514,158,278,10.514,2024-06-05 11:35:54
250.0,90,16470.39,250.0,8.073,154,280,8.073,2024-06-05 11:35:55
251.20000000000005,99,16479.72,251.20000000000005,9.325,156,299,9.325,2024-06-05 11:35:56
253.39999999999998,95,16488.95,253.39999999999998,9.229,164,293,9.229,2024-06-05 11:35:57
252.79999999999995,93,16498.35,252.79999999999995,9.404,149,286,9.404,2024-06-05 11:35:58
250.39999999999998,95,16507.8,250.39999999999998,9.452,165,270,9.452,2024-06-05 11:35:59
247.0,104,16515.95,247.0,8.151,160,298,8.151,2024-06-05 11:36:00
251.0,92,16525.66,251.0,9.7,160,242,9.7,2024-06-05 11:36:01
251.60000000000002,95,16533.47,251.60000000000002,7.82,160,310,7.82,2024-06-05 11:36:02
249.0,94,16543.4,249.0,9.928,164,264,9.928,2024-06-05 11:36:03
251.20000000000005,93,16552.12,251.20000000000005,8.721,152,310,8.721,2024-06-05 11:36:04
248.60000000000002,95,16561.17,248.60000000000002,9.043,153,277,9.043,2024-06-05 11:36:05
249.60000000000002,90,16568.64,249.60000000000002,7.476,157,289,7.476,2024-06-05 11:36:06
247.20000000000005,102,16578.57,247.20000000000005,9.923,156,258,9.923,2024-06-05 11:36:07
249.20000000000005,98,16588.86,249.20000000000005,10.295,154,261,10.295,2024-06-05 11:36:08
250.0,100,16598.0,250.0,9.14,163,252,9.14,2024-06-05 11:36:09
247.39999999999998,92,16607.52,247.39999999999998,9.522,141,281,9.522,2024-06-05 11:36:10
247.20000000000005,102,16616.28,247.20000000000005,8.762,166,307,8.762,2024-06-05 11:36:11
246.60000000000002,93,16625.7,246.60000000000002,9.415,152,290,9.415,2024-06-05 11:36:12
254.60000000000002,96,16633.51,254.60000000000002,7.813,159,262,7.813,2024-06-05 11:36:13
249.20000000000005,91,16642.15,249.20000000000005,8.636,160,294,8.636,2024-06-05 11:36:14
247.20000000000005,87,16651.3,247.20000000000005,9.15,154,293,9.15,2024-06-05 11:36:15
250.39999999999998,106,16660.27,250.39999999999998,8.971,159,264,8.971,2024-06-05 11:36:16
252.0,89,16669.2,252.0,8.929,160,299,8.929,2024-06-05 11:36:17
246.79999999999995,96,16679.56,246.79999999999995,10.358,161,284,10.358,2024-06-05 11:36:18
249.20000000000005,99,16689.96,249.20000000000005,10.408,163,291,10.408,2024-06-05 11:36:19
251.79999999999995,92,16698.42,251.79999999999995,8.457,166,285,8.457,2024-06-05 11:36:20
255.20000000000005,102,16708.27,255.20000000000005,9.853,160,286,9.853,2024-06-05 11:36:21
248.20000000000005,89,16716.79,248.20000000000005,8.511,164,302,8.511,2024-06-05 11:36:22
250.0,105,16725.76,250.0,8.972,155,291,8.972,2024-06-05 11:36:23
250.60000000000002,93,16734.36,250.60000000000002,8.6,164,272,8.6,2024-06-05 11:36:24
251.79999999999995,84,16742.75,251.79999999999995,8.393,159,251,8.393,2024-06-05 11:36:25
247.0,88,16753.52,247.0,10.772,164,309,10.772,2024-06-05 11:36:26
250.20000000000005,105,16764.19,250.20000000000005,10.666,155,290,10.666,2024-06-05 11:36:27
246.79999999999995,90,16773.32,246.79999999999995,9.13,158,280,9.13,2024-06-05 11:36:28
252.79999999999995,96,16782.16,252.79999999999995,8.843,164,278,8.843,2024-06-05 11:36:29
249.20000000000005,94,16791.24,249.20000000000005,9.077,157,287,9.077,2024-06-05 11:36:30
250.39999999999998,97,16798.95,250.39999999999998,7.709,163,296,7.709,2024-06-05 11:36:31
251.60000000000002,103,16809.1,251.60000000000002,10.151,159,280,10.151,2024-06-05 11:36:32
248.20000000000005,91,16817.45,248.20000000000005,8.349,166,290,8.349,2024-06-05 11:36:33
249.20000000000005,98,16825.55,249.20000000000005,8.102,164,246,8.102,2024-06-05 11:36:34
247.20000000000005,95,16835.12,247.20000000000005,9.57,160,287,9.57,2024-06-05 11:36:35
246.79999999999995,89,16843.96,246.79999999999995,8.837,151,277,8.837,2024-06-05 11:36:36
250.60000000000002,93,16852.2,250.60000000000002,8.244,158,253,8.244,2024-06-05 11:36:37
254.20000000000005,97,16860.55,254.20000000000005,8.351,154,282,8.351,2024-06-05 11:36:38
248.60000000000002,87,16868.96,248.60000000000002,8.405,163,283,8.405,2024-06-05 11:36:39
248.60000000000002,92,16878.96,248.60000000000002,10.006,158,296,10.006,2024-06-05 11:36:40
248.60000000000002,98,16888.71,248.60000000000002,9.749,160,323,9.749,2024-06-05 11:36:41
253.20000000000005,100,16897.59,253.20000000000005,8.874,159,242,8.874,2024-06-05 11:36:42
249.0,94,16907.59,249.0,10.004,164,277,10.004,2024-06-05 11:36:43
250.39999999999998,95,16918.36,250.39999999999998,10.766,161,282,10.766,2024-06-05 11:36:44
251.60000000000002,88,16927.59,251.60000000000002,9.235,159,251,9.235,2024-06-05 11:36:45
245.79999999999995,98,16937.18,245.79999999999995,9.586,163,286,9.586,2024-06-05 11:36:46
250.60000000000002,94,16946.2,250.60000000000002,9.026,160,297,9.026,2024-06-05 11:36:47
249.79999999999995,91,16955.23,249.79999999999995,9.023,164,333,9.023,2024-06-05 11:36:48
252.39999999999998,91,16962.89,252.39999999999998,7.669,156,282,7.669,2024-06-05 11:36:49
251.39999999999998,89,16971.52,251.39999999999998,8.621,158,284,8.621,2024-06-05 11:36:50
249.39999999999998,89,16979.87,249.39999999999998,8.358,152,286,8.358,2024-06-05 11:36:51
252.79999999999995,89,16988.91,252.79999999999995,9.036,168,267,9.036,2024-06-05 11:36:52
249.60000000000002,84,16998.4,249.60000000000002,9.489,158,296,9.489,2024-06-05 11:36:53
249.0,106,17007.86,249.0,9.462,163,243,9.462,2024-06-05 11:36:54
249.39999999999998,86,17016.22,249.39999999999998,8.363,157,290,8.363,2024-06-05 11:36:55
249.60000000000002,97,17026.84,249.60000000000002,10.619,156,283,10.619,2024-06-05 11:36:56
250.60000000000002,94,17034.22,250.60000000000002,7.376,161,306,7.376,2024-06-05 11:36:57
251.20000000000005,101,17044.11,251.20000000000005,9.894,165,262,9.894,2024-06-05 11:36:58
249.0,92,17054.91,249.0,10.801,159,282,10.801,2024-06-05 11:36:59
251.60000000000002,94,17064.3,251.60000000000002,9.388,158,279,9.388,2024-06-05 11:37:00
247.79999999999995,84,17070.17,247.79999999999995,5.875,114,130,5.875,2024-06-05 11:37:01
249.20000000000005,83,17077.61,249.20000000000005,7.432,122,112,7.432,2024-06-05 11:37:02
251.20000000000005,74,17083.32,251.20000000000005,5.712,118,142,5.712,2024-06-05 11:37:03
250.79999999999995,82,17090.14,250.79999999999995,6.818,118,173,6.818,2024-06-05 11:37:04
252.20000000000005,80,17094.45,252.20000000000005,4.317,108,141,4.317,2024-06-05 11:37:05
249.79999999999995,89,17102.08,249.79999999999995,7.627,120,135,7.627,2024-06-05 11:37:06
253.0,77,17107.43,253.0,5.353,114,177,5.353,2024-06-05 11:37:07
249.79999999999995,79,17114.7,249.79999999999995,7.264,120,152,7.264,2024-06-05 11:37:08
253.0,80,17121.16,253.0,6.464,125,129,6.464,2024-06-05 11:37:09
248.60000000000002,74,17126.97,248.60000000000002,5.807,126,128,5.807,2024-06-05 11:37:10
248.79999999999995,79,17134.12,248.79999999999995,7.147,127,150,7.147,2024-06-05 11:37:11
250.20000000000005,84,17139.01,250.20000000000005,4.891,116,204,4.891,2024-06-05 11:37:12
248.0,72,17146.07,248.0,7.061,121,189,7.061,2024-06-05 11:37:13
250.20000000000005,79,17151.14,250.20000000000005,5.073,119,154,5.073,2024-06-05 11:37:14
247.39999999999998,87,17156.54,247.39999999999998,5.395,117,147,5.395,2024-06-05 11:37:15
247.20000000000005,79,17163.67,247.20000000000005,7.128,122,181,7.128,2024-06-05 11:37:16
251.79999999999995,87,17167.4,251.79999999999995,3.731,120,152,3.731,2024-06-05 11:37:17
251.39999999999998,84,17175.38,251.39999999999998,7.981,119,164,7.981,2024-06-05 11:37:18
247.60000000000002,81,17180.56,247.60000000000002,5.184,112,139,5.184,2024-06-05 11:37:19
252.79999999999995,75,17184.8,252.79999999999995,4.239,118,161,4.239,2024-06-05 11:37:20
248.79999999999995,76,17192.03,248.79999999999995,7.226,119,136,7.226,2024-06-05 11:37:21
247.39999999999998,85,17197.73,247.39999999999998,5.704,128,132,5.704,2024-06-05 11:37:22
251.60000000000002,89,17202.9,251.60000000000002,5.17,122,190,5.17,2024-06-05 11:37:23
246.60000000000002,86,17206.7,246.60000000000002,3.795,116,138,3.795,2024-06-05 11:37:24
247.39999999999998,80,17211.66,247.39999999999998,4.963,120,147,4.963,2024-06-05 11:37:25
251.20000000000005,82,17215.77,251.20000000000005,4.113,113,131,4.113,2024-06-05 11:37:26
249.0,89,17221.89,249.0,6.117,121,179,6.117,2024-06-05 11:37:27
254.0,85,17228.92,254.0,7.032,111,146,7.032,2024-06-05 11:37:28
251.60000000000002,81,17236.63,251.60000000000002,7.704,123,154,7.704,2024-06-05 11:37:29
249.0,84,17244.68,249.0,8.054,114,163,8.054,2024-06-05 11:37:30
250.0,82,17248.99,250.0,4.312,125,149,4.312,2024-06-05 11:37:31
248.20000000000005,83,17256.41,248.20000000000005,7.418,116,144,7.418,2024-06-05 11:37:32
251.60000000000002,82,17263.16,251.60000000000002,6.748,116,192,6.748,2024-06-05 11:37:33
250.0,77,17268.98,250.0,5.818,121,130,5.818,2024-06-05 11:37:34
249.0,81,17274.42,249.0,5.448,123,131,5.448,2024-06-05 11:37:35
250.60000000000002,74,17281.33,250.60000000000002,6.911,121,142,6.911,2024-06-05 11:37:36
248.39999999999998,72,17287.41,248.39999999999998,6.073,118,151,6.073,2024-06-05 11:37:37
250.60000000000002,77,17291.96,250.60000000000002,4.556,121,137,4.556,2024-06-05 11:37:38
254.0,87,17297.38,254.0,5.416,119,113,5.416,2024-06-05 11:37:39
251.20000000000005,74,17303.79,251.20000000000005,6.411,121,125,6.411,2024-06-05 11:37:40
251.39999999999998,79,17308.63,251.39999999999998,4.843,113,123,4.843,2024-06-05 11:37:41
252.0,85,17314.35,252.0,5.718,125,161,5.718,2024-06-05 11:37:42
252.60000000000002,67,17322.14,252.60000000000002,7.787,123,178,7.787,2024-06-05 11:37:43
250.60000000000002,71,17327.09,250.60000000000002,4.949,130,180,4.949,2024-06-05 11:37:44
245.60000000000002,83,17334.37,245.60000000000002,7.286,118,109,7.286,2024-06-05 11:37:45
249.20000000000005,75,17341.78,249.20000000000005,7.411,117,164,7.411,2024-06-05 11:37:46
248.79999999999995,79,17348.09,248.79999999999995,6.311,119,160,6.311,2024-06-05 11:37:47
252.0,84,17353.76,252.0,5.669,122,132,5.669,2024-06-05 11:37:48
251.39999999999998,85,17359.53,251.39999999999998,5.761,122,140,5.761,2024-06-05 11:37:49
246.39999999999998,83,17365.12,246.39999999999998,5.591,115,150,5.591,2024-06-05 11:37:50
254.39999999999998,78,17370.1,254.39999999999998,4.985,131,102,4.985,2024-06-05 11:37:51
254.0,84,17377.87,254.0,7.766,124,157,7.766,2024-06-05 11:37:52
250.0,85,17383.92,250.0,6.049,128,173,6.049,2024-06-05 11:37:53
251.60000000000002,80,17389.93,251.60000000000002,6.013,116,146,6.013,2024-06-05 11:37:54
250.0,74,17395.81,250.0,5.88,121,150,5.88,2024-06-05 11:37:55
247.60000000000002,74,17402.08,247.60000000000002,6.27,123,139,6.27,2024-06-05 11:37:56
249.0,87,17407.54,249.0,5.465,118,137,5.465,2024-06-05 11:37:57
252.0,82,17413.0,252.0,5.459,115,133,5.459,2024-06-05 11:37:58
246.39999999999998,88,17420.14,246.39999999999998,7.133,124,152,7.133,2024-06-05 11:37:59
249.60000000000002,88,17427.9,249.60000000000002,7.764,121,130,7.764,2024-06-05 11:38:00
251.79999999999995,82,17433.59,251.79999999999995,5.691,123,169,5.691,2024-06-05 11:38:01
247.79999999999995,84,17439.67,247.79999999999995,6.077,113,142,6.077,2024-06-05 11:38:02
249.0,86,17446.43,249.0,6.763,131,151,6.763,2024-06-05 11:38:03
250.79999999999995,79,17452.73,250.79999999999995,6.299,122,156,6.299,2024-06-05 11:38:04
250.39999999999998,81,17459.18,250.39999999999998,6.451,121,147,6.451,2024-06-05 11:38:05
252.60000000000002,87,17466.25,252.60000000000002,7.065,117,140,7.065,2024-06-05 11:38:06
250.0,89,17472.55,250.0,6.3,121,136,6.3,2024-06-05 11:38:07
248.79999999999995,83,17479.9,248.79999999999995,7.351,123,158,7.351,2024-06-05 11:38:08
250.79999999999995,74,17485.27,250.79999999999995,5.375,111,169,5.375,2024-06-05 11:38:09
249.60000000000002,75,17490.94,249.60000000000002,5.668,122,171,5.668,2024-06-05 11:38:10
248.79999999999995,85,17496.91,248.79999999999995,5.97,118,170,5.97,2024-06-05 11:38:11
248.20000000000005,87,17503.57,248.20000000000005,6.661,114,160,6.661,2024-06-05 11:38:12
248.20000000000005,78,17509.01,248.20000000000005,5.439,120,138,5.439,2024-06-05 11:38:13
251.0,76,17515.13,251.0,6.122,115,150,6.122,2024-06-05 11:38:14
247.79999999999995,83,17520.99,247.79999999999995,5.858,132,135,5.858,2024-06-05 11:38:15
249.0,80,17525.6,249.0,4.609,114,126,4.609,2024-06-05 11:38:16
250.39999999999998,74,17533.99,250.39999999999998,8.389,119,183,8.389,2024-06-05 11:38:17
251.0,74,17539.63,251.0,5.641,122,133,5.641,2024-06-05 11:38:18
252.79999999999995,80,17546.8,252.79999999999995,7.173,114,181,7.173,2024-06-05 11:38:19
250.79999999999995,75,17552.69,250.79999999999995,5.884,125,167,5.884,2024-06-05 11:38:20
249.0,68,17557.26,249.0,4.568,118,132,4.568,2024-06-05 11:38:21
249.0,85,17563.02,249.0,5.766,120,175,5.766,2024-06-05 11:38:22
251.60000000000002,77,17567.87,251.60000000000002,4.847,123,173,4.847,2024-06-05 11:38:23
248.79999999999995,69,17574.81,248.79999999999995,6.945,122,170,6.945,2024-06-05 11:38:24
248.20000000000005,75,17581.14,248.20000000000005,6.322,125,165,6.322,2024-06-05 11:38:25
251.39999999999998,75,17586.83,251.39999999999998,5.69,130,157,5.69,2024-06-05 11:38:26
251.20000000000005,83,17590.57,251.20000000000005,3.744,125,127,3.744,2024-06-05 11:38:27
251.20000000000005,79,17595.99,251.20000000000005,5.423,120,131,5.423,2024-06-05 11:38:28
250.20000000000005,80,17601.51,250.20000000000005,5.521,116,150,5.521,2024-06-05 11:38:29
253.60000000000002,73,17607.19,253.60000000000002,5.682,120,138,5.682,2024-06-05 11:38:30
248.0,73,17612.38,248.0,5.19,109,151,5.19,2024-06-05 11:38:31
252.20000000000005,79,17618.53,252.20000000000005,6.148,130,172,6.148,2024-06-05 11:38:32
253.0,83,17624.22,253.0,5.691,126,155,5.691,2024-06-05 11:38:33
250.60000000000002,86,17630.81,250.60000000000002,6.59,113,146,6.59,2024-06-05 11:38:34
251.39999999999998,75,17637.02,251.39999999999998,6.211,117,144,6.211,2024-06-05 11:38:35
250.39999999999998,78,17641.88,250.39999999999998,4.854,122,148,4.854,2024-06-05 11:38:36
252.20000000000005,78,17648.86,252.20000000000005,6.978,124,150,6.978,2024-06-05 11:38:37
251.0,88,17656.34,251.0,7.48,122,172,7.48,2024-06-05 11:38:38
251.0,87,17661.58,251.0,5.246,122,203,5.246,2024-06-05 11:38:39
250.0,83,17668.75,250.0,7.165,118,154,7.165,2024-06-05 11:38:40
246.20000000000005,92,17673.07,246.20000000000005,4.328,110,104,4.328,2024-06-05 11:38:41
250.79999999999995,76,17678.3,250.79999999999995,5.225,118,156,5.225,2024-06-05 11:38:42
247.60000000000002,79,17685.68,247.60000000000002,7.379,127,140,7.379,2024-06-05 11:38:43
250.20000000000005,80,17693.11,250.20000000000005,7.436,123,164,7.436,2024-06-05 11:38:44
250.20000000000005,76,17699.72,250.20000000000005,6.609,120,159,6.609,2024-06-05 11:38:45
246.79999999999995,78,17707.48,246.79999999999995,7.754,121,144,7.754,2024-06-05 11:38:46
251.0,75,17712.42,251.0,4.941,122,160,4.941,2024-06-05 11:38:47
251.20000000000005,76,17718.36,251.20000000000005,5.945,126,141,5.945,2024-06-05 11:38:48
253.0,82,17726.18,253.0,7.814,122,131,7.814,2024-06-05 11:38:49
252.79999999999995,85,17731.52,252.79999999999995,5.347,124,138,5.347,2024-06-05 11:38:50
252.0,70,17737.55,252.0,6.024,119,156,6.024,2024-06-05 11:38:51
246.79999999999995,85,17743.21,246.79999999999995,5.661,121,148,5.661,2024-06-05 11:38:52
249.39999999999998,77,17749.95,249.39999999999998,6.742,128,157,6.742,2024-06-05 11:38:53
246.0,80,17754.61,246.0,4.657,111,142,4.657,2024-06-05 11:38:54
247.79999999999995,74,17761.29,247.79999999999995,6.685,125,153,6.685,2024-06-05 11:38:55
249.79999999999995,81,17768.05,249.79999999999995,6.754,117,185,6.754,2024-06-05 11:38:56
251.39999999999998,76,17774.63,251.39999999999998,6.585,109,106,6.585,2024-06-05 11:38:57
255.0,84,17780.34,255.0,5.708,103,162,5.708,2024-06-05 11:38:58
253.39999999999998,77,17787.02,253.39999999999998,6.685,125,170,6.685,2024-06-05 11:38:59
252.0,78,17794.33,252.0,7.309,106,103,7.309,2024-06-05 11:39:00
248.60000000000002,76,17799.57,248.60000000000002,5.24,115,158,5.24,2024-06-05 11:39:01
246.79999999999995,77,17805.24,246.79999999999995,5.669,116,128,5.669,2024-06-05 11:39:02
249.39999999999998,79,17812.27,249.39999999999998,7.03,122,160,7.03,2024-06-05 11:39:03
248.60000000000002,83,17817.44,248.60000000000002,5.167,110,154,5.167,2024-06-05 11:39:04
247.39999999999998,73,17823.17,247.39999999999998,5.726,112,180,5.726,2024-06-05 11:39:05
245.39999999999998,73,17829.3,245.39999999999998,6.132,115,146,6.132,2024-06-05 11:39:06
249.79999999999995,74,17835.55,249.79999999999995,6.257,119,135,6.257,2024-06-05 11:39:07
255.0,78,17840.01,255.0,4.454,113,148,4.454,2024-06-05 11:39:08
249.20000000000005,84,17847.15,249.20000000000005,7.145,117,193,7.145,2024-06-05 11:39:09
251.20000000000005,88,17853.07,251.20000000000005,5.919,125,117,5.919,2024-06-05 11:39:10
249.79999999999995,76,17858.64,249.79999999999995,5.571,106,160,5.571,2024-06-05 11:39:11
249.60000000000002,75,17864.73,249.60000000000002,6.083,122,165,6.083,2024-06-05 11:39:12
251.0,82,17871.05,251.0,6.321,128,135,6.321,2024-06-05 11:39:13
251.0,79,17876.79,251.0,5.742,116,141,5.742,2024-06-05 11:39:14
250.60000000000002,80,17884.08,250.60000000000002,7.292,113,130,7.292,2024-06-05 11:39:15
250.0,77,17889.78,250.0,5.693,110,96,5.693,2024-06-05 11:39:16
248.20000000000005,89,17894.89,248.20000000000005,5.115,123,157,5.115,2024-06-05 11:39:17
248.0,81,17902.04,248.0,7.152,124,162,7.152,2024-06-05 11:39:18
251.79999999999995,78,17910.28,251.79999999999995,8.24,117,156,8.24,2024-06-05 11:39:19
251.0,77,17917.15,251.0,6.871,124,125,6.871,2024-06-05 11:39:20
246.0,86,17924.36,246.0,7.203,123,102,7.203,2024-06-05 11:39:21
250.60000000000002,84,17929.79,250.60000000000002,5.434,126,138,5.434,2024-06-05 11:39:22
251.60000000000002,85,17936.97,251.60000000000002,7.183,125,159,7.183,2024-06-05 11:39:23
248.20000000000005,72,17942.7,248.20000000000005,5.728,119,139,5.728,2024-06-05 11:39:24
249.60000000000002,74,17949.73,249.60000000000002,7.028,124,165,7.028,2024-06-05 11:39:25
249.60000000000002,93,17955.79,249.60000000000002,6.065,125,155,6.065,2024-06-05 11:39:26
249.79999999999995,90,17961.89,249.79999999999995,6.099,123,116,6.099,2024-06-05 11:39:27
252.79999999999995,84,17967.77,252.79999999999995,5.877,118,192,5.877,2024-06-05 11:39:28
248.79999999999995,79,17974.87,248.79999999999995,7.097,128,160,7.097,2024-06-05 11:39:29
252.60000000000002,68,17980.08,252.60000000000002,5.217,123,145,5.217,2024-06-05 11:39:30
250.0,96,17991.08,250.0,10.991,162,297,10.991,2024-06-05 11:39:31
250.0,97,17999.99,250.0,8.915,170,277,8.915,2024-06-05 11:39:32
248.20000000000005,95,18007.63,248.20000000000005,7.636,158,281,7.636,2024-06-05 11:39:33
247.79999999999995,93,18016.4,247.79999999999995,8.773,157,272,8.773,2024-06-05 11:39:34
250.20000000000005,95,18025.7,250.20000000000005,9.299,166,261,9.299,2024-06-05 11:39:35
247.79999999999995,97,18034.01,247.79999999999995,8.316,157,275,8.316,2024-06-05 11:39:36
249.79999999999995,95,18043.18,249.79999999999995,9.164,159,312,9.164,2024-06-05 11:39:37
251.39999999999998,101,18052.01,251.39999999999998,8.832,163,267,8.832,2024-06-05 11:39:38
252.60000000000002,89,18060.87,252.60000000000002,8.855,161,317,8.855,2024-06-05 11:39:39
250.39999999999998,97,18069.24,250.39999999999998,8.378,154,278,8.378,2024-06-05 11:39:40
250.79999999999995,107,18077.98,250.79999999999995,8.739,154,283,8.739,2024-06-05 11:39:41
249.20000000000005,100,18089.55,249.20000000000005,11.569,154,314,11.569,2024-06-05 11:39:42
253.20000000000005,85,18098.38,253.20000000000005,8.827,164,300,8.827,2024-06-05 11:39:43
248.60000000000002,92,18106.36,248.60000000000002,7.979,155,273,7.979,2024-06-05 11:39:44
248.79999999999995,92,18116.66,248.79999999999995,10.301,159,265,10.301,2024-06-05 11:39:45
251.60000000000002,95,18126.12,251.60000000000002,9.461,154,314,9.461,2024-06-05 11:39:46
250.39999999999998,93,18135.36,250.39999999999998,9.244,164,285,9.244,2024-06-05 11:39:47
249.60000000000002,96,18144.44,249.60000000000002,9.078,165,304,9.078,2024-06-05 11:39:48
248.0,102,18153.39,248.0,8.95,159,246,8.95,2024-06-05 11:39:49
251.60000000000002,97,18163.16,251.60000000000002,9.771,154,243,9.771,2024-06-05 11:39:50
247.20000000000005,89,18173.12,247.20000000000005,9.957,155,286,9.957,2024-06-05 11:39:51
249.20000000000005,92,18181.64,249.20000000000005,8.52,161,258,8.52,2024-06-05 11:39:52
251.0,94,18191.66,251.0,10.018,152,270,10.018,2024-06-05 11:39:53
249.60000000000002,99,18200.33,249.60000000000002,8.67,166,270,8.67,2024-06-05 11:39:54
253.0,94,18208.43,253.0,8.105,158,265,8.105,2024-06-05 11:39:55
247.20000000000005,94,18217.34,247.20000000000005,8.907,156,268,8.907,2024-06-05 11:39:56
250.0,99,18225.72,250.0,8.38,155,290,8.38,2024-06-05 11:39:57
250.79999999999995,95,18235.08,250.79999999999995,9.358,165,266,9.358,2024-06-05 11:39:58
249.20000000000005,90,18243.02,249.20000000000005,7.938,142,290,7.938,2024-06-05 11:39:59
250.60000000000002,96,18253.46,250.60000000000002,10.448,154,283,10.448,2024-06-05 11:40:00
248.39999999999998,92,18261.93,248.39999999999998,8.465,165,285,8.465,2024-06-05 11:40:01
252.20000000000005,94,18270.12,252.20000000000005,8.194,153,290,8.194,2024-06-05 11:40:02
251.60000000000002,94,18280.16,251.60000000000002,10.033,162,264,10.033,2024-06-05 11:40:03
246.60000000000002,94,18288.46,246.60000000000002,8.309,162,260,8.309,2024-06-05 11:40:04
248.0,95,18296.04,248.0,7.574,156,250,7.574,2024-06-05 11:40:05
251.79999999999995,98,18304.93,251.79999999999995,8.896,155,239,8.896,2024-06-05 11:40:06
250.39999999999998,92,18314.19,250.39999999999998,9.254,160,284,9.254,2024-06-05 11:40:07
248.79999999999995,95,18322.37,248.79999999999995,8.188,163,267,8.188,2024-06-05 11:40:08
247.39999999999998,100,18330.91,247.39999999999998,8.534,157,291,8.534,2024-06-05 11:40:09
250.79999999999995,95,18340.42,250.79999999999995,9.514,163,238,9.514,2024-06-05 11:40:10
251.79999999999995,92,18349.12,251.79999999999995,8.697,162,275,8.697,2024-06-05 11:40:11
252.20000000000005,103,18358.82,252.20000000000005,9.701,151,227,9.701,2024-06-05 11:40:12
247.60000000000002,88,18368.91,247.60000000000002,10.084,165,281,10.084,2024-06-05 11:40:13
247.79999999999995,93,18377.68,247.79999999999995,8.775,162,285,8.775,2024-06-05 11:40:14
249.0,89,18387.13,249.0,9.45,159,255,9.45,2024-06-05 11:40:15
250.79999999999995,99,18395.42,250.79999999999995,8.294,155,264,8.294,2024-06-05 11:40:16
249.39999999999998,97,18403.44,249.39999999999998,8.018,162,293,8.018,2024-06-05 11:40:17
250.0,96,18412.85,250.0,9.405,160,304,9.405,2024-06-05 11:40:18
250.60000000000002,101,18423.21,250.60000000000002,10.358,157,293,10.358,2024-06-05 11:40:19
252.39999999999998,88,18430.86,252.39999999999998,7.65,157,292,7.65,2024-06-05 11:40:20
248.0,88,18439.02,248.0,8.162,164,292,8.162,2024-06-05 11:40:21
249.39999999999998,94,18448.63,249.39999999999998,9.609,161,295,9.609,2024-06-05 11:40:22
250.60000000000002,99,18457.22,250.60000000000002,8.59,162,300,8.59,2024-06-05 11:40:23
248.79999999999995,91,18466.68,248.79999999999995,9.464,158,309,9.464,2024-06-05 11:40:24
255.39999999999998,94,18475.27,255.39999999999998,8.594,164,229,8.594,2024-06-05 11:40:25
250.0,90,18483.77,250.0,8.491,152,288,8.491,2024-06-05 11:40:26
249.0,96,18492.88,249.0,9.118,157,277,9.118,2024-06-05 11:40:27
250.0,99,18501.72,250.0,8.832,161,291,8.832,2024-06-05 11:40:28
253.20000000000005,95,18510.81,253.20000000000005,9.092,163,302,9.092,2024-06-05 11:40:29
253.0,94,18520.09,253.0,9.284,162,301,9.284,2024-06-05 11:40:30
250.0,92,18529.09,250.0,8.994,166,269,8.994,2024-06-05 11:40:31
249.60000000000002,92,18537.22,249.60000000000002,8.137,148,280,8.137,2024-06-05 11:40:32
249.60000000000002,89,18544.74,249.60000000000002,7.521,160,262,7.521,2024-06-05 11:40:33
249.0,102,18552.37,249.0,7.624,161,286,7.624,2024-06-05 11:40:34
250.0,102,18561.82,250.0,9.449,172,276,9.449,2024-06-05 11:40:35
248.39999999999998,91,18569.08,248.39999999999998,7.265,157,280,7.265,2024-06-05 11:40:36
254.20000000000005,92,18578.67,254.20000000000005,9.593,158,247,9.593,2024-06-05 11:40:37
248.20000000000005,89,18587.98,248.20000000000005,9.31,154,268,9.31,2024-06-05 11:40:38
252.0,94,18597.94,252.0,9.959,158,262,9.959,2024-06-05 11:40:39
253.39999999999998,90,18606.91,253.39999999999998,8.963,162,299,8.963,2024-06-05 11:40:40
251.0,96,18615.28,251.0,8.369,160,261,8.369,2024-06-05 11:40:41
253.60000000000002,96,18624.97,253.60000000000002,9.697,165,266,9.697,2024-06-05 11:40:42
248.20000000000005,98,18633.42,248.20000000000005,8.446,164,304,8.446,2024-06-05 11:40:43
250.0,94,18640.18,250.0,6.761,163,258,6.761,2024-06-05 11:40:44
245.60000000000002,90,18649.91,245.60000000000002,9.73,157,272,9.73,2024-06-05 11:40:45
249.0,84,18659.09,249.0,9.179,158,309,9.179,2024-06-05 11:40:46
253.60000000000002,88,18668.73,253.60000000000002,9.643,155,306,9.643,2024-06-05 11:40:47
249.0,91,18678.18,249.0,9.445,159,252,9.445,2024-06-05 11:40:48
249.79999999999995,94,18688.85,249.79999999999995,10.675,159,293,10.675,2024-06-05 11:40:49
245.79999999999995,85,18698.05,245.79999999999995,9.196,162,245,9.196,2024-06-05 11:40:50
246.20000000000005,88,18708.92,246.20000000000005,10.867,161,303,10.867,2024-06-05 11:40:51
250.0,96,18717.87,250.0,8.951,153,290,8.951,2024-06-05 11:40:52
251.0,92,18725.54,251.0,7.672,158,272,7.672,2024-06-05 11:40:53
250.79999999999995,94,18734.21,250.79999999999995,8.674,164,249,8.674,2024-06-05 11:40:54
251.0,101,18743.07,251.0,8.854,161,295,8.854,2024-06-05 11:40:55
248.60000000000002,98,18752.95,248.60000000000002,9.879,159,268,9.879,2024-06-05 11:40:56
248.39999999999998,99,18762.7,248.39999999999998,9.758,153,252,9.758,2024-06-05 11:40:57
251.60000000000002,93,18771.31,251.60000000000002,8.61,162,282,8.61,2024-06-05 11:40:58
250.20000000000005,97,18780.38,250.20000000000005,9.07,164,273,9.07,2024-06-05 11:40:59
245.60000000000002,94,18788.65,245.60000000000002,8.27,158,278,8.27,2024-06-05 11:41:00
254.0,94,18797.19,254.0,8.536,154,270,8.536,2024-06-05 11:41:01
251.39999999999998,90,18805.74,251.39999999999998,8.553,159,227,8.553,2024-06-05 11:41:02
252.60000000000002,91,18813.78,252.60000000000002,8.037,152,274,8.037,2024-06-05 11:41:03
254.39999999999998,100,18822.8,254.39999999999998,9.02,159,291,9.02,2024-06-05 11:41:04
249.39999999999998,85,18832.12,249.39999999999998,9.32,153,241,9.32,2024-06-05 11:41:05
246.39999999999998,87,18841.56,246.39999999999998,9.444,156,276,9.444,2024-06-05 11:41:06
250.60000000000002,99,18850.15,250.60000000000002,8.586,170,283,8.586,2024-06-05 11:41:07
252.60000000000002,97,18860.35,252.60000000000002,10.2,163,303,10.2,2024-06-05 11:41:08
247.39999999999998,95,18870.86,247.39999999999998,10.512,161,281,10.512,2024-06-05 11:41:09
249.0,85,18880.86,249.0,9.997,156,257,9.997,2024-06-05 11:41:10
248.79999999999995,97,18888.07,248.79999999999995,7.212,164,292,7.212,2024-06-05 11:41:11
249.60000000000002,98,18895.31,249.60000000000002,7.238,165,246,7.238,2024-06-05 11:41:12
247.39999999999998,96,18904.48,247.39999999999998,9.166,158,275,9.166,2024-06-05 11:41:13
250.20000000000005,104,18915.22,250.20000000000005,10.741,157,284,10.741,2024-06-05 11:41:14
247.20000000000005,96,18924.82,247.20000000000005,9.603,154,285,9.603,2024-06-05 11:41:15
247.39999999999998,96,18933.29,247.39999999999998,8.471,157,300,8.471,2024-06-05 11:41:16
245.79999999999995,90,18942.47,245.79999999999995,9.182,155,292,9.182,2024-06-05 11:41:17
251.79999999999995,93,18951.68,251.79999999999995,9.21,166,264,9.21,2024-06-05 11:41:18
251.39999999999998,98,18960.15,251.39999999999998,8.471,150,302,8.471,2024-06-05 11:41:19
248.60000000000002,94,18969.98,248.60000000000002,9.821,157,292,9.821,2024-06-05 11:41:20
248.79999999999995,85,18977.84,248.79999999999995,7.861,151,260,7.861,2024-06-05 11:41:21
245.60000000000002,96,18986.44,245.60000000000002,8.603,162,261,8.603,2024-06-05 11:41:22
250.39999999999998,94,18996.79,250.39999999999998,10.35,149,274,10.35,2024-06-05 11:41:23
251.60000000000002,88,19007.87,251.60000000000002,11.079,156,291,11.079,2024-06-05 11:41:24
248.39999999999998,92,19015.27,248.39999999999998,7.402,159,277,7.402,2024-06-05 11:41:25
247.60000000000002,94,19025.21,247.60000000000002,9.939,160,280,9.939,2024-06-05 11:41:26
250.79999999999995,101,19033.82,250.79999999999995,8.611,162,248,8.611,2024-06-05 11:41:27
251.0,101,19042.76,251.0,8.942,160,285,8.942,2024-06-05 11:41:28
248.39999999999998,95,19050.4,248.39999999999998,7.633,157,262,7.633,2024-06-05 11:41:29
251.39999999999998,90,19056.85,251.39999999999998,6.455,156,311,6.455,2024-06-05 11:41:30
249.60000000000002,97,19065.98,249.60000000000002,9.133,156,334,9.133,2024-06-05 11:41:31
252.79999999999995,96,19073.25,252.79999999999995,7.27,158,273,7.27,2024-06-05 11:41:32
251.79999999999995,90,19083.78,251.79999999999995,10.529,162,260,10.529,2024-06-05 11:41:33
251.39999999999998,92,19092.85,251.39999999999998,9.067,162,324,9.067,2024-06-05 11:41:34
249.0,92,19103.61,249.0,10.758,161,288,10.758,2024-06-05 11:41:35
251.39999999999998,84,19112.23,251.39999999999998,8.618,170,275,8.618,2024-06-05 11:41:36
248.79999999999995,86,19120.27,248.79999999999995,8.045,161,225,8.045,2024-06-05 11:41:37
250.39999999999998,94,19129.02,250.39999999999998,8.746,157,271,8.746,2024-06-05 11:41:38
252.39999999999998,92,19138.98,252.39999999999998,9.958,157,277,9.958,2024-06-05 11:41:39
249.60000000000002,90,19148.38,249.60000000000002,9.401,157,277,9.401,2024-06-05 11:41:40
250.0,82,19156.62,250.0,8.249,163,255,8.249,2024-06-05 11:41:41
252.0,99,19169.1,252.0,12.472,161,299,12.472,2024-06-05 11:41:42
250.60000000000002,89,19177.47,250.60000000000002,8.368,161,290,8.368,2024-06-05 11:41:43
249.0,93,19186.7,249.0,9.231,155,286,9.231,2024-06-05 11:41:44
249.0,95,19195.66,249.0,8.961,161,287,8.961,2024-06-05 11:41:45
247.20000000000005,85,19203.76,247.20000000000005,8.104,162,227,8.104,2024-06-05 11:41:46
249.20000000000005,90,19212.86,249.20000000000005,9.099,158,268,9.099,2024-06-05 11:41:47
250.0,99,19222.45,250.0,9.59,166,243,9.59,2024-06-05 11:41:48
248.20000000000005,89,19232.45,248.20000000000005,9.998,157,265,9.998,2024-06-05 11:41:49
251.79999999999995,89,19241.55,251.79999999999995,9.105,166,302,9.105,2024-06-05 11:41:50
250.0,97,19250.12,250.0,8.563,161,274,8.563,2024-06-05 11:41:51
249.39999999999998,81,19261.2,249.39999999999998,11.083,155,248,11.083,2024-06-05 11:41:52
249.79999999999995,92,19270.62,249.79999999999995,9.425,163,274,9.425,2024-06-05 11:41:53
250.79999999999995,91,19278.9,250.79999999999995,8.275,158,281,8.275,2024-06-05 11:41:54
247.60000000000002,90,19289.06,247.60000000000002,10.166,149,262,10.166,2024-06-05 11:41:55
248.60000000000002,92,19298.28,248.60000000000002,9.218,151,253,9.218,2024-06-05 11:41:56
250.60000000000002,94,19306.82,250.60000000000002,8.541,158,268,8.541,2024-06-05 11:41:57
250.79999999999995,92,19315.6,250.79999999999995,8.772,164,231,8.772,2024-06-05 11:41:58
253.39999999999998,94,19323.65,253.39999999999998,8.059,157,250,8.059,2024-06-05 11:41:59
248.60000000000002,95,19331.91,248.60000000000002,8.251,159,297,8.251,2024-06-05 11:42:00
247.0,79,19340.39,247.0,8.483,114,137,8.483,2024-06-05 11:42:01
249.20000000000005,79,19347.0,249.20000000000005,6.614,120,152,6.614,2024-06-05 11:42:02
247.0,78,19354.58,247.0,7.576,116,123,7.576,2024-06-05 11:42:03
247.60000000000002,77,19360.27,247.60000000000002,5.693,119,139,5.693,2024-06-05 11:42:04
249.20000000000005,92,19365.32,249.20000000000005,5.048,122,175,5.048,2024-06-05 11:42:05
248.60000000000002,75,19371.14,248.60000000000002,5.817,117,121,5.817,2024-06-05 11:42:06
249.79999999999995,82,19376.12,249.79999999999995,4.981,109,133,4.981,2024-06-05 11:42:07
248.39999999999998,76,19381.05,248.39999999999998,4.926,107,143,4.926,2024-06-05 11:42:08
250.39999999999998,80,19387.73,250.39999999999998,6.683,121,166,6.683,2024-06-05 11:42:09
253.39999999999998,70,19396.0,253.39999999999998,8.273,122,157,8.273,2024-06-05 11:42:10
249.0,77,19401.72,249.0,5.722,119,165,5.722,2024-06-05 11:42:11
247.79999999999995,83,19407.75,247.79999999999995,6.025,124,157,6.025,2024-06-05 11:42:12
249.20000000000005,77,19414.25,249.20000000000005,6.498,118,177,6.498,2024-06-05 11:42:13
251.79999999999995,83,19421.11,251.79999999999995,6.861,109,146,6.861,2024-06-05 11:42:14
250.20000000000005,84,19426.94,250.20000000000005,5.831,123,140,5.831,2024-06-05 11:42:15
249.20000000000005,74,19432.59,249.20000000000005,5.653,120,186,5.653,2024-06-05 11:42:16
248.0,83,19437.52,248.0,4.926,114,152,4.926,2024-06-05 11:42:17
251.0,78,19443.37,251.0,5.853,115,177,5.853,2024-06-05 11:42:18
250.60000000000002,77,19451.3,250.60000000000002,7.931,117,186,7.931,2024-06-05 11:42:19
247.79999999999995,84,19457.67,247.79999999999995,6.371,127,165,6.371,2024-06-05 11:42:20
248.20000000000005,79,19462.8,248.20000000000005,5.128,118,177,5.128,2024-06-05 11:42:21
250.39999999999998,77,19469.39,250.39999999999998,6.591,120,172,6.591,2024-06-05 11:42:22
253.0,82,19476.04,253.0,6.653,119,155,6.653,2024-06-05 11:42:23
253.0,80,19481.45,253.0,5.402,121,165,5.402,2024-06-05 11:42:24
246.60000000000002,74,19486.99,246.60000000000002,5.546,121,163,5.546,2024-06-05 11:42:25
248.39999999999998,74,19493.05,248.39999999999998,6.054,111,138,6.054,2024-06-05 11:42:26
249.79999999999995,69,19498.17,249.79999999999995,5.124,119,122,5.124,2024-06-05 11:42:27
250.20000000000005,84,19503.33,250.20000000000005,5.156,124,164,5.156,2024-06-05 11:42:28
248.79999999999995,75,19509.04,248.79999999999995,5.716,119,149,5.716,2024-06-05 11:42:29
250.60000000000002,79,19514.66,250.60000000000002,5.621,121,195,5.621,2024-06-05 11:42:30
250.60000000000002,77,19520.89,250.60000000000002,6.224,118,136,6.224,2024-06-05 11:42:31
253.20000000000005,79,19527.96,253.20000000000005,7.074,115,186,7.074,2024-06-05 11:42:32
250.39999999999998,75,19534.54,250.39999999999998,6.579,125,120,6.579,2024-06-05 11:42:33
249.39999999999998,80,19540.76,249.39999999999998,6.215,121,142,6.215,2024-06-05 11:42:34
249.60000000000002,83,19545.96,249.60000000000002,5.199,120,140,5.199,2024-06-05 11:42:35
249.0,87,19552.46,249.0,6.5,129,138,6.5,2024-06-05 11:42:36
251.20000000000005,78,19558.15,251.20000000000005,5.69,119,116,5.69,2024-06-05 11:42:37
250.60000000000002,76,19564.54,250.60000000000002,6.39,124,147,6.39,2024-06-05 11:42:38
250.20000000000005,77,19570.87,250.20000000000005,6.333,115,172,6.333,2024-06-05 11:42:39
250.0,81,19577.15,250.0,6.284,118,123,6.284,2024-06-05 11:42:40
249.79999999999995,76,19583.54,249.79999999999995,6.39,107,164,6.39,2024-06-05 11:42:41
251.20000000000005,74,19588.51,251.20000000000005,4.972,123,138,4.972,2024-06-05 11:42:42
247.79999999999995,82,19593.57,247.79999999999995,5.053,117,127,5.053,2024-06-05 11:42:43
250.60000000000002,84,19598.1,250.60000000000002,4.536,116,147,4.536,2024-06-05 11:42:44
254.60000000000002,85,19605.02,254.60000000000002,6.918,116,139,6.918,2024-06-05 11:42:45
247.60000000000002,86,19611.11,247.60000000000002,6.085,117,137,6.085,2024-06-05 11:42:46
251.79999999999995,80,19615.95,251.79999999999995,4.843,118,144,4.843,2024-06-05 11:42:47
249.39999999999998,71,19622.21,249.39999999999998,6.263,119,123,6.263,2024-06-05 11:42:48
252.39999999999998,82,19627.57,252.39999999999998,5.361,121,133,5.361,2024-06-05 11:42:49
247.60000000000002,76,19634.98,247.60000000000002,7.409,117,132,7.409,2024-06-05 11:42:50
246.39999999999998,72,19641.02,246.39999999999998,6.036,121,118,6.036,2024-06-05 11:42:51
248.39999999999998,82,19646.61,248.39999999999998,5.592,120,103,5.592,2024-06-05 11:42:52
247.0,77,19652.54,247.0,5.934,116,173,5.934,2024-06-05 11:42:53
248.60000000000002,75,19658.98,248.60000000000002,6.438,123,143,6.438,2024-06-05 11:42:54
252.20000000000005,83,19665.92,252.20000000000005,6.933,116,190,6.933,2024-06-05 11:42:55
250.0,90,19672.7,250.0,6.789,108,137,6.789,2024-06-05 11:42:56
250.39999999999998,81,19678.09,250.39999999999998,5.385,106,145,5.385,2024-06-05 11:42:57
250.79999999999995,81,19683.72,250.79999999999995,5.635,121,142,5.635,2024-06-05 11:42:58
249.60000000000002,83,19689.64,249.60000000000002,5.912,118,182,5.912,2024-06-05 11:42:59
246.60000000000002,73,19695.73,246.60000000000002,6.096,132,157,6.096,2024-06-05 11:43:00
251.20000000000005,74,19703.6,251.20000000000005,7.871,109,173,7.871,2024-06-05 11:43:01
249.60000000000002,73,19710.83,249.60000000000002,7.227,119,201,7.227,2024-06-05 11:43:02
253.20000000000005,83,19717.06,253.20000000000005,6.232,116,151,6.232,2024-06-05 11:43:03
253.60000000000002,78,19722.63,253.60000000000002,5.569,116,118,5.569,2024-06-05 11:43:04
247.39999999999998,79,19729.45,247.39999999999998,6.815,115,168,6.815,2024-06-05 11:43:05
252.60000000000002,76,19735.84,252.60000000000002,6.396,119,150,6.396,2024-06-05 11:43:06
251.39999999999998,69,19741.61,251.39999999999998,5.765,119,176,5.765,2024-06-05 11:43:07
247.20000000000005,82,19747.79,247.20000000000005,6.177,120,137,6.177,2024-06-05 11:43:08
249.79999999999995,78,19753.52,249.79999999999995,5.736,121,152,5.736,2024-06-05 11:43:09
249.79999999999995,82,19758.63,249.79999999999995,5.109,119,132,5.109,2024-06-05 11:43:10
251.79999999999995,86,19764.63,251.79999999999995,5.999,129,144,5.999,2024-06-05 11:43:11
251.0,79,19770.91,251.0,6.277,122,130,6.277,2024-06-05 11:43:12
255.20000000000005,85,19775.56,255.20000000000005,4.656,113,172,4.656,2024-06-05 11:43:13
254.0,84,19781.89,254.0,6.325,112,128,6.325,2024-06-05 11:43:14
248.0,97,19788.22,248.0,6.334,128,132,6.334,2024-06-05 11:43:15
252.0,85,19796.75,252.0,8.524,123,185,8.524,2024-06-05 11:43:16
252.39999999999998,78,19803.68,252.39999999999998,6.937,117,148,6.937,2024-06-05 11:43:17
247.79999999999995,70,19810.4,247.79999999999995,6.716,126,149,6.716,2024-06-05 11:43:18
251.60000000000002,82,19815.35,251.60000000000002,4.955,124,143,4.955,2024-06-05 11:43:19
249.79999999999995,82,19821.79,249.79999999999995,6.438,127,173,6.438,2024-06-05 11:43:20
250.39999999999998,82,19828.52,250.39999999999998,6.73,119,140,6.73,2024-06-05 11:43:21
250.60000000000002,74,19835.09,250.60000000000002,6.573,121,173,6.573,2024-06-05 11:43:22
251.60000000000002,78,19841.21,251.60000000000002,6.117,119,164,6.117,2024-06-05 11:43:23
247.79999999999995,74,19847.16,247.79999999999995,5.953,127,147,5.953,2024-06-05 11:43:24
248.0,86,19852.08,248.0,4.914,111,133,4.914,2024-06-05 11:43:25
247.79999999999995,75,19858.27,247.79999999999995,6.194,124,161,6.194,2024-06-05 11:43:26
247.60000000000002,85,19865.42,247.60000000000002,7.153,113,174,7.153,2024-06-05 11:43:27
251.79999999999995,71,19870.34,251.79999999999995,4.919,120,182,4.919,2024-06-05 11:43:28
251.60000000000002,86,19876.15,251.60000000000002,5.805,123,150,5.805,2024-06-05 11:43:29
250.79999999999995,77,19883.32,250.79999999999995,7.171,116,167,7.171,2024-06-05 11:43:30
252.20000000000005,67,19888.26,252.20000000000005,4.943,132,192,4.943,2024-06-05 11:43:31
252.39999999999998,79,19894.11,252.39999999999998,5.849,110,139,5.849,2024-06-05 11:43:32
250.0,76,19900.09,250.0,5.978,118,157,5.978,2024-06-05 11:43:33
248.39999999999998,83,19906.06,248.39999999999998,5.972,120,184,5.972,2024-06-05 11:43:34
252.79999999999995,80,19910.75,252.79999999999995,4.686,122,123,4.686,2024-06-05 11:43:35
248.39999999999998,76,19915.09,248.39999999999998,4.342,125,136,4.342,2024-06-05 11:43:36
246.39999999999998,70,19919.52,246.39999999999998,4.434,115,126,4.434,2024-06-05 11:43:37
251.0,74,19925.72,251.0,6.192,119,153,6.192,2024-06-05 11:43:38
251.39999999999998,74,19931.1,251.39999999999998,5.389,116,130,5.389,2024-06-05 11:43:39
249.79999999999995,82,19937.48,249.79999999999995,6.377,119,121,6.377,2024-06-05 11:43:40
250.39999999999998,73,19942.5,250.39999999999998,5.017,116,165,5.017,2024-06-05 11:43:41
253.0,86,19950.26,253.0,7.761,122,148,7.761,2024-06-05 11:43:42
247.39999999999998,68,19956.72,247.39999999999998,6.461,107,165,6.461,2024-06-05 11:43:43
246.39999999999998,73,19964.26,246.39999999999998,7.537,125,170,7.537,2024-06-05 11:43:44
249.39999999999998,82,19972.17,249.39999999999998,7.916,116,142,7.916,2024-06-05 11:43:45
249.60000000000002,73,19979.48,249.60000000000002,7.309,115,143,7.309,2024-06-05 11:43:46
249.0,76,19988.15,249.0,8.666,116,129,8.666,2024-06-05 11:43:47
251.0,76,19994.31,251.0,6.166,118,150,6.166,2024-06-05 11:43:48
249.20000000000005,85,19999.67,249.20000000000005,5.358,123,148,5.358,2024-06-05 11:43:49
250.60000000000002,75,20005.87,250.60000000000002,6.198,121,144,6.198,2024-06-05 11:43:50
250.0,74,20011.37,250.0,5.502,136,169,5.502,2024-06-05 11:43:51
249.20000000000005,79,20017.44,249.20000000000005,6.065,114,147,6.065,2024-06-05 11:43:52
251.20000000000005,76,20024.41,251.20000000000005,6.972,119,162,6.972,2024-06-05 11:43:53
250.0,80,20030.27,250.0,5.858,117,143,5.858,2024-06-05 11:43:54
252.60000000000002,82,20036.63,252.60000000000002,6.361,118,151,6.361,2024-06-05 11:43:55
250.20000000000005,81,20042.7,250.20000000000005,6.078,120,150,6.078,2024-06-05 11:43:56
248.79999999999995,76,20047.14,248.79999999999995,4.432,113,150,4.432,2024-06-05 11:43:57
250.79999999999995,79,20051.89,250.79999999999995,4.749,116,115,4.749,2024-06-05 11:43:58
247.20000000000005,83,20058.94,247.20000000000005,7.057,118,106,7.057,2024-06-05 11:43:59
249.0,85,20066.65,249.0,7.709,121,182,7.709,2024-06-05 11:44:00
248.0,90,20073.4,248.0,6.748,133,171,6.748,2024-06-05 11:44:01
248.39999999999998,77,20080.03,248.39999999999998,6.633,125,118,6.633,2024-06-05 11:44:02
251.79999999999995,83,20085.3,251.79999999999995,5.27,126,120,5.27,2024-06-05 11:44:03
251.0,82,20089.36,251.0,4.059,124,146,4.059,2024-06-05 11:44:04
251.60000000000002,77,20093.47,251.60000000000002,4.113,127,113,4.113,2024-06-05 11:44:05
249.0,76,20099.82,249.0,6.348,119,141,6.348,2024-06-05 11:44:06
254.60000000000002,78,20104.79,254.60000000000002,4.971,118,163,4.971,2024-06-05 11:44:07
252.0,83,20111.92,252.0,7.124,124,131,7.124,2024-06-05 11:44:08
247.39999999999998,68,20119.11,247.39999999999998,7.196,118,170,7.196,2024-06-05 11:44:09
250.79999999999995,83,20124.56,250.79999999999995,5.444,121,196,5.444,2024-06-05 11:44:10
249.20000000000005,79,20130.65,249.20000000000005,6.094,118,148,6.094,2024-06-05 11:44:11
248.0,77,20134.63,248.0,3.981,124,115,3.981,2024-06-05 11:44:12
247.39999999999998,80,20140.2,247.39999999999998,5.562,123,133,5.562,2024-06-05 11:44:13
251.60000000000002,75,20144.78,251.60000000000002,4.586,118,150,4.586,2024-06-05 11:44:14
247.60000000000002,93,20150.51,247.60000000000002,5.73,117,156,5.73,2024-06-05 11:44:15
247.20000000000005,78,20156.98,247.20000000000005,6.469,120,154,6.469,2024-06-05 11:44:16
248.39999999999998,79,20164.07,248.39999999999998,7.09,120,159,7.09,2024-06-05 11:44:17
251.60000000000002,80,20170.39,251.60000000000002,6.318,125,149,6.318,2024-06-05 11:44:18
251.39999999999998,77,20175.25,251.39999999999998,4.866,115,156,4.866,2024-06-05 11:44:19
251.39999999999998,80,20180.05,251.39999999999998,4.794,118,168,4.794,2024-06-05 11:44:20
250.79999999999995,75,20188.33,250.79999999999995,8.279,125,147,8.279,2024-06-05 11:44:21
252.39999999999998,83,20195.4,252.39999999999998,7.072,119,167,7.072,2024-06-05 11:44:22
250.0,80,20200.38,250.0,4.984,112,134,4.984,2024-06-05 11:44:23
252.39999999999998,81,20205.32,252.39999999999998,4.939,112,151,4.939,2024-06-05 11:44:24
251.0,86,20210.22,251.0,4.895,116,167,4.895,2024-06-05 11:44:25
254.60000000000002,74,20215.21,254.60000000000002,4.997,124,166,4.997,2024-06-05 11:44:26
250.39999999999998,84,20221.52,250.39999999999998,6.309,121,161,6.309,2024-06-05 11:44:27
252.79999999999995,78,20227.61,252.79999999999995,6.083,123,177,6.083,2024-06-05 11:44:28
246.39999999999998,89,20234.14,246.39999999999998,6.534,113,180,6.534,2024-06-05 11:44:29
249.0,80,20240.24,249.0,6.105,122,175,6.105,2024-06-05 11:44:30
248.20000000000005,101,20247.39,248.20000000000005,7.143,161,290,7.143,2024-06-05 11:44:31
249.60000000000002,93,20255.89,249.60000000000002,8.503,161,256,8.503,2024-06-05 11:44:32
250.60000000000002,91,20263.52,250.60000000000002,7.634,158,286,7.634,2024-06-05 11:44:33
251.20000000000005,96,20274.51,251.20000000000005,10.985,156,258,10.985,2024-06-05 11:44:34
251.20000000000005,97,20281.01,251.20000000000005,6.498,153,294,6.498,2024-06-05 11:44:35
251.0,87,20289.09,251.0,8.078,158,275,8.078,2024-06-05 11:44:36
253.60000000000002,95,20297.05,253.60000000000002,7.965,162,273,7.965,2024-06-05 11:44:37
249.60000000000002,98,20305.68,249.60000000000002,8.628,150,273,8.628,2024-06-05 11:44:38
248.60000000000002,89,20314.61,248.60000000000002,8.937,156,281,8.937,2024-06-05 11:44:39
249.39999999999998,87,20324.1,249.39999999999998,9.481,158,256,9.481,2024-06-05 11:44:40
244.60000000000002,91,20331.49,244.60000000000002,7.393,166,268,7.393,2024-06-05 11:44:41
249.20000000000005,91,20341.37,249.20000000000005,9.885,167,292,9.885,2024-06-05 11:44:42
250.20000000000005,85,20351.18,250.20000000000005,9.809,151,275,9.809,2024-06-05 11:44:43
249.79999999999995,98,20361.36,249.79999999999995,10.18,155,300,10.18,2024-06-05 11:44:44
248.39999999999998,95,20368.51,248.39999999999998,7.148,160,270,7.148,2024-06-05 11:44:45
250.39999999999998,97,20377.28,250.39999999999998,8.768,165,293,8.768,2024-06-05 11:44:46
247.79999999999995,90,20386.19,247.79999999999995,8.913,166,294,8.913,2024-06-05 11:44:47
250.60000000000002,87,20396.41,250.60000000000002,10.215,162,310,10.215,2024-06-05 11:44:48
246.79999999999995,95,20404.25,246.79999999999995,7.841,157,280,7.841,2024-06-05 11:44:49
247.79999999999995,80,20411.79,247.79999999999995,7.546,161,275,7.546,2024-06-05 11:44:50
248.20000000000005,99,20420.0,248.20000000000005,8.205,158,277,8.205,2024-06-05 11:44:51
251.79999999999995,90,20428.08,251.79999999999995,8.078,166,277,8.078,2024-06-05 11:44:52
252.20000000000005,89,20436.15,252.20000000000005,8.075,157,262,8.075,2024-06-05 11:44:53
250.60000000000002,88,20447.1,250.60000000000002,10.949,162,313,10.949,2024-06-05 11:44:54
249.0,98,20456.67,249.0,9.566,161,284,9.566,2024-06-05 11:44:55
249.39999999999998,97,20466.48,249.39999999999998,9.815,160,287,9.815,2024-06-05 11:44:56
250.39999999999998,98,20477.42,250.39999999999998,10.938,167,265,10.938,2024-06-05 11:44:57
248.39999999999998,91,20486.37,248.39999999999998,8.948,149,292,8.948,2024-06-05 11:44:58
251.79999999999995,95,20494.77,251.79999999999995,8.4,166,275,8.4,2024-06-05 11:44:59
247.60000000000002,92,20503.58,247.60000000000002,8.813,161,280,8.813,2024-06-05 11:45:00
247.20000000000005,95,20512.07,247.20000000000005,8.487,158,283,8.487,2024-06-05 11:45:01
248.0,92,20519.38,248.0,7.312,158,276,7.312,2024-06-05 11:45:02
252.20000000000005,98,20529.17,252.20000000000005,9.787,152,288,9.787,2024-06-05 11:45:03
248.60000000000002,98,20537.24,248.60000000000002,8.07,153,286,8.07,2024-06-05 11:45:04
251.60000000000002,87,20545.64,251.60000000000002,8.401,157,285,8.401,2024-06-05 11:45:05
250.0,95,20555.07,250.0,9.428,155,288,9.428,2024-06-05 11:45:06
253.39999999999998,87,20565.35,253.39999999999998,10.283,167,284,10.283,2024-06-05 11:45:07
252.0,96,20574.26,252.0,8.915,161,268,8.915,2024-06-05 11:45:08
248.60000000000002,87,20584.15,248.60000000000002,9.886,163,299,9.886,2024-06-05 11:45:09
249.39999999999998,96,20590.88,249.39999999999998,6.726,151,293,6.726,2024-06-05 11:45:10
250.20000000000005,91,20599.95,250.20000000000005,9.073,165,237,9.073,2024-06-05 11:45:11
252.79999999999995,98,20607.9,252.79999999999995,7.951,159,278,7.951,2024-06-05 11:45:12
249.0,91,20618.24,249.0,10.338,162,276,10.338,2024-06-05 11:45:13
251.39999999999998,87,20627.74,251.39999999999998,9.506,153,254,9.506,2024-06-05 11:45:14
250.0,97,20635.47,250.0,7.728,157,269,7.728,2024-06-05 11:45:15
255.20000000000005,101,20644.63,255.20000000000005,9.16,154,261,9.16,2024-06-05 11:45:16
248.60000000000002,90,20653.75,248.60000000000002,9.117,150,312,9.117,2024-06-05 11:45:17
250.20000000000005,100,20662.74,250.20000000000005,8.988,155,287,8.988,2024-06-05 11:45:18
250.20000000000005,89,20673.34,250.20000000000005,10.6,159,282,10.6,2024-06-05 11:45:19
250.39999999999998,99,20683.06,250.39999999999998,9.721,161,301,9.721,2024-06-05 11:45:20
247.39999999999998,87,20691.67,247.39999999999998,8.611,161,292,8.611,2024-06-05 11:45:21
248.39999999999998,99,20700.58,248.39999999999998,8.915,156,242,8.915,2024-06-05 11:45:22
248.20000000000005,95,20708.73,248.20000000000005,8.146,165,254,8.146,2024-06-05 11:45:23
248.39999999999998,84,20718.44,248.39999999999998,9.708,163,282,9.708,2024-06-05 11:45:24
251.39999999999998,102,20727.42,251.39999999999998,8.984,151,290,8.984,2024-06-05 11:45:25
252.79999999999995,99,20735.18,252.79999999999995,7.755,157,278,7.755,2024-06-05 11:45:26
249.0,93,20743.79,249.0,8.612,155,264,8.612,2024-06-05 11:45:27
248.60000000000002,96,20751.48,248.60000000000002,7.697,157,263,7.697,2024-06-05 11:45:28
250.39999999999998,100,20760.92,250.39999999999998,9.435,149,296,9.435,2024-06-05 11:45:29
248.60000000000002,92,20770.16,248.60000000000002,9.238,155,228,9.238,2024-06-05 11:45:30
252.0,98,20778.45,252.0,8.29,154,279,8.29,2024-06-05 11:45:31
249.20000000000005,83,20787.87,249.20000000000005,9.426,175,241,9.426,2024-06-05 11:45:32
246.0,96,20797.04,246.0,9.164,164,276,9.164,2024-06-05 11:45:33
252.0,100,20806.33,252.0,9.291,160,272,9.291,2024-06-05 11:45:34
254.0,93,20813.96,254.0,7.635,161,316,7.635,2024-06-05 11:45:35
249.79999999999995,94,20823.66,249.79999999999995,9.693,171,275,9.693,2024-06-05 11:45:36
245.20000000000005,86,20831.51,245.20000000000005,7.85,161,307,7.85,2024-06-05 11:45:37
248.20000000000005,89,20839.62,248.20000000000005,8.118,153,305,8.118,2024-06-05 11:45:38
251.79999999999995,95,20849.15,251.79999999999995,9.521,152,298,9.521,2024-06-05 11:45:39
248.20000000000005,95,20859.07,248.20000000000005,9.923,155,305,9.923,2024-06-05 11:45:40
247.60000000000002,97,20866.03,247.60000000000002,6.958,167,322,6.958,2024-06-05 11:45:41
250.79999999999995,95,20874.73,250.79999999999995,8.703,165,264,8.703,2024-06-05 11:45:42
249.39999999999998,105,20883.76,249.39999999999998,9.03,160,290,9.03,2024-06-05 11:45:43
252.39999999999998,91,20891.72,252.39999999999998,7.962,162,300,7.962,2024-06-05 11:45:44
251.39999999999998,103,20900.38,251.39999999999998,8.657,153,275,8.657,2024-06-05 11:45:45
251.79999999999995,95,20908.79,251.79999999999995,8.412,165,275,8.412,2024-06-05 11:45:46
249.20000000000005,97,20917.38,249.20000000000005,8.587,166,294,8.587,2024-06-05 11:45:47
248.79999999999995,95,20923.06,248.79999999999995,5.677,160,257,5.677,2024-06-05 11:45:48
248.20000000000005,84,20930.4,248.20000000000005,7.349,160,284,7.349,2024-06-05 11:45:49
250.79999999999995,93,20939.73,250.79999999999995,9.323,157,281,9.323,2024-06-05 11:45:50
249.60000000000002,91,20948.93,249.60000000000002,9.201,156,282,9.201,2024-06-05 11:45:51
250.79999999999995,94,20958.67,250.79999999999995,9.741,164,256,9.741,2024-06-05 11:45:52
244.0,95,20967.79,244.0,9.124,158,260,9.124,2024-06-05 11:45:53
249.39999999999998,99,20975.89,249.39999999999998,8.099,156,303,8.099,2024-06-05 11:45:54
249.0,98,20984.58,249.0,8.69,154,248,8.69,2024-06-05 11:45:55
247.0,99,20991.88,247.0,7.3,156,269,7.3,2024-06-05 11:45:56
254.20000000000005,99,21000.82,254.20000000000005,8.938,160,290,8.938,2024-06-05 11:45:57
248.0,90,21010.31,248.0,9.495,159,279,9.495,2024-06-05 11:45:58
249.79999999999995,95,21018.94,249.79999999999995,8.624,153,292,8.624,2024-06-05 11:45:59
248.60000000000002,96,21027.89,248.60000000000002,8.953,156,298,8.953,2024-06-05 11:46:00
251.20000000000005,96,21037.31,251.20000000000005,9.422,165,294,9.422,2024-06-05 11:46:01
250.79999999999995,98,21046.58,250.79999999999995,9.263,155,285,9.263,2024-06-05 11:46:02
252.20000000000005,95,21056.53,252.20000000000005,9.958,145,249,9.958,2024-06-05 11:46:03
248.0,97,21068.17,248.0,11.634,174,254,11.634,2024-06-05 11:46:04
249.60000000000002,95,21077.24,249.60000000000002,9.067,154,277,9.067,2024-06-05 11:46:05
251.79999999999995,92,21085.44,251.79999999999995,8.208,152,275,8.208,2024-06-05 11:46:06
249.0,99,21095.55,249.0,10.107,148,269,10.107,2024-06-05 11:46:07
250.79999999999995,94,21103.34,250.79999999999995,7.785,161,311,7.785,2024-06-05 11:46:08
251.20000000000005,98,21112.81,251.20000000000005,9.476,153,298,9.476,2024-06-05 11:46:09
249.39999999999998,90,21121.13,249.39999999999998,8.317,160,269,8.317,2024-06-05 11:46:10
253.20000000000005,92,21129.3,253.20000000000005,8.172,158,267,8.172,2024-06-05 11:46:11
253.79999999999995,91,21139.94,253.79999999999995,10.634,159,264,10.634,2024-06-05 11:46:12
250.79999999999995,92,21147.21,250.79999999999995,7.274,159,248,7.274,2024-06-05 11:46:13
249.39999999999998,99,21156.18,249.39999999999998,8.972,167,242,8.972,2024-06-05 11:46:14
248.79999999999995,102,21165.23,248.79999999999995,9.048,167,281,9.048,2024-06-05 11:46:15
252.79999999999995,87,21172.17,252.79999999999995,6.946,169,241,6.946,2024-06-05 11:46:16
244.60000000000002,93,21180.41,244.60000000000002,8.234,159,266,8.234,2024-06-05 11:46:17
248.20000000000005,93,21187.77,248.20000000000005,7.356,163,292,7.356,2024-06-05 11:46:18
246.0,96,21197.46,246.0,9.693,153,291,9.693,2024-06-05 11:46:19
251.39999999999998,102,21206.49,251.39999999999998,9.03,162,278,9.03,2024-06-05 11:46:20
245.79999999999995,95,21214.51,245.79999999999995,8.023,161,269,8.023,2024-06-05 11:46:21
253.79999999999995,94,21223.25,253.79999999999995,8.739,161,293,8.739,2024-06-05 11:46:22
248.79999999999995,91,21233.15,248.79999999999995,9.898,159,269,9.898,2024-06-05 11:46:23
246.0,106,21242.97,246.0,9.824,175,282,9.824,2024-06-05 11:46:24
248.20000000000005,87,21251.15,248.20000000000005,8.176,165,275,8.176,2024-06-05 11:46:25
249.79999999999995,93,21259.18,249.79999999999995,8.031,152,255,8.031,2024-06-05 11:46:26
248.60000000000002,91,21268.5,248.60000000000002,9.317,159,274,9.317,2024-06-05 11:46:27
249.60000000000002,85,21280.06,249.60000000000002,11.566,153,294,11.566,2024-06-05 11:46:28
248.79999999999995,89,21289.08,248.79999999999995,9.014,156,239,9.014,2024-06-05 11:46:29
251.20000000000005,99,21299.14,251.20000000000005,10.067,162,283,10.067,2024-06-05 11:46:30
251.60000000000002,101,21308.5,251.60000000000002,9.356,164,253,9.356,2024-06-05 11:46:31
250.60000000000002,96,21318.23,250.60000000000002,9.727,165,291,9.727,2024-06-05 11:46:32
253.0,90,21327.57,253.0,9.347,159,308,9.347,2024-06-05 11:46:33
248.39999999999998,101,21334.8,248.39999999999998,7.227,151,260,7.227,2024-06-05 11:46:34
251.39999999999998,90,21342.03,251.39999999999998,7.232,167,312,7.232,2024-06-05 11:46:35
247.39999999999998,95,21351.47,247.39999999999998,9.441,156,276,9.441,2024-06-05 11:46:36
251.60000000000002,98,21358.84,251.60000000000002,7.364,162,276,7.364,2024-06-05 11:46:37
248.39999999999998,87,21369.44,248.39999999999998,10.599,154,257,10.599,2024-06-05 11:46:38
248.79999999999995,101,21379.28,248.79999999999995,9.846,160,280,9.846,2024-06-05 11:46:39
246.79999999999995,99,21388.65,246.79999999999995,9.371,170,252,9.371,2024-06-05 11:46:40
252.0,88,21397.25,252.0,8.6,148,287,8.6,2024-06-05 11:46:41
253.0,98,21406.34,253.0,9.088,153,300,9.088,2024-06-05 11:46:42
250.39999999999998,97,21415.5,250.39999999999998,9.155,159,253,9.155,2024-06-05 11:46:43
252.0,94,21423.02,252.0,7.52,162,249,7.52,2024-06-05 11:46:44
250.20000000000005,101,21431.89,250.20000000000005,8.872,151,287,8.872,2024-06-05 11:46:45
250.60000000000002,92,21441.49,250.60000000000002,9.601,162,262,9.601,2024-06-05 11:46:46
248.79999999999995,99,21450.17,248.79999999999995,8.681,162,256,8.681,2024-06-05 11:46:47
252.0,77,21458.24,252.0,8.074,154,305,8.074,2024-06-05 11:46:48
253.79999999999995,89,21469.13,253.79999999999995,10.893,164,271,10.893,2024-06-05 11:46:49
246.60000000000002,87,21476.84,246.60000000000002,7.705,158,290,7.705,2024-06-05 11:46:50
248.60000000000002,95,21485.99,248.60000000000002,9.154,160,238,9.154,2024-06-05 11:46:51
249.79999999999995,95,21497.66,249.79999999999995,11.67,164,292,11.67,2024-06-05 11:46:52
250.79999999999995,97,21506.02,250.79999999999995,8.357,151,296,8.357,2024-06-05 11:46:53
251.39999999999998,95,21515.79,251.39999999999998,9.769,157,277,9.769,2024-06-05 11:46:54
249.39999999999998,92,21522.95,249.39999999999998,7.157,159,281,7.157,2024-06-05 11:46:55
250.60000000000002,94,21533.56,250.60000000000002,10.616,160,281,10.616,2024-06-05 11:46:56
251.39999999999998,101,21542.71,251.39999999999998,9.145,160,286,9.145,2024-06-05 11:46:57
250.20000000000005,96,21551.38,250.20000000000005,8.67,161,292,8.67,2024-06-05 11:46:58
250.39999999999998,87,21559.59,250.39999999999998,8.209,160,270,8.209,2024-06-05 11:46:59
249.20000000000005,88,21569.27,249.20000000000005,9.683,153,331,9.683,2024-06-05 11:47:00
247.39999999999998,78,21574.12,247.39999999999998,4.85,127,179,4.85,2024-06-05 11:47:01
251.0,71,21579.85,251.0,5.73,123,166,5.73,2024-06-05 11:47:02
250.39999999999998,83,21586.95,250.39999999999998,7.096,109,153,7.096,2024-06-05 11:47:03
251.79999999999995,90,21592.86,251.79999999999995,5.915,117,95,5.915,2024-06-05 11:47:04
247.39999999999998,73,21599.41,247.39999999999998,6.554,116,167,6.554,2024-06-05 11:47:05
251.20000000000005,69,21604.74,251.20000000000005,5.326,123,150,5.326,2024-06-05 11:47:06
250.39999999999998,82,21611.24,250.39999999999998,6.503,120,179,6.503,2024-06-05 11:47:07
251.0,81,21616.47,251.0,5.232,116,169,5.232,2024-06-05 11:47:08
250.60000000000002,80,21622.1,250.60000000000002,5.626,118,148,5.626,2024-06-05 11:47:09
250.20000000000005,69,21628.87,250.20000000000005,6.771,121,149,6.771,2024-06-05 11:47:10
250.0,74,21634.34,250.0,5.469,115,128,5.469,2024-06-05 11:47:11
248.60000000000002,81,21642.49,248.60000000000002,8.148,114,147,8.148,2024-06-05 11:47:12
250.39999999999998,85,21648.64,250.39999999999998,6.154,115,147,6.154,2024-06-05 11:47:13
253.60000000000002,73,21652.87,253.60000000000002,4.228,117,146,4.228,2024-06-05 11:47:14
248.39999999999998,81,21659.07,248.39999999999998,6.202,110,173,6.202,2024-06-05 11:47:15
249.20000000000005,76,21664.61,249.20000000000005,5.541,116,138,5.541,2024-06-05 11:47:16
252.79999999999995,79,21670.16,252.79999999999995,5.547,121,158,5.547,2024-06-05 11:47:17
255.0,82,21677.21,255.0,7.048,123,203,7.048,2024-06-05 11:47:18
249.0,81,21682.42,249.0,5.207,121,161,5.207,2024-06-05 11:47:19
253.79999999999995,80,21688.84,253.79999999999995,6.427,128,136,6.427,2024-06-05 11:47:20
252.60000000000002,70,21693.85,252.60000000000002,5.003,120,132,5.003,2024-06-05 11:47:21
250.79999999999995,68,21699.2,250.79999999999995,5.356,128,146,5.356,2024-06-05 11:47:22
252.0,76,21707.29,252.0,8.086,117,153,8.086,2024-06-05 11:47:23
250.0,78,21712.9,250.0,5.612,122,150,5.612,2024-06-05 11:47:24
250.20000000000005,83,21719.69,250.20000000000005,6.793,114,131,6.793,2024-06-05 11:47:25
249.39999999999998,81,21726.65,249.39999999999998,6.954,124,122,6.954,2024-06-05 11:47:26
249.20000000000005,80,21733.32,249.20000000000005,6.676,118,140,6.676,2024-06-05 11:47:27
248.60000000000002,86,21738.78,248.60000000000002,5.457,120,156,5.457,2024-06-05 11:47:28
250.20000000000005,70,21743.99,250.20000000000005,5.211,109,177,5.211,2024-06-05 11:47:29
252.60000000000002,83,21748.75,252.60000000000002,4.761,122,113,4.761,2024-06-05 11:47:30
249.79999999999995,78,21753.73,249.79999999999995,4.981,109,148,4.981,2024-06-05 11:47:31
250.0,79,21760.0,250.0,6.271,117,131,6.271,2024-06-05 11:47:32
251.60000000000002,86,21765.68,251.60000000000002,5.68,115,149,5.68,2024-06-05 11:47:33
252.0,83,21772.44,252.0,6.751,116,128,6.751,2024-06-05 11:47:34
250.39999999999998,86,21778.32,250.39999999999998,5.885,120,159,5.885,2024-06-05 11:47:35
246.79999999999995,74,21785.22,246.79999999999995,6.902,118,152,6.902,2024-06-05 11:47:36
250.39999999999998,90,21791.26,250.39999999999998,6.033,117,127,6.033,2024-06-05 11:47:37
248.0,84,21796.25,248.0,4.994,123,119,4.994,2024-06-05 11:47:38
249.0,82,21800.52,249.0,4.274,123,152,4.274,2024-06-05 11:47:39
250.20000000000005,87,21807.67,250.20000000000005,7.146,120,150,7.146,2024-06-05 11:47:40
247.79999999999995,79,21812.86,247.79999999999995,5.196,118,148,5.196,2024-06-05 11:47:41
249.60000000000002,81,21818.05,249.60000000000002,5.188,120,169,5.188,2024-06-05 11:47:42
246.60000000000002,87,21824.46,246.60000000000002,6.403,120,151,6.403,2024-06-05 11:47:43
249.39999999999998,84,21830.84,249.39999999999998,6.38,122,186,6.38,2024-06-05 11:47:44
251.20000000000005,82,21837.63,251.20000000000005,6.798,130,167,6.798,2024-06-05 11:47:45
252.39999999999998,81,21846.16,252.39999999999998,8.523,129,151,8.523,2024-06-05 11:47:46
250.79999999999995,72,21852.58,250.79999999999995,6.428,117,145,6.428,2024-06-05 11:47:47
247.60000000000002,80,21858.6,247.60000000000002,6.019,125,129,6.019,2024-06-05 11:47:48
247.39999999999998,74,21864.8,247.39999999999998,6.192,118,145,6.192,2024-06-05 11:47:49
250.39999999999998,73,21870.01,250.39999999999998,5.215,122,118,5.215,2024-06-05 11:47:50
248.79999999999995,82,21874.68,248.79999999999995,4.671,118,144,4.671,2024-06-05 11:47:51
250.79999999999995,77,21881.12,250.79999999999995,6.442,122,159,6.442,2024-06-05 11:47:52
250.60000000000002,75,21888.23,250.60000000000002,7.111,120,171,7.111,2024-06-05 11:47:53
249.79999999999995,69,21891.98,249.79999999999995,3.748,121,134,3.748,2024-06-05 11:47:54
250.79999999999995,85,21897.62,250.79999999999995,5.634,118,142,5.634,2024-06-05 11:47:55
250.60000000000002,88,21903.99,250.60000000000002,6.375,115,163,6.375,2024-06-05 11:47:56
247.20000000000005,85,21909.96,247.20000000000005,5.965,125,170,5.965,2024-06-05 11:47:57
248.20000000000005,73,21914.89,248.20000000000005,4.929,128,113,4.929,2024-06-05 11:47:58
250.60000000000002,77,21920.09,250.60000000000002,5.204,123,168,5.204,2024-06-05 11:47:59
250.60000000000002,76,21927.55,250.60000000000002,7.462,125,161,7.462,2024-06-05 11:48:00
247.79999999999995,75,21931.7,247.79999999999995,4.153,126,131,4.153,2024-06-05 11:48:01
246.39999999999998,74,21938.33,246.39999999999998,6.629,120,142,6.629,2024-06-05 11:48:02
248.79999999999995,86,21942.98,248.79999999999995,4.65,120,147,4.65,2024-06-05 11:48:03
249.79999999999995,82,21947.79,249.79999999999995,4.811,118,144,4.811,2024-06-05 11:48:04
249.60000000000002,83,21954.06,249.60000000000002,6.269,119,118,6.269,2024-06-05 11:48:05
250.79999999999995,71,21961.18,250.79999999999995,7.116,112,129,7.116,2024-06-05 11:48:06
248.0,81,21965.18,248.0,3.998,124,97,3.998,2024-06-05 11:48:07
248.60000000000002,81,21971.78,248.60000000000002,6.598,122,162,6.598,2024-06-05 11:48:08
253.39999999999998,71,21979.27,253.39999999999998,7.494,124,113,7.494,2024-06-05 11:48:09
246.39999999999998,87,21985.17,246.39999999999998,5.903,125,182,5.903,2024-06-05 11:48:10
246.79999999999995,83,21990.96,246.79999999999995,5.785,113,169,5.785,2024-06-05 11:48:11
249.79999999999995,83,21997.01,249.79999999999995,6.057,125,108,6.057,2024-06-05 11:48:12
248.39999999999998,76,22002.68,248.39999999999998,5.67,114,162,5.67,2024-06-05 11:48:13
253.39999999999998,82,22008.81,253.39999999999998,6.124,118,108,6.124,2024-06-05 11:48:14
245.0,80,22014.18,245.0,5.374,117,179,5.374,2024-06-05 11:48:15
249.79999999999995,77,22020.73,249.79999999999995,6.547,126,138,6.547,2024-06-05 11:48:16
249.20000000000005,74,22027.85,249.20000000000005,7.124,121,148,7.124,2024-06-05 11:48:17
249.0,86,22035.52,249.0,7.662,120,134,7.662,2024-06-05 11:48:18
247.79999999999995,79,22041.51,247.79999999999995,5.996,116,162,5.996,2024-06-05 11:48:19
250.0,80,22047.3,250.0,5.783,126,160,5.783,2024-06-05 11:48:20
249.60000000000002,86,22052.85,249.60000000000002,5.558,129,143,5.558,2024-06-05 11:48:21
252.60000000000002,82,22059.59,252.60000000000002,6.734,128,148,6.734,2024-06-05 11:48:22
248.0,81,22064.25,248.0,4.657,122,117,4.657,2024-06-05 11:48:23
250.20000000000005,81,22071.42,250.20000000000005,7.175,122,103,7.175,2024-06-05 11:48:24
249.0,75,22077.85,249.0,6.431,119,119,6.431,2024-06-05 11:48:25
250.60000000000002,85,22084.72,250.60000000000002,6.872,120,129,6.872,2024-06-05 11:48:26
251.39999999999998,86,22090.56,251.39999999999998,5.841,125,133,5.841,2024-06-05 11:48:27
246.60000000000002,79,22097.57,246.60000000000002,7.003,125,151,7.003,2024-06-05 11:48:28
249.39999999999998,77,22103.75,249.39999999999998,6.187,121,141,6.187,2024-06-05 11:48:29
252.79999999999995,79,22110.82,252.79999999999995,7.066,120,184,7.066,2024-06-05 11:48:30
250.60000000000002,72,22117.68,250.60000000000002,6.865,122,130,6.865,2024-06-05 11:48:31
250.20000000000005,79,22127.06,250.20000000000005,9.374,120,181,9.374,2024-06-05 11:48:32
248.20000000000005,74,22131.54,248.20000000000005,4.483,122,169,4.483,2024-06-05 11:48:33
247.60000000000002,79,22138.0,247.60000000000002,6.46,130,101,6.46,2024-06-05 11:48:34
247.39999999999998,74,22145.16,247.39999999999998,7.155,122,141,7.155,2024-06-05 11:48:35
252.60000000000002,85,22149.38,252.60000000000002,4.226,111,180,4.226,2024-06-05 11:48:36
249.79999999999995,76,22154.98,249.79999999999995,5.593,119,134,5.593,2024-06-05 11:48:37
252.60000000000002,75,22160.69,252.60000000000002,5.71,117,142,5.71,2024-06-05 11:48:38
251.20000000000005,82,22168.47,251.20000000000005,7.78,124,149,7.78,2024-06-05 11:48:39
254.0,83,22173.74,254.0,5.271,115,135,5.271,2024-06-05 11:48:40
248.39999999999998,79,22180.73,248.39999999999998,6.993,118,165,6.993,2024-06-05 11:48:41
250.0,79,22185.44,250.0,4.707,130,149,4.707,2024-06-05 11:48:42
249.39999999999998,76,22191.07,249.39999999999998,5.633,116,164,5.633,2024-06-05 11:48:43
249.60000000000002,77,22196.73,249.60000000000002,5.656,114,122,5.656,2024-06-05 11:48:44
247.20000000000005,71,22203.51,247.20000000000005,6.78,120,127,6.78,2024-06-05 11:48:45
251.20000000000005,80,22210.32,251.20000000000005,6.816,115,170,6.816,2024-06-05 11:48:46
252.60000000000002,75,22217.21,252.60000000000002,6.892,121,139,6.892,2024-06-05 11:48:47
251.0,85,22224.55,251.0,7.332,122,129,7.332,2024-06-05 11:48:48
249.0,79,22230.16,249.0,5.618,113,164,5.618,2024-06-05 11:48:49
247.39999999999998,83,22237.12,247.39999999999998,6.956,117,151,6.956,2024-06-05 11:48:50
248.0,91,22243.37,248.0,6.252,120,158,6.252,2024-06-05 11:48:51
249.20000000000005,76,22249.85,249.20000000000005,6.476,123,169,6.476,2024-06-05 11:48:52
246.79999999999995,71,22254.61,246.79999999999995,4.761,126,137,4.761,2024-06-05 11:48:53
250.0,79,22261.02,250.0,6.412,118,158,6.412,2024-06-05 11:48:54
250.60000000000002,79,22268.36,250.60000000000002,7.333,115,161,7.333,2024-06-05 11:48:55
249.60000000000002,81,22275.08,249.60000000000002,6.724,120,154,6.724,2024-06-05 11:48:56
247.0,81,22281.7,247.0,6.623,118,134,6.623,2024-06-05 11:48:57
251.20000000000005,73,22286.75,251.20000000000005,5.043,129,141,5.043,2024-06-05 11:48:58
249.20000000000005,80,22293.22,249.20000000000005,6.469,121,154,6.469,2024-06-05 11:48:59
252.39999999999998,75,22299.14,252.39999999999998,5.923,123,159,5.923,2024-06-05 11:49:00
246.79999999999995,76,22305.24,246.79999999999995,6.101,128,171,6.101,2024-06-05 11:49:01
250.0,77,22311.05,250.0,5.815,120,143,5.815,2024-06-05 11:49:02
252.20000000000005,85,22317.2,252.20000000000005,6.146,128,132,6.146,2024-06-05 11:49:03
248.20000000000005,74,22323.64,248.20000000000005,6.439,116,121,6.439,2024-06-05 11:49:04
247.60000000000002,69,22329.83,247.60000000000002,6.187,128,122,6.187,2024-06-05 11:49:05
252.20000000000005,72,22334.97,252.20000000000005,5.145,125,123,5.145,2024-06-05 11:49:06
253.39999999999998,76,22342.44,253.39999999999998,7.467,123,146,7.467,2024-06-05 11:49:07
244.60000000000002,69,22349.38,244.60000000000002,6.939,112,175,6.939,2024-06-05 11:49:08
248.79999999999995,89,22353.0,248.79999999999995,3.628,122,177,3.628,2024-06-05 11:49:09
245.39999999999998,81,22358.68,245.39999999999998,5.677,118,187,5.677,2024-06-05 11:49:10
249.20000000000005,77,22364.78,249.20000000000005,6.097,119,107,6.097,2024-06-05 11:49:11
245.79999999999995,95,22370.87,245.79999999999995,6.096,117,125,6.096,2024-06-05 11:49:12
248.20000000000005,83,22375.08,248.20000000000005,4.209,129,155,4.209,2024-06-05 11:49:13
249.79999999999995,79,22379.58,249.79999999999995,4.497,116,137,4.497,2024-06-05 11:49:14
250.20000000000005,82,22385.03,250.20000000000005,5.449,121,156,5.449,2024-06-05 11:49:15
251.79999999999995,74,22389.93,251.79999999999995,4.901,114,160,4.901,2024-06-05 11:49:16
255.20000000000005,76,22396.12,255.20000000000005,6.187,120,150,6.187,2024-06-05 11:49:17
245.39999999999998,83,22401.13,245.39999999999998,5.02,122,132,5.02,2024-06-05 11:49:18
249.39999999999998,75,22407.96,249.39999999999998,6.828,118,177,6.828,2024-06-05 11:49:19
249.0,80,22413.65,249.0,5.689,114,140,5.689,2024-06-05 11:49:20
249.0,84,22420.44,249.0,6.787,125,139,6.787,2024-06-05 11:49:21
252.0,77,22425.48,252.0,5.045,115,145,5.045,2024-06-05 11:49:22
251.60000000000002,70,22433.56,251.60000000000002,8.076,123,170,8.076,2024-06-05 11:49:23
250.60000000000002,86,22437.75,250.60000000000002,4.192,117,128,4.192,2024-06-05 11:49:24
247.79999999999995,79,22445.82,247.79999999999995,8.069,118,166,8.069,2024-06-05 11:49:25
248.20000000000005,81,22450.97,248.20000000000005,5.153,121,147,5.153,2024-06-05 11:49:26
248.0,78,22456.91,248.0,5.937,124,131,5.937,2024-06-05 11:49:27
246.60000000000002,82,22462.73,246.60000000000002,5.818,116,123,5.818,2024-06-05 11:49:28
251.20000000000005,80,22467.2,251.20000000000005,4.471,122,141,4.471,2024-06-05 11:49:29
251.20000000000005,86,22472.95,251.20000000000005,5.749,122,143,5.749,2024-06-05 11:49:30
247.79999999999995,86,22483.66,247.79999999999995,10.712,158,315,10.712,2024-06-05 11:49:31
249.79999999999995,87,22494.35,249.79999999999995,10.69,157,279,10.69,2024-06-05 11:49:32
249.0,99,22502.78,249.0,8.429,163,288,8.429,2024-06-05 11:49:33
250.0,95,22512.06,250.0,9.286,169,295,9.286,2024-06-05 11:49:34
252.20000000000005,91,22521.48,252.20000000000005,9.421,173,247,9.421,2024-06-05 11:49:35
252.20000000000005,100,22530.02,252.20000000000005,8.531,162,259,8.531,2024-06-05 11:49:36
249.60000000000002,93,22540.28,249.60000000000002,10.265,156,238,10.265,2024-06-05 11:49:37
246.79999999999995,98,22548.64,246.79999999999995,8.362,164,294,8.362,2024-06-05 11:49:38
248.79999999999995,91,22558.28,248.79999999999995,9.635,156,284,9.635,2024-06-05 11:49:39
251.79999999999995,97,22565.97,251.79999999999995,7.695,161,263,7.695,2024-06-05 11:49:40
252.39999999999998,90,22573.79,252.39999999999998,7.814,161,291,7.814,2024-06-05 11:49:41
249.39999999999998,108,22581.52,249.39999999999998,7.739,152,276,7.739,2024-06-05 11:49:42
249.20000000000005,96,22590.49,249.20000000000005,8.966,156,291,8.966,2024-06-05 11:49:43
247.79999999999995,96,22599.54,247.79999999999995,9.046,157,297,9.046,2024-06-05 11:49:44
249.60000000000002,98,22607.31,249.60000000000002,7.776,159,284,7.776,2024-06-05 11:49:45
249.20000000000005,96,22616.05,249.20000000000005,8.736,161,293,8.736,2024-06-05 11:49:46
250.60000000000002,88,22624.4,250.60000000000002,8.348,155,280,8.348,2024-06-05 11:49:47
248.79999999999995,105,22634.27,248.79999999999995,9.872,163,298,9.872,2024-06-05 11:49:48
249.79999999999995,93,22644.73,249.79999999999995,10.46,165,266,10.46,2024-06-05 11:49:49
249.20000000000005,104,22655.85,249.20000000000005,11.124,149,297,11.124,2024-06-05 11:49:50
250.20000000000005,97,22666.49,250.20000000000005,10.632,169,278,10.632,2024-06-05 11:49:51
244.79999999999995,99,22674.43,244.79999999999995,7.945,165,283,7.945,2024-06-05 11:49:52
251.20000000000005,99,22684.02,251.20000000000005,9.592,151,300,9.592,2024-06-05 11:49:53
248.39999999999998,86,22694.16,248.39999999999998,10.133,154,290,10.133,2024-06-05 11:49:54
252.0,95,22701.17,252.0,7.016,154,251,7.016,2024-06-05 11:49:55
249.79999999999995,99,22710.82,249.79999999999995,9.653,164,275,9.653,2024-06-05 11:49:56
248.79999999999995,91,22718.51,248.79999999999995,7.682,152,257,7.682,2024-06-05 11:49:57
250.79999999999995,98,22728.44,250.79999999999995,9.936,166,275,9.936,2024-06-05 11:49:58
249.60000000000002,90,22736.93,249.60000000000002,8.49,152,306,8.49,2024-06-05 11:49:59
252.20000000000005,95,22745.05,252.20000000000005,8.119,166,280,8.119,2024-06-05 11:50:00
247.0,91,22754.25,247.0,9.195,156,303,9.195,2024-06-05 11:50:01
253.79999999999995,93,22763.76,253.79999999999995,9.512,150,280,9.512,2024-06-05 11:50:02
253.79999999999995,97,22771.13,253.79999999999995,7.374,165,261,7.374,2024-06-05 11:50:03
248.20000000000005,101,22779.7,248.20000000000005,8.571,159,254,8.571,2024-06-05 11:50:04
249.0,96,22789.36,249.0,9.655,159,276,9.655,2024-06-05 11:50:05
250.20000000000005,89,22799.01,250.20000000000005,9.652,154,284,9.652,2024-06-05 11:50:06
250.20000000000005,101,22807.11,250.20000000000005,8.096,165,281,8.096,2024-06-05 11:50:07
247.79999999999995,94,22817.12,247.79999999999995,10.015,159,307,10.015,2024-06-05 11:50:08
250.0,96,22825.75,250.0,8.633,157,251,8.633,2024-06-05 11:50:09
250.39999999999998,87,22833.4,250.39999999999998,7.646,164,286,7.646,2024-06-05 11:50:10
248.79999999999995,97,22841.48,248.79999999999995,8.086,158,262,8.086,2024-06-05 11:50:11
250.79999999999995,100,22850.82,250.79999999999995,9.334,149,292,9.334,2024-06-05 11:50:12
250.79999999999995,84,22859.36,250.79999999999995,8.537,165,269,8.537,2024-06-05 11:50:13
250.0,98,22868.14,250.0,8.781,159,318,8.781,2024-06-05 11:50:14
250.79999999999995,94,22877.48,250.79999999999995,9.347,159,263,9.347,2024-06-05 11:50:15
247.0,92,22887.5,247.0,10.016,158,301,10.016,2024-06-05 11:50:16
252.60000000000002,91,22897.4,252.60000000000002,9.895,162,280,9.895,2024-06-05 11:50:17
251.20000000000005,94,22907.09,251.20000000000005,9.695,156,267,9.695,2024-06-05 11:50:18
252.39999999999998,89,22915.22,252.39999999999998,8.131,161,265,8.131,2024-06-05 11:50:19
249.0,103,22923.88,249.0,8.662,160,301,8.662,2024-06-05 11:50:20
248.0,92,22933.84,248.0,9.961,160,281,9.961,2024-06-05 11:50:21
248.20000000000005,101,22940.46,248.20000000000005,6.618,157,271,6.618,2024-06-05 11:50:22
250.79999999999995,92,22949.85,250.79999999999995,9.393,159,284,9.393,2024-06-05 11:50:23
246.39999999999998,90,22960.27,246.39999999999998,10.419,163,277,10.419,2024-06-05 11:50:24
254.79999999999995,92,22968.42,254.79999999999995,8.151,166,327,8.151,2024-06-05 11:50:25
247.20000000000005,86,22977.27,247.20000000000005,8.848,161,289,8.848,2024-06-05 11:50:26
247.39999999999998,94,22986.3,247.39999999999998,9.032,161,254,9.032,2024-06-05 11:50:27
250.0,93,22996.29,250.0,9.99,163,267,9.99,2024-06-05 11:50:28
248.79999999999995,94,23004.52,248.79999999999995,8.226,155,290,8.226,2024-06-05 11:50:29
250.20000000000005,94,23012.64,250.20000000000005,8.118,161,290,8.118,2024-06-05 11:50:30
250.39999999999998,98,23022.94,250.39999999999998,10.304,166,254,10.304,2024-06-05 11:50:31
250.79999999999995,89,23030.54,250.79999999999995,7.6,163,259,7.6,2024-06-05 11:50:32
245.79999999999995,98,23040.02,245.79999999999995,9.48,155,260,9.48,2024-06-05 11:50:33
250.20000000000005,94,23047.82,250.20000000000005,7.793,164,284,7.793,2024-06-05 11:50:34
250.60000000000002,98,23055.95,250.60000000000002,8.133,157,276,8.133,2024-06-05 11:50:35
249.0,94,23065.56,249.0,9.607,160,250,9.607,2024-06-05 11:50:36
248.0,93,23073.22,248.0,7.66,161,281,7.66,2024-06-05 11:50:37
247.20000000000005,95,23081.78,247.20000000000005,8.564,162,295,8.564,2024-06-05 11:50:38
247.39999999999998,101,23090.46,247.39999999999998,8.679,158,287,8.679,2024-06-05 11:50:39
249.79999999999995,100,23099.6,249.79999999999995,9.144,167,256,9.144,2024-06-05 11:50:40
253.60000000000002,90,23109.65,253.60000000000002,10.043,155,261,10.043,2024-06-05 11:50:41
254.20000000000005,103,23117.94,254.20000000000005,8.299,161,281,8.299,2024-06-05 11:50:42
249.39999999999998,100,23126.16,249.39999999999998,8.218,166,293,8.218,2024-06-05 11:50:43
252.0,104,23136.18,252.0,10.017,157,323,10.017,2024-06-05 11:50:44
252.39999999999998,96,23144.59,252.39999999999998,8.414,162,236,8.414,2024-06-05 11:50:45
249.0,104,23154.4,249.0,9.804,156,318,9.804,2024-06-05 11:50:46
251.60000000000002,87,23163.31,251.60000000000002,8.908,164,249,8.908,2024-06-05 11:50:47
250.60000000000002,92,23171.33,250.60000000000002,8.021,160,304,8.021,2024-06-05 11:50:48
251.39999999999998,88,23180.02,251.39999999999998,8.691,159,276,8.691,2024-06-05 11:50:49
244.79999999999995,95,23189.84,244.79999999999995,9.825,160,315,9.825,2024-06-05 11:50:50
251.0,100,23200.17,251.0,10.328,157,287,10.328,2024-06-05 11:50:51
252.39999999999998,91,23208.17,252.39999999999998,7.997,163,280,7.997,2024-06-05 11:50:52
250.39999999999998,88,23217.46,250.39999999999998,9.295,148,251,9.295,2024-06-05 11:50:53
250.60000000000002,96,23225.75,250.60000000000002,8.289,165,298,8.289,2024-06-05 11:50:54
247.20000000000005,96,23234.1,247.20000000000005,8.348,157,286,8.348,2024-06-05 11:50:55
246.39999999999998,97,23243.73,246.39999999999998,9.628,160,266,9.628,2024-06-05 11:50:56
246.60000000000002,95,23253.53,246.60000000000002,9.807,165,312,9.807,2024-06-05 11:50:57
251.60000000000002,91,23263.92,251.60000000000002,10.391,158,292,10.391,2024-06-05 11:50:58
249.0,85,23272.69,249.0,8.768,165,265,8.768,2024-06-05 11:50:59
252.39999999999998,94,23282.59,252.39999999999998,9.902,156,302,9.902,2024-06-05 11:51:00
251.20000000000005,93,23289.38,251.20000000000005,6.783,162,291,6.783,2024-06-05 11:51:01
249.20000000000005,93,23299.82,249.20000000000005,10.442,158,305,10.442,2024-06-05 11:51:02
251.39999999999998,86,23307.89,251.39999999999998,8.075,164,272,8.075,2024-06-05 11:51:03
250.20000000000005,90,23317.37,250.20000000000005,9.475,163,298,9.475,2024-06-05 11:51:04
247.0,106,23326.2,247.0,8.835,155,289,8.835,2024-06-05 11:51:05
249.60000000000002,105,23336.54,249.60000000000002,10.341,157,277,10.341,2024-06-05 11:51:06
252.0,89,23344.91,252.0,8.368,164,313,8.368,2024-06-05 11:51:07
253.79999999999995,91,23353.71,253.79999999999995,8.802,158,262,8.802,2024-06-05 11:51:08
248.60000000000002,90,23362.78,248.60000000000002,9.069,157,279,9.069,2024-06-05 11:51:09
251.79999999999995,95,23372.28,251.79999999999995,9.499,162,257,9.499,2024-06-05 11:51:10
252.20000000000005,95,23380.48,252.20000000000005,8.198,148,269,8.198,2024-06-05 11:51:11
247.60000000000002,102,23387.93,247.60000000000002,7.446,168,247,7.446,2024-06-05 11:51:12
249.79999999999995,103,23396.73,249.79999999999995,8.805,160,294,8.805,2024-06-05 11:51:13
251.60000000000002,102,23405.77,251.60000000000002,9.04,164,302,9.04,2024-06-05 11:51:14
251.0,90,23415.16,251.0,9.386,163,308,9.386,2024-06-05 11:51:15
249.0,96,23423.76,249.0,8.605,169,303,8.605,2024-06-05 11:51:16
248.60000000000002,101,23432.94,248.60000000000002,9.181,152,290,9.181,2024-06-05 11:51:17
250.79999999999995,94,23441.81,250.79999999999995,8.871,162,259,8.871,2024-06-05 11:51:18
248.79999999999995,96,23451.47,248.79999999999995,9.656,161,295,9.656,2024-06-05 11:51:19
249.0,97,23460.39,249.0,8.921,154,257,8.921,2024-06-05 11:51:20
245.0,89,23468.59,245.0,8.204,171,267,8.204,2024-06-05 11:51:21
247.79999999999995,87,23478.92,247.79999999999995,10.329,160,261,10.329,2024-06-05 11:51:22
251.20000000000005,97,23489.12,251.20000000000005,10.201,162,320,10.201,2024-06-05 11:51:23
247.79999999999995,100,23497.44,247.79999999999995,8.316,160,290,8.316,2024-06-05 11:51:24
250.0,93,23506.84,250.0,9.398,164,255,9.398,2024-06-05 11:51:25
245.60000000000002,97,23516.74,245.60000000000002,9.898,152,309,9.898,2024-06-05 11:51:26
250.79999999999995,98,23525.29,250.79999999999995,8.554,163,251,8.554,2024-06-05 11:51:27
249.79999999999995,93,23533.27,249.79999999999995,7.974,170,305,7.974,2024-06-05 11:51:28
249.0,99,23544.12,249.0,10.851,157,277,10.851,2024-06-05 11:51:29
249.39999999999998,102,23551.96,249.39999999999998,7.843,159,278,7.843,2024-06-05 11:51:30
252.20000000000005,93,23560.47,252.20000000000005,8.508,156,279,8.508,2024-06-05 11:51:31
250.39999999999998,93,23568.7,250.39999999999998,8.232,165,301,8.232,2024-06-05 11:51:32
251.20000000000005,99,23578.34,251.20000000000005,9.641,169,293,9.641,2024-06-05 11:51:33
249.79999999999995,100,23586.11,249.79999999999995,7.765,166,278,7.765,2024-06-05 11:51:34
250.79999999999995,93,23594.97,250.79999999999995,8.861,163,317,8.861,2024-06-05 11:51:35
250.39999999999998,101,23601.33,250.39999999999998,6.366,164,249,6.366,2024-06-05 11:51:36
251.79999999999995,97,23609.74,251.79999999999995,8.403,164,273,8.403,2024-06-05 11:51:37
248.60000000000002,90,23618.03,248.60000000000002,8.29,162,276,8.29,2024-06-05 11:51:38
247.60000000000002,95,23626.03,247.60000000000002,8.007,158,273,8.007,2024-06-05 11:51:39
244.60000000000002,95,23634.89,244.60000000000002,8.861,169,265,8.861,2024-06-05 11:51:40
250.60000000000002,91,23645.66,250.60000000000002,10.769,154,304,10.769,2024-06-05 11:51:41
251.39999999999998,91,23655.69,251.39999999999998,10.031,154,312,10.031,2024-06-05 11:51:42
249.60000000000002,99,23667.31,249.60000000000002,11.617,153,285,11.617,2024-06-05 11:51:43
252.79999999999995,99,23674.72,252.79999999999995,7.413,158,295,7.413,2024-06-05 11:51:44
247.60000000000002,92,23681.83,247.60000000000002,7.109,160,272,7.109,2024-06-05 11:51:45
251.79999999999995,96,23691.44,251.79999999999995,9.607,168,244,9.607,2024-06-05 11:51:46
252.39999999999998,97,23700.02,252.39999999999998,8.584,147,321,8.584,2024-06-05 11:51:47
247.0,95,23708.57,247.0,8.553,163,264,8.553,2024-06-05 11:51:48
248.20000000000005,94,23718.43,248.20000000000005,9.854,160,306,9.854,2024-06-05 11:51:49
248.60000000000002,105,23728.66,248.60000000000002,10.234,164,283,10.234,2024-06-05 11:51:50
249.60000000000002,91,23737.07,249.60000000000002,8.412,157,286,8.412,2024-06-05 11:51:51
251.20000000000005,90,23748.12,251.20000000000005,11.045,164,272,11.045,2024-06-05 11:51:52
249.20000000000005,87,23754.9,249.20000000000005,6.776,160,235,6.776,2024-06-05 11:51:53
248.39999999999998,92,23763.78,248.39999999999998,8.889,168,280,8.889,2024-06-05 11:51:54
252.39999999999998,92,23771.75,252.39999999999998,7.966,162,286,7.966,2024-06-05 11:51:55
246.60000000000002,100,23781.4,246.60000000000002,9.649,169,295,9.649,2024-06-05 11:51:56
251.0,96,23790.97,251.0,9.572,163,294,9.572,2024-06-05 11:51:57
248.0,92,23798.99,248.0,8.021,158,237,8.021,2024-06-05 11:51:58
250.20000000000005,87,23807.03,250.20000000000005,8.037,162,299,8.037,2024-06-05 11:51:59
248.79999999999995,90,23815.07,248.79999999999995,8.043,153,272,8.043,2024-06-05 11:52:00
247.39999999999998,89,23821.13,247.39999999999998,6.057,132,189,6.057,2024-06-05 11:52:01
248.60000000000002,83,23826.73,248.60000000000002,5.597,114,175,5.597,2024-06-05 11:52:02
252.79999999999995,73,23831.73,252.79999999999995,5.007,121,156,5.007,2024-06-05 11:52:03
253.39999999999998,82,23838.38,253.39999999999998,6.646,125,167,6.646,2024-06-05 11:52:04
247.20000000000005,83,23844.05,247.20000000000005,5.674,131,139,5.674,2024-06-05 11:52:05
250.0,77,23849.13,250.0,5.073,115,150,5.073,2024-06-05 11:52:06
246.39999999999998,72,23856.02,246.39999999999998,6.894,119,146,6.894,2024-06-05 11:52:07
251.79999999999995,81,23862.04,251.79999999999995,6.017,111,137,6.017,2024-06-05 11:52:08
248.60000000000002,80,23868.15,248.60000000000002,6.116,122,149,6.116,2024-06-05 11:52:09
249.39999999999998,75,23875.1,249.39999999999998,6.947,119,144,6.947,2024-06-05 11:52:10
248.39999999999998,79,23880.74,248.39999999999998,5.643,127,139,5.643,2024-06-05 11:52:11
250.39999999999998,86,23885.7,250.39999999999998,4.957,116,120,4.957,2024-06-05 11:52:12
251.0,79,23892.65,251.0,6.951,115,180,6.951,2024-06-05 11:52:13
246.20000000000005,89,23897.5,246.20000000000005,4.85,120,152,4.85,2024-06-05 11:52:14
247.79999999999995,72,23903.56,247.79999999999995,6.06,128,147,6.06,2024-06-05 11:52:15
246.60000000000002,83,23910.25,246.60000000000002,6.688,117,149,6.688,2024-06-05 11:52:16
247.39999999999998,77,23916.71,247.39999999999998,6.464,118,132,6.464,2024-06-05 11:52:17
250.20000000000005,80,23921.05,250.20000000000005,4.337,113,170,4.337,2024-06-05 11:52:18
251.39999999999998,85,23926.1,251.39999999999998,5.045,122,150,5.045,2024-06-05 11:52:19
252.79999999999995,80,23931.43,252.79999999999995,5.331,122,121,5.331,2024-06-05 11:52:20
248.0,84,23938.25,248.0,6.821,114,129,6.821,2024-06-05 11:52:21
250.39999999999998,90,23944.1,250.39999999999998,5.848,126,175,5.848,2024-06-05 11:52:22
251.0,78,23950.64,251.0,6.546,115,204,6.546,2024-06-05 11:52:23
254.20000000000005,79,23955.11,254.20000000000005,4.471,121,164,4.471,2024-06-05 11:52:24
251.79999999999995,78,23959.06,251.79999999999995,3.946,126,185,3.946,2024-06-05 11:52:25
252.20000000000005,82,23964.64,252.20000000000005,5.578,124,140,5.578,2024-06-05 11:52:26
249.0,76,23970.62,249.0,5.978,119,155,5.978,2024-06-05 11:52:27
249.60000000000002,77,23977.29,249.60000000000002,6.673,126,150,6.673,2024-06-05 11:52:28
252.0,77,23983.53,252.0,6.238,123,170,6.238,2024-06-05 11:52:29
250.0,78,23988.15,250.0,4.621,122,154,4.621,2024-06-05 11:52:30
249.79999999999995,81,23994.4,249.79999999999995,6.252,119,143,6.252,2024-06-05 11:52:31
249.20000000000005,79,24000.68,249.20000000000005,6.28,120,94,6.28,2024-06-05 11:52:32
245.60000000000002,77,24009.07,245.60000000000002,8.385,118,151,8.385,2024-06-05 11:52:33
250.79999999999995,81,24015.94,250.79999999999995,6.879,123,179,6.879,2024-06-05 11:52:34
248.0,78,24020.69,248.0,4.742,123,146,4.742,2024-06-05 11:52:35
249.0,87,24026.14,249.0,5.456,115,140,5.456,2024-06-05 11:52:36
252.39999999999998,71,24030.38,252.39999999999998,4.241,123,164,4.241,2024-06-05 11:52:37
248.20000000000005,83,24037.57,248.20000000000005,7.186,114,180,7.186,2024-06-05 11:52:38
246.20000000000005,77,24043.97,246.20000000000005,6.399,112,118,6.399,2024-06-05 11:52:39
250.20000000000005,75,24049.22,250.20000000000005,5.252,115,164,5.252,2024-06-05 11:52:40
254.39999999999998,81,24054.95,254.39999999999998,5.73,122,134,5.73,2024-06-05 11:52:41
250.20000000000005,77,24060.68,250.20000000000005,5.729,118,135,5.729,2024-06-05 11:52:42
247.39999999999998,71,24066.92,247.39999999999998,6.245,121,145,6.245,2024-06-05 11:52:43
247.20000000000005,77,24073.85,247.20000000000005,6.93,120,137,6.93,2024-06-05 11:52:44
252.20000000000005,81,24080.41,252.20000000000005,6.561,110,136,6.561,2024-06-05 11:52:45
252.0,79,24086.3,252.0,5.885,118,135,5.885,2024-06-05 11:52:46
248.0,80,24092.04,248.0,5.741,122,139,5.741,2024-06-05 11:52:47
248.0,72,24097.28,248.0,5.241,124,182,5.241,2024-06-05 11:52:48
248.39999999999998,84,24102.82,248.39999999999998,5.538,124,130,5.538,2024-06-05 11:52:49
248.0,82,24109.95,248.0,7.131,118,153,7.131,2024-06-05 11:52:50
249.39999999999998,74,24115.28,249.39999999999998,5.331,122,141,5.331,2024-06-05 11:52:51
249.60000000000002,71,24122.64,249.60000000000002,7.355,112,146,7.355,2024-06-05 11:52:52
250.20000000000005,77,24126.41,250.20000000000005,3.772,122,135,3.772,2024-06-05 11:52:53
252.20000000000005,74,24133.59,252.20000000000005,7.178,121,160,7.178,2024-06-05 11:52:54
249.39999999999998,79,24139.53,249.39999999999998,5.942,121,168,5.942,2024-06-05 11:52:55
247.39999999999998,80,24145.19,247.39999999999998,5.661,119,156,5.661,2024-06-05 11:52:56
252.20000000000005,77,24151.58,252.20000000000005,6.389,131,127,6.389,2024-06-05 11:52:57
250.39999999999998,76,24158.54,250.39999999999998,6.963,123,139,6.963,2024-06-05 11:52:58
249.60000000000002,88,24164.28,249.60000000000002,5.739,123,178,5.739,2024-06-05 11:52:59
249.20000000000005,84,24171.0,249.20000000000005,6.722,122,148,6.722,2024-06-05 11:53:00
246.79999999999995,84,24177.76,246.79999999999995,6.762,129,129,6.762,2024-06-05 11:53:01
250.20000000000005,79,24183.32,250.20000000000005,5.56,124,189,5.56,2024-06-05 11:53:02
250.60000000000002,84,24190.34,250.60000000000002,7.016,115,137,7.016,2024-06-05 11:53:03
253.39999999999998,78,24195.22,253.39999999999998,4.881,118,142,4.881,2024-06-05 11:53:04
249.39999999999998,67,24199.98,249.39999999999998,4.758,115,115,4.758,2024-06-05 11:53:05
252.39999999999998,81,24205.07,252.39999999999998,5.094,120,160,5.094,2024-06-05 11:53:06
248.20000000000005,83,24210.78,248.20000000000005,5.71,112,139,5.71,2024-06-05 11:53:07
248.60000000000002,72,24218.15,248.60000000000002,7.371,117,136,7.371,2024-06-05 11:53:08
248.79999999999995,75,24222.9,248.79999999999995,4.744,115,149,4.744,2024-06-05 11:53:09
249.0,77,24232.62,249.0,9.72,110,131,9.72,2024-06-05 11:53:10
250.0,77,24238.91,250.0,6.293,118,181,6.293,2024-06-05 11:53:11
250.60000000000002,85,24243.9,250.60000000000002,4.987,123,181,4.987,2024-06-05 11:53:12
248.79999999999995,79,24251.15,248.79999999999995,7.258,116,191,7.258,2024-06-05 11:53:13
251.39999999999998,82,24256.08,251.39999999999998,4.927,104,162,4.927,2024-06-05 11:53:14
247.39999999999998,80,24260.83,247.39999999999998,4.745,123,169,4.745,2024-06-05 11:53:15
246.79999999999995,77,24266.76,246.79999999999995,5.935,117,151,5.935,2024-06-05 11:53:16
248.79999999999995,72,24273.03,248.79999999999995,6.268,119,113,6.268,2024-06-05 11:53:17
248.60000000000002,80,24280.0,248.60000000000002,6.97,118,169,6.97,2024-06-05 11:53:18
247.20000000000005,80,24286.85,247.20000000000005,6.856,118,145,6.856,2024-06-05 11:53:19
253.20000000000005,74,24292.8,253.20000000000005,5.942,116,131,5.942,2024-06-05 11:53:20
251.60000000000002,71,24297.21,251.60000000000002,4.409,126,140,4.409,2024-06-05 11:53:21
248.39999999999998,83,24304.33,248.39999999999998,7.126,114,151,7.126,2024-06-05 11:53:22
246.79999999999995,77,24309.85,246.79999999999995,5.521,116,136,5.521,2024-06-05 11:53:23
248.79999999999995,85,24315.41,248.79999999999995,5.56,111,164,5.56,2024-06-05 11:53:24
250.39999999999998,79,24321.59,250.39999999999998,6.172,108,157,6.172,2024-06-05 11:53:25
250.79999999999995,82,24328.44,250.79999999999995,6.851,132,186,6.851,2024-06-05 11:53:26
252.39999999999998,78,24334.1,252.39999999999998,5.665,121,142,5.665,2024-06-05 11:53:27
248.79999999999995,82,24341.04,248.79999999999995,6.933,114,141,6.933,2024-06-05 11:53:28
250.79999999999995,68,24345.77,250.79999999999995,4.733,125,170,4.733,2024-06-05 11:53:29
248.0,79,24353.06,248.0,7.296,127,165,7.296,2024-06-05 11:53:30
248.79999999999995,79,24359.5,248.79999999999995,6.435,116,142,6.435,2024-06-05 11:53:31
247.20000000000005,80,24364.28,247.20000000000005,4.783,117,149,4.783,2024-06-05 11:53:32
247.39999999999998,82,24372.3,247.39999999999998,8.015,124,156,8.015,2024-06-05 11:53:33
249.60000000000002,81,24379.68,249.60000000000002,7.383,126,141,7.383,2024-06-05 11:53:34
249.60000000000002,83,24384.82,249.60000000000002,5.144,114,142,5.144,2024-06-05 11:53:35
252.20000000000005,88,24390.24,252.20000000000005,5.419,123,129,5.419,2024-06-05 11:53:36
248.20000000000005,81,24395.99,248.20000000000005,5.747,124,128,5.747,2024-06-05 11:53:37
248.39999999999998,85,24404.24,248.39999999999998,8.249,120,161,8.249,2024-06-05 11:53:38
246.20000000000005,84,24412.15,246.20000000000005,7.914,113,146,7.914,2024-06-05 11:53:39
248.79999999999995,79,24417.97,248.79999999999995,5.816,119,179,5.816,2024-06-05 11:53:40
246.79999999999995,79,24422.53,246.79999999999995,4.564,125,172,4.564,2024-06-05 11:53:41
250.79999999999995,75,24429.07,250.79999999999995,6.534,122,149,6.534,2024-06-05 11:53:42
247.60000000000002,77,24433.42,247.60000000000002,4.35,114,147,4.35,2024-06-05 11:53:43
247.60000000000002,73,24439.53,247.60000000000002,6.111,110,135,6.111,2024-06-05 11:53:44
248.20000000000005,86,24446.59,248.20000000000005,7.06,121,106,7.06,2024-06-05 11:53:45
253.0,86,24453.6,253.0,7.016,109,166,7.016,2024-06-05 11:53:46
249.60000000000002,81,24461.43,249.60000000000002,7.823,125,127,7.823,2024-06-05 11:53:47
251.60000000000002,77,24466.96,251.60000000000002,5.528,114,174,5.528,2024-06-05 11:53:48
251.0,78,24471.16,251.0,4.208,112,191,4.208,2024-06-05 11:53:49
250.0,87,24477.16,250.0,6.001,115,123,6.001,2024-06-05 11:53:50
248.79999999999995,85,24483.53,248.79999999999995,6.369,123,133,6.369,2024-06-05 11:53:51
250.60000000000002,81,24489.36,250.60000000000002,5.827,122,165,5.827,2024-06-05 11:53:52
250.60000000000002,88,24495.48,250.60000000000002,6.124,120,131,6.124,2024-06-05 11:53:53
248.60000000000002,78,24503.34,248.60000000000002,7.857,123,142,7.857,2024-06-05 11:53:54
251.39999999999998,77,24509.46,251.39999999999998,6.123,121,153,6.123,2024-06-05 11:53:55
248.79999999999995,87,24515.47,248.79999999999995,6.001,109,172,6.001,2024-06-05 11:53:56
247.60000000000002,82,24521.65,247.60000000000002,6.187,128,157,6.187,2024-06-05 11:53:57
251.20000000000005,90,24528.6,251.20000000000005,6.947,121,171,6.947,2024-06-05 11:53:58
249.39999999999998,80,24536.18,249.39999999999998,7.583,118,154,7.583,2024-06-05 11:53:59
248.79999999999995,87,24540.69,248.79999999999995,4.507,128,171,4.507,2024-06-05 11:54:00
250.0,84,24545.81,250.0,5.123,117,173,5.123,2024-06-05 11:54:01
249.60000000000002,83,24551.96,249.60000000000002,6.15,121,131,6.15,2024-06-05 11:54:02
249.0,77,24559.47,249.0,7.511,114,162,7.511,2024-06-05 11:54:03
249.79999999999995,77,24563.75,249.79999999999995,4.276,125,170,4.276,2024-06-05 11:54:04
252.60000000000002,76,24568.24,252.60000000000002,4.494,110,142,4.494,2024-06-05 11:54:05
252.0,86,24572.33,252.0,4.085,111,190,4.085,2024-06-05 11:54:06
248.79999999999995,76,24578.31,248.79999999999995,5.981,123,151,5.981,2024-06-05 11:54:07
251.0,83,24583.82,251.0,5.511,105,147,5.511,2024-06-05 11:54:08
245.79999999999995,86,24588.62,245.79999999999995,4.796,117,148,4.796,2024-06-05 11:54:09
249.60000000000002,75,24596.18,249.60000000000002,7.567,115,163,7.567,2024-06-05 11:54:10
248.20000000000005,87,24601.16,248.20000000000005,4.972,119,147,4.972,2024-06-05 11:54:11
248.39999999999998,77,24607.52,248.39999999999998,6.368,124,156,6.368,2024-06-05 11:54:12
250.0,73,24613.4,250.0,5.873,116,150,5.873,2024-06-05 11:54:13
244.79999999999995,75,24619.56,244.79999999999995,6.161,124,180,6.161,2024-06-05 11:54:14
248.39999999999998,83,24623.9,248.39999999999998,4.338,125,151,4.338,2024-06-05 11:54:15
247.60000000000002,83,24631.34,247.60000000000002,7.441,121,162,7.441,2024-06-05 11:54:16
249.0,85,24635.73,249.0,4.391,122,138,4.391,2024-06-05 11:54:17
251.0,72,24640.91,251.0,5.182,119,158,5.182,2024-06-05 11:54:18
248.79999999999995,75,24648.38,248.79999999999995,7.471,119,146,7.471,2024-06-05 11:54:19
252.79999999999995,69,24654.88,252.79999999999995,6.502,121,153,6.502,2024-06-05 11:54:20
249.39999999999998,80,24662.61,249.39999999999998,7.731,130,151,7.731,2024-06-05 11:54:21
251.79999999999995,75,24669.07,251.79999999999995,6.461,110,178,6.461,2024-06-05 11:54:22
250.39999999999998,76,24675.97,250.39999999999998,6.894,125,144,6.894,2024-06-05 11:54:23
251.60000000000002,83,24681.92,251.60000000000002,5.954,116,149,5.954,2024-06-05 11:54:24
250.79999999999995,85,24688.19,250.79999999999995,6.268,112,109,6.268,2024-06-05 11:54:25
251.39999999999998,85,24693.95,251.39999999999998,5.764,117,151,5.764,2024-06-05 11:54:26
249.39999999999998,84,24701.09,249.39999999999998,7.138,128,154,7.138,2024-06-05 11:54:27
251.0,71,24706.2,251.0,5.111,117,137,5.111,2024-06-05 11:54:28
249.79999999999995,80,24711.95,249.79999999999995,5.751,128,151,5.751,2024-06-05 11:54:29
250.60000000000002,83,24717.11,250.60000000000002,5.159,116,142,5.159,2024-06-05 11:54:30
247.39999999999998,97,24724.21,247.39999999999998,7.094,162,298,7.094,2024-06-05 11:54:31
251.60000000000002,93,24733.5,251.60000000000002,9.295,159,262,9.295,2024-06-05 11:54:32
248.79999999999995,92,24743.9,248.79999999999995,10.396,159,259,10.396,2024-06-05 11:54:33
250.39999999999998,96,24753.64,250.39999999999998,9.747,153,279,9.747,2024-06-05 11:54:34
253.39999999999998,97,24760.66,253.39999999999998,7.011,160,279,7.011,2024-06-05 11:54:35
250.20000000000005,97,24770.07,250.20000000000005,9.417,157,309,9.417,2024-06-05 11:54:36
254.20000000000005,88,24779.18,254.20000000000005,9.107,160,283,9.107,2024-06-05 11:54:37
248.60000000000002,94,24787.83,248.60000000000002,8.651,162,292,8.651,2024-06-05 11:54:38
247.0,104,24797.57,247.0,9.742,157,260,9.742,2024-06-05 11:54:39
249.60000000000002,96,24806.14,249.60000000000002,8.567,162,232,8.567,2024-06-05 11:54:40
248.20000000000005,88,24815.76,248.20000000000005,9.625,159,272,9.625,2024-06-05 11:54:41
251.79999999999995,89,24826.36,251.79999999999995,10.597,167,215,10.597,2024-06-05 11:54:42
251.0,93,24835.38,251.0,9.02,156,266,9.02,2024-06-05 11:54:43
250.79999999999995,92,24843.03,250.79999999999995,7.65,163,276,7.65,2024-06-05 11:54:44
250.79999999999995,92,24852.56,250.79999999999995,9.525,161,300,9.525,2024-06-05 11:54:45
252.39999999999998,98,24862.59,252.39999999999998,10.029,162,276,10.029,2024-06-05 11:54:46
252.39999999999998,93,24869.82,252.39999999999998,7.232,162,252,7.232,2024-06-05 11:54:47
249.0,93,24876.94,249.0,7.122,167,287,7.122,2024-06-05 11:54:48
249.79999999999995,101,24884.5,249.79999999999995,7.561,155,281,7.561,2024-06-05 11:54:49
251.0,97,24894.52,251.0,10.022,151,279,10.022,2024-06-05 11:54:50
248.79999999999995,94,24903.85,248.79999999999995,9.321,160,275,9.321,2024-06-05 11:54:51
250.79999999999995,91,24909.88,250.79999999999995,6.031,156,247,6.031,2024-06-05 11:54:52
250.0,91,24918.15,250.0,8.27,165,262,8.27,2024-06-05 11:54:53
248.60000000000002,97,24926.91,248.60000000000002,8.765,164,254,8.765,2024-06-05 11:54:54
250.79999999999995,93,24937.04,250.79999999999995,10.128,157,264,10.128,2024-06-05 11:54:55
252.20000000000005,98,24944.69,252.20000000000005,7.655,159,270,7.655,2024-06-05 11:54:56
248.20000000000005,95,24952.49,248.20000000000005,7.798,168,295,7.798,2024-06-05 11:54:57
250.20000000000005,101,24961.0,250.20000000000005,8.51,159,254,8.51,2024-06-05 11:54:58
248.79999999999995,92,24968.61,248.79999999999995,7.607,163,278,7.607,2024-06-05 11:54:59
246.60000000000002,88,24977.52,246.60000000000002,8.913,165,259,8.913,2024-06-05 11:55:00
247.60000000000002,99,24986.98,247.60000000000002,9.46,160,268,9.46,2024-06-05 11:55:01
246.0,102,24995.16,246.0,8.178,159,269,8.178,2024-06-05 11:55:02
249.20000000000005,101,25003.21,249.20000000000005,8.052,157,303,8.052,2024-06-05 11:55:03
249.60000000000002,93,25012.79,249.60000000000002,9.582,161,278,9.582,2024-06-05 11:55:04
252.0,97,25020.74,252.0,7.943,154,306,7.943,2024-06-05 11:55:05
250.39999999999998,103,25029.66,250.39999999999998,8.92,162,312,8.92,2024-06-05 11:55:06
250.39999999999998,90,25039.2,250.39999999999998,9.544,168,286,9.544,2024-06-05 11:55:07
249.20000000000005,98,25046.83,249.20000000000005,7.628,163,281,7.628,2024-06-05 11:55:08
250.60000000000002,92,25055.01,250.60000000000002,8.183,163,297,8.183,2024-06-05 11:55:09
248.60000000000002,85,25064.84,248.60000000000002,9.832,159,287,9.832,2024-06-05 11:55:10
251.20000000000005,105,25073.62,251.20000000000005,8.779,157,280,8.779,2024-06-05 11:55:11
248.0,95,25081.62,248.0,7.998,156,269,7.998,2024-06-05 11:55:12
249.79999999999995,91,25090.71,249.79999999999995,9.087,156,279,9.087,2024-06-05 11:55:13
248.39999999999998,92,25099.87,248.39999999999998,9.164,161,281,9.164,2024-06-05 11:55:14
249.20000000000005,97,25107.82,249.20000000000005,7.949,159,273,7.949,2024-06-05 11:55:15
250.39999999999998,92,25115.24,250.39999999999998,7.426,159,260,7.426,2024-06-05 11:55:16
250.20000000000005,97,25123.5,250.20000000000005,8.25,158,272,8.25,2024-06-05 11:55:17
250.0,88,25133.08,250.0,9.582,166,272,9.582,2024-06-05 11:55:18
247.79999999999995,97,25142.35,247.79999999999995,9.268,161,306,9.268,2024-06-05 11:55:19
251.39999999999998,100,25149.98,251.39999999999998,7.634,156,280,7.634,2024-06-05 11:55:20
249.20000000000005,102,25160.1,249.20000000000005,10.123,159,282,10.123,2024-06-05 11:55:21
245.0,94,25168.38,245.0,8.279,154,255,8.279,2024-06-05 11:55:22
250.39999999999998,99,25176.99,250.39999999999998,8.605,157,292,8.605,2024-06-05 11:55:23
252.20000000000005,92,25187.06,252.20000000000005,10.074,164,304,10.074,2024-06-05 11:55:24
250.39999999999998,92,25196.32,250.39999999999998,9.264,158,267,9.264,2024-06-05 11:55:25
251.0,107,25204.38,251.0,8.058,154,279,8.058,2024-06-05 11:55:26
248.0,94,25212.82,248.0,8.443,161,280,8.443,2024-06-05 11:55:27
249.60000000000002,98,25220.58,249.60000000000002,7.753,161,257,7.753,2024-06-05 11:55:28
252.0,103,25228.46,252.0,7.883,156,285,7.883,2024-06-05 11:55:29
249.79999999999995,94,25236.78,249.79999999999995,8.324,162,253,8.324,2024-06-05 11:55:30
252.20000000000005,85,25244.56,252.20000000000005,7.78,163,263,7.78,2024-06-05 11:55:31
250.39999999999998,97,25252.0,250.39999999999998,7.433,154,278,7.433,2024-06-05 11:55:32
251.0,90,25261.18,251.0,9.182,164,275,9.182,2024-06-05 11:55:33
250.39999999999998,96,25270.86,250.39999999999998,9.682,161,276,9.682,2024-06-05 11:55:34
252.20000000000005,99,25278.95,252.20000000000005,8.089,160,281,8.089,2024-06-05 11:55:35
251.20000000000005,90,25285.99,251.20000000000005,7.043,160,295,7.043,2024-06-05 11:55:36
253.20000000000005,97,25294.45,253.20000000000005,8.458,158,288,8.458,2024-06-05 11:55:37
246.0,102,25304.03,246.0,9.583,150,290,9.583,2024-06-05 11:55:38
249.20000000000005,97,25314.48,249.20000000000005,10.446,159,264,10.446,2024-06-05 11:55:39
248.20000000000005,95,25322.76,248.20000000000005,8.278,161,288,8.278,2024-06-05 11:55:40
248.79999999999995,103,25332.06,248.79999999999995,9.298,158,275,9.298,2024-06-05 11:55:41
248.0,95,25340.86,248.0,8.803,143,261,8.803,2024-06-05 11:55:42
253.20000000000005,91,25350.76,253.20000000000005,9.899,152,270,9.899,2024-06-05 11:55:43
251.0,101,25360.64,251.0,9.884,156,288,9.884,2024-06-05 11:55:44
249.79999999999995,96,25370.26,249.79999999999995,9.616,153,276,9.616,2024-06-05 11:55:45
248.20000000000005,93,25380.02,248.20000000000005,9.758,159,275,9.758,2024-06-05 11:55:46
247.60000000000002,93,25388.98,247.60000000000002,8.964,160,268,8.964,2024-06-05 11:55:47
253.39999999999998,87,25395.53,253.39999999999998,6.553,160,274,6.553,2024-06-05 11:55:48
249.39999999999998,89,25402.72,249.39999999999998,7.183,162,274,7.183,2024-06-05 11:55:49
246.0,86,25412.14,246.0,9.419,161,278,9.419,2024-06-05 11:55:50
249.60000000000002,96,25419.75,249.60000000000002,7.613,159,244,7.613,2024-06-05 11:55:51
253.39999999999998,96,25427.31,253.39999999999998,7.566,158,285,7.566,2024-06-05 11:55:52
247.39999999999998,97,25436.28,247.39999999999998,8.97,167,285,8.97,2024-06-05 11:55:53
252.60000000000002,96,25445.1,252.60000000000002,8.813,149,298,8.813,2024-06-05 11:55:54
248.39999999999998,95,25452.97,248.39999999999998,7.872,162,296,7.872,2024-06-05 11:55:55
245.60000000000002,105,25460.37,245.60000000000002,7.4,168,283,7.4,2024-06-05 11:55:56
251.20000000000005,89,25470.13,251.20000000000005,9.766,157,271,9.766,2024-06-05 11:55:57
253.60000000000002,90,25478.6,253.60000000000002,8.463,167,250,8.463,2024-06-05 11:55:58
250.0,84,25487.8,250.0,9.204,163,264,9.204,2024-06-05 11:55:59
252.60000000000002,91,25495.36,252.60000000000002,7.557,157,306,7.557,2024-06-05 11:56:00
253.60000000000002,97,25503.51,253.60000000000002,8.155,169,314,8.155,2024-06-05 11:56:01
251.20000000000005,101,25514.2,251.20000000000005,10.681,157,303,10.681,2024-06-05 11:56:02
251.60000000000002,100,25523.63,251.60000000000002,9.434,165,335,9.434,2024-06-05 11:56:03
251.0,94,25535.04,251.0,11.413,169,248,11.413,2024-06-05 11:56:04
248.39999999999998,101,25543.02,248.39999999999998,7.974,149,280,7.974,2024-06-05 11:56:05
249.0,89,25552.36,249.0,9.343,165,274,9.343,2024-06-05 11:56:06
248.79999999999995,95,25558.78,248.79999999999995,6.421,159,265,6.421,2024-06-05 11:56:07
251.39999999999998,90,25567.33,251.39999999999998,8.552,160,262,8.552,2024-06-05 11:56:08
249.39999999999998,96,25574.82,249.39999999999998,7.49,156,312,7.49,2024-06-05 11:56:09
250.79999999999995,96,25583.66,250.79999999999995,8.842,156,246,8.842,2024-06-05 11:56:10
254.0,93,25591.98,254.0,8.317,161,287,8.317,2024-06-05 11:56:11
250.39999999999998,92,25601.39,250.39999999999998,9.409,159,260,9.409,2024-06-05 11:56:12
247.39999999999998,100,25611.76,247.39999999999998,10.367,155,317,10.367,2024-06-05 11:56:13
247.79999999999995,100,25619.86,247.79999999999995,8.103,163,298,8.103,2024-06-05 11:56:14
246.39999999999998,103,25629.8,246.39999999999998,9.935,156,304,9.935,2024-06-05 11:56:15
249.79999999999995,90,25638.65,249.79999999999995,8.857,155,267,8.857,2024-06-05 11:56:16
250.79999999999995,81,25648.23,250.79999999999995,9.578,164,272,9.578,2024-06-05 11:56:17
245.0,90,25655.49,245.0,7.263,157,289,7.263,2024-06-05 11:56:18
251.0,100,25663.5,251.0,8.001,159,298,8.001,2024-06-05 11:56:19
251.39999999999998,96,25673.08,251.39999999999998,9.589,167,249,9.589,2024-06-05 11:56:20
252.60000000000002,98,25683.25,252.60000000000002,10.166,166,308,10.166,2024-06-05 11:56:21
245.0,97,25693.28,245.0,10.027,162,265,10.027,2024-06-05 11:56:22
251.60000000000002,98,25701.79,251.60000000000002,8.509,162,276,8.509,2024-06-05 11:56:23
250.79999999999995,91,25710.66,250.79999999999995,8.868,157,282,8.868,2024-06-05 11:56:24
247.60000000000002,87,25722.35,247.60000000000002,11.694,159,289,11.694,2024-06-05 11:56:25
249.60000000000002,94,25731.49,249.60000000000002,9.137,159,299,9.137,2024-06-05 11:56:26
256.20000000000005,90,25740.64,256.20000000000005,9.157,160,257,9.157,2024-06-05 11:56:27
249.79999999999995,96,25749.99,249.79999999999995,9.345,151,278,9.345,2024-06-05 11:56:28
251.20000000000005,89,25759.37,251.20000000000005,9.386,157,245,9.386,2024-06-05 11:56:29
249.79999999999995,94,25766.75,249.79999999999995,7.374,160,283,7.374,2024-06-05 11:56:30
247.0,85,25774.3,247.0,7.548,159,277,7.548,2024-06-05 11:56:31
250.60000000000002,83,25783.82,250.60000000000002,9.526,154,267,9.526,2024-06-05 11:56:32
254.39999999999998,97,25792.6,254.39999999999998,8.775,159,288,8.775,2024-06-05 11:56:33
250.20000000000005,99,25800.09,250.20000000000005,7.495,147,279,7.495,2024-06-05 11:56:34
251.20000000000005,100,25807.42,251.20000000000005,7.327,165,287,7.327,2024-06-05 11:56:35
252.20000000000005,90,25816.29,252.20000000000005,8.869,162,292,8.869,2024-06-05 11:56:36
246.39999999999998,91,25824.93,246.39999999999998,8.645,157,284,8.645,2024-06-05 11:56:37
247.0,90,25833.77,247.0,8.835,168,243,8.835,2024-06-05 11:56:38
247.60000000000002,98,25843.17,247.60000000000002,9.4,153,301,9.4,2024-06-05 11:56:39
249.20000000000005,100,25853.12,249.20000000000005,9.956,158,306,9.956,2024-06-05 11:56:40
252.60000000000002,98,25862.64,252.60000000000002,9.521,164,290,9.521,2024-06-05 11:56:41
252.60000000000002,95,25870.89,252.60000000000002,8.242,161,271,8.242,2024-06-05 11:56:42
248.60000000000002,90,25879.78,248.60000000000002,8.891,164,292,8.891,2024-06-05 11:56:43
251.79999999999995,101,25886.94,251.79999999999995,7.16,159,258,7.16,2024-06-05 11:56:44
249.60000000000002,98,25896.91,249.60000000000002,9.969,163,279,9.969,2024-06-05 11:56:45
248.39999999999998,100,25905.16,248.39999999999998,8.253,154,279,8.253,2024-06-05 11:56:46
247.39999999999998,94,25912.7,247.39999999999998,7.546,153,275,7.546,2024-06-05 11:56:47
250.20000000000005,90,25919.89,250.20000000000005,7.187,165,229,7.187,2024-06-05 11:56:48
248.39999999999998,97,25929.23,248.39999999999998,9.336,152,289,9.336,2024-06-05 11:56:49
248.60000000000002,95,25938.05,248.60000000000002,8.818,161,281,8.818,2024-06-05 11:56:50
248.0,92,25946.61,248.0,8.568,168,281,8.568,2024-06-05 11:56:51
250.60000000000002,89,25955.04,250.60000000000002,8.422,156,291,8.422,2024-06-05 11:56:52
246.79999999999995,107,25963.77,246.79999999999995,8.729,151,300,8.729,2024-06-05 11:56:53
247.79999999999995,91,25970.89,247.79999999999995,7.127,159,251,7.127,2024-06-05 11:56:54
251.20000000000005,88,25980.14,251.20000000000005,9.246,154,277,9.246,2024-06-05 11:56:55
249.60000000000002,95,25988.27,249.60000000000002,8.132,157,258,8.132,2024-06-05 11:56:56
247.60000000000002,85,25996.18,247.60000000000002,7.91,159,281,7.91,2024-06-05 11:56:57
248.79999999999995,105,26005.23,248.79999999999995,9.047,158,326,9.047,2024-06-05 11:56:58
251.60000000000002,99,26014.31,251.60000000000002,9.087,159,285,9.087,2024-06-05 11:56:59
252.39999999999998,84,26022.58,252.39999999999998,8.265,162,294,8.265,2024-06-05 11:57:00
251.39999999999998,73,26028.89,251.39999999999998,6.312,120,170,6.312,2024-06-05 11:57:01
249.39999999999998,79,26037.78,249.39999999999998,8.894,120,141,8.894,2024-06-05 11:57:02
248.0,84,26042.74,248.0,4.954,111,157,4.954,2024-06-05 11:57:03
251.39999999999998,76,26047.59,251.39999999999998,4.856,121,138,4.856,2024-06-05 11:57:04
248.60000000000002,73,26054.18,248.60000000000002,6.585,118,179,6.585,2024-06-05 11:57:05
247.60000000000002,86,26058.78,247.60000000000002,4.6,118,123,4.6,2024-06-05 11:57:06
250.60000000000002,90,26065.83,250.60000000000002,7.053,114,141,7.053,2024-06-05 11:57:07
250.60000000000002,73,26071.57,250.60000000000002,5.735,118,125,5.735,2024-06-05 11:57:08
252.60000000000002,83,26077.39,252.60000000000002,5.829,126,154,5.829,2024-06-05 11:57:09
249.79999999999995,76,26084.0,249.79999999999995,6.604,126,145,6.604,2024-06-05 11:57:10
249.79999999999995,88,26089.8,249.79999999999995,5.801,121,166,5.801,2024-06-05 11:57:11
249.20000000000005,82,26096.19,249.20000000000005,6.389,117,205,6.389,2024-06-05 11:57:12
248.0,79,26101.99,248.0,5.798,109,143,5.798,2024-06-05 11:57:13
249.79999999999995,85,26108.67,249.79999999999995,6.687,121,149,6.687,2024-06-05 11:57:14
248.20000000000005,73,26114.82,248.20000000000005,6.147,119,175,6.147,2024-06-05 11:57:15
249.39999999999998,78,26120.02,249.39999999999998,5.198,119,155,5.198,2024-06-05 11:57:16
245.39999999999998,83,26125.85,245.39999999999998,5.827,124,153,5.827,2024-06-05 11:57:17
254.79999999999995,87,26131.29,254.79999999999995,5.444,126,139,5.444,2024-06-05 11:57:18
253.79999999999995,74,26136.89,253.79999999999995,5.595,112,169,5.595,2024-06-05 11:57:19
249.79999999999995,77,26142.56,249.79999999999995,5.675,113,166,5.675,2024-06-05 11:57:20
249.0,76,26149.57,249.0,7.011,116,114,7.011,2024-06-05 11:57:21
248.79999999999995,79,26155.66,248.79999999999995,6.093,118,165,6.093,2024-06-05 11:57:22
250.39999999999998,76,26162.36,250.39999999999998,6.694,116,168,6.694,2024-06-05 11:57:23
246.39999999999998,81,26167.99,246.39999999999998,5.632,120,161,5.632,2024-06-05 11:57:24
249.60000000000002,85,26172.98,249.60000000000002,4.992,115,104,4.992,2024-06-05 11:57:25
249.39999999999998,75,26178.23,249.39999999999998,5.25,123,148,5.25,2024-06-05 11:57:26
250.20000000000005,73,26184.6,250.20000000000005,6.363,123,182,6.363,2024-06-05 11:57:27
248.20000000000005,81,26191.56,248.20000000000005,6.964,125,152,6.964,2024-06-05 11:57:28
250.79999999999995,85,26197.06,250.79999999999995,5.504,126,186,5.504,2024-06-05 11:57:29
249.0,74,26202.64,249.0,5.575,117,155,5.575,2024-06-05 11:57:30
249.79999999999995,77,26210.0,249.79999999999995,7.364,117,165,7.364,2024-06-05 11:57:31
250.60000000000002,79,26217.08,250.60000000000002,7.081,113,155,7.081,2024-06-05 11:57:32
252.79999999999995,79,26224.59,252.79999999999995,7.51,125,147,7.51,2024-06-05 11:57:33
247.60000000000002,85,26231.26,247.60000000000002,6.67,121,135,6.67,2024-06-05 11:57:34
246.39999999999998,76,26235.95,246.39999999999998,4.688,121,128,4.688,2024-06-05 11:57:35
251.79999999999995,73,26243.73,251.79999999999995,7.776,117,147,7.776,2024-06-05 11:57:36
250.79999999999995,80,26249.22,250.79999999999995,5.497,118,161,5.497,2024-06-05 11:57:37
253.79999999999995,67,26255.65,253.79999999999995,6.42,124,164,6.42,2024-06-05 11:57:38
249.60000000000002,85,26261.9,249.60000000000002,6.256,120,202,6.256,2024-06-05 11:57:39
252.79999999999995,95,26269.36,252.79999999999995,7.464,119,144,7.464,2024-06-05 11:57:40
250.60000000000002,79,26274.45,250.60000000000002,5.081,121,109,5.081,2024-06-05 11:57:41
254.20000000000005,81,26279.92,254.20000000000005,5.474,123,140,5.474,2024-06-05 11:57:42
248.20000000000005,93,26286.03,248.20000000000005,6.106,128,176,6.106,2024-06-05 11:57:43
249.39999999999998,76,26291.43,249.39999999999998,5.4,113,158,5.4,2024-06-05 11:57:44
249.60000000000002,79,26298.54,249.60000000000002,7.117,124,157,7.117,2024-06-05 11:57:45
251.20000000000005,81,26304.0,251.20000000000005,5.457,121,129,5.457,2024-06-05 11:57:46
251.20000000000005,79,26310.81,251.20000000000005,6.811,122,166,6.811,2024-06-05 11:57:47
252.39999999999998,74,26316.97,252.39999999999998,6.156,123,147,6.156,2024-06-05 11:57:48
250.79999999999995,83,26322.04,250.79999999999995,5.077,117,135,5.077,2024-06-05 11:57:49
248.20000000000005,88,26326.89,248.20000000000005,4.847,123,145,4.847,2024-06-05 11:57:50
250.20000000000005,83,26332.02,250.20000000000005,5.126,127,184,5.126,2024-06-05 11:57:51
249.39999999999998,76,26338.37,249.39999999999998,6.352,123,100,6.352,2024-06-05 11:57:52
245.60000000000002,79,26344.39,245.60000000000002,6.023,117,183,6.023,2024-06-05 11:57:53
249.39999999999998,81,26352.24,249.39999999999998,7.845,127,191,7.845,2024-06-05 11:57:54
247.39999999999998,75,26359.98,247.39999999999998,7.744,121,157,7.744,2024-06-05 11:57:55
251.79999999999995,72,26366.73,251.79999999999995,6.753,131,169,6.753,2024-06-05 11:57:56
250.39999999999998,83,26374.17,250.39999999999998,7.437,127,160,7.437,2024-06-05 11:57:57
250.39999999999998,77,26378.99,250.39999999999998,4.822,122,114,4.822,2024-06-05 11:57:58
248.20000000000005,80,26385.07,248.20000000000005,6.078,117,113,6.078,2024-06-05 11:57:59
251.39999999999998,89,26392.57,251.39999999999998,7.498,118,151,7.498,2024-06-05 11:58:00
253.20000000000005,83,26399.01,253.20000000000005,6.447,114,148,6.447,2024-06-05 11:58:01
249.60000000000002,85,26404.83,249.60000000000002,5.816,120,173,5.816,2024-06-05 11:58:02
249.60000000000002,85,26412.53,249.60000000000002,7.705,115,137,7.705,2024-06-05 11:58:03
249.79999999999995,76,26421.27,249.79999999999995,8.74,122,157,8.74,2024-06-05 11:58:04
257.0,77,26426.66,257.0,5.389,113,170,5.389,2024-06-05 11:58:05
251.20000000000005,88,26432.43,251.20000000000005,5.763,118,123,5.763,2024-06-05 11:58:06
248.60000000000002,75,26438.0,248.60000000000002,5.577,126,145,5.577,2024-06-05 11:58:07
249.39999999999998,77,26442.1,249.39999999999998,4.093,123,163,4.093,2024-06-05 11:58:08
252.39999999999998,83,26447.77,252.39999999999998,5.677,127,145,5.677,2024-06-05 11:58:09
252.60000000000002,81,26453.14,252.60000000000002,5.369,129,146,5.369,2024-06-05 11:58:10
246.79999999999995,80,26458.07,246.79999999999995,4.929,118,142,4.929,2024-06-05 11:58:11
251.20000000000005,69,26463.76,251.20000000000005,5.683,128,129,5.683,2024-06-05 11:58:12
253.39999999999998,86,26471.53,253.39999999999998,7.78,116,149,7.78,2024-06-05 11:58:13
250.39999999999998,74,26479.2,250.39999999999998,7.667,122,140,7.667,2024-06-05 11:58:14
248.60000000000002,67,26485.25,248.60000000000002,6.05,117,171,6.05,2024-06-05 11:58:15
246.60000000000002,77,26490.89,246.60000000000002,5.642,113,164,5.642,2024-06-05 11:58:16
251.39999999999998,74,26496.29,251.39999999999998,5.393,120,134,5.393,2024-06-05 11:58:17
253.39999999999998,78,26501.37,253.39999999999998,5.088,118,179,5.088,2024-06-05 11:58:18
249.39999999999998,78,26507.19,249.39999999999998,5.811,129,136,5.811,2024-06-05 11:58:19
253.39999999999998,83,26511.91,253.39999999999998,4.728,122,148,4.728,2024-06-05 11:58:20
249.79999999999995,77,26517.77,249.79999999999995,5.86,117,172,5.86,2024-06-05 11:58:21
248.0,81,26522.48,248.0,4.702,125,185,4.702,2024-06-05 11:58:22
250.20000000000005,80,26529.5,250.20000000000005,7.024,132,134,7.024,2024-06-05 11:58:23
248.79999999999995,70,26537.02,248.79999999999995,7.517,125,165,7.517,2024-06-05 11:58:24
249.79999999999995,75,26543.84,249.79999999999995,6.82,121,166,6.82,2024-06-05 11:58:25
252.60000000000002,89,26549.97,252.60000000000002,6.135,124,133,6.135,2024-06-05 11:58:26
249.39999999999998,92,26557.31,249.39999999999998,7.338,125,149,7.338,2024-06-05 11:58:27
246.79999999999995,74,26563.17,246.79999999999995,5.86,117,154,5.86,2024-06-05 11:58:28
250.39999999999998,75,26568.29,250.39999999999998,5.123,115,136,5.123,2024-06-05 11:58:29
250.60000000000002,81,26573.62,250.60000000000002,5.323,120,156,5.323,2024-06-05 11:58:30
246.60000000000002,80,26578.82,246.60000000000002,5.202,124,185,5.202,2024-06-05 11:58:31
248.20000000000005,82,26585.7,248.20000000000005,6.886,122,153,6.886,2024-06-05 11:58:32
248.39999999999998,86,26591.89,248.39999999999998,6.188,117,134,6.188,2024-06-05 11:58:33
250.20000000000005,78,26597.05,250.20000000000005,5.16,123,135,5.16,2024-06-05 11:58:34
253.60000000000002,81,26603.49,253.60000000000002,6.437,127,175,6.437,2024-06-05 11:58:35
249.79999999999995,82,26609.08,249.79999999999995,5.591,130,127,5.591,2024-06-05 11:58:36
253.0,86,26613.58,253.0,4.499,113,174,4.499,2024-06-05 11:58:37
249.79999999999995,85,26619.34,249.79999999999995,5.766,120,171,5.766,2024-06-05 11:58:38
251.39999999999998,75,26625.22,251.39999999999998,5.872,113,187,5.872,2024-06-05 11:58:39
251.0,76,26630.09,251.0,4.871,119,151,4.871,2024-06-05 11:58:40
247.79999999999995,75,26636.7,247.79999999999995,6.616,120,143,6.616,2024-06-05 11:58:41
249.60000000000002,79,26642.09,249.60000000000002,5.383,112,147,5.383,2024-06-05 11:58:42
249.0,71,26648.18,249.0,6.094,126,135,6.094,2024-06-05 11:58:43
248.0,78,26651.84,248.0,3.659,108,149,3.659,2024-06-05 11:58:44
248.20000000000005,82,26658.25,248.20000000000005,6.407,115,127,6.407,2024-06-05 11:58:45
251.60000000000002,83,26663.97,251.60000000000002,5.727,131,157,5.727,2024-06-05 11:58:46
253.20000000000005,75,26671.28,253.20000000000005,7.305,124,152,7.305,2024-06-05 11:58:47
248.0,83,26678.67,248.0,7.39,112,153,7.39,2024-06-05 11:58:48
250.0,87,26683.69,250.0,5.025,122,161,5.025,2024-06-05 11:58:49
250.60000000000002,74,26690.51,250.60000000000002,6.821,140,170,6.821,2024-06-05 11:58:50
249.79999999999995,76,26695.17,249.79999999999995,4.657,121,125,4.657,2024-06-05 11:58:51
249.39999999999998,72,26702.53,249.39999999999998,7.357,119,116,7.357,2024-06-05 11:58:52
253.20000000000005,73,26709.24,253.20000000000005,6.715,120,160,6.715,2024-06-05 11:58:53
251.39999999999998,79,26716.28,251.39999999999998,7.036,119,156,7.036,2024-06-05 11:58:54
256.0,79,26722.1,256.0,5.818,117,154,5.818,2024-06-05 11:58:55
249.79999999999995,94,26727.42,249.79999999999995,5.327,122,130,5.327,2024-06-05 11:58:56
247.0,72,26733.09,247.0,5.669,117,140,5.669,2024-06-05 11:58:57
248.79999999999995,80,26739.16,248.79999999999995,6.063,119,157,6.063,2024-06-05 11:58:58
249.39999999999998,69,26742.55,249.39999999999998,3.396,116,164,3.396,2024-06-05 11:58:59
248.60000000000002,87,26748.82,248.60000000000002,6.272,126,135,6.272,2024-06-05 11:59:00
252.79999999999995,85,26753.9,252.79999999999995,5.079,123,164,5.079,2024-06-05 11:59:01
250.79999999999995,75,26759.02,250.79999999999995,5.117,122,193,5.117,2024-06-05 11:59:02
249.20000000000005,75,26765.31,249.20000000000005,6.286,113,142,6.286,2024-06-05 11:59:03
250.79999999999995,72,26772.91,250.79999999999995,7.605,126,195,7.605,2024-06-05 11:59:04
250.60000000000002,84,26777.36,250.60000000000002,4.448,110,155,4.448,2024-06-05 11:59:05
252.20000000000005,72,26782.57,252.20000000000005,5.21,124,128,5.21,2024-06-05 11:59:06
249.60000000000002,70,26786.69,249.60000000000002,4.123,117,133,4.123,2024-06-05 11:59:07
249.39999999999998,81,26791.86,249.39999999999998,5.171,117,120,5.171,2024-06-05 11:59:08
246.39999999999998,78,26797.45,246.39999999999998,5.588,116,126,5.588,2024-06-05 11:59:09
251.39999999999998,76,26802.74,251.39999999999998,5.29,116,156,5.29,2024-06-05 11:59:10
251.79999999999995,87,26809.64,251.79999999999995,6.903,121,133,6.903,2024-06-05 11:59:11
250.39999999999998,82,26815.32,250.39999999999998,5.676,119,157,5.676,2024-06-05 11:59:12
254.20000000000005,73,26822.66,254.20000000000005,7.341,114,135,7.341,2024-06-05 11:59:13
249.20000000000005,80,26827.54,249.20000000000005,4.88,117,185,4.88,2024-06-05 11:59:14
252.60000000000002,81,26834.43,252.60000000000002,6.887,119,128,6.887,2024-06-05 11:59:15
250.79999999999995,80,26840.75,250.79999999999995,6.326,122,152,6.326,2024-06-05 11:59:16
249.39999999999998,75,26849.92,249.39999999999998,9.172,115,130,9.172,2024-06-05 11:59:17
250.60000000000002,79,26856.77,250.60000000000002,6.849,121,133,6.849,2024-06-05 11:59:18
250.60000000000002,72,26863.9,250.60000000000002,7.125,119,145,7.125,2024-06-05 11:59:19
249.60000000000002,76,26871.5,249.60000000000002,7.601,119,181,7.601,2024-06-05 11:59:20
249.79999999999995,81,26877.36,249.79999999999995,5.865,128,159,5.865,2024-06-05 11:59:21
245.39999999999998,80,26882.66,245.39999999999998,5.3,126,134,5.3,2024-06-05 11:59:22
249.20000000000005,77,26888.72,249.20000000000005,6.055,115,129,6.055,2024-06-05 11:59:23
249.0,85,26896.2,249.0,7.476,123,157,7.476,2024-06-05 11:59:24
251.60000000000002,74,26902.58,251.60000000000002,6.38,119,153,6.38,2024-06-05 11:59:25
252.20000000000005,80,26909.02,252.20000000000005,6.445,122,137,6.445,2024-06-05 11:59:26
252.79999999999995,79,26914.04,252.79999999999995,5.015,131,173,5.015,2024-06-05 11:59:27
245.79999999999995,89,26919.79,245.79999999999995,5.76,119,177,5.76,2024-06-05 11:59:28
252.79999999999995,86,26926.34,252.79999999999995,6.549,121,143,6.549,2024-06-05 11:59:29
248.60000000000002,78,26932.17,248.60000000000002,5.828,125,156,5.828,2024-06-05 11:59:30
