altitude,cadence,distance,enhanced_altitude,enhanced_speed,heart_rate,left_right_balance,speed,temperature,timestamp,position_lat,position_long
524.2,,0.0,524.2,,83,,,29,2025-06-04 16:22:14,,
524.2,,0.0,524.2,,83,,,29,2025-06-04 16:22:15,,
524.2,,0.0,524.2,,83,,,29,2025-06-04 16:22:16,,
524.2,,0.0,524.2,,83,,,29,2025-06-04 16:22:17,,
524.2,,0.0,524.2,,83,,,29,2025-06-04 16:22:18,,
524.2,,0.0,524.2,,83,,,29,2025-06-04 16:22:19,,
524.2,,0.0,524.2,,81,,,29,2025-06-04 16:22:20,,
524.2,,0.0,524.2,,82,,,29,2025-06-04 16:22:21,,
524.2,,0.0,524.2,,84,,,29,2025-06-04 16:22:22,,
524.2,,0.0,524.2,,86,,,29,2025-06-04 16:22:23,,
524.2,,0.0,524.2,,87,,,29,2025-06-04 16:22:24,,
524.2,,0.0,524.2,,89,,,29,2025-06-04 16:22:25,,
524.2,,0.0,524.2,,90,,,29,2025-06-04 16:22:26,,
524.2,,0.0,524.2,,91,,,29,2025-06-04 16:22:27,,
524.2,,0.0,524.2,,93,,,29,2025-06-04 16:22:28,,
524.2,,0.0,524.2,,92,,,29,2025-06-04 16:22:29,,
524.2,,0.0,524.2,,92,,,29,2025-06-04 16:22:30,,
524.2,,0.0,524.2,,92,,,29,2025-06-04 16:22:31,,
524.2,,0.0,524.2,,92,,,29,2025-06-04 16:22:32,,
524.2,,0.0,524.2,,92,,,29,2025-06-04 16:22:33,,
525.4000000000001,,0.0,525.4000000000001,,91,,,29,2025-06-04 16:22:34,,
525.4000000000001,,0.0,525.4000000000001,,90,,,29,2025-06-04 16:22:35,,
525.4000000000001,,0.0,525.4000000000001,,90,,,29,2025-06-04 16:22:36,,
525.4000000000001,,0.0,525.4000000000001,,90,,,29,2025-06-04 16:22:37,,
525.4000000000001,,0.0,525.4000000000001,,90,,,29,2025-06-04 16:22:38,,
525.4000000000001,,0.0,525.4000000000001,,90,,,29,2025-06-04 16:22:39,,
525.4000000000001,,0.0,525.4000000000001,,90,,,29,2025-06-04 16:22:40,,
525.4000000000001,,0.0,525.4000000000001,,90,,,29,2025-06-04 16:22:41,,
525.4000000000001,,0.0,525.4000000000001,,90,,,29,2025-06-04 16:22:42,,
525.4000000000001,,0.0,525.4000000000001,,90,,,29,2025-06-04 16:22:43,,
525.4000000000001,,0.0,525.4000000000001,,90,,,29,2025-06-04 16:22:44,,
525.4000000000001,,0.0,525.4000000000001,,90,,,29,2025-06-04 16:22:45,,
525.4000000000001,,0.0,525.4000000000001,,91,,,29,2025-06-04 16:22:46,,
524.2,,0.0,524.2,,90,,,29,2025-06-04 16:22:47,,
524.2,,0.0,524.2,,91,,,29,2025-06-04 16:22:48,,
524.2,,0.0,524.2,,92,,,29,2025-06-04 16:22:49,,
524.2,,0.0,524.2,,93,,,29,2025-06-04 16:22:50,,
524.2,,0.0,524.2,,93,,,29,2025-06-04 16:22:51,,
524.2,,0.0,524.2,,94,,,29,2025-06-04 16:22:52,,
525.4000000000001,,0.0,525.4000000000001,,94,,,29,2025-06-04 16:22:53,,
525.4000000000001,,0.0,525.4000000000001,,94,,,29,2025-06-04 16:22:54,,
525.4000000000001,,0.0,525.4000000000001,,94,,,29,2025-06-04 16:22:55,,
525.4000000000001,,0.0,525.4000000000001,,94,,,29,2025-06-04 16:22:56,,
526.2,,0.0,526.2,,94,,,29,2025-06-04 16:22:57,,
526.2,,0.0,526.2,,94,,,29,2025-06-04 16:22:58,,
526.2,,0.0,526.2,,95,,,29,2025-06-04 16:22:59,,
526.2,,0.0,526.2,,95,,,29,2025-06-04 16:23:00,,
526.2,,0.0,526.2,,95,,,29,2025-06-04 16:23:01,,
526.2,,0.0,526.2,,95,,,29,2025-06-04 16:23:02,,
526.2,,0.0,526.2,,95,,,29,2025-06-04 16:23:03,,
526.2,,0.0,526.2,,95,,,29,2025-06-04 16:23:04,,
526.2,,0.0,526.2,,97,,,29,2025-06-04 16:23:05,,
526.2,,0.0,526.2,,99,,,29,2025-06-04 16:23:06,,
526.2,,0.0,526.2,,100,,,29,2025-06-04 16:23:07,,
526.2,,0.0,526.2,,102,,,29,2025-06-04 16:23:08,,
527.4000000000001,,0.0,527.4000000000001,,103,,,29,2025-06-04 16:23:09,,
527.4000000000001,,0.0,527.4000000000001,,103,,,29,2025-06-04 16:23:10,,
527.4000000000001,,0.0,527.4000000000001,,104,,,29,2025-06-04 16:23:11,,
527.4000000000001,,0.0,527.4000000000001,,104,,,29,2025-06-04 16:23:12,,
527.4000000000001,,0.0,527.4000000000001,,105,,,29,2025-06-04 16:23:13,,
527.4000000000001,,0.0,527.4000000000001,,105,,,29,2025-06-04 16:23:14,,
527.4000000000001,,0.0,527.4000000000001,,106,,,29,2025-06-04 16:23:15,,
527.4000000000001,,0.0,527.4000000000001,,106,,,29,2025-06-04 16:23:16,,
527.4000000000001,,0.0,527.4000000000001,,107,,,29,2025-06-04 16:23:17,,
527.4000000000001,,0.0,527.4000000000001,,107,,,29,2025-06-04 16:23:18,,
526.2,,0.0,526.2,,107,,,29,2025-06-04 16:23:19,,
526.2,,0.0,526.2,,107,,,29,2025-06-04 16:23:20,,
526.2,,0.0,526.2,,108,,,29,2025-06-04 16:23:21,,
526.2,,0.0,526.2,,108,,,29,2025-06-04 16:23:22,,
525.4000000000001,,0.0,525.4000000000001,,109,,,29,2025-06-04 16:23:23,,
525.4000000000001,,0.0,525.4000000000001,,109,,,29,2025-06-04 16:23:24,,
525.4000000000001,,0.0,525.4000000000001,,110,,,29,2025-06-04 16:23:25,,
525.4000000000001,,0.0,525.4000000000001,,111,,,29,2025-06-04 16:23:26,,
525.4000000000001,,0.0,525.4000000000001,,111,,,29,2025-06-04 16:23:27,,
525.4000000000001,,0.0,525.4000000000001,,112,,,29,2025-06-04 16:23:28,,
525.4000000000001,,0.0,525.4000000000001,,112,,,29,2025-06-04 16:23:29,,
525.4000000000001,,0.0,525.4000000000001,,112,,,29,2025-06-04 16:23:30,,
525.4000000000001,,0.0,525.4000000000001,,112,,,29,2025-06-04 16:23:31,,
525.4000000000001,,0.0,525.4000000000001,,114,,,29,2025-06-04 16:23:32,,
525.4000000000001,,0.0,525.4000000000001,,115,,,29,2025-06-04 16:23:33,,
523.4,,0.0,523.4,,115,,,29,2025-06-04 16:23:34,,
523.4,,0.0,523.4,,116,,,29,2025-06-04 16:23:35,,
524.2,,0.0,524.2,,116,,,29,2025-06-04 16:23:36,,
524.2,,0.0,524.2,,115,,,29,2025-06-04 16:23:37,,
524.2,,0.0,524.2,,115,,,29,2025-06-04 16:23:38,,
524.2,,0.0,524.2,,116,,,29,2025-06-04 16:23:39,,
524.2,,0.0,524.2,,117,,,29,2025-06-04 16:23:40,,
524.2,,0.0,524.2,,117,,,29,2025-06-04 16:23:41,,
524.2,,0.0,524.2,,117,,,29,2025-06-04 16:23:42,,
524.2,,0.0,524.2,,117,,,29,2025-06-04 16:23:43,,
523.4,,0.0,523.4,0.0,116,,0.0,29,2025-06-04 16:23:44,,
523.4,,0.0,523.4,0.0,116,,0.0,29,2025-06-04 16:23:45,,
523.4,,0.0,523.4,0.514,117,,0.514,29,2025-06-04 16:23:46,566527700.0,144069348.0
523.4,,0.1,523.4,0.719,117,,0.719,29,2025-06-04 16:23:47,566526408.0,144072450.0
523.4,,0.1,523.4,0.925,117,,0.925,29,2025-06-04 16:23:48,566526428.0,144070999.0
523.4,,0.1,523.4,0.925,117,,0.925,29,2025-06-04 16:23:49,566526686.0,144069925.0
523.4,,19.6,523.4,1.028,117,,1.028,29,2025-06-04 16:23:50,566526965.0,144068832.0
523.4,,19.7,523.4,1.15,117,,1.15,29,2025-06-04 16:23:51,566527124.0,144068354.0
524.2,,19.7,524.2,1.275,117,,1.275,29,2025-06-04 16:23:52,566526965.0,144067718.0
524.2,,19.9,524.2,1.778,117,,1.778,29,2025-06-04 16:23:53,566526627.0,144067400.0
524.2,,20.6,524.2,2.283,117,,2.283,29,2025-06-04 16:23:54,566526587.0,144066525.0
524.2,,36.3,524.2,2.828,117,,2.828,29,2025-06-04 16:23:55,566526488.0,144065730.0
525.4000000000001,,38.0,525.4000000000001,3.311,117,,3.311,29,2025-06-04 16:23:56,566526289.0,144065173.0
525.4000000000001,,41.5,525.4000000000001,3.764,117,,3.764,29,2025-06-04 16:23:57,566526209.0,144064417.0
525.4000000000001,,45.6,525.4000000000001,3.981,116,,3.981,29,2025-06-04 16:23:58,566526149.0,144063642.0
525.4000000000001,,52.5,525.4000000000001,4.319,117,,4.319,29,2025-06-04 16:23:59,566525970.0,144062906.0
525.4000000000001,,57.6,525.4000000000001,4.661,117,,4.661,29,2025-06-04 16:24:00,566525732.0,144061932.0
525.4000000000001,,64.2,525.4000000000001,4.978,117,,4.978,29,2025-06-04 16:24:01,566525613.0,144061216.0
525.4000000000001,,69.7,525.4000000000001,5.369,118,,5.369,29,2025-06-04 16:24:02,566525573.0,144060401.0
525.4000000000001,,73.5,525.4000000000001,5.617,119,,5.617,29,2025-06-04 16:24:03,566525533.0,144059426.0
525.4000000000001,,77.9,525.4000000000001,5.564,119,,5.564,29,2025-06-04 16:24:04,566525354.0,144059068.0
525.4000000000001,,81.7,525.4000000000001,5.472,119,,5.472,29,2025-06-04 16:24:05,566525175.0,144058571.0
525.4000000000001,,85.3,525.4000000000001,5.339,119,,5.339,29,2025-06-04 16:24:06,566524996.0,144058094.0
525.4000000000001,,88.6,525.4000000000001,5.164,119,,5.164,29,2025-06-04 16:24:07,566524857.0,144057597.0
525.4000000000001,,91.0,525.4000000000001,4.989,119,,4.989,29,2025-06-04 16:24:08,566524718.0,144057000.0
525.4000000000001,,94.0,525.4000000000001,4.978,119,,4.978,29,2025-06-04 16:24:09,566524539.0,144056464.0
529.2,,97.2,529.2,4.958,119,,4.958,29,2025-06-04 16:24:10,566524400.0,144055927.0
529.2,,99.8,529.2,4.928,120,,4.928,29,2025-06-04 16:24:11,566524201.0,144055410.0
529.2,,104.1,529.2,4.897,120,,4.897,29,2025-06-04 16:24:12,566523982.0,144054893.0
529.2,,108.2,529.2,4.742,121,,4.742,29,2025-06-04 16:24:13,566523803.0,144054316.0
529.2,,111.6,529.2,4.567,121,,4.567,29,2025-06-04 16:24:14,566523644.0,144053759.0
529.2,,115.0,529.2,4.403,122,,4.403,29,2025-06-04 16:24:15,566523584.0,144053262.0
530.4000000000001,,118.9,530.4000000000001,4.258,123,,4.258,29,2025-06-04 16:24:16,566523545.0,144052686.0
530.4000000000001,,122.8,530.4000000000001,4.217,124,,4.217,29,2025-06-04 16:24:17,566523644.0,144052089.0
530.4000000000001,,127.1,530.4000000000001,4.289,124,,4.289,29,2025-06-04 16:24:18,566523763.0,144051413.0
530.4000000000001,,131.5,530.4000000000001,4.383,124,,4.383,29,2025-06-04 16:24:19,566523942.0,144050737.0
530.4000000000001,,136.0,530.4000000000001,4.475,124,,4.475,29,2025-06-04 16:24:20,566524161.0,144050041.0
530.4000000000001,,140.6,530.4000000000001,4.567,124,,4.567,29,2025-06-04 16:24:21,566524400.0,144049385.0
530.4000000000001,,145.4,530.4000000000001,4.556,124,,4.556,29,2025-06-04 16:24:22,566524598.0,144048709.0
530.4000000000001,,150.6,530.4000000000001,4.567,123,,4.567,29,2025-06-04 16:24:23,566524738.0,144048033.0
530.4000000000001,,155.6,530.4000000000001,4.608,123,,4.608,29,2025-06-04 16:24:24,566524877.0,144047377.0
530.4000000000001,,160.7,530.4000000000001,4.681,123,,4.681,29,2025-06-04 16:24:25,566524996.0,144046681.0
531.2,,165.1,531.2,4.742,123,,4.742,29,2025-06-04 16:24:26,566525135.0,144045985.0
531.2,,169.5,531.2,4.814,123,,4.814,29,2025-06-04 16:24:27,566525195.0,144045348.0
531.2,,174.4,531.2,4.886,123,,4.886,29,2025-06-04 16:24:28,566525334.0,144044613.0
531.2,,179.0,531.2,4.936,123,,4.936,29,2025-06-04 16:24:29,566525473.0,144043837.0
532.4000000000001,,183.1,532.4000000000001,4.958,123,,4.958,29,2025-06-04 16:24:30,566525553.0,144043101.0
532.4000000000001,,188.7,532.4000000000001,4.989,123,,4.989,29,2025-06-04 16:24:31,566525613.0,144042485.0
532.4000000000001,,193.1,532.4000000000001,5.008,122,,5.008,29,2025-06-04 16:24:32,566525752.0,144041570.0
532.4000000000001,,198.6,532.4000000000001,5.031,122,,5.031,29,2025-06-04 16:24:33,566525792.0,144040994.0
533.2,,203.8,533.2,5.05,121,,5.05,29,2025-06-04 16:24:34,566525891.0,144040039.0
533.2,,209.2,533.2,5.069,121,,5.069,29,2025-06-04 16:24:35,566525970.0,144039264.0
534.4000000000001,,213.9,534.4000000000001,5.058,121,,5.058,29,2025-06-04 16:24:36,566526050.0,144038488.0
534.4000000000001,,218.4,534.4000000000001,5.039,120,,5.039,29,2025-06-04 16:24:37,566526130.0,144037792.0
533.2,,223.0,533.2,5.019,120,,5.019,29,2025-06-04 16:24:38,566526209.0,144037096.0
533.2,,228.2,533.2,5.003,120,,5.003,29,2025-06-04 16:24:39,566526249.0,144036401.0
534.4000000000001,,231.9,534.4000000000001,4.994,119,,4.994,29,2025-06-04 16:24:40,566526328.0,144035645.0
534.4000000000001,,237.5,534.4000000000001,4.992,119,,4.992,29,2025-06-04 16:24:41,566526348.0,144035009.0
534.4000000000001,,241.5,534.4000000000001,4.997,119,,4.997,29,2025-06-04 16:24:42,566526488.0,144034213.0
534.4000000000001,,246.6,534.4000000000001,5.031,118,,5.031,29,2025-06-04 16:24:43,566526587.0,144033418.0
534.4000000000001,,251.9,534.4000000000001,5.044,118,,5.044,29,2025-06-04 16:24:44,566526706.0,144032623.0
534.4000000000001,,256.4,534.4000000000001,5.044,117,,5.044,29,2025-06-04 16:24:45,,
534.4000000000001,,262.3,534.4000000000001,5.083,117,,5.083,29,2025-06-04 16:24:46,566526845.0,144031728.0
534.4000000000001,,267.3,534.4000000000001,5.103,117,,5.103,29,2025-06-04 16:24:47,566526965.0,144031131.0
534.4000000000001,,272.4,534.4000000000001,5.122,116,,5.122,29,2025-06-04 16:24:48,566527183.0,144030236.0
534.4000000000001,,277.9,534.4000000000001,5.081,116,,5.081,29,2025-06-04 16:24:49,566527362.0,144029600.0
534.4000000000001,,283.0,534.4000000000001,4.964,115,,4.964,29,2025-06-04 16:24:50,566527601.0,144028864.0
534.4000000000001,,286.6,534.4000000000001,4.764,114,,4.764,29,2025-06-04 16:24:51,566527780.0,144028129.0
533.2,,291.5,533.2,4.692,114,,4.692,29,2025-06-04 16:24:52,566527959.0,144027313.0
533.2,,295.1,533.2,4.167,113,,4.167,29,2025-06-04 16:24:53,566528098.0,144026836.0
533.2,,299.3,533.2,4.078,114,,4.078,29,2025-06-04 16:24:54,566528297.0,144026120.0
533.2,,302.2,533.2,4.011,114,,4.011,29,2025-06-04 16:24:55,566528456.0,144025564.0
533.2,,305.5,533.2,4.017,114,,4.017,29,2025-06-04 16:24:56,566528536.0,144024967.0
533.2,,308.3,533.2,4.072,114,,4.072,29,2025-06-04 16:24:57,566528476.0,144024410.0
533.2,,312.9,533.2,4.161,115,,4.161,29,2025-06-04 16:24:58,566528237.0,144023893.0
533.2,,316.8,533.2,4.839,115,,4.839,29,2025-06-04 16:24:59,566527939.0,144023476.0
535.4000000000001,,320.7,535.4000000000001,4.992,116,,4.992,29,2025-06-04 16:25:00,566527502.0,144022820.0
535.4000000000001,,325.7,535.4000000000001,5.358,116,,5.358,29,2025-06-04 16:25:01,566527104.0,144022263.0
535.4000000000001,,331.6,535.4000000000001,5.464,116,,5.464,29,2025-06-04 16:25:02,566526786.0,144021786.0
535.4000000000001,,338.6,535.4000000000001,5.544,116,,5.544,29,2025-06-04 16:25:03,566526368.0,144021149.0
535.4000000000001,,345.9,535.4000000000001,5.647,116,,5.647,29,2025-06-04 16:25:04,566525951.0,144020533.0
535.4000000000001,,352.9,535.4000000000001,5.767,116,,5.767,29,2025-06-04 16:25:05,566525454.0,144019718.0
535.4000000000001,,360.0,535.4000000000001,5.9,115,,5.9,29,2025-06-04 16:25:06,566524996.0,144019002.0
535.4000000000001,,366.4,535.4000000000001,6.014,115,,6.014,29,2025-06-04 16:25:07,566524579.0,144018266.0
536.4000000000001,,373.1,536.4000000000001,6.086,115,,6.086,29,2025-06-04 16:25:08,566524121.0,144017511.0
536.4000000000001,,380.1,536.4000000000001,6.139,115,,6.139,29,2025-06-04 16:25:09,566523684.0,144016755.0
537.4000000000001,,386.0,537.4000000000001,6.181,115,,6.181,29,2025-06-04 16:25:10,566523266.0,144015999.0
537.4000000000001,,392.6,537.4000000000001,6.189,114,,6.189,29,2025-06-04 16:25:11,566522849.0,144015264.0
537.4000000000001,,397.9,537.4000000000001,6.2,114,,6.2,29,2025-06-04 16:25:12,566522511.0,144014667.0
537.4000000000001,,404.3,537.4000000000001,6.203,114,,6.203,29,2025-06-04 16:25:13,566522033.0,144013931.0
537.4000000000001,,410.2,537.4000000000001,6.2,115,,6.2,29,2025-06-04 16:25:14,566521636.0,144013196.0
537.4000000000001,,415.8,537.4000000000001,6.158,115,,6.158,29,2025-06-04 16:25:15,566521198.0,144012440.0
537.4000000000001,,422.5,537.4000000000001,6.131,115,,6.131,29,2025-06-04 16:25:16,566520801.0,144011705.0
537.4000000000001,,428.6,537.4000000000001,6.092,115,,6.092,29,2025-06-04 16:25:17,566520403.0,144010949.0
538.2,,434.6,538.2,6.056,116,,6.056,29,2025-06-04 16:25:18,566519926.0,144010094.0
538.2,,440.6,538.2,6.025,116,,6.025,29,2025-06-04 16:25:19,566519528.0,144009358.0
538.2,,446.4,538.2,6.011,116,,6.011,29,2025-06-04 16:25:20,566519110.0,144008642.0
538.2,,452.9,538.2,6.003,116,,6.003,29,2025-06-04 16:25:21,566518772.0,144008105.0
538.2,,458.1,538.2,5.997,116,,5.997,29,2025-06-04 16:25:22,566518355.0,144007390.0
538.2,,464.0,538.2,5.983,116,,5.983,29,2025-06-04 16:25:23,566517878.0,144006515.0
538.2,,469.6,538.2,5.958,116,,5.958,29,2025-06-04 16:25:24,566517540.0,144005938.0
538.2,,475.5,538.2,5.936,117,,5.936,29,2025-06-04 16:25:25,566517142.0,144005202.0
538.2,,481.3,538.2,5.919,118,,5.919,29,2025-06-04 16:25:26,566516784.0,144004487.0
538.2,,486.4,538.2,5.911,119,,5.911,29,2025-06-04 16:25:27,566516347.0,144003612.0
539.4000000000001,,493.1,539.4000000000001,5.903,119,,5.903,29,2025-06-04 16:25:28,566515969.0,144002876.0
539.4000000000001,,498.8,539.4000000000001,5.883,120,,5.883,29,2025-06-04 16:25:29,566515631.0,144002299.0
539.4000000000001,,504.3,539.4000000000001,5.839,121,,5.839,29,2025-06-04 16:25:30,566515213.0,144001583.0
539.4000000000001,,510.5,539.4000000000001,5.783,122,,5.783,29,2025-06-04 16:25:31,566514875.0,144000848.0
539.4000000000001,,515.9,539.4000000000001,5.722,122,,5.722,29,2025-06-04 16:25:32,566514458.0,144000013.0
539.4000000000001,,521.0,539.4000000000001,5.692,123,,5.692,29,2025-06-04 16:25:33,566514080.0,143999376.0
538.2,,526.2,538.2,5.7,123,,5.7,29,2025-06-04 16:25:34,566513662.0,143998740.0
538.2,,532.6,538.2,5.758,123,,5.758,29,2025-06-04 16:25:35,566513364.0,143998183.0
538.2,,538.3,538.2,5.814,124,,5.814,29,2025-06-04 16:25:36,566512986.0,143997448.0
538.2,,544.1,538.2,5.878,124,,5.878,29,2025-06-04 16:25:37,566512489.0,143996593.0
538.2,,550.8,538.2,5.925,124,,5.925,29,2025-06-04 16:25:38,566512171.0,143995956.0
538.2,,556.2,538.2,5.956,124,,5.956,29,2025-06-04 16:25:39,566511773.0,143995240.0
538.2,,562.0,538.2,5.95,124,,5.95,29,2025-06-04 16:25:40,566511296.0,143994346.0
538.2,,568.6,538.2,5.956,123,,5.956,29,2025-06-04 16:25:41,566510898.0,143993630.0
538.2,,574.6,538.2,5.956,123,,5.956,29,2025-06-04 16:25:42,566510560.0,143993073.0
538.2,,580.7,538.2,5.947,123,,5.947,29,2025-06-04 16:25:43,566510103.0,143992198.0
539.4000000000001,,585.8,539.4000000000001,5.939,123,,5.939,29,2025-06-04 16:25:44,566509785.0,143991602.0
539.4000000000001,,592.0,539.4000000000001,5.922,123,,5.922,29,2025-06-04 16:25:45,566509407.0,143990846.0
540.2,,597.7,540.2,5.894,123,,5.894,29,2025-06-04 16:25:46,566509029.0,143990130.0
540.2,,602.8,540.2,5.856,124,,5.856,29,2025-06-04 16:25:47,566508632.0,143989414.0
540.2,,608.8,540.2,5.828,124,,5.828,29,2025-06-04 16:25:48,566508254.0,143988718.0
540.2,,614.8,540.2,5.792,124,,5.792,29,2025-06-04 16:25:49,566507856.0,143988023.0
540.2,,620.4,540.2,5.758,124,,5.758,29,2025-06-04 16:25:50,566507399.0,143987207.0
540.2,,625.8,540.2,5.719,124,,5.719,29,2025-06-04 16:25:51,566507081.0,143986651.0
540.2,,631.3,540.2,5.692,124,,5.692,29,2025-06-04 16:25:52,566506643.0,143985815.0
540.2,,636.8,540.2,5.661,124,,5.661,29,2025-06-04 16:25:53,566506345.0,143985279.0
540.2,,642.8,540.2,5.633,124,,5.633,29,2025-06-04 16:25:54,566505967.0,143984602.0
540.2,,647.8,540.2,5.606,124,,5.606,29,2025-06-04 16:25:55,566505589.0,143983926.0
540.2,,653.1,540.2,5.6,124,,5.6,29,2025-06-04 16:25:56,566505152.0,143983091.0
540.2,,657.9,540.2,5.606,123,,5.606,28,2025-06-04 16:25:57,566504854.0,143982554.0
540.2,,664.3,540.2,5.617,123,,5.617,28,2025-06-04 16:25:58,566504496.0,143981898.0
540.2,,670.0,540.2,5.669,122,,5.669,28,2025-06-04 16:25:59,566504098.0,143981202.0
540.2,,676.0,540.2,5.742,122,,5.742,28,2025-06-04 16:26:00,566503700.0,143980506.0
540.2,,682.1,540.2,5.825,122,,5.825,28,2025-06-04 16:26:01,566503243.0,143979671.0
540.2,,689.0,540.2,5.931,122,,5.931,28,2025-06-04 16:26:02,566502885.0,143979094.0
540.2,,694.2,540.2,6.056,122,,6.056,28,2025-06-04 16:26:03,566502467.0,143978379.0
540.2,,701.5,540.2,6.158,122,,6.158,28,2025-06-04 16:26:04,566501911.0,143977524.0
540.2,,708.2,540.2,6.244,122,,6.244,28,2025-06-04 16:26:05,566501493.0,143976967.0
540.2,,714.5,540.2,6.275,122,,6.275,28,2025-06-04 16:26:06,566500936.0,143976350.0
540.2,,720.9,540.2,6.242,122,,6.242,28,2025-06-04 16:26:07,566500400.0,143975714.0
540.2,,726.9,540.2,6.133,122,,6.133,28,2025-06-04 16:26:08,566499883.0,143975098.0
540.2,,732.9,540.2,5.683,122,,5.683,28,2025-06-04 16:26:09,566499425.0,143974481.0
539.4000000000001,,737.1,539.4000000000001,5.058,122,,5.058,28,2025-06-04 16:26:10,566498869.0,143973805.0
539.4000000000001,,739.7,539.4000000000001,4.189,122,,4.189,28,2025-06-04 16:26:11,566498431.0,143973308.0
538.2,,741.3,538.2,3.239,123,,3.239,28,2025-06-04 16:26:12,566498173.0,143972990.0
538.2,,741.7,538.2,2.272,124,,2.272,28,2025-06-04 16:26:13,566497954.0,143972632.0
538.2,,741.7,538.2,2.083,125,,2.083,28,2025-06-04 16:26:14,566497934.0,143972553.0
536.4000000000001,,742.0,536.4000000000001,1.806,120,,1.806,28,2025-06-04 16:26:15,566497894.0,143972473.0
536.4000000000001,,742.2,536.4000000000001,2.153,120,,2.153,28,2025-06-04 16:26:16,566497874.0,143972433.0
537.4000000000001,,744.7,537.4000000000001,2.508,119,,2.508,28,2025-06-04 16:26:25,566497854.0,143972413.0
537.4000000000001,,747.9,537.4000000000001,2.978,118,,2.978,28,2025-06-04 16:26:26,566497139.0,143972652.0
537.4000000000001,,751.8,537.4000000000001,3.469,118,,3.469,28,2025-06-04 16:26:27,566496960.0,143973090.0
537.4000000000001,,756.9,537.4000000000001,3.922,118,,3.922,28,2025-06-04 16:26:28,566496761.0,143973626.0
537.4000000000001,,762.5,537.4000000000001,4.206,118,,4.206,28,2025-06-04 16:26:29,566496542.0,143974243.0
537.4000000000001,,768.3,537.4000000000001,4.325,118,,4.325,28,2025-06-04 16:26:30,566496303.0,143974899.0
537.4000000000001,,775.8,537.4000000000001,4.356,118,,4.356,28,2025-06-04 16:26:31,566496085.0,143975575.0
537.4000000000001,,782.5,537.4000000000001,4.364,117,,4.364,28,2025-06-04 16:26:32,566495846.0,143976271.0
537.4000000000001,,789.9,537.4000000000001,4.428,117,,4.428,28,2025-06-04 16:26:33,566495488.0,143977066.0
537.4000000000001,,796.0,537.4000000000001,4.528,117,,4.528,28,2025-06-04 16:26:34,566495250.0,143977623.0
538.2,,802.3,538.2,4.547,117,,4.547,28,2025-06-04 16:26:35,566494892.0,143978240.0
538.2,,807.2,538.2,4.581,117,,4.581,28,2025-06-04 16:26:36,566494494.0,143978856.0
539.4000000000001,,812.9,539.4000000000001,4.617,117,,4.617,28,2025-06-04 16:26:37,566494017.0,143979552.0
539.4000000000001,,818.2,539.4000000000001,4.658,118,,4.658,28,2025-06-04 16:26:38,566493659.0,143980009.0
540.2,,823.0,540.2,4.7,119,,4.7,28,2025-06-04 16:26:39,566493241.0,143980526.0
540.2,,828.0,540.2,4.739,120,,4.739,28,2025-06-04 16:26:40,566492824.0,143981023.0
540.2,,833.6,540.2,4.778,122,,4.778,28,2025-06-04 16:26:41,566492406.0,143981501.0
540.2,,838.4,540.2,4.814,123,,4.814,28,2025-06-04 16:26:42,566491949.0,143981938.0
540.2,,844.3,540.2,4.844,124,,4.844,28,2025-06-04 16:26:43,566491472.0,143982356.0
540.2,,848.8,540.2,4.864,125,,4.864,28,2025-06-04 16:26:44,566491034.0,143982773.0
540.2,,853.3,540.2,4.906,125,,4.906,28,2025-06-04 16:26:45,566490458.0,143983250.0
540.2,,858.9,540.2,4.983,126,,4.983,28,2025-06-04 16:26:46,566490000.0,143983648.0
541.4000000000001,,864.2,541.4000000000001,5.05,127,,5.05,28,2025-06-04 16:26:47,566489622.0,143983966.0
541.4000000000001,,869.4,541.4000000000001,5.097,127,,5.097,28,2025-06-04 16:26:48,566489125.0,143984364.0
541.4000000000001,,874.6,541.4000000000001,5.119,128,,5.119,28,2025-06-04 16:26:49,566488648.0,143984761.0
541.4000000000001,,880.0,541.4000000000001,5.119,128,,5.119,28,2025-06-04 16:26:50,566488131.0,143985139.0
542.2,,884.3,542.2,5.119,129,,5.119,28,2025-06-04 16:26:51,566487674.0,143985537.0
542.2,,889.3,542.2,5.108,130,,5.108,28,2025-06-04 16:26:52,566487137.0,143986014.0
542.2,,895.1,542.2,5.117,130,,5.117,28,2025-06-04 16:26:53,566486779.0,143986372.0
542.2,,900.0,542.2,5.153,131,,5.153,28,2025-06-04 16:26:54,566486322.0,143986810.0
542.2,,905.5,542.2,5.178,131,,5.178,28,2025-06-04 16:26:55,566485765.0,143987366.0
542.2,,910.6,542.2,5.208,132,,5.208,28,2025-06-04 16:26:56,566485387.0,143987724.0
543.4000000000001,,915.5,543.4000000000001,5.219,132,,5.219,28,2025-06-04 16:26:57,566484910.0,143988182.0
543.4000000000001,,920.9,543.4000000000001,5.233,132,,5.233,28,2025-06-04 16:26:58,566484472.0,143988659.0
544.4000000000001,,926.0,544.4000000000001,5.281,133,,5.281,28,2025-06-04 16:26:59,566484015.0,143989156.0
544.4000000000001,,931.9,544.4000000000001,5.369,133,,5.369,28,2025-06-04 16:27:00,566483578.0,143989633.0
544.4000000000001,,938.2,544.4000000000001,5.419,134,,5.419,28,2025-06-04 16:27:01,566483120.0,143990130.0
544.4000000000001,,942.9,544.4000000000001,5.456,134,,5.456,28,2025-06-04 16:27:02,566482583.0,143990647.0
545.2,,948.8,545.2,5.464,135,,5.464,28,2025-06-04 16:27:03,566482086.0,143991244.0
545.2,,954.6,545.2,5.414,135,,5.414,28,2025-06-04 16:27:04,566481669.0,143991761.0
545.2,,959.4,545.2,5.319,136,,5.319,28,2025-06-04 16:27:05,566481271.0,143992318.0
545.2,,964.0,545.2,5.258,136,,5.258,28,2025-06-04 16:27:06,566480834.0,143993013.0
545.2,,969.6,545.2,5.236,137,,5.236,28,2025-06-04 16:27:07,566480595.0,143993550.0
545.2,,974.7,545.2,5.219,137,,5.219,28,2025-06-04 16:27:08,566480317.0,143994226.0
545.2,,978.6,545.2,5.219,137,,5.219,28,2025-06-04 16:27:09,566480078.0,143994962.0
545.2,,983.8,545.2,5.231,137,,5.231,28,2025-06-04 16:27:10,566479979.0,143995817.0
546.4000000000001,,989.0,546.4000000000001,5.244,138,,5.244,28,2025-06-04 16:27:11,566479879.0,143996593.0
546.4000000000001,,993.7,546.4000000000001,5.228,138,,5.228,28,2025-06-04 16:27:12,566479780.0,143997408.0
546.4000000000001,,998.6,546.4000000000001,5.219,138,,5.219,28,2025-06-04 16:27:13,566479700.0,143998223.0
546.4000000000001,,1004.2,546.4000000000001,5.142,138,,5.142,28,2025-06-04 16:27:14,566479581.0,143999038.0
546.4000000000001,,1008.8,546.4000000000001,5.033,138,,5.033,28,2025-06-04 16:27:15,566479402.0,143999794.0
546.4000000000001,,1014.0,546.4000000000001,4.903,138,,4.903,28,2025-06-04 16:27:16,566479243.0,144000550.0
546.4000000000001,,1018.8,546.4000000000001,4.781,138,,4.781,28,2025-06-04 16:27:17,566479104.0,144001265.0
546.4000000000001,,1022.9,546.4000000000001,4.644,138,,4.644,28,2025-06-04 16:27:18,566478925.0,144001941.0
546.4000000000001,,1027.1,546.4000000000001,4.558,138,,4.558,28,2025-06-04 16:27:19,566478706.0,144002737.0
546.4000000000001,,1031.3,546.4000000000001,4.464,138,,4.464,28,2025-06-04 16:27:20,566478547.0,144003254.0
546.4000000000001,,1035.2,546.4000000000001,4.383,138,,4.383,28,2025-06-04 16:27:21,566478328.0,144003850.0
546.4000000000001,,1039.5,546.4000000000001,4.278,138,,4.278,28,2025-06-04 16:27:22,566478070.0,144004427.0
546.4000000000001,,1042.8,546.4000000000001,4.181,138,,4.181,28,2025-06-04 16:27:23,566477771.0,144005063.0
546.4000000000001,,1046.8,546.4000000000001,4.078,139,,4.078,28,2025-06-04 16:27:24,566477493.0,144005580.0
546.4000000000001,,1050.2,546.4000000000001,4.056,139,,4.056,28,2025-06-04 16:27:25,566477274.0,144005938.0
546.4000000000001,,1053.7,546.4000000000001,4.033,139,,4.033,28,2025-06-04 16:27:26,566476956.0,144006495.0
546.4000000000001,,1057.2,546.4000000000001,4.017,140,,4.017,28,2025-06-04 16:27:27,566476738.0,144006853.0
546.4000000000001,,1060.9,546.4000000000001,3.992,140,,3.992,28,2025-06-04 16:27:28,566476380.0,144007350.0
548.4000000000001,,1064.3,548.4000000000001,3.919,140,,3.919,28,2025-06-04 16:27:29,566476161.0,144007708.0
548.4000000000001,,1067.0,548.4000000000001,3.861,141,,3.861,28,2025-06-04 16:27:30,566475843.0,144008086.0
549.2,,1070.7,549.2,3.814,141,,3.814,28,2025-06-04 16:27:31,566475544.0,144008443.0
549.2,,1074.8,549.2,3.789,142,,3.789,28,2025-06-04 16:27:32,566475226.0,144008762.0
549.2,,1078.0,549.2,3.783,142,,3.783,28,2025-06-04 16:27:33,566474908.0,144009100.0
549.2,,1082.6,549.2,3.792,142,,3.792,28,2025-06-04 16:27:34,566474570.0,144009418.0
549.2,,1086.2,549.2,3.817,143,,3.817,28,2025-06-04 16:27:35,566474212.0,144009736.0
549.2,,1090.3,549.2,3.839,143,,3.839,28,2025-06-04 16:27:36,566473795.0,144010094.0
550.4000000000001,,1094.7,550.4000000000001,3.853,143,,3.853,28,2025-06-04 16:27:37,566473437.0,144010412.0
550.4000000000001,,1098.8,550.4000000000001,3.867,143,,3.867,28,2025-06-04 16:27:38,566473039.0,144010730.0
550.4000000000001,,1102.9,550.4000000000001,3.881,143,,3.881,28,2025-06-04 16:27:39,566472681.0,144011028.0
550.4000000000001,,1107.1,550.4000000000001,3.881,143,,3.881,28,2025-06-04 16:27:40,566472323.0,144011307.0
550.4000000000001,,1111.0,550.4000000000001,3.886,143,,3.886,28,2025-06-04 16:27:41,566471965.0,144011605.0
550.4000000000001,,1114.9,550.4000000000001,3.9,143,,3.9,28,2025-06-04 16:27:42,566471587.0,144011903.0
550.4000000000001,,1119.0,550.4000000000001,3.919,143,,3.919,28,2025-06-04 16:27:43,566471250.0,144012221.0
550.4000000000001,,1123.2,550.4000000000001,3.939,143,,3.939,28,2025-06-04 16:27:44,566470872.0,144012559.0
551.4000000000001,,1126.9,551.4000000000001,3.953,143,,3.953,28,2025-06-04 16:27:45,566470474.0,144012917.0
551.4000000000001,,1130.9,551.4000000000001,3.964,143,,3.964,28,2025-06-04 16:27:46,566470096.0,144013275.0
551.4000000000001,,1135.4,551.4000000000001,3.969,143,,3.969,28,2025-06-04 16:27:47,566469718.0,144013633.0
551.4000000000001,,1139.5,551.4000000000001,3.972,143,,3.972,28,2025-06-04 16:27:48,566469460.0,144013892.0
551.4000000000001,,1143.7,551.4000000000001,3.972,143,,3.972,28,2025-06-04 16:27:49,566469003.0,144014289.0
551.4000000000001,,1147.8,551.4000000000001,3.972,143,,3.972,28,2025-06-04 16:27:50,566468645.0,144014627.0
551.4000000000001,,1151.3,551.4000000000001,3.972,142,,3.972,28,2025-06-04 16:27:51,566468267.0,144014946.0
551.4000000000001,,1155.6,551.4000000000001,3.972,142,,3.972,28,2025-06-04 16:27:52,566467909.0,144015224.0
551.4000000000001,,1159.6,551.4000000000001,3.981,141,,3.981,28,2025-06-04 16:27:53,566467551.0,144015522.0
551.4000000000001,,1163.7,551.4000000000001,3.989,140,,3.989,28,2025-06-04 16:27:54,566467173.0,144015860.0
551.4000000000001,,1168.6,551.4000000000001,4.003,140,,4.003,28,2025-06-04 16:27:55,566466795.0,144016198.0
551.4000000000001,,1172.3,551.4000000000001,4.017,140,,4.017,28,2025-06-04 16:27:56,566466398.0,144016536.0
551.4000000000001,,1176.4,551.4000000000001,4.031,139,,4.031,28,2025-06-04 16:27:57,566465980.0,144016835.0
551.4000000000001,,1180.9,551.4000000000001,4.042,139,,4.042,28,2025-06-04 16:27:58,566465583.0,144017113.0
552.4000000000001,,1185.3,552.4000000000001,4.047,139,,4.047,28,2025-06-04 16:27:59,566465165.0,144017411.0
552.4000000000001,,1189.3,552.4000000000001,4.056,139,,4.056,28,2025-06-04 16:28:00,566464747.0,144017670.0
552.4000000000001,,1193.7,552.4000000000001,4.056,139,,4.056,28,2025-06-04 16:28:01,566464350.0,144017948.0
552.4000000000001,,1197.8,552.4000000000001,4.061,140,,4.061,28,2025-06-04 16:28:02,566463972.0,144018246.0
552.4000000000001,,1201.8,552.4000000000001,4.058,140,,4.058,28,2025-06-04 16:28:03,566463594.0,144018545.0
552.4000000000001,,1205.7,552.4000000000001,4.058,140,,4.058,28,2025-06-04 16:28:04,566463216.0,144018843.0
552.4000000000001,,1209.6,552.4000000000001,4.058,140,,4.058,28,2025-06-04 16:28:05,566462799.0,144019121.0
552.4000000000001,,1213.3,552.4000000000001,4.061,140,,4.061,28,2025-06-04 16:28:06,566462461.0,144019419.0
552.4000000000001,,1217.7,552.4000000000001,4.061,140,,4.061,28,2025-06-04 16:28:07,566462083.0,144019698.0
552.4000000000001,,1221.9,552.4000000000001,4.064,140,,4.064,28,2025-06-04 16:28:08,566461665.0,144019996.0
553.4000000000001,,1225.9,553.4000000000001,4.072,140,,4.072,28,2025-06-04 16:28:09,566461268.0,144020294.0
553.4000000000001,,1230.1,553.4000000000001,4.078,139,,4.078,28,2025-06-04 16:28:10,566460870.0,144020593.0
553.4000000000001,,1234.4,553.4000000000001,4.083,139,,4.083,28,2025-06-04 16:28:11,566460492.0,144020851.0
553.4000000000001,,1238.1,553.4000000000001,4.089,138,,4.089,28,2025-06-04 16:28:12,566460055.0,144021050.0
553.4000000000001,,1242.7,553.4000000000001,4.097,137,,4.097,28,2025-06-04 16:28:13,566459597.0,144021169.0
553.4000000000001,,1246.8,553.4000000000001,4.1,137,,4.1,28,2025-06-04 16:28:14,566459160.0,144021229.0
554.2,,1249.8,554.2,4.103,136,,4.103,28,2025-06-04 16:28:15,566458723.0,144021189.0
554.2,,1253.9,554.2,4.103,136,,4.103,28,2025-06-04 16:28:16,566458285.0,144021030.0
554.2,,1257.9,554.2,4.108,136,,4.108,28,2025-06-04 16:28:17,566457967.0,144020831.0
554.2,,1262.1,554.2,4.111,136,,4.111,28,2025-06-04 16:28:18,566457589.0,144020533.0
554.2,,1266.0,554.2,4.111,136,,4.111,28,2025-06-04 16:28:19,566457191.0,144020155.0
554.2,,1269.6,554.2,4.103,136,,4.103,28,2025-06-04 16:28:20,566456833.0,144019618.0
554.2,,1272.9,554.2,4.053,136,,4.053,28,2025-06-04 16:28:21,566456555.0,144019121.0
554.2,,1276.9,554.2,3.992,136,,3.992,28,2025-06-04 16:28:22,566456316.0,144018624.0
554.2,,1280.2,554.2,3.936,136,,3.936,28,2025-06-04 16:28:23,566456118.0,144018167.0
554.2,,1284.0,554.2,3.886,136,,3.886,28,2025-06-04 16:28:24,566455899.0,144017729.0
554.2,,1287.3,554.2,3.769,136,,3.769,28,2025-06-04 16:28:25,566455740.0,144017252.0
554.2,,1290.6,554.2,3.692,136,,3.692,28,2025-06-04 16:28:26,566455541.0,144016795.0
556.2,,1293.3,556.2,3.664,136,,3.664,27,2025-06-04 16:28:27,566455362.0,144016318.0
556.2,,1296.7,556.2,3.639,136,,3.639,27,2025-06-04 16:28:28,566455143.0,144015840.0
558.2,,1299.9,558.2,3.628,136,,3.628,27,2025-06-04 16:28:29,566454944.0,144015363.0
558.2,,1303.2,558.2,3.608,135,,3.608,27,2025-06-04 16:28:30,566454766.0,144014886.0
558.2,,1307.0,558.2,3.589,135,,3.589,27,2025-06-04 16:28:31,566454587.0,144014429.0
558.2,,1310.5,558.2,3.575,135,,3.575,27,2025-06-04 16:28:32,566454388.0,144013931.0
558.2,,1313.9,558.2,3.564,135,,3.564,27,2025-06-04 16:28:33,566454189.0,144013494.0
558.2,,1317.3,558.2,3.553,136,,3.553,27,2025-06-04 16:28:34,566453970.0,144013057.0
558.2,,1320.7,558.2,3.539,137,,3.539,27,2025-06-04 16:28:35,566453751.0,144012619.0
558.2,,1323.6,558.2,3.525,139,,3.525,27,2025-06-04 16:28:36,566453533.0,144012182.0
559.4000000000001,,1327.1,559.4000000000001,3.508,140,,3.508,27,2025-06-04 16:28:37,566453314.0,144011744.0
559.4000000000001,,1330.2,559.4000000000001,3.489,142,,3.489,27,2025-06-04 16:28:38,566453155.0,144011307.0
559.4000000000001,,1333.2,559.4000000000001,3.467,143,,3.467,27,2025-06-04 16:28:39,566452976.0,144010869.0
559.4000000000001,,1336.2,559.4000000000001,3.45,144,,3.45,27,2025-06-04 16:28:40,566452837.0,144010452.0
560.4000000000001,,1339.2,560.4000000000001,3.422,145,,3.422,27,2025-06-04 16:28:41,566452658.0,144010054.0
560.4000000000001,,1342.0,560.4000000000001,3.397,146,,3.397,27,2025-06-04 16:28:42,566452479.0,144009656.0
560.4000000000001,,1345.0,560.4000000000001,3.364,147,,3.364,27,2025-06-04 16:28:43,566452280.0,144009239.0
560.4000000000001,,1347.9,560.4000000000001,3.325,147,,3.325,27,2025-06-04 16:28:44,566452081.0,144008821.0
560.4000000000001,,1350.7,560.4000000000001,3.289,148,,3.289,27,2025-06-04 16:28:45,566451922.0,144008424.0
560.4000000000001,,1354.0,560.4000000000001,3.261,149,,3.261,27,2025-06-04 16:28:46,566451743.0,144008026.0
560.4000000000001,,1357.2,560.4000000000001,3.239,149,,3.239,27,2025-06-04 16:28:47,566451564.0,144007608.0
560.4000000000001,,1360.2,560.4000000000001,3.225,149,,3.225,27,2025-06-04 16:28:48,566451405.0,144007171.0
561.2,,1363.5,561.2,3.217,149,,3.217,27,2025-06-04 16:28:49,566451226.0,144006753.0
561.2,,1366.6,561.2,3.211,149,,3.211,27,2025-06-04 16:28:50,566451067.0,144006336.0
561.2,,1369.4,561.2,3.2,149,,3.2,27,2025-06-04 16:28:51,566450888.0,144005918.0
561.2,,1372.8,561.2,3.189,150,,3.189,27,2025-06-04 16:28:52,566450709.0,144005481.0
561.2,,1375.8,561.2,3.178,151,,3.178,27,2025-06-04 16:28:53,566450490.0,144005103.0
561.2,,1378.8,561.2,3.172,152,,3.172,27,2025-06-04 16:28:54,566450292.0,144004745.0
561.2,,1382.0,561.2,3.164,154,,3.164,27,2025-06-04 16:28:55,566450133.0,144004367.0
561.2,,1385.0,561.2,3.158,155,,3.158,27,2025-06-04 16:28:56,566449954.0,144003970.0
563.2,,1387.8,563.2,3.153,156,,3.153,27,2025-06-04 16:28:57,566449735.0,144003532.0
563.2,,1390.8,563.2,3.147,156,,3.147,27,2025-06-04 16:28:58,566449556.0,144003154.0
563.2,,1393.7,563.2,3.133,156,,3.133,27,2025-06-04 16:28:59,566449377.0,144002776.0
563.2,,1396.0,563.2,3.092,156,,3.092,27,2025-06-04 16:29:00,566449198.0,144002399.0
564.4000000000001,,1399.0,564.4000000000001,3.053,156,,3.053,27,2025-06-04 16:29:01,566448999.0,144002061.0
564.4000000000001,,1401.8,564.4000000000001,3.028,156,,3.028,27,2025-06-04 16:29:02,566448840.0,144001723.0
564.4000000000001,,1404.5,564.4000000000001,3.008,155,,3.008,27,2025-06-04 16:29:03,566448641.0,144001424.0
564.4000000000001,,1406.9,564.4000000000001,2.939,155,,2.939,27,2025-06-04 16:29:04,566448422.0,144001126.0
566.4000000000001,,1409.7,566.4000000000001,2.908,155,,2.908,27,2025-06-04 16:29:05,566448204.0,144000788.0
566.4000000000001,,1412.1,566.4000000000001,2.883,155,,2.883,27,2025-06-04 16:29:06,566448005.0,144000490.0
567.4000000000001,,1415.0,567.4000000000001,2.847,155,,2.847,27,2025-06-04 16:29:07,566447786.0,144000192.0
567.4000000000001,,1417.7,567.4000000000001,2.831,155,,2.831,27,2025-06-04 16:29:08,566447548.0,143999893.0
567.4000000000001,,1420.4,567.4000000000001,2.811,156,,2.811,27,2025-06-04 16:29:09,566447369.0,143999555.0
567.4000000000001,,1423.1,567.4000000000001,2.789,156,,2.789,27,2025-06-04 16:29:10,566447170.0,143999257.0
567.4000000000001,,1425.7,567.4000000000001,2.767,156,,2.767,27,2025-06-04 16:29:11,566446971.0,143998979.0
568.4000000000001,,1428.0,568.4000000000001,2.744,156,,2.744,27,2025-06-04 16:29:12,566446752.0,143998720.0
568.4000000000001,,1430.7,568.4000000000001,2.722,156,,2.722,27,2025-06-04 16:29:13,566446534.0,143998462.0
568.4000000000001,,1433.0,568.4000000000001,2.708,156,,2.708,27,2025-06-04 16:29:14,566446315.0,143998203.0
568.4000000000001,,1435.4,568.4000000000001,2.703,155,,2.703,27,2025-06-04 16:29:15,566446116.0,143997945.0
569.4000000000001,,1438.3,569.4000000000001,2.703,155,,2.703,27,2025-06-04 16:29:16,566445937.0,143997686.0
569.4000000000001,,1441.0,569.4000000000001,2.706,155,,2.706,27,2025-06-04 16:29:17,566445698.0,143997408.0
569.4000000000001,,1443.8,569.4000000000001,2.714,155,,2.714,27,2025-06-04 16:29:18,566445460.0,143997109.0
569.4000000000001,,1446.7,569.4000000000001,2.714,156,,2.714,27,2025-06-04 16:29:19,566445261.0,143996791.0
570.2,,1449.4,570.2,2.714,156,,2.714,27,2025-06-04 16:29:20,566445042.0,143996493.0
570.2,,1451.8,570.2,2.714,156,,2.714,27,2025-06-04 16:29:21,566444824.0,143996175.0
570.2,,1454.8,570.2,2.714,155,,2.714,27,2025-06-04 16:29:22,566444664.0,143995877.0
570.2,,1457.7,570.2,2.711,155,,2.711,27,2025-06-04 16:29:23,566444466.0,143995578.0
571.4000000000001,,1460.2,571.4000000000001,2.711,155,,2.711,27,2025-06-04 16:29:24,566444247.0,143995300.0
571.4000000000001,,1462.8,571.4000000000001,2.711,155,,2.711,27,2025-06-04 16:29:25,566444008.0,143995062.0
572.2,,1465.4,572.2,2.711,155,,2.711,27,2025-06-04 16:29:26,566443809.0,143994783.0
572.2,,1468.0,572.2,2.711,155,,2.711,27,2025-06-04 16:29:27,566443591.0,143994485.0
572.2,,1470.8,572.2,2.714,155,,2.714,27,2025-06-04 16:29:28,566443412.0,143994167.0
572.2,,1473.8,572.2,2.714,155,,2.714,27,2025-06-04 16:29:29,566443213.0,143993829.0
572.2,,1476.2,572.2,2.714,155,,2.714,27,2025-06-04 16:29:30,566443034.0,143993471.0
572.2,,1479.1,572.2,2.719,155,,2.719,27,2025-06-04 16:29:31,566442895.0,143993073.0
572.2,,1481.8,572.2,2.717,155,,2.717,27,2025-06-04 16:29:32,566442716.0,143992775.0
572.2,,1484.5,572.2,2.717,155,,2.717,27,2025-06-04 16:29:33,566442517.0,143992477.0
572.2,,1487.2,572.2,2.717,155,,2.717,27,2025-06-04 16:29:34,566442338.0,143992139.0
572.2,,1490.0,572.2,2.717,155,,2.717,27,2025-06-04 16:29:35,566442159.0,143991820.0
574.2,,1492.3,574.2,2.717,155,,2.717,27,2025-06-04 16:29:36,566441960.0,143991482.0
574.2,,1495.1,574.2,2.708,154,,2.708,27,2025-06-04 16:29:37,566441781.0,143991164.0
574.2,,1497.5,574.2,2.703,155,,2.703,27,2025-06-04 16:29:38,566441602.0,143990846.0
574.2,,1499.9,574.2,2.683,156,,2.683,27,2025-06-04 16:29:39,566441443.0,143990488.0
574.2,,1502.7,574.2,2.675,157,,2.675,27,2025-06-04 16:29:40,566441284.0,143990210.0
574.2,,1505.3,574.2,2.675,157,,2.675,27,2025-06-04 16:29:41,566441125.0,143989892.0
574.2,,1507.7,574.2,2.667,156,,2.667,27,2025-06-04 16:29:42,566440926.0,143989593.0
574.2,,1510.3,574.2,2.664,156,,2.664,27,2025-06-04 16:29:43,566440747.0,143989275.0
576.4000000000001,,1512.9,576.4000000000001,2.664,156,,2.664,27,2025-06-04 16:29:44,566440568.0,143988957.0
576.4000000000001,,1515.4,576.4000000000001,2.669,156,,2.669,27,2025-06-04 16:29:45,566440409.0,143988619.0
576.4000000000001,,1518.2,576.4000000000001,2.678,156,,2.678,27,2025-06-04 16:29:46,566440230.0,143988301.0
576.4000000000001,,1521.1,576.4000000000001,2.689,157,,2.689,27,2025-06-04 16:29:47,566440031.0,143987983.0
577.2,,1523.9,577.2,2.706,157,,2.706,27,2025-06-04 16:29:48,566439833.0,143987665.0
577.2,,1526.9,577.2,2.719,157,,2.719,27,2025-06-04 16:29:49,566439634.0,143987346.0
577.2,,1529.8,577.2,2.731,157,,2.731,27,2025-06-04 16:29:50,566439415.0,143987048.0
577.2,,1532.3,577.2,2.747,157,,2.747,27,2025-06-04 16:29:51,566439176.0,143986750.0
577.2,,1535.7,577.2,2.761,157,,2.761,26,2025-06-04 16:29:52,566438958.0,143986452.0
577.2,,1538.5,577.2,2.778,157,,2.778,26,2025-06-04 16:29:53,566438739.0,143986173.0
579.2,,1541.5,579.2,2.792,158,,2.792,26,2025-06-04 16:29:54,566438480.0,143985875.0
579.2,,1544.3,579.2,2.8,158,,2.8,26,2025-06-04 16:29:55,566438282.0,143985557.0
579.2,,1547.1,579.2,2.792,159,,2.792,26,2025-06-04 16:29:56,566438083.0,143985199.0
579.2,,1549.6,579.2,2.781,159,,2.781,26,2025-06-04 16:29:57,566437884.0,143984881.0
579.2,,1552.2,579.2,2.767,159,,2.767,26,2025-06-04 16:29:58,566437685.0,143984583.0
579.2,,1554.9,579.2,2.756,160,,2.756,26,2025-06-04 16:29:59,566437506.0,143984264.0
580.4000000000001,,1557.4,580.4000000000001,2.747,160,,2.747,26,2025-06-04 16:30:00,566437367.0,143983926.0
580.4000000000001,,1560.2,580.4000000000001,2.75,160,,2.75,26,2025-06-04 16:30:01,566437228.0,143983549.0
581.2,,1562.9,581.2,2.744,160,,2.744,26,2025-06-04 16:30:02,566437049.0,143983191.0
581.2,,1565.2,581.2,2.731,160,,2.731,26,2025-06-04 16:30:03,566436890.0,143982853.0
582.4000000000001,,1567.8,582.4000000000001,2.714,160,,2.714,26,2025-06-04 16:30:04,566436691.0,143982515.0
582.4000000000001,,1570.4,582.4000000000001,2.703,159,,2.703,26,2025-06-04 16:30:05,566436532.0,143982196.0
582.4000000000001,,1572.8,582.4000000000001,2.697,159,,2.697,26,2025-06-04 16:30:06,566436373.0,143981878.0
582.4000000000001,,1575.8,582.4000000000001,2.689,159,,2.689,26,2025-06-04 16:30:07,566436194.0,143981580.0
582.4000000000001,,1578.2,582.4000000000001,2.686,159,,2.686,26,2025-06-04 16:30:08,566435955.0,143981322.0
582.4000000000001,,1580.4,582.4000000000001,2.686,159,,2.686,26,2025-06-04 16:30:09,566435677.0,143981123.0
582.4000000000001,,1583.1,582.4000000000001,2.686,158,,2.686,26,2025-06-04 16:30:10,566435438.0,143980984.0
582.4000000000001,,1585.4,582.4000000000001,2.686,158,,2.686,26,2025-06-04 16:30:11,566435160.0,143980924.0
582.4000000000001,,1587.8,582.4000000000001,2.681,157,,2.681,26,2025-06-04 16:30:12,566434881.0,143980944.0
582.4000000000001,,1590.1,582.4000000000001,2.675,157,,2.675,26,2025-06-04 16:30:13,566434583.0,143981063.0
582.4000000000001,,1592.4,582.4000000000001,2.675,157,,2.675,26,2025-06-04 16:30:14,566434325.0,143981242.0
582.4000000000001,,1594.5,582.4000000000001,2.675,157,,2.675,26,2025-06-04 16:30:15,566434146.0,143981461.0
583.4000000000001,,1597.1,583.4000000000001,2.683,157,,2.683,26,2025-06-04 16:30:16,566434007.0,143981799.0
583.4000000000001,,1599.9,583.4000000000001,2.7,157,,2.7,26,2025-06-04 16:30:17,566433867.0,143982216.0
583.4000000000001,,1602.3,583.4000000000001,2.722,157,,2.722,26,2025-06-04 16:30:18,566433828.0,143982713.0
583.4000000000001,,1605.1,583.4000000000001,2.742,157,,2.742,26,2025-06-04 16:30:19,566433907.0,143983230.0
583.4000000000001,,1607.9,583.4000000000001,2.758,158,,2.758,26,2025-06-04 16:30:20,566434007.0,143983668.0
583.4000000000001,,1610.5,583.4000000000001,2.772,158,,2.772,26,2025-06-04 16:30:21,566434245.0,143984026.0
583.4000000000001,,1614.3,583.4000000000001,2.794,158,,2.794,26,2025-06-04 16:30:22,566434424.0,143984404.0
583.4000000000001,,1617.9,583.4000000000001,2.822,158,,2.822,26,2025-06-04 16:30:23,566434523.0,143984821.0
583.4000000000001,,1621.5,583.4000000000001,2.853,158,,2.853,26,2025-06-04 16:30:24,566434702.0,143985279.0
583.4000000000001,,1625.4,583.4000000000001,2.892,157,,2.892,26,2025-06-04 16:30:25,566434921.0,143985795.0
583.4000000000001,,1629.1,583.4000000000001,2.933,157,,2.933,26,2025-06-04 16:30:26,566435140.0,143986273.0
583.4000000000001,,1632.9,583.4000000000001,2.969,157,,2.969,26,2025-06-04 16:30:27,566435359.0,143986710.0
583.4000000000001,,1636.9,583.4000000000001,3.0,156,,3.0,26,2025-06-04 16:30:28,566435597.0,143987187.0
583.4000000000001,,1640.6,583.4000000000001,3.044,156,,3.044,26,2025-06-04 16:30:29,566435856.0,143987625.0
582.4000000000001,,1644.3,582.4000000000001,3.114,155,,3.114,26,2025-06-04 16:30:30,566436094.0,143988082.0
582.4000000000001,,1648.0,582.4000000000001,3.153,155,,3.153,26,2025-06-04 16:30:31,566436293.0,143988500.0
582.4000000000001,,1651.2,582.4000000000001,3.178,155,,3.178,26,2025-06-04 16:30:32,566436492.0,143988957.0
582.4000000000001,,1654.4,582.4000000000001,3.194,154,,3.194,26,2025-06-04 16:30:33,566436671.0,143989375.0
582.4000000000001,,1657.7,582.4000000000001,3.208,154,,3.208,26,2025-06-04 16:30:34,566436870.0,143989792.0
582.4000000000001,,1660.8,582.4000000000001,3.214,154,,3.214,26,2025-06-04 16:30:35,566437069.0,143990249.0
582.4000000000001,,1663.4,582.4000000000001,3.219,154,,3.219,26,2025-06-04 16:30:36,566437228.0,143990687.0
582.4000000000001,,1666.7,582.4000000000001,3.203,154,,3.203,26,2025-06-04 16:30:37,566437367.0,143991184.0
583.4000000000001,,1669.7,583.4000000000001,3.186,154,,3.186,26,2025-06-04 16:30:38,566437466.0,143991641.0
583.4000000000001,,1672.3,583.4000000000001,3.175,154,,3.175,26,2025-06-04 16:30:39,566437566.0,143992119.0
583.4000000000001,,1675.8,583.4000000000001,3.175,154,,3.175,26,2025-06-04 16:30:40,566437685.0,143992536.0
583.4000000000001,,1678.8,583.4000000000001,3.156,154,,3.156,26,2025-06-04 16:30:41,566437844.0,143992954.0
583.4000000000001,,1681.7,583.4000000000001,3.156,154,,3.156,26,2025-06-04 16:30:42,566438003.0,143993411.0
583.4000000000001,,1684.8,583.4000000000001,3.147,154,,3.147,26,2025-06-04 16:30:43,566438123.0,143993888.0
583.4000000000001,,1687.6,583.4000000000001,3.133,154,,3.133,26,2025-06-04 16:30:44,566438262.0,143994326.0
583.4000000000001,,1690.5,583.4000000000001,3.108,154,,3.108,26,2025-06-04 16:30:45,566438401.0,143994763.0
583.4000000000001,,1693.5,583.4000000000001,3.086,154,,3.086,26,2025-06-04 16:30:46,566438500.0,143995201.0
583.4000000000001,,1696.5,583.4000000000001,3.061,154,,3.061,26,2025-06-04 16:30:47,566438639.0,143995618.0
583.4000000000001,,1699.3,583.4000000000001,3.039,154,,3.039,26,2025-06-04 16:30:48,566438759.0,143996016.0
583.4000000000001,,1702.1,583.4000000000001,3.022,154,,3.022,26,2025-06-04 16:30:49,566438898.0,143996434.0
583.4000000000001,,1704.9,583.4000000000001,3.008,154,,3.008,26,2025-06-04 16:30:50,566439017.0,143996851.0
583.4000000000001,,1707.4,583.4000000000001,2.997,154,,2.997,26,2025-06-04 16:30:51,566439137.0,143997249.0
582.4000000000001,,1710.4,582.4000000000001,2.992,154,,2.992,26,2025-06-04 16:30:52,566439276.0,143997686.0
582.4000000000001,,1713.3,582.4000000000001,2.989,154,,2.989,26,2025-06-04 16:30:53,566439336.0,143998104.0
582.4000000000001,,1716.0,582.4000000000001,2.986,154,,2.986,26,2025-06-04 16:30:54,566439435.0,143998541.0
582.4000000000001,,1719.3,582.4000000000001,2.989,154,,2.989,26,2025-06-04 16:30:55,566439534.0,143998999.0
582.4000000000001,,1722.4,582.4000000000001,2.994,154,,2.994,26,2025-06-04 16:30:56,566439654.0,143999436.0
582.4000000000001,,1725.4,582.4000000000001,2.997,154,,2.997,26,2025-06-04 16:30:57,566439733.0,143999893.0
582.4000000000001,,1728.5,582.4000000000001,2.994,155,,2.994,26,2025-06-04 16:30:58,566439833.0,144000371.0
582.4000000000001,,1731.3,582.4000000000001,2.994,155,,2.994,26,2025-06-04 16:30:59,566439932.0,144000848.0
582.4000000000001,,1733.9,582.4000000000001,2.983,155,,2.983,26,2025-06-04 16:31:00,566439992.0,144001285.0
582.4000000000001,,1736.9,582.4000000000001,2.969,155,,2.969,26,2025-06-04 16:31:01,566440091.0,144001663.0
582.4000000000001,,1739.7,582.4000000000001,2.958,156,,2.958,26,2025-06-04 16:31:02,566440230.0,144002061.0
582.4000000000001,,1742.3,582.4000000000001,2.95,156,,2.95,26,2025-06-04 16:31:03,566440389.0,144002399.0
581.2,,1744.9,581.2,2.942,156,,2.942,26,2025-06-04 16:31:04,566440529.0,144002796.0
581.2,,1747.5,581.2,2.931,157,,2.931,26,2025-06-04 16:31:05,566440688.0,144003174.0
581.2,,1749.6,581.2,2.908,157,,2.908,26,2025-06-04 16:31:06,566440867.0,144003512.0
581.2,,1752.5,581.2,2.881,157,,2.881,26,2025-06-04 16:31:07,566441046.0,144003850.0
581.2,,1755.2,581.2,2.858,156,,2.858,26,2025-06-04 16:31:08,566441205.0,144004188.0
581.2,,1757.6,581.2,2.839,156,,2.839,26,2025-06-04 16:31:09,566441364.0,144004546.0
581.2,,1760.6,581.2,2.828,156,,2.828,26,2025-06-04 16:31:10,566441503.0,144004884.0
581.2,,1763.1,581.2,2.825,156,,2.825,26,2025-06-04 16:31:11,566441702.0,144005202.0
581.2,,1765.9,581.2,2.825,156,,2.825,26,2025-06-04 16:31:12,566441881.0,144005540.0
581.2,,1768.8,581.2,2.828,156,,2.828,26,2025-06-04 16:31:13,566442040.0,144005878.0
581.2,,1771.7,581.2,2.833,156,,2.833,26,2025-06-04 16:31:14,566442239.0,144006256.0
581.2,,1774.3,581.2,2.842,157,,2.842,26,2025-06-04 16:31:15,566442418.0,144006634.0
579.2,,1777.4,579.2,2.842,157,,2.842,26,2025-06-04 16:31:16,566442596.0,144007012.0
579.2,,1780.4,579.2,2.836,157,,2.836,26,2025-06-04 16:31:17,566442736.0,144007390.0
579.2,,1783.1,579.2,2.831,158,,2.831,26,2025-06-04 16:31:18,566442895.0,144007767.0
579.2,,1786.0,579.2,2.831,158,,2.831,26,2025-06-04 16:31:19,566443034.0,144008145.0
579.2,,1788.9,579.2,2.822,158,,2.822,26,2025-06-04 16:31:20,566443173.0,144008523.0
579.2,,1791.3,579.2,2.814,158,,2.814,26,2025-06-04 16:31:21,566443312.0,144008921.0
578.4000000000001,,1794.1,578.4000000000001,2.808,158,,2.808,26,2025-06-04 16:31:22,566443432.0,144009318.0
578.4000000000001,,1796.7,578.4000000000001,2.803,158,,2.803,26,2025-06-04 16:31:23,566443571.0,144009696.0
578.4000000000001,,1799.0,578.4000000000001,2.797,158,,2.797,26,2025-06-04 16:31:24,566443670.0,144010074.0
578.4000000000001,,1802.0,578.4000000000001,2.789,158,,2.789,26,2025-06-04 16:31:25,566443750.0,144010492.0
578.4000000000001,,1804.6,578.4000000000001,2.783,158,,2.783,26,2025-06-04 16:31:26,566443809.0,144010889.0
578.4000000000001,,1807.1,578.4000000000001,2.783,158,,2.783,26,2025-06-04 16:31:27,566443909.0,144011287.0
578.4000000000001,,1810.0,578.4000000000001,2.783,158,,2.783,26,2025-06-04 16:31:28,566443988.0,144011685.0
578.4000000000001,,1812.8,578.4000000000001,2.783,158,,2.783,26,2025-06-04 16:31:29,566444048.0,144012102.0
578.4000000000001,,1815.2,578.4000000000001,2.783,158,,2.783,26,2025-06-04 16:31:30,566444128.0,144012559.0
578.4000000000001,,1818.4,578.4000000000001,2.786,159,,2.786,26,2025-06-04 16:31:31,566444187.0,144012997.0
578.4000000000001,,1821.2,578.4000000000001,2.792,158,,2.792,26,2025-06-04 16:31:32,566444227.0,144013415.0
578.4000000000001,,1824.2,578.4000000000001,2.792,158,,2.792,26,2025-06-04 16:31:33,566444306.0,144013852.0
577.2,,1827.1,577.2,2.803,158,,2.803,26,2025-06-04 16:31:34,566444287.0,144014309.0
577.2,,1830.4,577.2,2.817,158,,2.817,26,2025-06-04 16:31:35,566444287.0,144014767.0
577.2,,1833.2,577.2,2.847,158,,2.847,26,2025-06-04 16:31:36,566444287.0,144015204.0
577.2,,1836.2,577.2,2.853,158,,2.853,26,2025-06-04 16:31:37,566444147.0,144015721.0
578.4000000000001,,1839.2,578.4000000000001,2.861,158,,2.861,26,2025-06-04 16:31:38,566444128.0,144016198.0
578.4000000000001,,1842.0,578.4000000000001,2.867,158,,2.867,26,2025-06-04 16:31:39,566444088.0,144016636.0
578.4000000000001,,1845.1,578.4000000000001,2.861,158,,2.861,26,2025-06-04 16:31:40,566444008.0,144017073.0
578.4000000000001,,1847.9,578.4000000000001,2.861,158,,2.861,26,2025-06-04 16:31:41,566443869.0,144017511.0
578.4000000000001,,1850.6,578.4000000000001,2.861,158,,2.861,26,2025-06-04 16:31:42,566443770.0,144017908.0
578.4000000000001,,1853.7,578.4000000000001,2.844,158,,2.844,26,2025-06-04 16:31:43,566443750.0,144018326.0
578.4000000000001,,1856.0,578.4000000000001,2.828,158,,2.828,26,2025-06-04 16:31:44,566443670.0,144018763.0
578.4000000000001,,1858.2,578.4000000000001,2.814,158,,2.814,26,2025-06-04 16:31:45,566443611.0,144019221.0
578.4000000000001,,1861.1,578.4000000000001,2.797,159,,2.797,26,2025-06-04 16:31:46,566443531.0,144019598.0
578.4000000000001,,1863.5,578.4000000000001,2.778,159,,2.778,26,2025-06-04 16:31:47,566443452.0,144019976.0
578.4000000000001,,1866.0,578.4000000000001,2.764,159,,2.764,26,2025-06-04 16:31:48,566443372.0,144020374.0
578.4000000000001,,1868.7,578.4000000000001,2.753,160,,2.753,26,2025-06-04 16:31:49,566443292.0,144020752.0
578.4000000000001,,1871.2,578.4000000000001,2.731,160,,2.731,26,2025-06-04 16:31:50,566443193.0,144021149.0
578.4000000000001,,1873.5,578.4000000000001,2.722,160,,2.722,26,2025-06-04 16:31:51,566443074.0,144021527.0
578.4000000000001,,1876.2,578.4000000000001,2.711,160,,2.711,26,2025-06-04 16:31:52,566442954.0,144021905.0
578.4000000000001,,1878.8,578.4000000000001,2.694,160,,2.694,26,2025-06-04 16:31:53,566442835.0,144022263.0
579.2,,1881.0,579.2,2.681,160,,2.681,26,2025-06-04 16:31:54,566442676.0,144022641.0
579.2,,1883.7,579.2,2.658,160,,2.658,26,2025-06-04 16:31:55,566442517.0,144022959.0
579.2,,1886.1,579.2,2.639,160,,2.639,26,2025-06-04 16:31:56,566442338.0,144023237.0
579.2,,1888.2,579.2,2.622,161,,2.622,26,2025-06-04 16:31:57,566442119.0,144023476.0
579.2,,1890.5,579.2,2.608,161,,2.608,26,2025-06-04 16:31:58,566441920.0,144023655.0
579.2,,1892.6,579.2,2.603,161,,2.603,26,2025-06-04 16:31:59,566441642.0,144023734.0
579.2,,1894.7,579.2,2.606,161,,2.606,26,2025-06-04 16:32:00,566441383.0,144023714.0
579.2,,1896.9,579.2,2.606,161,,2.606,26,2025-06-04 16:32:01,566441125.0,144023595.0
579.2,,1899.2,579.2,2.611,161,,2.611,26,2025-06-04 16:32:02,566440867.0,144023376.0
579.2,,1901.7,579.2,2.619,161,,2.619,26,2025-06-04 16:32:03,566440668.0,144023078.0
580.4000000000001,,1904.2,580.4000000000001,2.628,161,,2.628,26,2025-06-04 16:32:04,566440509.0,144022740.0
580.4000000000001,,1907.1,580.4000000000001,2.636,160,,2.636,26,2025-06-04 16:32:05,566440350.0,144022342.0
581.2,,1909.6,581.2,2.658,160,,2.658,26,2025-06-04 16:32:06,566440250.0,144021925.0
581.2,,1912.7,581.2,2.686,160,,2.686,26,2025-06-04 16:32:07,566440190.0,144021487.0
581.2,,1915.8,581.2,2.725,160,,2.725,26,2025-06-04 16:32:08,566440190.0,144021050.0
581.2,,1918.7,581.2,2.844,160,,2.844,26,2025-06-04 16:32:09,566440250.0,144020593.0
581.2,,1922.3,581.2,2.928,160,,2.928,26,2025-06-04 16:32:10,566440310.0,144020115.0
581.2,,1925.3,581.2,2.969,161,,2.969,26,2025-06-04 16:32:11,566440389.0,144019638.0
583.4000000000001,,1927.9,583.4000000000001,2.983,161,,2.983,26,2025-06-04 16:32:12,566440529.0,144019101.0
583.4000000000001,,1931.2,583.4000000000001,2.975,161,,2.975,26,2025-06-04 16:32:13,566440608.0,144018684.0
584.4000000000001,,1934.2,584.4000000000001,2.931,161,,2.931,26,2025-06-04 16:32:14,566440648.0,144018266.0
584.4000000000001,,1936.6,584.4000000000001,2.894,161,,2.894,26,2025-06-04 16:32:15,566440708.0,144017829.0
584.4000000000001,,1939.5,584.4000000000001,2.858,162,,2.858,26,2025-06-04 16:32:16,566440767.0,144017411.0
584.4000000000001,,1941.9,584.4000000000001,2.817,162,,2.817,26,2025-06-04 16:32:17,566440827.0,144017033.0
585.4000000000001,,1944.1,585.4000000000001,2.781,162,,2.781,26,2025-06-04 16:32:18,566440886.0,144016616.0
585.4000000000001,,1946.1,585.4000000000001,2.753,162,,2.753,26,2025-06-04 16:32:19,566440926.0,144016238.0
586.2,,1948.5,586.2,2.733,162,,2.733,26,2025-06-04 16:32:20,566440946.0,144015860.0
586.2,,1950.8,586.2,2.717,163,,2.717,26,2025-06-04 16:32:21,566440926.0,144015463.0
587.4000000000001,,1953.3,587.4000000000001,2.694,163,,2.694,26,2025-06-04 16:32:22,566440906.0,144015065.0
587.4000000000001,,1955.8,587.4000000000001,2.686,163,,2.686,26,2025-06-04 16:32:23,566440867.0,144014667.0
587.4000000000001,,1958.2,587.4000000000001,2.686,163,,2.686,26,2025-06-04 16:32:24,566440787.0,144014270.0
587.4000000000001,,1961.0,587.4000000000001,2.694,163,,2.694,26,2025-06-04 16:32:25,566440708.0,144013872.0
587.4000000000001,,1963.8,587.4000000000001,2.7,163,,2.7,26,2025-06-04 16:32:26,566440548.0,144013494.0
587.4000000000001,,1966.6,587.4000000000001,2.7,164,,2.7,26,2025-06-04 16:32:27,566440409.0,144013116.0
587.4000000000001,,1969.2,587.4000000000001,2.694,164,,2.694,26,2025-06-04 16:32:28,566440250.0,144012738.0
587.4000000000001,,1971.8,587.4000000000001,2.683,164,,2.683,26,2025-06-04 16:32:29,566440091.0,144012400.0
593.2,,1974.2,593.2,2.672,164,,2.672,26,2025-06-04 16:32:30,566439912.0,144012102.0
593.2,,1977.1,593.2,2.669,164,,2.669,26,2025-06-04 16:32:31,566439733.0,144011824.0
595.2,,1979.9,595.2,2.669,164,,2.669,26,2025-06-04 16:32:32,566439554.0,144011526.0
595.2,,1982.3,595.2,2.669,164,,2.669,26,2025-06-04 16:32:33,566439355.0,144011227.0
597.2,,1984.8,597.2,2.669,164,,2.669,26,2025-06-04 16:32:34,566439097.0,144010949.0
597.2,,1987.5,597.2,2.672,164,,2.672,26,2025-06-04 16:32:35,566438898.0,144010690.0
600.4000000000001,,1990.0,600.4000000000001,2.669,164,,2.669,26,2025-06-04 16:32:36,566438679.0,144010452.0
600.4000000000001,,1992.9,600.4000000000001,2.669,164,,2.669,26,2025-06-04 16:32:37,566438421.0,144010193.0
601.4000000000001,,1995.5,601.4000000000001,2.669,164,,2.669,26,2025-06-04 16:32:38,566438202.0,144009975.0
601.4000000000001,,1997.9,601.4000000000001,2.658,163,,2.658,26,2025-06-04 16:32:39,566437964.0,144009736.0
603.4000000000001,,2000.6,603.4000000000001,2.658,163,,2.658,26,2025-06-04 16:32:40,566437745.0,144009517.0
603.4000000000001,,2003.1,603.4000000000001,2.653,163,,2.653,26,2025-06-04 16:32:41,566437546.0,144009279.0
605.4000000000001,,2005.8,605.4000000000001,2.653,163,,2.653,26,2025-06-04 16:32:42,566437327.0,144009060.0
605.4000000000001,,2008.6,605.4000000000001,2.658,163,,2.658,26,2025-06-04 16:32:43,566437069.0,144008801.0
606.2,,2011.2,606.2,2.664,163,,2.664,25,2025-06-04 16:32:44,566436830.0,144008583.0
606.2,,2013.7,606.2,2.664,163,,2.664,25,2025-06-04 16:32:45,566436572.0,144008364.0
607.4000000000001,,2016.5,607.4000000000001,2.667,163,,2.667,25,2025-06-04 16:32:46,566436313.0,144008125.0
607.4000000000001,,2019.3,607.4000000000001,2.667,163,,2.667,25,2025-06-04 16:32:47,566436094.0,144007887.0
609.4000000000001,,2022.0,609.4000000000001,2.664,163,,2.664,25,2025-06-04 16:32:48,566435876.0,144007628.0
609.4000000000001,,2024.9,609.4000000000001,2.667,163,,2.667,25,2025-06-04 16:32:49,566435657.0,144007370.0
610.4000000000001,,2027.5,610.4000000000001,2.667,163,,2.667,25,2025-06-04 16:32:50,566435458.0,144007111.0
610.4000000000001,,2030.0,610.4000000000001,2.667,163,,2.667,25,2025-06-04 16:32:51,566435200.0,144006873.0
610.4000000000001,,2032.9,610.4000000000001,2.678,163,,2.678,25,2025-06-04 16:32:52,566434941.0,144006654.0
610.4000000000001,,2035.7,610.4000000000001,2.683,162,,2.683,25,2025-06-04 16:32:53,566434702.0,144006455.0
611.2,,2038.2,611.2,2.689,162,,2.689,25,2025-06-04 16:32:54,566434424.0,144006236.0
611.2,,2041.2,611.2,2.689,162,,2.689,25,2025-06-04 16:32:55,566434146.0,144006018.0
613.2,,2043.8,613.2,2.689,162,,2.689,25,2025-06-04 16:32:56,566433907.0,144005819.0
613.2,,2046.7,613.2,2.689,162,,2.689,25,2025-06-04 16:32:57,566433669.0,144005560.0
613.2,,2049.4,613.2,2.689,163,,2.689,25,2025-06-04 16:32:58,566433470.0,144005322.0
613.2,,2052.2,613.2,2.694,163,,2.694,25,2025-06-04 16:32:59,566433231.0,144005063.0
614.4000000000001,,2054.8,614.4000000000001,2.7,163,,2.7,25,2025-06-04 16:33:00,566432992.0,144004805.0
614.4000000000001,,2057.6,614.4000000000001,2.711,163,,2.711,25,2025-06-04 16:33:01,566432794.0,144004467.0
614.4000000000001,,2060.6,614.4000000000001,2.719,163,,2.719,25,2025-06-04 16:33:02,566432555.0,144004168.0
614.4000000000001,,2063.5,614.4000000000001,2.728,163,,2.728,25,2025-06-04 16:33:03,566432356.0,144003870.0
614.4000000000001,,2066.5,614.4000000000001,2.736,163,,2.736,25,2025-06-04 16:33:04,566432098.0,144003552.0
614.4000000000001,,2069.4,614.4000000000001,2.742,162,,2.742,25,2025-06-04 16:33:05,566431879.0,144003234.0
614.4000000000001,,2072.0,614.4000000000001,2.747,162,,2.747,25,2025-06-04 16:33:06,566431700.0,144002876.0
614.4000000000001,,2075.2,614.4000000000001,2.753,162,,2.753,25,2025-06-04 16:33:07,566431521.0,144002538.0
614.4000000000001,,2078.1,614.4000000000001,2.761,162,,2.761,25,2025-06-04 16:33:08,566431382.0,144002160.0
614.4000000000001,,2080.7,614.4000000000001,2.769,162,,2.769,25,2025-06-04 16:33:09,566431263.0,144001723.0
615.2,,2083.8,615.2,2.775,162,,2.775,25,2025-06-04 16:33:10,566431103.0,144001305.0
615.2,,2086.5,615.2,2.781,161,,2.781,25,2025-06-04 16:33:11,566430925.0,144000907.0
614.4000000000001,,2089.2,614.4000000000001,2.778,161,,2.778,25,2025-06-04 16:33:12,566430785.0,144000550.0
614.4000000000001,,2091.8,614.4000000000001,2.772,161,,2.772,25,2025-06-04 16:33:13,566430626.0,144000172.0
614.4000000000001,,2094.7,614.4000000000001,2.767,161,,2.767,25,2025-06-04 16:33:14,566430487.0,143999794.0
614.4000000000001,,2097.0,614.4000000000001,2.758,161,,2.758,25,2025-06-04 16:33:15,566430328.0,143999476.0
615.2,,2099.8,615.2,2.75,161,,2.75,25,2025-06-04 16:33:16,566430169.0,143999138.0
615.2,,2102.2,615.2,2.742,161,,2.742,25,2025-06-04 16:33:17,566430010.0,143998820.0
616.4000000000001,,2104.2,616.4000000000001,2.736,161,,2.736,25,2025-06-04 16:33:18,566429831.0,143998501.0
616.4000000000001,,2107.2,616.4000000000001,2.733,161,,2.733,25,2025-06-04 16:33:19,566429652.0,143998183.0
616.4000000000001,,2109.8,616.4000000000001,2.731,161,,2.731,25,2025-06-04 16:33:20,566429473.0,143997885.0
616.4000000000001,,2112.2,616.4000000000001,2.728,160,,2.728,25,2025-06-04 16:33:21,566429274.0,143997567.0
617.4000000000001,,2115.1,617.4000000000001,2.731,160,,2.731,25,2025-06-04 16:33:22,566429055.0,143997249.0
617.4000000000001,,2118.0,617.4000000000001,2.731,160,,2.731,25,2025-06-04 16:33:23,566428857.0,143996970.0
618.2,,2120.5,618.2,2.731,160,,2.731,25,2025-06-04 16:33:24,566428658.0,143996672.0
619.4000000000001,,2123.6,619.4000000000001,2.731,160,,2.731,25,2025-06-04 16:33:25,566428419.0,143996394.0
619.4000000000001,,2126.2,619.4000000000001,2.722,160,,2.722,25,2025-06-04 16:33:26,566428181.0,143996135.0
619.4000000000001,,2128.9,619.4000000000001,2.714,161,,2.714,25,2025-06-04 16:33:27,566427942.0,143995877.0
619.4000000000001,,2131.5,619.4000000000001,2.703,161,,2.703,25,2025-06-04 16:33:28,566427723.0,143995638.0
620.2,,2134.1,620.2,2.683,161,,2.683,25,2025-06-04 16:33:29,566427504.0,143995400.0
620.2,,2136.4,620.2,2.678,161,,2.678,25,2025-06-04 16:33:30,566427286.0,143995141.0
620.2,,2139.4,620.2,2.678,161,,2.678,25,2025-06-04 16:33:31,566427047.0,143994902.0
620.2,,2142.0,620.2,2.675,162,,2.675,25,2025-06-04 16:33:32,566426848.0,143994664.0
620.2,,2144.3,620.2,2.675,162,,2.675,25,2025-06-04 16:33:33,566426590.0,143994425.0
620.2,,2147.1,620.2,2.678,162,,2.678,25,2025-06-04 16:33:34,566426351.0,143994187.0
620.2,,2149.8,620.2,2.675,161,,2.675,25,2025-06-04 16:33:35,566426113.0,143993968.0
620.2,,2152.3,620.2,2.675,161,,2.675,25,2025-06-04 16:33:36,566425874.0,143993729.0
624.4000000000001,,2155.3,624.4000000000001,2.678,161,,2.678,25,2025-06-04 16:33:37,566425655.0,143993491.0
624.4000000000001,,2158.0,624.4000000000001,2.678,161,,2.678,25,2025-06-04 16:33:38,566425437.0,143993252.0
624.4000000000001,,2160.7,624.4000000000001,2.683,161,,2.683,25,2025-06-04 16:33:39,566425198.0,143992954.0
624.4000000000001,,2163.5,624.4000000000001,2.689,161,,2.689,25,2025-06-04 16:33:40,566424979.0,143992655.0
625.4000000000001,,2166.1,625.4000000000001,2.689,161,,2.689,25,2025-06-04 16:33:41,566424760.0,143992357.0
625.4000000000001,,2168.9,625.4000000000001,2.689,161,,2.689,25,2025-06-04 16:33:42,566424562.0,143992079.0
625.4000000000001,,2171.6,625.4000000000001,2.694,160,,2.694,25,2025-06-04 16:33:43,566424363.0,143991781.0
625.4000000000001,,2174.6,625.4000000000001,2.697,160,,2.697,25,2025-06-04 16:33:44,566424184.0,143991443.0
626.4000000000001,,2177.1,626.4000000000001,2.7,159,,2.7,25,2025-06-04 16:33:45,566423965.0,143991144.0
626.4000000000001,,2180.0,626.4000000000001,2.708,159,,2.708,25,2025-06-04 16:33:46,566423726.0,143990846.0
626.4000000000001,,2182.8,626.4000000000001,2.714,159,,2.714,25,2025-06-04 16:33:47,566423567.0,143990508.0
626.4000000000001,,2185.3,626.4000000000001,2.714,159,,2.714,25,2025-06-04 16:33:48,566423448.0,143990090.0
627.2,,2188.4,627.2,2.714,159,,2.714,25,2025-06-04 16:33:49,566423329.0,143989653.0
627.2,,2190.7,627.2,2.714,160,,2.714,25,2025-06-04 16:33:50,566423209.0,143989275.0
627.2,,2193.1,627.2,2.706,160,,2.706,25,2025-06-04 16:33:51,566423110.0,143988877.0
627.2,,2195.7,627.2,2.697,160,,2.697,25,2025-06-04 16:33:52,566423031.0,143988539.0
627.2,,2198.4,627.2,2.694,161,,2.694,25,2025-06-04 16:33:53,566422951.0,143988162.0
627.2,,2201.0,627.2,2.692,161,,2.692,25,2025-06-04 16:33:54,566422891.0,143987764.0
627.2,,2203.6,627.2,2.694,161,,2.694,25,2025-06-04 16:33:55,566422772.0,143987366.0
627.2,,2206.0,627.2,2.692,161,,2.692,25,2025-06-04 16:33:56,566422653.0,143986949.0
627.2,,2208.5,627.2,2.681,161,,2.681,25,2025-06-04 16:33:57,566422514.0,143986591.0
627.2,,2210.9,627.2,2.653,162,,2.653,25,2025-06-04 16:33:58,566422354.0,143986253.0
625.4000000000001,,2213.2,625.4000000000001,2.625,162,,2.625,24,2025-06-04 16:33:59,566422156.0,143985994.0
625.4000000000001,,2215.3,625.4000000000001,2.606,162,,2.606,24,2025-06-04 16:34:00,566421937.0,143985776.0
624.4000000000001,,2217.6,624.4000000000001,2.6,163,,2.6,24,2025-06-04 16:34:01,566421718.0,143985656.0
624.4000000000001,,2219.9,624.4000000000001,2.614,163,,2.614,24,2025-06-04 16:34:02,566421460.0,143985617.0
623.4000000000001,,2222.1,623.4000000000001,2.642,163,,2.642,24,2025-06-04 16:34:03,566421181.0,143985736.0
623.4000000000001,,2224.9,623.4000000000001,2.681,163,,2.681,24,2025-06-04 16:34:04,566420903.0,143985955.0
623.4000000000001,,2227.4,623.4000000000001,2.725,163,,2.725,24,2025-06-04 16:34:05,566420624.0,143986253.0
623.4000000000001,,2230.0,623.4000000000001,2.764,163,,2.764,24,2025-06-04 16:34:06,566420406.0,143986631.0
621.4000000000001,,2233.4,621.4000000000001,2.792,162,,2.792,25,2025-06-04 16:34:07,566420306.0,143987128.0
621.4000000000001,,2236.6,621.4000000000001,2.817,162,,2.817,25,2025-06-04 16:34:08,566420346.0,143987665.0
621.4000000000001,,2239.5,621.4000000000001,2.856,162,,2.856,25,2025-06-04 16:34:09,566420326.0,143988162.0
621.4000000000001,,2242.6,621.4000000000001,2.914,162,,2.914,25,2025-06-04 16:34:10,566420366.0,143988559.0
621.4000000000001,,2245.9,621.4000000000001,2.956,161,,2.956,25,2025-06-04 16:34:11,566420386.0,143989056.0
621.4000000000001,,2248.9,621.4000000000001,2.983,160,,2.983,25,2025-06-04 16:34:12,566420485.0,143989554.0
619.4000000000001,,2252.2,619.4000000000001,3.0,160,,3.0,25,2025-06-04 16:34:13,566420605.0,143990011.0
619.4000000000001,,2255.2,619.4000000000001,3.011,160,,3.011,25,2025-06-04 16:34:14,566420764.0,143990428.0
619.4000000000001,,2257.8,619.4000000000001,3.011,159,,3.011,25,2025-06-04 16:34:15,566420943.0,143990826.0
619.4000000000001,,2260.8,619.4000000000001,3.011,159,,3.011,25,2025-06-04 16:34:16,566421102.0,143991244.0
618.2,,2264.1,618.2,3.017,159,,3.017,25,2025-06-04 16:34:17,566421301.0,143991641.0
618.2,,2266.9,618.2,3.019,159,,3.019,25,2025-06-04 16:34:18,566421460.0,143991999.0
617.4000000000001,,2270.5,617.4000000000001,3.014,158,,3.014,25,2025-06-04 16:34:19,566421639.0,143992417.0
617.4000000000001,,2273.4,617.4000000000001,3.014,158,,3.014,25,2025-06-04 16:34:20,566421837.0,143992815.0
617.4000000000001,,2276.2,617.4000000000001,3.006,158,,3.006,25,2025-06-04 16:34:21,566422076.0,143993272.0
617.4000000000001,,2279.1,617.4000000000001,2.994,158,,2.994,25,2025-06-04 16:34:22,566422295.0,143993570.0
617.4000000000001,,2281.9,617.4000000000001,2.981,157,,2.981,25,2025-06-04 16:34:23,566422474.0,143993908.0
617.4000000000001,,2284.3,617.4000000000001,2.969,157,,2.969,25,2025-06-04 16:34:24,566422653.0,143994226.0
617.4000000000001,,2287.5,617.4000000000001,2.958,157,,2.958,25,2025-06-04 16:34:25,566422871.0,143994505.0
617.4000000000001,,2289.9,617.4000000000001,2.95,156,,2.95,25,2025-06-04 16:34:26,566423090.0,143994803.0
616.4000000000001,,2292.6,616.4000000000001,2.944,156,,2.944,25,2025-06-04 16:34:27,566423329.0,143995101.0
616.4000000000001,,2295.2,616.4000000000001,2.942,156,,2.942,25,2025-06-04 16:34:28,566423508.0,143995400.0
616.4000000000001,,2297.9,616.4000000000001,2.936,155,,2.936,25,2025-06-04 16:34:29,566423707.0,143995757.0
616.4000000000001,,2300.6,616.4000000000001,2.933,155,,2.933,25,2025-06-04 16:34:30,566423925.0,143996115.0
615.2,,2303.7,615.2,2.933,155,,2.933,25,2025-06-04 16:34:31,566424104.0,143996453.0
615.2,,2306.6,615.2,2.922,155,,2.922,25,2025-06-04 16:34:32,566424263.0,143996831.0
615.2,,2309.1,615.2,2.914,155,,2.914,25,2025-06-04 16:34:33,566424482.0,143997169.0
615.2,,2311.9,615.2,2.908,155,,2.908,25,2025-06-04 16:34:34,566424641.0,143997527.0
615.2,,2314.8,615.2,2.897,155,,2.897,25,2025-06-04 16:34:35,566424800.0,143997865.0
615.2,,2317.4,615.2,2.892,155,,2.892,25,2025-06-04 16:34:36,566424959.0,143998203.0
615.2,,2320.2,615.2,2.889,156,,2.889,25,2025-06-04 16:34:37,566425138.0,143998561.0
615.2,,2323.1,615.2,2.889,156,,2.889,25,2025-06-04 16:34:38,566425277.0,143998939.0
614.4000000000001,,2325.7,614.4000000000001,2.889,156,,2.889,25,2025-06-04 16:34:39,566425437.0,143999356.0
614.4000000000001,,2328.6,614.4000000000001,2.892,156,,2.892,25,2025-06-04 16:34:40,566425536.0,143999794.0
614.4000000000001,,2331.1,614.4000000000001,2.889,156,,2.889,25,2025-06-04 16:34:41,566425596.0,144000231.0
614.4000000000001,,2333.7,614.4000000000001,2.883,156,,2.883,25,2025-06-04 16:34:42,566425635.0,144000689.0
614.4000000000001,,2336.5,614.4000000000001,2.878,156,,2.878,25,2025-06-04 16:34:43,566425615.0,144001047.0
614.4000000000001,,2339.4,614.4000000000001,2.872,156,,2.872,25,2025-06-04 16:34:44,566425615.0,144001464.0
614.4000000000001,,2342.0,614.4000000000001,2.869,156,,2.869,25,2025-06-04 16:34:45,566425556.0,144001882.0
614.4000000000001,,2345.1,614.4000000000001,2.869,156,,2.869,25,2025-06-04 16:34:46,566425516.0,144002379.0
614.4000000000001,,2348.0,614.4000000000001,2.872,156,,2.872,25,2025-06-04 16:34:47,566425476.0,144002836.0
614.4000000000001,,2350.8,614.4000000000001,2.878,156,,2.878,25,2025-06-04 16:34:48,566425437.0,144003313.0
615.2,,2353.9,615.2,2.881,156,,2.881,25,2025-06-04 16:34:49,566425377.0,144003791.0
615.2,,2357.0,615.2,2.881,156,,2.881,25,2025-06-04 16:34:50,566425317.0,144004228.0
615.2,,2359.5,615.2,2.878,156,,2.878,25,2025-06-04 16:34:51,566425258.0,144004685.0
615.2,,2362.6,615.2,2.878,157,,2.878,25,2025-06-04 16:34:52,566425198.0,144005103.0
615.2,,2365.5,615.2,2.869,157,,2.869,25,2025-06-04 16:34:53,566425178.0,144005441.0
615.2,,2368.0,615.2,2.867,157,,2.867,25,2025-06-04 16:34:54,566425098.0,144005878.0
616.4000000000001,,2370.8,616.4000000000001,2.861,156,,2.861,25,2025-06-04 16:34:55,566425019.0,144006395.0
616.4000000000001,,2373.5,616.4000000000001,2.856,155,,2.856,25,2025-06-04 16:34:56,566424959.0,144006833.0
616.4000000000001,,2376.1,616.4000000000001,2.85,155,,2.85,25,2025-06-04 16:34:57,566424939.0,144007250.0
616.4000000000001,,2378.9,616.4000000000001,2.853,155,,2.853,25,2025-06-04 16:34:58,566424900.0,144007688.0
616.4000000000001,,2382.1,616.4000000000001,2.853,154,,2.853,25,2025-06-04 16:34:59,566424860.0,144008086.0
616.4000000000001,,2385.1,616.4000000000001,2.861,154,,2.861,25,2025-06-04 16:35:00,566424840.0,144008543.0
616.4000000000001,,2388.0,616.4000000000001,2.872,153,,2.872,25,2025-06-04 16:35:01,566424860.0,144009080.0
616.4000000000001,,2391.0,616.4000000000001,2.881,153,,2.881,25,2025-06-04 16:35:02,566424840.0,144009517.0
616.4000000000001,,2393.4,616.4000000000001,2.881,153,,2.881,25,2025-06-04 16:35:03,566424800.0,144009915.0
616.4000000000001,,2396.3,616.4000000000001,2.878,153,,2.878,25,2025-06-04 16:35:04,566424800.0,144010472.0
616.4000000000001,,2398.9,616.4000000000001,2.872,152,,2.872,25,2025-06-04 16:35:05,566424740.0,144010830.0
616.4000000000001,,2401.9,616.4000000000001,2.864,152,,2.864,25,2025-06-04 16:35:06,566424641.0,144011207.0
616.4000000000001,,2404.4,616.4000000000001,2.856,152,,2.856,25,2025-06-04 16:35:07,566424641.0,144011605.0
616.4000000000001,,2406.7,616.4000000000001,2.85,153,,2.85,25,2025-06-04 16:35:08,566424701.0,144012122.0
616.4000000000001,,2409.1,616.4000000000001,2.844,153,,2.844,25,2025-06-04 16:35:09,566424661.0,144012460.0
616.4000000000001,,2411.9,616.4000000000001,2.842,154,,2.842,25,2025-06-04 16:35:10,566424760.0,144012878.0
616.4000000000001,,2414.6,616.4000000000001,2.836,154,,2.836,25,2025-06-04 16:35:11,566424860.0,144013275.0
616.4000000000001,,2417.1,616.4000000000001,2.831,155,,2.831,25,2025-06-04 16:35:12,566424979.0,144013673.0
617.4000000000001,,2419.9,617.4000000000001,2.831,156,,2.831,25,2025-06-04 16:35:13,566425098.0,144014170.0
617.4000000000001,,2422.7,617.4000000000001,2.819,156,,2.819,25,2025-06-04 16:35:14,566425178.0,144014488.0
618.2,,2424.8,618.2,2.808,157,,2.808,25,2025-06-04 16:35:15,566425218.0,144014906.0
618.2,,2427.8,618.2,2.792,157,,2.792,25,2025-06-04 16:35:16,566425297.0,144015323.0
618.2,,2430.0,618.2,2.775,157,,2.775,25,2025-06-04 16:35:17,566425337.0,144015701.0
618.2,,2432.1,618.2,2.756,157,,2.756,25,2025-06-04 16:35:18,566425417.0,144016059.0
618.2,,2434.6,618.2,2.739,157,,2.739,25,2025-06-04 16:35:19,566425476.0,144016397.0
618.2,,2436.6,618.2,2.722,157,,2.722,25,2025-06-04 16:35:20,566425576.0,144016755.0
618.2,,2439.2,618.2,2.708,157,,2.708,25,2025-06-04 16:35:21,566425615.0,144017113.0
618.2,,2441.4,618.2,2.694,157,,2.694,25,2025-06-04 16:35:22,566425735.0,144017491.0
618.2,,2443.6,618.2,2.683,157,,2.683,25,2025-06-04 16:35:23,566425814.0,144017869.0
618.2,,2445.8,618.2,2.667,156,,2.667,25,2025-06-04 16:35:24,566425854.0,144018226.0
618.2,,2448.3,618.2,2.65,156,,2.65,25,2025-06-04 16:35:25,566425894.0,144018584.0
618.2,,2450.6,618.2,2.631,156,,2.631,25,2025-06-04 16:35:26,566425914.0,144018962.0
619.4000000000001,,2452.8,619.4000000000001,2.614,156,,2.614,25,2025-06-04 16:35:27,566425894.0,144019320.0
619.4000000000001,,2455.0,619.4000000000001,2.597,156,,2.597,25,2025-06-04 16:35:28,566425854.0,144019678.0
619.4000000000001,,2457.0,619.4000000000001,2.583,156,,2.583,25,2025-06-04 16:35:29,566425814.0,144020016.0
619.4000000000001,,2458.9,619.4000000000001,2.569,156,,2.569,25,2025-06-04 16:35:30,566425735.0,144020354.0
619.4000000000001,,2461.3,619.4000000000001,2.556,156,,2.556,25,2025-06-04 16:35:31,566425596.0,144020652.0
619.4000000000001,,2463.9,619.4000000000001,2.55,157,,2.55,25,2025-06-04 16:35:32,566425437.0,144020931.0
620.2,,2466.0,620.2,2.547,157,,2.547,25,2025-06-04 16:35:33,566425258.0,144021209.0
620.2,,2468.7,620.2,2.556,158,,2.556,25,2025-06-04 16:35:34,566425039.0,144021487.0
620.2,,2471.4,620.2,2.561,158,,2.561,25,2025-06-04 16:35:35,566424760.0,144021647.0
620.2,,2474.1,620.2,2.569,158,,2.569,25,2025-06-04 16:35:36,566424522.0,144021825.0
620.2,,2477.0,620.2,2.572,158,,2.572,25,2025-06-04 16:35:37,566424243.0,144021985.0
620.2,,2479.5,620.2,2.575,158,,2.575,25,2025-06-04 16:35:38,566424005.0,144022144.0
620.2,,2481.9,620.2,2.564,158,,2.564,25,2025-06-04 16:35:39,566423726.0,144022303.0
620.2,,2484.5,620.2,2.556,158,,2.556,25,2025-06-04 16:35:40,566423488.0,144022362.0
621.4000000000001,,2487.0,621.4000000000001,2.553,157,,2.553,25,2025-06-04 16:35:41,566423229.0,144022362.0
621.4000000000001,,2489.1,621.4000000000001,2.553,157,,2.553,25,2025-06-04 16:35:42,566422991.0,144022303.0
622.2,,2491.5,622.2,2.553,157,,2.553,25,2025-06-04 16:35:43,566422712.0,144022223.0
622.2,,2493.9,622.2,2.556,157,,2.556,25,2025-06-04 16:35:44,566422434.0,144022104.0
622.2,,2496.5,622.2,2.561,157,,2.561,25,2025-06-04 16:35:45,566422235.0,144022004.0
622.2,,2499.2,622.2,2.561,157,,2.561,25,2025-06-04 16:35:46,566421917.0,144021825.0
622.2,,2501.8,622.2,2.561,157,,2.561,25,2025-06-04 16:35:47,566421658.0,144021627.0
622.2,,2504.1,622.2,2.561,157,,2.561,25,2025-06-04 16:35:48,566421420.0,144021448.0
622.2,,2507.1,622.2,2.556,158,,2.556,25,2025-06-04 16:35:49,566421201.0,144021249.0
622.2,,2509.4,622.2,2.547,158,,2.547,25,2025-06-04 16:35:50,566421002.0,144021030.0
622.2,,2511.5,622.2,2.536,158,,2.536,25,2025-06-04 16:35:51,566420764.0,144020811.0
622.2,,2514.0,622.2,2.528,159,,2.528,25,2025-06-04 16:35:52,566420545.0,144020593.0
623.4000000000001,,2515.9,623.4000000000001,2.519,158,,2.519,25,2025-06-04 16:35:53,566420366.0,144020394.0
623.4000000000001,,2517.9,623.4000000000001,2.514,158,,2.514,25,2025-06-04 16:35:54,566420187.0,144020215.0
623.4000000000001,,2520.4,623.4000000000001,2.517,158,,2.517,25,2025-06-04 16:35:55,566419988.0,144020056.0
623.4000000000001,,2523.1,623.4000000000001,2.525,158,,2.525,25,2025-06-04 16:35:56,566419750.0,144019857.0
624.4000000000001,,2525.5,624.4000000000001,2.533,159,,2.533,25,2025-06-04 16:35:57,566419531.0,144019618.0
624.4000000000001,,2528.7,624.4000000000001,2.544,159,,2.544,25,2025-06-04 16:35:58,566419272.0,144019360.0
624.4000000000001,,2531.2,624.4000000000001,2.558,159,,2.558,25,2025-06-04 16:35:59,566419054.0,144019081.0
624.4000000000001,,2534.1,624.4000000000001,2.564,159,,2.564,25,2025-06-04 16:36:00,566418775.0,144018783.0
624.4000000000001,,2537.0,624.4000000000001,2.564,159,,2.564,25,2025-06-04 16:36:01,566418557.0,144018604.0
624.4000000000001,,2539.8,624.4000000000001,2.569,159,,2.569,25,2025-06-04 16:36:02,566418318.0,144018386.0
625.4000000000001,,2542.2,625.4000000000001,2.567,159,,2.567,25,2025-06-04 16:36:03,566418099.0,144018187.0
625.4000000000001,,2544.9,625.4000000000001,2.558,160,,2.558,25,2025-06-04 16:36:04,566417861.0,144018028.0
625.4000000000001,,2547.1,625.4000000000001,2.553,160,,2.553,25,2025-06-04 16:36:05,566417602.0,144017888.0
625.4000000000001,,2549.2,625.4000000000001,2.547,160,,2.547,25,2025-06-04 16:36:06,566417364.0,144017769.0
626.4000000000001,,2551.5,626.4000000000001,2.544,161,,2.544,25,2025-06-04 16:36:07,566417125.0,144017650.0
626.4000000000001,,2554.3,626.4000000000001,2.547,161,,2.547,25,2025-06-04 16:36:08,566416886.0,144017550.0
627.2,,2556.6,627.2,2.547,161,,2.547,25,2025-06-04 16:36:09,566416608.0,144017511.0
627.2,,2559.5,627.2,2.561,161,,2.561,25,2025-06-04 16:36:10,566416270.0,144017531.0
627.2,,2562.2,627.2,2.592,162,,2.592,25,2025-06-04 16:36:11,566416011.0,144017550.0
627.2,,2564.6,627.2,2.608,162,,2.608,25,2025-06-04 16:36:12,566415733.0,144017550.0
627.2,,2567.5,627.2,2.619,162,,2.619,25,2025-06-04 16:36:13,566415435.0,144017550.0
627.2,,2570.3,627.2,2.617,162,,2.617,25,2025-06-04 16:36:14,566415156.0,144017550.0
627.2,,2572.5,627.2,2.603,162,,2.603,25,2025-06-04 16:36:15,566414898.0,144017570.0
627.2,,2574.9,627.2,2.567,162,,2.567,25,2025-06-04 16:36:16,566414600.0,144017610.0
628.4000000000001,,2576.6,628.4000000000001,2.522,162,,2.522,25,2025-06-04 16:36:17,566414421.0,144017650.0
628.4000000000001,,2578.3,628.4000000000001,2.478,162,,2.478,25,2025-06-04 16:36:18,566414182.0,144017690.0
628.4000000000001,,2580.0,628.4000000000001,2.444,163,,2.444,25,2025-06-04 16:36:19,566413983.0,144017749.0
628.4000000000001,,2582.1,628.4000000000001,2.422,163,,2.422,25,2025-06-04 16:36:20,566413764.0,144017789.0
628.4000000000001,,2584.1,628.4000000000001,2.406,163,,2.406,25,2025-06-04 16:36:21,566413645.0,144017928.0
628.4000000000001,,2586.1,628.4000000000001,2.389,163,,2.389,25,2025-06-04 16:36:22,566413367.0,144018127.0
628.4000000000001,,2587.2,628.4000000000001,2.372,163,,2.372,25,2025-06-04 16:36:23,566413148.0,144018306.0
628.4000000000001,,2589.4,628.4000000000001,2.367,164,,2.367,25,2025-06-04 16:36:24,566412910.0,144018386.0
628.4000000000001,,2591.7,628.4000000000001,2.361,164,,2.361,25,2025-06-04 16:36:25,566412830.0,144018505.0
628.4000000000001,,2594.2,628.4000000000001,2.358,164,,2.358,25,2025-06-04 16:36:26,566412571.0,144018565.0
629.2,,2596.5,629.2,2.367,163,,2.367,25,2025-06-04 16:36:27,566412313.0,144018525.0
629.2,,2599.7,629.2,2.367,162,,2.367,25,2025-06-04 16:36:28,566412035.0,144018545.0
629.2,,2601.7,629.2,2.381,161,,2.381,25,2025-06-04 16:36:29,566411776.0,144018584.0
629.2,,2604.2,629.2,2.4,161,,2.4,25,2025-06-04 16:36:30,566411478.0,144018604.0
629.2,,2607.0,629.2,2.411,160,,2.411,25,2025-06-04 16:36:31,566411219.0,144018644.0
629.2,,2610.2,629.2,2.403,159,,2.403,25,2025-06-04 16:36:32,566410941.0,144018684.0
629.2,,2612.3,629.2,2.431,159,,2.431,25,2025-06-04 16:36:33,566410663.0,144018684.0
629.2,,2614.2,629.2,2.442,158,,2.442,25,2025-06-04 16:36:34,566410424.0,144018724.0
630.4000000000001,,2616.5,630.4000000000001,2.442,158,,2.442,25,2025-06-04 16:36:35,566410205.0,144018803.0
630.4000000000001,,2619.0,630.4000000000001,2.45,158,,2.45,25,2025-06-04 16:36:36,566410126.0,144019141.0
630.4000000000001,,2621.0,630.4000000000001,2.486,158,,2.486,25,2025-06-04 16:36:37,566409927.0,144019400.0
630.4000000000001,,2623.3,630.4000000000001,2.514,159,,2.514,25,2025-06-04 16:36:38,566409648.0,144019598.0
630.4000000000001,,2625.8,630.4000000000001,2.556,159,,2.556,25,2025-06-04 16:36:39,566409370.0,144019559.0
630.4000000000001,,2628.8,630.4000000000001,2.592,160,,2.592,25,2025-06-04 16:36:40,566409052.0,144019499.0
631.2,,2631.4,631.2,2.617,160,,2.617,25,2025-06-04 16:36:41,566408754.0,144019459.0
631.2,,2633.9,631.2,2.622,161,,2.622,25,2025-06-04 16:36:42,566408475.0,144019400.0
631.2,,2637.1,631.2,2.617,161,,2.617,25,2025-06-04 16:36:43,566408157.0,144019380.0
631.2,,2639.6,631.2,2.606,162,,2.606,25,2025-06-04 16:36:44,566407899.0,144019400.0
632.4000000000001,,2642.5,632.4000000000001,2.589,162,,2.589,25,2025-06-04 16:36:45,566407660.0,144019400.0
632.4000000000001,,2644.7,632.4000000000001,2.572,163,,2.572,25,2025-06-04 16:36:46,566407461.0,144019419.0
632.4000000000001,,2646.8,632.4000000000001,2.564,163,,2.564,25,2025-06-04 16:36:47,566407103.0,144019419.0
632.4000000000001,,2648.9,632.4000000000001,2.556,164,,2.556,25,2025-06-04 16:36:48,566406904.0,144019479.0
633.4000000000001,,2651.5,633.4000000000001,2.55,164,,2.55,25,2025-06-04 16:36:49,566406666.0,144019519.0
633.4000000000001,,2653.6,633.4000000000001,2.547,165,,2.547,25,2025-06-04 16:36:50,566406388.0,144019539.0
633.4000000000001,,2656.2,633.4000000000001,2.55,165,,2.55,25,2025-06-04 16:36:51,566406109.0,144019559.0
633.4000000000001,,2658.9,633.4000000000001,2.55,165,,2.55,25,2025-06-04 16:36:52,566405851.0,144019678.0
634.2,,2661.9,634.2,2.567,165,,2.567,25,2025-06-04 16:36:53,566405572.0,144019738.0
634.2,,2664.4,634.2,2.581,165,,2.581,25,2025-06-04 16:36:54,566405314.0,144019738.0
634.2,,2667.7,634.2,2.592,164,,2.592,25,2025-06-04 16:36:55,566405016.0,144019638.0
634.2,,2670.5,634.2,2.6,164,,2.6,25,2025-06-04 16:36:56,566404658.0,144019459.0
634.2,,2672.8,634.2,2.606,163,,2.606,25,2025-06-04 16:36:57,566404379.0,144019439.0
634.2,,2675.4,634.2,2.597,162,,2.597,25,2025-06-04 16:36:58,566404121.0,144019380.0
634.2,,2678.1,634.2,2.589,162,,2.589,25,2025-06-04 16:36:59,566403862.0,144019320.0
634.2,,2680.4,634.2,2.578,161,,2.578,25,2025-06-04 16:37:00,566403624.0,144019260.0
634.2,,2682.9,634.2,2.567,161,,2.567,25,2025-06-04 16:37:01,566403365.0,144019181.0
634.2,,2685.2,634.2,2.561,162,,2.561,25,2025-06-04 16:37:02,566403127.0,144019101.0
634.2,,2686.9,634.2,2.556,162,,2.556,25,2025-06-04 16:37:03,566402888.0,144019081.0
634.2,,2689.5,634.2,2.553,162,,2.553,25,2025-06-04 16:37:04,566402609.0,144019062.0
636.2,,2692.0,636.2,2.556,162,,2.556,25,2025-06-04 16:37:05,566402351.0,144019002.0
636.2,,2694.6,636.2,2.561,162,,2.561,25,2025-06-04 16:37:06,566402073.0,144019022.0
636.2,,2697.6,636.2,2.572,162,,2.572,25,2025-06-04 16:37:07,566401794.0,144019022.0
636.2,,2700.5,636.2,2.583,162,,2.583,25,2025-06-04 16:37:08,566401516.0,144018962.0
636.2,,2703.2,636.2,2.592,162,,2.592,25,2025-06-04 16:37:09,566401198.0,144018942.0
636.2,,2706.1,636.2,2.592,162,,2.592,25,2025-06-04 16:37:10,566400880.0,144018942.0
637.4000000000001,,2708.3,637.4000000000001,2.583,162,,2.583,25,2025-06-04 16:37:11,566400581.0,144018982.0
637.4000000000001,,2710.5,637.4000000000001,2.567,162,,2.567,25,2025-06-04 16:37:12,566400343.0,144019002.0
637.4000000000001,,2712.9,637.4000000000001,2.553,161,,2.553,25,2025-06-04 16:37:13,566400144.0,144019042.0
637.4000000000001,,2715.3,637.4000000000001,2.539,161,,2.539,25,2025-06-04 16:37:14,566399925.0,144019101.0
637.4000000000001,,2717.5,637.4000000000001,2.531,161,,2.531,25,2025-06-04 16:37:15,566399706.0,144019181.0
637.4000000000001,,2719.6,637.4000000000001,2.522,161,,2.522,25,2025-06-04 16:37:16,566399388.0,144019181.0
637.4000000000001,,2721.4,637.4000000000001,2.511,160,,2.511,25,2025-06-04 16:37:17,566399130.0,144019181.0
637.4000000000001,,2722.8,637.4000000000001,2.489,160,,2.489,25,2025-06-04 16:37:18,566398891.0,144019141.0
637.4000000000001,,2725.0,637.4000000000001,2.469,159,,2.469,25,2025-06-04 16:37:19,566398692.0,144019141.0
637.4000000000001,,2727.3,637.4000000000001,2.444,159,,2.444,25,2025-06-04 16:37:20,566398493.0,144019042.0
639.4000000000001,,2729.4,639.4000000000001,2.425,158,,2.425,25,2025-06-04 16:37:21,566398295.0,144018982.0
639.4000000000001,,2731.2,639.4000000000001,2.406,158,,2.406,25,2025-06-04 16:37:22,566398056.0,144018962.0
640.4000000000001,,2732.4,640.4000000000001,2.392,158,,2.392,25,2025-06-04 16:37:23,566397837.0,144018962.0
640.4000000000001,,2734.1,640.4000000000001,2.381,159,,2.381,25,2025-06-04 16:37:24,566397658.0,144019121.0
640.4000000000001,,2736.4,640.4000000000001,2.381,159,,2.381,25,2025-06-04 16:37:25,566397539.0,144019400.0
640.4000000000001,,2738.6,640.4000000000001,2.375,159,,2.375,25,2025-06-04 16:37:26,566397340.0,144019519.0
640.4000000000001,,2740.4,640.4000000000001,2.381,159,,2.381,25,2025-06-04 16:37:27,566397201.0,144019917.0
640.4000000000001,,2743.2,640.4000000000001,2.397,159,,2.397,25,2025-06-04 16:37:28,566397062.0,144020255.0
641.4000000000001,,2745.8,641.4000000000001,2.408,158,,2.408,25,2025-06-04 16:37:29,566396863.0,144020473.0
641.4000000000001,,2749.0,641.4000000000001,2.444,158,,2.444,25,2025-06-04 16:37:30,566396585.0,144020593.0
641.4000000000001,,2751.8,641.4000000000001,2.461,158,,2.461,25,2025-06-04 16:37:31,566396286.0,144020692.0
641.4000000000001,,2754.4,641.4000000000001,2.461,158,,2.461,25,2025-06-04 16:37:32,566395988.0,144020772.0
641.4000000000001,,2756.7,641.4000000000001,2.461,158,,2.461,25,2025-06-04 16:37:33,566395730.0,144020891.0
641.4000000000001,,2759.2,641.4000000000001,2.442,158,,2.442,25,2025-06-04 16:37:34,566395491.0,144021030.0
643.2,,2761.7,643.2,2.414,158,,2.414,25,2025-06-04 16:37:35,566395272.0,144021209.0
643.2,,2763.9,643.2,2.389,158,,2.389,25,2025-06-04 16:37:36,566395073.0,144021368.0
643.2,,2766.1,643.2,2.364,158,,2.364,25,2025-06-04 16:37:37,566394875.0,144021567.0
643.2,,2768.1,643.2,2.35,158,,2.35,25,2025-06-04 16:37:38,566394676.0,144021746.0
643.2,,2769.8,643.2,2.331,157,,2.331,25,2025-06-04 16:37:39,566394497.0,144021965.0
643.2,,2771.9,643.2,2.314,157,,2.314,25,2025-06-04 16:37:40,566394298.0,144022163.0
643.2,,2773.9,643.2,2.294,157,,2.294,25,2025-06-04 16:37:41,566394099.0,144022362.0
643.2,,2775.9,643.2,2.281,157,,2.281,25,2025-06-04 16:37:42,566393920.0,144022541.0
643.2,,2778.2,643.2,2.275,157,,2.275,25,2025-06-04 16:37:43,566393721.0,144022720.0
643.2,,2780.1,643.2,2.278,157,,2.278,25,2025-06-04 16:37:44,566393542.0,144022919.0
643.2,,2782.6,643.2,2.281,157,,2.281,25,2025-06-04 16:37:45,566393363.0,144023138.0
643.2,,2785.0,643.2,2.283,157,,2.283,25,2025-06-04 16:37:46,566393184.0,144023277.0
644.4000000000001,,2787.2,644.4000000000001,2.283,157,,2.283,25,2025-06-04 16:37:47,566392966.0,144023575.0
644.4000000000001,,2789.2,644.4000000000001,2.283,156,,2.283,25,2025-06-04 16:37:48,566392747.0,144023774.0
644.4000000000001,,2791.8,644.4000000000001,2.303,156,,2.303,25,2025-06-04 16:37:49,566392568.0,144023993.0
644.4000000000001,,2794.6,644.4000000000001,2.311,156,,2.311,26,2025-06-04 16:37:50,566392409.0,144024232.0
644.4000000000001,,2796.8,644.4000000000001,2.319,155,,2.319,26,2025-06-04 16:37:51,566392210.0,144024470.0
644.4000000000001,,2799.4,644.4000000000001,2.333,155,,2.333,26,2025-06-04 16:37:52,566391952.0,144024709.0
644.4000000000001,,2802.0,644.4000000000001,2.347,155,,2.347,26,2025-06-04 16:37:53,566391773.0,144024947.0
644.4000000000001,,2804.2,644.4000000000001,2.353,155,,2.353,26,2025-06-04 16:37:54,566391653.0,144025265.0
644.4000000000001,,2806.7,644.4000000000001,2.353,155,,2.353,26,2025-06-04 16:37:55,566391534.0,144025604.0
644.4000000000001,,2809.0,644.4000000000001,2.361,155,,2.361,26,2025-06-04 16:37:56,566391435.0,144025981.0
645.2,,2811.3,645.2,2.367,155,,2.367,26,2025-06-04 16:37:57,566391355.0,144026339.0
645.2,,2813.8,645.2,2.372,155,,2.372,26,2025-06-04 16:37:58,566391295.0,144026697.0
645.2,,2816.2,645.2,2.378,155,,2.378,26,2025-06-04 16:37:59,566391315.0,144027075.0
645.2,,2818.8,645.2,2.386,155,,2.386,26,2025-06-04 16:38:00,566391256.0,144027473.0
645.2,,2821.4,645.2,2.397,154,,2.397,26,2025-06-04 16:38:01,566391216.0,144027890.0
645.2,,2824.0,645.2,2.406,154,,2.406,26,2025-06-04 16:38:02,566391176.0,144028268.0
645.2,,2826.3,645.2,2.411,154,,2.411,26,2025-06-04 16:38:03,566391097.0,144028666.0
645.2,,2829.1,645.2,2.419,154,,2.419,26,2025-06-04 16:38:04,566391057.0,144029063.0
645.2,,2831.8,645.2,2.425,154,,2.425,26,2025-06-04 16:38:05,566390977.0,144029441.0
645.2,,2834.2,645.2,2.431,154,,2.431,26,2025-06-04 16:38:06,566390878.0,144029799.0
645.2,,2836.9,645.2,2.433,154,,2.433,26,2025-06-04 16:38:07,566390759.0,144030177.0
645.2,,2839.2,645.2,2.436,153,,2.436,26,2025-06-04 16:38:08,566390679.0,144030555.0
647.2,,2841.6,647.2,2.436,153,,2.436,26,2025-06-04 16:38:09,566390580.0,144030913.0
647.2,,2844.0,647.2,2.436,153,,2.436,26,2025-06-04 16:38:10,566390520.0,144031270.0
648.4000000000001,,2846.4,648.4000000000001,2.433,153,,2.433,26,2025-06-04 16:38:11,566390421.0,144031628.0
648.4000000000001,,2848.5,648.4000000000001,2.431,153,,2.431,26,2025-06-04 16:38:12,566390321.0,144031966.0
648.4000000000001,,2851.1,648.4000000000001,2.428,153,,2.428,26,2025-06-04 16:38:13,566390162.0,144032285.0
648.4000000000001,,2853.3,648.4000000000001,2.425,153,,2.425,26,2025-06-04 16:38:14,566390023.0,144032583.0
648.4000000000001,,2855.6,648.4000000000001,2.425,154,,2.425,26,2025-06-04 16:38:15,566389904.0,144032921.0
648.4000000000001,,2858.0,648.4000000000001,2.411,154,,2.411,26,2025-06-04 16:38:16,566389784.0,144033259.0
648.4000000000001,,2860.2,648.4000000000001,2.403,154,,2.403,26,2025-06-04 16:38:17,566389705.0,144033617.0
648.4000000000001,,2862.3,648.4000000000001,2.394,155,,2.394,26,2025-06-04 16:38:18,566389625.0,144033975.0
648.4000000000001,,2864.9,648.4000000000001,2.394,155,,2.394,26,2025-06-04 16:38:19,566389526.0,144034273.0
648.4000000000001,,2867.3,648.4000000000001,2.392,155,,2.392,26,2025-06-04 16:38:20,566389367.0,144034571.0
648.4000000000001,,2869.5,648.4000000000001,2.4,155,,2.4,26,2025-06-04 16:38:21,566389188.0,144034850.0
648.4000000000001,,2872.0,648.4000000000001,2.4,155,,2.4,26,2025-06-04 16:38:22,566389009.0,144035148.0
648.4000000000001,,2874.1,648.4000000000001,2.4,155,,2.4,26,2025-06-04 16:38:23,566388830.0,144035406.0
648.4000000000001,,2876.3,648.4000000000001,2.4,155,,2.4,26,2025-06-04 16:38:24,566388611.0,144035645.0
650.2,,2879.0,650.2,2.406,155,,2.406,26,2025-06-04 16:38:25,566388512.0,144035943.0
650.2,,2881.8,650.2,2.411,154,,2.411,26,2025-06-04 16:38:26,566388412.0,144036281.0
650.2,,2884.0,650.2,2.417,154,,2.417,26,2025-06-04 16:38:27,566388253.0,144036639.0
650.2,,2886.5,650.2,2.417,154,,2.417,26,2025-06-04 16:38:28,566388114.0,144036997.0
650.2,,2888.6,650.2,2.411,154,,2.411,26,2025-06-04 16:38:29,566387975.0,144037335.0
650.2,,2890.6,650.2,2.397,153,,2.397,26,2025-06-04 16:38:30,566387875.0,144037653.0
652.2,,2892.6,652.2,2.381,153,,2.381,26,2025-06-04 16:38:31,566387776.0,144037952.0
652.2,,2894.6,652.2,2.361,153,,2.361,26,2025-06-04 16:38:32,566387617.0,144038130.0
652.2,,2896.4,652.2,2.347,153,,2.347,26,2025-06-04 16:38:33,566387418.0,144038270.0
652.2,,2898.4,652.2,2.339,153,,2.339,26,2025-06-04 16:38:34,566387219.0,144038389.0
653.4000000000001,,2900.2,653.4000000000001,2.331,153,,2.331,26,2025-06-04 16:38:35,566387020.0,144038449.0
653.4000000000001,,2901.9,653.4000000000001,2.328,153,,2.328,26,2025-06-04 16:38:36,566386782.0,144038568.0
653.4000000000001,,2904.2,653.4000000000001,2.328,153,,2.328,26,2025-06-04 16:38:37,566386543.0,144038747.0
653.4000000000001,,2906.7,653.4000000000001,2.331,153,,2.331,26,2025-06-04 16:38:38,566386344.0,144038926.0
653.4000000000001,,2909.4,653.4000000000001,2.331,153,,2.331,26,2025-06-04 16:38:39,566386145.0,144039085.0
653.4000000000001,,2912.0,653.4000000000001,2.336,154,,2.336,26,2025-06-04 16:38:40,566385907.0,144039244.0
654.2,,2914.5,654.2,2.342,154,,2.342,26,2025-06-04 16:38:41,566385648.0,144039383.0
654.2,,2917.1,654.2,2.367,155,,2.367,26,2025-06-04 16:38:42,566385410.0,144039542.0
655.4000000000001,,2920.0,655.4000000000001,2.408,155,,2.408,26,2025-06-04 16:38:43,566385191.0,144039721.0
655.4000000000001,,2922.8,655.4000000000001,2.469,156,,2.469,26,2025-06-04 16:38:44,566384952.0,144039900.0
655.4000000000001,,2926.0,655.4000000000001,2.581,157,,2.581,26,2025-06-04 16:38:45,566384674.0,144040099.0
655.4000000000001,,2929.0,655.4000000000001,2.664,157,,2.664,26,2025-06-04 16:38:46,566384396.0,144040298.0
655.4000000000001,,2931.8,655.4000000000001,2.694,157,,2.694,26,2025-06-04 16:38:47,566384097.0,144040536.0
655.4000000000001,,2934.3,655.4000000000001,2.681,157,,2.681,26,2025-06-04 16:38:48,566383859.0,144040755.0
655.4000000000001,,2936.9,655.4000000000001,2.633,158,,2.633,26,2025-06-04 16:38:49,566383620.0,144040974.0
655.4000000000001,,2939.3,655.4000000000001,2.586,158,,2.586,26,2025-06-04 16:38:50,566383441.0,144041252.0
655.4000000000001,,2941.4,655.4000000000001,2.536,158,,2.536,26,2025-06-04 16:38:51,566383302.0,144041550.0
655.4000000000001,,2943.5,655.4000000000001,2.492,157,,2.492,26,2025-06-04 16:38:52,566383183.0,144041809.0
656.4000000000001,,2945.4,656.4000000000001,2.453,157,,2.453,26,2025-06-04 16:38:53,566383083.0,144042127.0
656.4000000000001,,2947.0,656.4000000000001,2.436,157,,2.436,26,2025-06-04 16:38:54,566382964.0,144042445.0
656.4000000000001,,2949.3,656.4000000000001,2.433,157,,2.433,26,2025-06-04 16:38:55,566382825.0,144042724.0
656.4000000000001,,2951.7,656.4000000000001,2.433,157,,2.433,26,2025-06-04 16:38:56,566382666.0,144042982.0
656.4000000000001,,2953.8,656.4000000000001,2.436,157,,2.436,26,2025-06-04 16:38:57,566382427.0,144043201.0
656.4000000000001,,2956.5,656.4000000000001,2.436,157,,2.436,26,2025-06-04 16:38:58,566382189.0,144043420.0
656.4000000000001,,2958.8,656.4000000000001,2.436,156,,2.436,26,2025-06-04 16:38:59,566381990.0,144043658.0
656.4000000000001,,2961.1,656.4000000000001,2.425,157,,2.425,26,2025-06-04 16:39:00,566381771.0,144043877.0
657.4000000000001,,2963.3,657.4000000000001,2.411,157,,2.411,26,2025-06-04 16:39:01,566381572.0,144044056.0
657.4000000000001,,2965.5,657.4000000000001,2.397,157,,2.397,26,2025-06-04 16:39:02,566381373.0,144044255.0
658.4000000000001,,2967.6,658.4000000000001,2.386,157,,2.386,26,2025-06-04 16:39:03,566381234.0,144044434.0
658.4000000000001,,2969.9,658.4000000000001,2.378,158,,2.378,26,2025-06-04 16:39:04,566381055.0,144044633.0
658.4000000000001,,2972.0,658.4000000000001,2.372,158,,2.372,26,2025-06-04 16:39:05,566380836.0,144044812.0
658.4000000000001,,2973.9,658.4000000000001,2.369,158,,2.369,26,2025-06-04 16:39:06,566380598.0,144044971.0
658.4000000000001,,2976.2,658.4000000000001,2.369,158,,2.369,26,2025-06-04 16:39:07,566380379.0,144045130.0
658.4000000000001,,2978.5,658.4000000000001,2.358,158,,2.358,26,2025-06-04 16:39:08,566380180.0,144045309.0
659.2,,2980.5,659.2,2.353,157,,2.353,26,2025-06-04 16:39:09,566379962.0,144045488.0
659.2,,2983.1,659.2,2.347,157,,2.347,26,2025-06-04 16:39:10,566379763.0,144045666.0
659.2,,2985.5,659.2,2.342,157,,2.342,26,2025-06-04 16:39:11,566379584.0,144045826.0
659.2,,2987.6,659.2,2.342,157,,2.342,26,2025-06-04 16:39:12,566379345.0,144045965.0
660.4000000000001,,2990.4,660.4000000000001,2.353,157,,2.353,26,2025-06-04 16:39:13,566379106.0,144046104.0
660.4000000000001,,2992.7,660.4000000000001,2.353,157,,2.353,26,2025-06-04 16:39:14,566378888.0,144046243.0
660.4000000000001,,2995.1,660.4000000000001,2.353,157,,2.353,26,2025-06-04 16:39:15,566378590.0,144046402.0
660.4000000000001,,2997.3,660.4000000000001,2.367,157,,2.367,26,2025-06-04 16:39:16,566378371.0,144046561.0
661.2,,3000.3,661.2,2.375,157,,2.375,26,2025-06-04 16:39:17,566378152.0,144046681.0
661.2,,3003.1,661.2,2.386,157,,2.386,26,2025-06-04 16:39:18,566377933.0,144046760.0
661.2,,3006.0,661.2,2.411,158,,2.411,26,2025-06-04 16:39:19,566377615.0,144046899.0
661.2,,3008.8,661.2,2.439,158,,2.439,26,2025-06-04 16:39:20,566377317.0,144047038.0
661.2,,3011.4,661.2,2.456,158,,2.456,26,2025-06-04 16:39:21,566377058.0,144047198.0
661.2,,3013.8,661.2,2.458,158,,2.458,26,2025-06-04 16:39:22,566376760.0,144047317.0
662.4000000000001,,3015.9,662.4000000000001,2.456,158,,2.456,26,2025-06-04 16:39:23,566376502.0,144047436.0
662.4000000000001,,3018.3,662.4000000000001,2.436,158,,2.436,26,2025-06-04 16:39:24,566376323.0,144047695.0
663.2,,3020.7,663.2,2.419,159,,2.419,26,2025-06-04 16:39:25,566376203.0,144047913.0
663.2,,3022.6,663.2,2.408,159,,2.408,26,2025-06-04 16:39:26,566376064.0,144048152.0
663.2,,3024.2,663.2,2.397,160,,2.397,26,2025-06-04 16:39:27,566375925.0,144048410.0
663.2,,3026.1,663.2,2.386,160,,2.386,26,2025-06-04 16:39:28,566375746.0,144048729.0
663.2,,3028.0,663.2,2.383,161,,2.383,26,2025-06-04 16:39:29,566375567.0,144049007.0
663.2,,3030.1,663.2,2.375,161,,2.375,26,2025-06-04 16:39:30,566375468.0,144049226.0
663.2,,3032.5,663.2,2.367,161,,2.367,26,2025-06-04 16:39:31,566375348.0,144049524.0
663.2,,3034.9,663.2,2.361,161,,2.361,26,2025-06-04 16:39:32,566375150.0,144049802.0
663.2,,3036.8,663.2,2.353,161,,2.353,26,2025-06-04 16:39:33,566374971.0,144050041.0
663.2,,3039.0,663.2,2.339,160,,2.339,26,2025-06-04 16:39:34,566374851.0,144050339.0
663.2,,3041.0,663.2,2.325,160,,2.325,25,2025-06-04 16:39:35,566374732.0,144050578.0
663.2,,3042.7,663.2,2.308,160,,2.308,25,2025-06-04 16:39:36,566374633.0,144050856.0
665.4000000000001,,3045.0,665.4000000000001,2.297,160,,2.297,25,2025-06-04 16:39:37,566374533.0,144051155.0
665.4000000000001,,3047.0,665.4000000000001,2.286,159,,2.286,25,2025-06-04 16:39:38,566374434.0,144051453.0
665.4000000000001,,3048.9,665.4000000000001,2.278,159,,2.278,25,2025-06-04 16:39:39,566374334.0,144051711.0
665.4000000000001,,3051.0,665.4000000000001,2.269,159,,2.269,25,2025-06-04 16:39:40,566374235.0,144052010.0
665.4000000000001,,3052.9,665.4000000000001,2.258,159,,2.258,25,2025-06-04 16:39:41,566374076.0,144052288.0
665.4000000000001,,3054.7,665.4000000000001,2.247,159,,2.247,25,2025-06-04 16:39:42,566373937.0,144052546.0
665.4000000000001,,3056.9,665.4000000000001,2.236,159,,2.236,25,2025-06-04 16:39:43,566373817.0,144052805.0
665.4000000000001,,3059.0,665.4000000000001,2.225,159,,2.225,25,2025-06-04 16:39:44,566373718.0,144053024.0
668.2,,3060.7,668.2,2.211,159,,2.211,25,2025-06-04 16:39:45,566373559.0,144053262.0
668.2,,3062.8,668.2,2.203,159,,2.203,25,2025-06-04 16:39:46,566373380.0,144053501.0
668.2,,3064.7,668.2,2.192,159,,2.192,25,2025-06-04 16:39:47,566373261.0,144053739.0
668.2,,3066.4,668.2,2.178,159,,2.178,25,2025-06-04 16:39:48,566373221.0,144054018.0
670.2,,3068.4,670.2,2.167,158,,2.167,25,2025-06-04 16:39:49,566373121.0,144054316.0
670.2,,3070.4,670.2,2.161,158,,2.161,25,2025-06-04 16:39:50,566373042.0,144054575.0
670.2,,3072.3,670.2,2.156,158,,2.156,25,2025-06-04 16:39:51,566372923.0,144054833.0
670.2,,3074.4,670.2,2.153,158,,2.153,25,2025-06-04 16:39:52,566372803.0,144055131.0
670.2,,3076.5,670.2,2.15,158,,2.15,25,2025-06-04 16:39:53,566372744.0,144055449.0
670.2,,3078.6,670.2,2.15,158,,2.15,25,2025-06-04 16:39:54,566372684.0,144055748.0
670.2,,3081.0,670.2,2.15,158,,2.15,25,2025-06-04 16:39:55,566372644.0,144056086.0
670.2,,3083.1,670.2,2.156,158,,2.156,25,2025-06-04 16:39:56,566372604.0,144056424.0
671.4000000000001,,3085.4,671.4000000000001,2.161,158,,2.161,25,2025-06-04 16:39:57,566372545.0,144056762.0
671.4000000000001,,3088.1,671.4000000000001,2.169,157,,2.169,25,2025-06-04 16:39:58,566372465.0,144057100.0
671.4000000000001,,3090.4,671.4000000000001,2.194,157,,2.194,25,2025-06-04 16:39:59,566372406.0,144057458.0
671.4000000000001,,3092.8,671.4000000000001,2.222,157,,2.222,25,2025-06-04 16:40:00,566372346.0,144057816.0
672.4000000000001,,3095.6,672.4000000000001,2.244,157,,2.244,25,2025-06-04 16:40:01,566372286.0,144058193.0
672.4000000000001,,3098.1,672.4000000000001,2.306,157,,2.306,25,2025-06-04 16:40:02,566372246.0,144058571.0
672.4000000000001,,3100.5,672.4000000000001,2.336,157,,2.336,25,2025-06-04 16:40:03,566372167.0,144058949.0
672.4000000000001,,3103.0,672.4000000000001,2.35,157,,2.35,25,2025-06-04 16:40:04,566372107.0,144059307.0
674.4000000000001,,3105.5,674.4000000000001,2.35,157,,2.35,25,2025-06-04 16:40:05,566372048.0,144059685.0
674.4000000000001,,3107.7,674.4000000000001,2.356,158,,2.356,25,2025-06-04 16:40:06,566371968.0,144060023.0
673.4000000000001,,3110.3,673.4000000000001,2.35,158,,2.35,25,2025-06-04 16:40:07,566371889.0,144060361.0
673.4000000000001,,3112.4,673.4000000000001,2.342,158,,2.342,25,2025-06-04 16:40:08,566371769.0,144060699.0
675.2,,3114.5,675.2,2.328,158,,2.328,25,2025-06-04 16:40:09,566371630.0,144061017.0
675.2,,3116.5,675.2,2.308,157,,2.308,25,2025-06-04 16:40:10,566371531.0,144061335.0
677.2,,3118.6,677.2,2.286,157,,2.286,25,2025-06-04 16:40:11,566371411.0,144061614.0
677.2,,3120.5,677.2,2.272,157,,2.272,25,2025-06-04 16:40:12,566371312.0,144061892.0
679.2,,3122.7,679.2,2.256,156,,2.256,25,2025-06-04 16:40:13,566371193.0,144062170.0
679.2,,3124.7,679.2,2.239,156,,2.239,25,2025-06-04 16:40:14,566371073.0,144062449.0
680.4000000000001,,3126.4,680.4000000000001,2.219,155,,2.219,25,2025-06-04 16:40:15,566370914.0,144062707.0
680.4000000000001,,3128.5,680.4000000000001,2.2,155,,2.2,25,2025-06-04 16:40:16,566370775.0,144062946.0
681.4000000000001,,3130.4,681.4000000000001,2.158,154,,2.158,25,2025-06-04 16:40:17,566370636.0,144063184.0
681.4000000000001,,3132.3,681.4000000000001,2.122,154,,2.122,25,2025-06-04 16:40:18,566370477.0,144063423.0
683.4000000000001,,3134.4,683.4000000000001,2.086,154,,2.086,25,2025-06-04 16:40:19,566370318.0,144063622.0
683.4000000000001,,3136.3,683.4000000000001,2.064,154,,2.064,25,2025-06-04 16:40:20,566370139.0,144063841.0
684.2,,3138.3,684.2,2.072,154,,2.072,25,2025-06-04 16:40:21,566370000.0,144064059.0
684.2,,3140.5,684.2,2.089,154,,2.089,25,2025-06-04 16:40:22,566369860.0,144064258.0
685.4000000000001,,3143.0,685.4000000000001,2.125,153,,2.125,25,2025-06-04 16:40:23,566369681.0,144064477.0
685.4000000000001,,3145.5,685.4000000000001,2.178,153,,2.178,25,2025-06-04 16:40:24,566369483.0,144064716.0
687.4000000000001,,3148.1,687.4000000000001,2.225,153,,2.225,25,2025-06-04 16:40:25,566369264.0,144064954.0
687.4000000000001,,3150.8,687.4000000000001,2.275,153,,2.275,25,2025-06-04 16:40:26,566369045.0,144065213.0
687.4000000000001,,3153.5,687.4000000000001,2.319,152,,2.319,25,2025-06-04 16:40:27,566368807.0,144065451.0
687.4000000000001,,3156.8,687.4000000000001,2.369,152,,2.369,25,2025-06-04 16:40:28,566368628.0,144065730.0
687.4000000000001,,3159.9,687.4000000000001,2.417,152,,2.417,25,2025-06-04 16:40:29,566368389.0,144065988.0
687.4000000000001,,3162.7,687.4000000000001,2.456,152,,2.456,25,2025-06-04 16:40:30,566368150.0,144066266.0
687.4000000000001,,3165.9,687.4000000000001,2.583,152,,2.583,25,2025-06-04 16:40:31,566367932.0,144066565.0
687.4000000000001,,3169.0,687.4000000000001,2.683,152,,2.683,25,2025-06-04 16:40:32,566367733.0,144066903.0
687.4000000000001,,3172.0,687.4000000000001,2.769,152,,2.769,25,2025-06-04 16:40:33,566367574.0,144067261.0
687.4000000000001,,3175.1,687.4000000000001,2.847,152,,2.847,25,2025-06-04 16:40:34,566367355.0,144067638.0
687.4000000000001,,3178.3,687.4000000000001,2.936,152,,2.936,25,2025-06-04 16:40:35,566367196.0,144068056.0
687.4000000000001,,3181.2,687.4000000000001,3.0,152,,3.0,25,2025-06-04 16:40:36,566367097.0,144068513.0
686.2,,3185.0,686.2,3.083,151,,3.083,25,2025-06-04 16:40:37,566367017.0,144068991.0
686.2,,3188.6,686.2,3.175,151,,3.175,25,2025-06-04 16:40:38,566367037.0,144069508.0
686.2,,3193.1,686.2,3.925,150,,3.925,25,2025-06-04 16:40:39,566367097.0,144070084.0
686.2,,3197.7,686.2,4.333,150,,4.333,25,2025-06-04 16:40:40,566367196.0,144070681.0
685.4000000000001,,3202.1,685.4000000000001,4.406,150,,4.406,25,2025-06-04 16:40:41,566367315.0,144071337.0
685.4000000000001,,3207.1,685.4000000000001,4.578,150,,4.578,25,2025-06-04 16:40:42,566367454.0,144072013.0
685.4000000000001,,3212.8,685.4000000000001,4.714,149,,4.714,25,2025-06-04 16:40:43,566367574.0,144072729.0
685.4000000000001,,3218.2,685.4000000000001,4.753,149,,4.753,25,2025-06-04 16:40:44,566367653.0,144073464.0
684.2,,3223.6,684.2,4.819,148,,4.819,25,2025-06-04 16:40:45,566367713.0,144074240.0
684.2,,3229.7,684.2,4.911,147,,4.911,25,2025-06-04 16:40:46,566367713.0,144075015.0
684.2,,3235.5,684.2,5.05,146,,5.05,25,2025-06-04 16:40:47,566367693.0,144075831.0
684.2,,3241.0,684.2,5.172,146,,5.172,25,2025-06-04 16:40:48,566367514.0,144076666.0
684.2,,3246.6,684.2,5.228,146,,5.228,25,2025-06-04 16:40:49,566367295.0,144077501.0
684.2,,3251.4,684.2,5.225,145,,5.225,25,2025-06-04 16:40:50,566367057.0,144078277.0
684.2,,3255.9,684.2,5.106,145,,5.106,25,2025-06-04 16:40:51,566366679.0,144078913.0
684.2,,3261.2,684.2,4.989,145,,4.989,25,2025-06-04 16:40:52,566366301.0,144079390.0
684.2,,3265.8,684.2,4.897,145,,4.897,25,2025-06-04 16:40:53,566365864.0,144079808.0
684.2,,3270.6,684.2,4.881,145,,4.881,25,2025-06-04 16:40:54,566365426.0,144080165.0
684.2,,3275.0,684.2,4.842,145,,4.842,25,2025-06-04 16:40:55,566364969.0,144080523.0
684.2,,3279.2,684.2,4.806,145,,4.806,25,2025-06-04 16:40:56,566364492.0,144080861.0
684.2,,3283.4,684.2,4.772,145,,4.772,25,2025-06-04 16:40:57,566364034.0,144081219.0
684.2,,3288.2,684.2,4.719,144,,4.719,25,2025-06-04 16:40:58,566363637.0,144081637.0
684.2,,3292.8,684.2,4.694,144,,4.694,25,2025-06-04 16:40:59,566363279.0,144082114.0
684.2,,3296.9,684.2,4.736,144,,4.736,25,2025-06-04 16:41:00,566362921.0,144082631.0
684.2,,3302.0,684.2,4.822,144,,4.822,25,2025-06-04 16:41:01,566362642.0,144083228.0
684.2,,3306.9,684.2,4.906,144,,4.906,25,2025-06-04 16:41:02,566362424.0,144083924.0
684.2,,3311.7,684.2,4.989,144,,4.989,25,2025-06-04 16:41:03,566362285.0,144084699.0
684.2,,3316.7,684.2,5.025,144,,5.025,25,2025-06-04 16:41:04,566362066.0,144085455.0
684.2,,3321.9,684.2,5.044,143,,5.044,25,2025-06-04 16:41:05,566361847.0,144086190.0
684.2,,3326.7,684.2,5.05,143,,5.05,25,2025-06-04 16:41:06,566361569.0,144086866.0
684.2,,3332.4,684.2,5.025,143,,5.025,25,2025-06-04 16:41:07,566361270.0,144087523.0
684.2,,3337.5,684.2,4.989,143,,4.989,25,2025-06-04 16:41:08,566360952.0,144088159.0
685.4000000000001,,3342.4,685.4000000000001,4.939,143,,4.939,25,2025-06-04 16:41:09,566360614.0,144088775.0
685.4000000000001,,3347.2,685.4000000000001,4.853,143,,4.853,25,2025-06-04 16:41:10,566360276.0,144089352.0
685.4000000000001,,3351.6,685.4000000000001,4.767,144,,4.767,25,2025-06-04 16:41:11,566359978.0,144089968.0
685.4000000000001,,3355.8,685.4000000000001,4.708,144,,4.708,25,2025-06-04 16:41:12,566359680.0,144090565.0
685.4000000000001,,3360.6,685.4000000000001,4.683,145,,4.683,25,2025-06-04 16:41:13,566359421.0,144091161.0
685.4000000000001,,3365.3,685.4000000000001,4.672,145,,4.672,25,2025-06-04 16:41:14,566359143.0,144091758.0
684.2,,3369.4,684.2,4.7,145,,4.7,25,2025-06-04 16:41:15,566358865.0,144092354.0
684.2,,3374.4,684.2,4.733,146,,4.733,25,2025-06-04 16:41:16,566358586.0,144092991.0
683.4000000000001,,3379.1,683.4000000000001,4.778,145,,4.778,25,2025-06-04 16:41:17,566358288.0,144093587.0
683.4000000000001,,3383.7,683.4000000000001,4.822,144,,4.822,25,2025-06-04 16:41:18,566358009.0,144094223.0
683.4000000000001,,3388.8,683.4000000000001,4.872,143,,4.872,25,2025-06-04 16:41:19,566357731.0,144094860.0
683.4000000000001,,3394.0,683.4000000000001,4.908,142,,4.908,25,2025-06-04 16:41:20,566357373.0,144095417.0
683.4000000000001,,3398.6,683.4000000000001,4.939,142,,4.939,25,2025-06-04 16:41:21,566357035.0,144096033.0
683.4000000000001,,3404.1,683.4000000000001,4.986,142,,4.986,25,2025-06-04 16:41:22,566356657.0,144096590.0
683.4000000000001,,3409.2,683.4000000000001,5.003,141,,5.003,25,2025-06-04 16:41:23,566356339.0,144097206.0
683.4000000000001,,3414.4,683.4000000000001,5.025,141,,5.025,25,2025-06-04 16:41:24,566355961.0,144097743.0
683.4000000000001,,3419.8,683.4000000000001,5.075,141,,5.075,25,2025-06-04 16:41:25,566355524.0,144098260.0
683.4000000000001,,3425.2,683.4000000000001,5.147,141,,5.147,25,2025-06-04 16:41:26,566355146.0,144098857.0
683.4000000000001,,3430.3,683.4000000000001,5.217,141,,5.217,25,2025-06-04 16:41:27,566354729.0,144099393.0
683.4000000000001,,3436.2,683.4000000000001,5.294,141,,5.294,25,2025-06-04 16:41:28,566354331.0,144099990.0
683.4000000000001,,3442.0,683.4000000000001,5.383,141,,5.383,25,2025-06-04 16:41:29,566353874.0,144100527.0
683.4000000000001,,3447.5,683.4000000000001,5.483,141,,5.483,25,2025-06-04 16:41:30,566353377.0,144101024.0
683.4000000000001,,3454.1,683.4000000000001,5.581,141,,5.581,25,2025-06-04 16:41:31,566352899.0,144101561.0
683.4000000000001,,3460.0,683.4000000000001,5.661,141,,5.661,25,2025-06-04 16:41:32,566352422.0,144102137.0
683.4000000000001,,3466.1,683.4000000000001,5.75,141,,5.75,25,2025-06-04 16:41:33,566351945.0,144102754.0
683.4000000000001,,3472.5,683.4000000000001,5.833,141,,5.833,25,2025-06-04 16:41:34,566351468.0,144103370.0
683.4000000000001,,3478.9,683.4000000000001,5.928,140,,5.928,25,2025-06-04 16:41:35,566351010.0,144103987.0
683.4000000000001,,3485.0,683.4000000000001,6.05,140,,6.05,25,2025-06-04 16:41:36,566350454.0,144104504.0
683.4000000000001,,3492.4,683.4000000000001,6.175,140,,6.175,25,2025-06-04 16:41:37,566349936.0,144105100.0
683.4000000000001,,3499.1,683.4000000000001,6.286,140,,6.286,25,2025-06-04 16:41:38,566349360.0,144105677.0
683.4000000000001,,3505.2,683.4000000000001,6.361,140,,6.361,25,2025-06-04 16:41:39,566348724.0,144106214.0
683.4000000000001,,3512.3,683.4000000000001,6.383,139,,6.383,25,2025-06-04 16:41:40,566348167.0,144106810.0
683.4000000000001,,3518.8,683.4000000000001,6.389,139,,6.389,25,2025-06-04 16:41:41,566347610.0,144107446.0
683.4000000000001,,3525.4,683.4000000000001,6.419,139,,6.419,25,2025-06-04 16:41:42,566347113.0,144108063.0
682.4000000000001,,3532.4,682.4000000000001,6.456,139,,6.456,25,2025-06-04 16:41:43,566346636.0,144108699.0
682.4000000000001,,3539.4,682.4000000000001,6.508,139,,6.508,25,2025-06-04 16:41:44,566346079.0,144109355.0
682.4000000000001,,3545.4,682.4000000000001,6.569,139,,6.569,25,2025-06-04 16:41:45,566345502.0,144110031.0
682.4000000000001,,3552.4,682.4000000000001,6.597,139,,6.597,25,2025-06-04 16:41:46,566344966.0,144110767.0
682.4000000000001,,3558.8,682.4000000000001,6.575,138,,6.575,25,2025-06-04 16:41:47,566344468.0,144111483.0
682.4000000000001,,3565.1,682.4000000000001,6.531,138,,6.531,25,2025-06-04 16:41:48,566343991.0,144112219.0
682.4000000000001,,3571.6,682.4000000000001,6.5,138,,6.5,25,2025-06-04 16:41:49,566343554.0,144112994.0
682.4000000000001,,3578.5,682.4000000000001,6.481,138,,6.481,25,2025-06-04 16:41:50,566343116.0,144113730.0
682.4000000000001,,3584.3,682.4000000000001,6.472,137,,6.472,25,2025-06-04 16:41:51,566342639.0,144114446.0
682.4000000000001,,3591.1,682.4000000000001,6.494,137,,6.494,25,2025-06-04 16:41:52,566342182.0,144115221.0
681.4000000000001,,3597.5,681.4000000000001,6.539,137,,6.539,25,2025-06-04 16:41:53,566341724.0,144115997.0
681.4000000000001,,3603.5,681.4000000000001,6.544,136,,6.544,25,2025-06-04 16:41:54,566341247.0,144116732.0
680.4000000000001,,3610.4,680.4000000000001,6.556,136,,6.556,25,2025-06-04 16:41:55,566340690.0,144117389.0
680.4000000000001,,3616.8,680.4000000000001,6.572,135,,6.572,25,2025-06-04 16:41:56,566340054.0,144117925.0
681.4000000000001,,3623.2,681.4000000000001,6.597,135,,6.597,25,2025-06-04 16:41:57,566339478.0,144118363.0
681.4000000000001,,3630.1,681.4000000000001,6.603,135,,6.603,25,2025-06-04 16:41:58,566338801.0,144118681.0
681.4000000000001,,3636.7,681.4000000000001,6.614,135,,6.614,25,2025-06-04 16:41:59,566338125.0,144118979.0
681.4000000000001,,3642.3,681.4000000000001,6.633,134,,6.633,25,2025-06-04 16:42:00,566337429.0,144119317.0
680.4000000000001,,3649.6,680.4000000000001,6.636,133,,6.636,25,2025-06-04 16:42:01,566336813.0,144119854.0
680.4000000000001,,3656.2,680.4000000000001,6.633,132,,6.633,25,2025-06-04 16:42:02,566336336.0,144120530.0
680.4000000000001,,3662.6,680.4000000000001,6.633,131,,6.633,25,2025-06-04 16:42:03,566335819.0,144121286.0
680.4000000000001,,3669.3,680.4000000000001,6.658,131,,6.658,25,2025-06-04 16:42:04,566335342.0,144122021.0
680.4000000000001,,3675.6,680.4000000000001,6.658,131,,6.658,25,2025-06-04 16:42:05,566334805.0,144122737.0
680.4000000000001,,3681.5,680.4000000000001,6.622,130,,6.622,25,2025-06-04 16:42:06,566334208.0,144123334.0
680.4000000000001,,3688.1,680.4000000000001,6.542,130,,6.542,25,2025-06-04 16:42:07,566333552.0,144123712.0
680.4000000000001,,3694.1,680.4000000000001,6.464,130,,6.464,25,2025-06-04 16:42:08,566332876.0,144123930.0
680.4000000000001,,3699.8,680.4000000000001,6.389,130,,6.389,25,2025-06-04 16:42:09,566332279.0,144124229.0
680.4000000000001,,3706.0,680.4000000000001,6.292,130,,6.292,25,2025-06-04 16:42:10,566331723.0,144124646.0
680.4000000000001,,3711.8,680.4000000000001,6.239,129,,6.239,25,2025-06-04 16:42:11,566331126.0,144125143.0
680.4000000000001,,3717.0,680.4000000000001,6.225,129,,6.225,25,2025-06-04 16:42:12,566330589.0,144125720.0
679.2,,3722.9,679.2,6.147,129,,6.147,25,2025-06-04 16:42:13,566330192.0,144126416.0
679.2,,3727.1,679.2,6.047,129,,6.047,25,2025-06-04 16:42:14,566329814.0,144127211.0
679.2,,3731.0,679.2,5.964,129,,5.964,25,2025-06-04 16:42:15,566329575.0,144128126.0
679.2,,3736.8,679.2,5.9,129,,5.9,25,2025-06-04 16:42:16,566329695.0,144128941.0
679.2,,3742.2,679.2,5.872,129,,5.872,25,2025-06-04 16:42:17,566329893.0,144129756.0
679.2,,3747.1,679.2,5.944,128,,5.944,25,2025-06-04 16:42:18,566330072.0,144130592.0
679.2,,3753.2,679.2,6.075,128,,6.075,25,2025-06-04 16:42:19,566330192.0,144131526.0
679.2,,3760.0,679.2,6.25,128,,6.25,25,2025-06-04 16:42:20,566330311.0,144132540.0
679.2,,3766.7,679.2,6.419,128,,6.419,25,2025-06-04 16:42:21,566330351.0,144133614.0
679.2,,3774.4,679.2,6.558,128,,6.558,25,2025-06-04 16:42:22,566330291.0,144134688.0
678.4000000000001,,3781.8,678.4000000000001,6.647,128,,6.647,25,2025-06-04 16:42:23,566330172.0,144135761.0
678.4000000000001,,3788.5,678.4000000000001,6.708,128,,6.708,25,2025-06-04 16:42:24,566330013.0,144136815.0
678.4000000000001,,3796.3,678.4000000000001,6.739,128,,6.739,25,2025-06-04 16:42:25,566329854.0,144137869.0
678.4000000000001,,3803.3,678.4000000000001,6.744,128,,6.744,25,2025-06-04 16:42:26,566329655.0,144138883.0
678.4000000000001,,3810.0,678.4000000000001,6.728,128,,6.728,25,2025-06-04 16:42:27,566329376.0,144139877.0
678.4000000000001,,3816.8,678.4000000000001,6.714,128,,6.714,25,2025-06-04 16:42:28,566329078.0,144140832.0
678.4000000000001,,3823.4,678.4000000000001,6.708,128,,6.708,25,2025-06-04 16:42:29,566328800.0,144141786.0
678.4000000000001,,3829.5,678.4000000000001,6.7,128,,6.7,25,2025-06-04 16:42:30,566328521.0,144142721.0
678.4000000000001,,3836.5,678.4000000000001,6.719,128,,6.719,25,2025-06-04 16:42:31,566328163.0,144143636.0
678.4000000000001,,3843.2,678.4000000000001,6.725,128,,6.725,25,2025-06-04 16:42:32,566327746.0,144144530.0
677.2,,3849.7,677.2,6.7,128,,6.7,25,2025-06-04 16:42:33,566327308.0,144145346.0
677.2,,3855.9,677.2,6.631,128,,6.631,25,2025-06-04 16:42:34,566326811.0,144146161.0
678.4000000000001,,3861.7,678.4000000000001,6.564,129,,6.564,25,2025-06-04 16:42:35,566326334.0,144146877.0
678.4000000000001,,3867.6,678.4000000000001,6.475,129,,6.475,25,2025-06-04 16:42:36,566325817.0,144147493.0
678.4000000000001,,3874.2,678.4000000000001,6.422,130,,6.422,25,2025-06-04 16:42:37,566325280.0,144148010.0
678.4000000000001,,3880.3,678.4000000000001,6.369,130,,6.369,25,2025-06-04 16:42:38,566324684.0,144148467.0
678.4000000000001,,3885.4,678.4000000000001,6.325,131,,6.325,25,2025-06-04 16:42:39,566324067.0,144148845.0
678.4000000000001,,3891.6,678.4000000000001,6.244,131,,6.244,25,2025-06-04 16:42:40,566323391.0,144149104.0
678.4000000000001,,3896.8,678.4000000000001,6.15,131,,6.15,25,2025-06-04 16:42:41,566322775.0,144149322.0
678.4000000000001,,3902.3,678.4000000000001,6.092,130,,6.092,25,2025-06-04 16:42:42,566322158.0,144149501.0
678.4000000000001,,3908.7,678.4000000000001,6.083,130,,6.083,25,2025-06-04 16:42:43,566321582.0,144149640.0
678.4000000000001,,3915.0,678.4000000000001,6.064,130,,6.064,25,2025-06-04 16:42:44,566320985.0,144149760.0
678.4000000000001,,3920.3,678.4000000000001,6.158,130,,6.158,25,2025-06-04 16:42:45,566320289.0,144149959.0
678.4000000000001,,3927.5,678.4000000000001,6.275,130,,6.275,25,2025-06-04 16:42:46,566319613.0,144150197.0
678.4000000000001,,3933.7,678.4000000000001,6.35,130,,6.35,25,2025-06-04 16:42:47,566319076.0,144150595.0
678.4000000000001,,3940.2,678.4000000000001,6.394,130,,6.394,25,2025-06-04 16:42:48,566318361.0,144151052.0
678.4000000000001,,3946.8,678.4000000000001,6.469,130,,6.469,25,2025-06-04 16:42:49,566317784.0,144151609.0
678.4000000000001,,3953.6,678.4000000000001,6.436,130,,6.436,25,2025-06-04 16:42:50,566317207.0,144152186.0
678.4000000000001,,3959.7,678.4000000000001,6.397,130,,6.397,25,2025-06-04 16:42:51,566316690.0,144152842.0
678.4000000000001,,3966.2,678.4000000000001,6.392,130,,6.392,25,2025-06-04 16:42:52,566316114.0,144153379.0
678.4000000000001,,3972.6,678.4000000000001,6.4,130,,6.4,25,2025-06-04 16:42:53,566315597.0,144153896.0
678.4000000000001,,3979.3,678.4000000000001,6.383,130,,6.383,25,2025-06-04 16:42:54,566315060.0,144154472.0
677.2,,3985.5,677.2,6.356,130,,6.356,25,2025-06-04 16:42:55,566314424.0,144155009.0
677.2,,3991.3,677.2,6.342,130,,6.342,25,2025-06-04 16:42:56,566313827.0,144155566.0
677.2,,3997.3,677.2,6.289,130,,6.289,25,2025-06-04 16:42:57,566313270.0,144156023.0
677.2,,4003.4,677.2,6.239,130,,6.239,25,2025-06-04 16:42:58,566312773.0,144156520.0
677.2,,4009.4,677.2,6.219,130,,6.219,25,2025-06-04 16:42:59,566312216.0,144157077.0
677.2,,4015.5,677.2,6.244,130,,6.244,25,2025-06-04 16:43:00,566311759.0,144157773.0
677.2,,4022.2,677.2,6.261,130,,6.261,25,2025-06-04 16:43:01,566311262.0,144158469.0
677.2,,4027.9,677.2,6.286,130,,6.286,25,2025-06-04 16:43:02,566310824.0,144159205.0
677.2,,4033.5,677.2,6.297,129,,6.297,25,2025-06-04 16:43:03,566310427.0,144160000.0
677.2,,4040.3,677.2,6.314,129,,6.314,25,2025-06-04 16:43:04,566310069.0,144160835.0
677.2,,4046.9,677.2,6.347,130,,6.347,25,2025-06-04 16:43:05,566309731.0,144161710.0
677.2,,4053.1,677.2,6.383,130,,6.383,25,2025-06-04 16:43:06,566309492.0,144162645.0
677.2,,4059.8,677.2,6.411,130,,6.411,25,2025-06-04 16:43:07,566309333.0,144163619.0
677.2,,4066.1,677.2,6.45,130,,6.45,25,2025-06-04 16:43:08,566309174.0,144164633.0
677.2,,4072.1,677.2,6.508,130,,6.508,25,2025-06-04 16:43:09,566309075.0,144165647.0
677.2,,4079.5,677.2,6.553,130,,6.553,25,2025-06-04 16:43:10,566309055.0,144166661.0
677.2,,4086.3,677.2,6.644,129,,6.644,25,2025-06-04 16:43:11,566309095.0,144167715.0
677.2,,4093.4,677.2,6.714,129,,6.714,25,2025-06-04 16:43:12,566309154.0,144168789.0
676.4000000000001,,4100.3,676.4000000000001,6.775,129,,6.775,25,2025-06-04 16:43:13,566309154.0,144169843.0
676.4000000000001,,4107.3,676.4000000000001,6.833,129,,6.833,25,2025-06-04 16:43:14,566309254.0,144171016.0
676.4000000000001,,4113.8,676.4000000000001,6.878,129,,6.878,25,2025-06-04 16:43:15,566309134.0,144172030.0
676.4000000000001,,4121.4,676.4000000000001,6.894,129,,6.894,25,2025-06-04 16:43:16,566309035.0,144173104.0
675.2,,4128.5,675.2,6.939,129,,6.939,25,2025-06-04 16:43:17,566308776.0,144174158.0
675.2,,4134.9,675.2,6.967,129,,6.967,25,2025-06-04 16:43:18,566308518.0,144175152.0
675.2,,4142.3,675.2,6.981,129,,6.981,25,2025-06-04 16:43:19,566308100.0,144176106.0
675.2,,4149.2,675.2,7.011,129,,7.011,25,2025-06-04 16:43:20,566307663.0,144177021.0
676.4000000000001,,4155.8,676.4000000000001,6.983,129,,6.983,25,2025-06-04 16:43:21,566307325.0,144177975.0
676.4000000000001,,4162.7,676.4000000000001,6.914,129,,6.914,25,2025-06-04 16:43:22,566306927.0,144178910.0
675.2,,4169.3,675.2,6.828,129,,6.828,25,2025-06-04 16:43:23,566306510.0,144179844.0
675.2,,4175.0,675.2,6.703,129,,6.703,25,2025-06-04 16:43:24,566306291.0,144180799.0
675.2,,4181.7,675.2,6.561,128,,6.561,25,2025-06-04 16:43:25,566306013.0,144181694.0
675.2,,4187.4,675.2,6.428,128,,6.428,25,2025-06-04 16:43:26,566305734.0,144182588.0
675.2,,4192.8,675.2,6.303,128,,6.303,25,2025-06-04 16:43:27,566305515.0,144183463.0
675.2,,4198.2,675.2,6.172,128,,6.172,25,2025-06-04 16:43:28,566305376.0,144184418.0
675.2,,4203.5,675.2,6.075,128,,6.075,25,2025-06-04 16:43:29,566305217.0,144185313.0
675.2,,4208.3,675.2,5.964,129,,5.964,25,2025-06-04 16:43:30,566305217.0,144186207.0
676.4000000000001,,4214.0,676.4000000000001,5.875,129,,5.875,25,2025-06-04 16:43:31,566305158.0,144187082.0
676.4000000000001,,4219.3,676.4000000000001,5.797,129,,5.797,25,2025-06-04 16:43:32,566305118.0,144187997.0
676.4000000000001,,4224.0,676.4000000000001,5.744,130,,5.744,25,2025-06-04 16:43:33,566305038.0,144188852.0
676.4000000000001,,4230.0,676.4000000000001,5.686,130,,5.686,25,2025-06-04 16:43:34,566304919.0,144189727.0
676.4000000000001,,4235.0,676.4000000000001,5.642,131,,5.642,25,2025-06-04 16:43:35,566304740.0,144190542.0
676.4000000000001,,4240.0,676.4000000000001,5.592,132,,5.592,25,2025-06-04 16:43:36,566304481.0,144191337.0
676.4000000000001,,4245.5,676.4000000000001,5.553,132,,5.553,25,2025-06-04 16:43:37,566304183.0,144192073.0
676.4000000000001,,4250.6,676.4000000000001,5.511,132,,5.511,25,2025-06-04 16:43:38,566303845.0,144192769.0
677.2,,4255.2,677.2,5.486,132,,5.486,25,2025-06-04 16:43:39,566303467.0,144193405.0
677.2,,4260.9,677.2,5.461,132,,5.461,25,2025-06-04 16:43:40,566303070.0,144194002.0
678.4000000000001,,4266.0,678.4000000000001,5.419,132,,5.419,25,2025-06-04 16:43:41,566302612.0,144194519.0
678.4000000000001,,4271.1,678.4000000000001,5.378,131,,5.378,24,2025-06-04 16:43:42,566302115.0,144194976.0
678.4000000000001,,4276.0,678.4000000000001,5.336,131,,5.336,24,2025-06-04 16:43:43,566301618.0,144195374.0
678.4000000000001,,4281.0,678.4000000000001,5.303,131,,5.303,24,2025-06-04 16:43:44,566301141.0,144195712.0
678.4000000000001,,4285.9,678.4000000000001,5.261,130,,5.261,24,2025-06-04 16:43:45,566300644.0,144196050.0
678.4000000000001,,4291.2,678.4000000000001,5.244,130,,5.244,24,2025-06-04 16:43:46,566300127.0,144196328.0
678.4000000000001,,4296.4,678.4000000000001,5.247,130,,5.247,24,2025-06-04 16:43:47,566299570.0,144196567.0
678.4000000000001,,4301.2,678.4000000000001,5.317,131,,5.317,24,2025-06-04 16:43:48,566299053.0,144196766.0
678.4000000000001,,4307.4,678.4000000000001,5.383,131,,5.383,24,2025-06-04 16:43:49,566298516.0,144196945.0
678.4000000000001,,4313.1,678.4000000000001,5.461,132,,5.461,24,2025-06-04 16:43:50,566297960.0,144197144.0
678.4000000000001,,4318.7,678.4000000000001,5.506,132,,5.506,24,2025-06-04 16:43:51,566297303.0,144197323.0
678.4000000000001,,4324.2,678.4000000000001,5.497,132,,5.497,24,2025-06-04 16:43:52,566296707.0,144197541.0
678.4000000000001,,4329.2,678.4000000000001,5.253,132,,5.253,24,2025-06-04 16:43:53,566296150.0,144197820.0
678.4000000000001,,4333.4,678.4000000000001,5.017,133,,5.017,24,2025-06-04 16:43:54,566295653.0,144198098.0
678.4000000000001,,4338.8,678.4000000000001,4.9,133,,4.9,24,2025-06-04 16:43:55,566295176.0,144198337.0
678.4000000000001,,4343.9,678.4000000000001,4.875,133,,4.875,24,2025-06-04 16:43:56,566294738.0,144198555.0
678.4000000000001,,4348.7,678.4000000000001,4.867,134,,4.867,24,2025-06-04 16:43:57,566294281.0,144198834.0
678.4000000000001,,4352.9,678.4000000000001,4.928,134,,4.928,24,2025-06-04 16:43:58,566293764.0,144199172.0
679.2,,4357.4,679.2,4.95,134,,4.95,24,2025-06-04 16:43:59,566293267.0,144199530.0
679.2,,4361.4,679.2,4.861,135,,4.861,24,2025-06-04 16:44:00,566292809.0,144199848.0
680.4000000000001,,4366.1,680.4000000000001,4.742,136,,4.742,24,2025-06-04 16:44:01,566292332.0,144200166.0
680.4000000000001,,4370.7,680.4000000000001,4.661,136,,4.661,24,2025-06-04 16:44:02,566291915.0,144200544.0
680.4000000000001,,4375.1,680.4000000000001,4.617,136,,4.617,24,2025-06-04 16:44:03,566291517.0,144200902.0
680.4000000000001,,4380.1,680.4000000000001,4.617,137,,4.617,24,2025-06-04 16:44:04,566291119.0,144201280.0
680.4000000000001,,4384.5,680.4000000000001,4.658,137,,4.658,24,2025-06-04 16:44:05,566290742.0,144201717.0
680.4000000000001,,4388.9,680.4000000000001,4.719,137,,4.719,24,2025-06-04 16:44:06,566290324.0,144202174.0
680.4000000000001,,4393.8,680.4000000000001,4.792,137,,4.792,24,2025-06-04 16:44:07,566289946.0,144202691.0
680.4000000000001,,4398.6,680.4000000000001,4.853,137,,4.853,24,2025-06-04 16:44:08,566289568.0,144203188.0
680.4000000000001,,4403.3,680.4000000000001,4.861,137,,4.861,24,2025-06-04 16:44:09,566289171.0,144203685.0
680.4000000000001,,4408.5,680.4000000000001,4.842,136,,4.842,24,2025-06-04 16:44:10,566288753.0,144204163.0
680.4000000000001,,4413.4,680.4000000000001,4.822,136,,4.822,24,2025-06-04 16:44:11,566288316.0,144204640.0
680.4000000000001,,4417.9,680.4000000000001,4.786,136,,4.786,24,2025-06-04 16:44:12,566287938.0,144205097.0
680.4000000000001,,4422.9,680.4000000000001,4.703,136,,4.703,24,2025-06-04 16:44:13,566287580.0,144205555.0
680.4000000000001,,4427.2,680.4000000000001,4.636,137,,4.636,24,2025-06-04 16:44:14,566287162.0,144205992.0
680.4000000000001,,4431.4,680.4000000000001,4.567,139,,4.567,24,2025-06-04 16:44:15,566286765.0,144206430.0
680.4000000000001,,4435.6,680.4000000000001,4.511,142,,4.511,24,2025-06-04 16:44:16,566286427.0,144206887.0
682.4000000000001,,4440.1,682.4000000000001,4.492,142,,4.492,24,2025-06-04 16:44:17,566286089.0,144207364.0
682.4000000000001,,4444.0,682.4000000000001,4.511,144,,4.511,24,2025-06-04 16:44:18,566285790.0,144207821.0
682.4000000000001,,4448.8,682.4000000000001,4.503,145,,4.503,24,2025-06-04 16:44:19,566285433.0,144208319.0
682.4000000000001,,4453.1,682.4000000000001,4.503,145,,4.503,24,2025-06-04 16:44:20,566285035.0,144208816.0
682.4000000000001,,4457.1,682.4000000000001,4.508,146,,4.508,24,2025-06-04 16:44:21,566284697.0,144209313.0
682.4000000000001,,4461.7,682.4000000000001,4.497,146,,4.497,24,2025-06-04 16:44:22,566284399.0,144209810.0
682.4000000000001,,4466.3,682.4000000000001,4.489,147,,4.489,24,2025-06-04 16:44:23,566284100.0,144210307.0
682.4000000000001,,4470.4,682.4000000000001,4.489,147,,4.489,24,2025-06-04 16:44:24,566283703.0,144210784.0
682.4000000000001,,4475.5,682.4000000000001,4.494,147,,4.494,24,2025-06-04 16:44:25,566283364.0,144211261.0
682.4000000000001,,4479.9,682.4000000000001,4.497,147,,4.497,24,2025-06-04 16:44:26,566283026.0,144211739.0
683.4000000000001,,4483.9,683.4000000000001,4.5,148,,4.5,24,2025-06-04 16:44:27,566282649.0,144212196.0
683.4000000000001,,4488.8,683.4000000000001,4.506,148,,4.506,24,2025-06-04 16:44:28,566282291.0,144212653.0
683.4000000000001,,4493.5,683.4000000000001,4.511,148,,4.511,24,2025-06-04 16:44:29,566281913.0,144213130.0
683.4000000000001,,4498.1,683.4000000000001,4.517,148,,4.517,24,2025-06-04 16:44:30,566281555.0,144213608.0
683.4000000000001,,4502.7,683.4000000000001,4.517,148,,4.517,24,2025-06-04 16:44:31,566281177.0,144214065.0
683.4000000000001,,4507.2,683.4000000000001,4.519,149,,4.519,24,2025-06-04 16:44:32,566280799.0,144214542.0
684.2,,4511.5,684.2,4.522,149,,4.522,24,2025-06-04 16:44:33,566280461.0,144215019.0
684.2,,4516.5,684.2,4.522,150,,4.522,24,2025-06-04 16:44:34,566280123.0,144215517.0
684.2,,4521.0,684.2,4.525,151,,4.525,24,2025-06-04 16:44:35,566279766.0,144216014.0
684.2,,4525.6,684.2,4.525,152,,4.525,24,2025-06-04 16:44:36,566279408.0,144216511.0
684.2,,4530.0,684.2,4.533,152,,4.533,24,2025-06-04 16:44:37,566279070.0,144216988.0
684.2,,4534.2,684.2,4.536,153,,4.536,24,2025-06-04 16:44:38,566278692.0,144217485.0
685.4000000000001,,4538.8,685.4000000000001,4.542,153,,4.542,24,2025-06-04 16:44:39,566278314.0,144217942.0
685.4000000000001,,4543.8,685.4000000000001,4.544,154,,4.544,24,2025-06-04 16:44:40,566278016.0,144218320.0
685.4000000000001,,4548.5,685.4000000000001,4.547,154,,4.547,24,2025-06-04 16:44:41,566277578.0,144218897.0
685.4000000000001,,4552.6,685.4000000000001,4.547,154,,4.547,24,2025-06-04 16:44:42,566277200.0,144219354.0
685.4000000000001,,4557.5,685.4000000000001,4.547,154,,4.547,24,2025-06-04 16:44:43,566276823.0,144219812.0
685.4000000000001,,4562.2,685.4000000000001,4.547,154,,4.547,24,2025-06-04 16:44:44,566276445.0,144220269.0
685.4000000000001,,4566.5,685.4000000000001,4.556,154,,4.556,24,2025-06-04 16:44:45,566276127.0,144220766.0
685.4000000000001,,4571.5,685.4000000000001,4.558,154,,4.558,24,2025-06-04 16:44:46,566275749.0,144221243.0
685.4000000000001,,4576.6,685.4000000000001,4.564,154,,4.564,24,2025-06-04 16:44:47,566275351.0,144221700.0
685.4000000000001,,4580.3,685.4000000000001,4.569,154,,4.569,24,2025-06-04 16:44:48,566274954.0,144222158.0
686.2,,4585.3,686.2,4.569,154,,4.569,24,2025-06-04 16:44:49,566274576.0,144222635.0
686.2,,4589.7,686.2,4.564,154,,4.564,24,2025-06-04 16:44:50,566274218.0,144223092.0
686.2,,4593.9,686.2,4.553,154,,4.553,24,2025-06-04 16:44:51,566273840.0,144223550.0
686.2,,4598.3,686.2,4.542,154,,4.542,24,2025-06-04 16:44:52,566273482.0,144223987.0
687.4000000000001,,4602.5,687.4000000000001,4.528,154,,4.528,24,2025-06-04 16:44:53,566273144.0,144224405.0
687.4000000000001,,4606.4,687.4000000000001,4.517,154,,4.517,24,2025-06-04 16:44:54,566272766.0,144224723.0
687.4000000000001,,4610.9,687.4000000000001,4.514,154,,4.514,24,2025-06-04 16:44:55,566272349.0,144225041.0
687.4000000000001,,4615.4,687.4000000000001,4.517,154,,4.517,24,2025-06-04 16:44:56,566271931.0,144225339.0
687.4000000000001,,4619.5,687.4000000000001,4.525,154,,4.525,24,2025-06-04 16:44:57,566271494.0,144225638.0
687.4000000000001,,4624.5,687.4000000000001,4.533,153,,4.533,24,2025-06-04 16:44:58,566271016.0,144225916.0
687.4000000000001,,4629.0,687.4000000000001,4.539,153,,4.539,24,2025-06-04 16:44:59,566270559.0,144226194.0
687.4000000000001,,4633.8,687.4000000000001,4.544,153,,4.544,24,2025-06-04 16:45:00,566270062.0,144226413.0
688.2,,4638.8,688.2,4.547,153,,4.547,24,2025-06-04 16:45:01,566269605.0,144226632.0
688.2,,4643.4,688.2,4.547,153,,4.547,24,2025-06-04 16:45:02,566269147.0,144226831.0
688.2,,4647.9,688.2,4.553,154,,4.553,24,2025-06-04 16:45:03,566268690.0,144227049.0
688.2,,4652.9,688.2,4.553,154,,4.553,24,2025-06-04 16:45:04,566268213.0,144227228.0
688.2,,4657.2,688.2,4.55,154,,4.55,24,2025-06-04 16:45:05,566267716.0,144227407.0
688.2,,4661.1,688.2,4.544,155,,4.544,24,2025-06-04 16:45:06,566267258.0,144227566.0
689.4000000000001,,4665.6,689.4000000000001,4.533,155,,4.533,24,2025-06-04 16:45:07,566266801.0,144227725.0
689.4000000000001,,4669.9,689.4000000000001,4.497,155,,4.497,24,2025-06-04 16:45:08,566266364.0,144227904.0
689.4000000000001,,4673.7,689.4000000000001,4.467,154,,4.467,24,2025-06-04 16:45:09,566265946.0,144228083.0
689.4000000000001,,4678.0,689.4000000000001,4.442,154,,4.442,24,2025-06-04 16:45:10,566265509.0,144228282.0
690.4000000000001,,4682.1,690.4000000000001,4.414,154,,4.414,24,2025-06-04 16:45:11,566265091.0,144228481.0
690.4000000000001,,4685.5,690.4000000000001,4.336,154,,4.336,24,2025-06-04 16:45:12,566264693.0,144228759.0
691.2,,4689.9,691.2,4.294,153,,4.294,24,2025-06-04 16:45:13,566264276.0,144229038.0
691.2,,4694.0,691.2,4.283,153,,4.283,24,2025-06-04 16:45:14,566263878.0,144229296.0
691.2,,4698.1,691.2,4.275,153,,4.275,24,2025-06-04 16:45:15,566263480.0,144229555.0
691.2,,4702.4,691.2,4.269,153,,4.269,24,2025-06-04 16:45:16,566263063.0,144229833.0
691.2,,4706.7,691.2,4.264,153,,4.264,24,2025-06-04 16:45:17,566262645.0,144230131.0
691.2,,4710.3,691.2,4.256,152,,4.256,24,2025-06-04 16:45:18,566262248.0,144230450.0
691.2,,4714.9,691.2,4.233,152,,4.233,24,2025-06-04 16:45:19,566261870.0,144230788.0
691.2,,4718.7,691.2,4.206,152,,4.206,24,2025-06-04 16:45:20,566261512.0,144231145.0
691.2,,4722.3,691.2,4.178,152,,4.178,24,2025-06-04 16:45:21,566261154.0,144231503.0
691.2,,4726.5,691.2,4.147,152,,4.147,24,2025-06-04 16:45:22,566260856.0,144231901.0
691.2,,4730.0,691.2,4.114,151,,4.114,24,2025-06-04 16:45:23,566260538.0,144232279.0
691.2,,4733.1,691.2,4.078,151,,4.078,24,2025-06-04 16:45:24,566260200.0,144232637.0
691.2,,4736.4,691.2,4.044,151,,4.044,24,2025-06-04 16:45:25,566259921.0,144233015.0
692.4000000000001,,4739.5,692.4000000000001,3.967,151,,3.967,24,2025-06-04 16:45:26,566259643.0,144233373.0
692.4000000000001,,4742.3,692.4000000000001,3.906,151,,3.906,24,2025-06-04 16:45:27,566259424.0,144233770.0
692.4000000000001,,4745.8,692.4000000000001,3.853,150,,3.853,24,2025-06-04 16:45:28,566259205.0,144234168.0
692.4000000000001,,4748.8,692.4000000000001,3.811,150,,3.811,24,2025-06-04 16:45:29,566259026.0,144234605.0
692.4000000000001,,4751.8,692.4000000000001,3.694,150,,3.694,24,2025-06-04 16:45:30,566258828.0,144235083.0
692.4000000000001,,4754.9,692.4000000000001,3.65,150,,3.65,24,2025-06-04 16:45:31,566258668.0,144235540.0
693.2,,4758.3,693.2,3.606,150,,3.606,24,2025-06-04 16:45:32,566258450.0,144235977.0
693.2,,4761.3,693.2,3.572,150,,3.572,24,2025-06-04 16:45:33,566258350.0,144236514.0
693.2,,4764.8,693.2,3.558,150,,3.558,24,2025-06-04 16:45:34,566258191.0,144236971.0
693.2,,4768.6,693.2,3.553,150,,3.553,24,2025-06-04 16:45:35,566258012.0,144237429.0
693.2,,4772.0,693.2,3.547,151,,3.547,24,2025-06-04 16:45:36,566257794.0,144237827.0
693.2,,4775.5,693.2,3.547,151,,3.547,24,2025-06-04 16:45:37,566257555.0,144238324.0
693.2,,4779.1,693.2,3.553,151,,3.553,24,2025-06-04 16:45:38,566257396.0,144238861.0
693.2,,4782.5,693.2,3.553,152,,3.553,24,2025-06-04 16:45:39,566257296.0,144239358.0
693.2,,4786.2,693.2,3.556,152,,3.556,24,2025-06-04 16:45:40,566257137.0,144239875.0
693.2,,4790.1,693.2,3.564,152,,3.564,24,2025-06-04 16:45:41,566256958.0,144240352.0
693.2,,4793.8,693.2,3.581,152,,3.581,24,2025-06-04 16:45:42,566256779.0,144240849.0
693.2,,4798.4,693.2,3.6,152,,3.6,24,2025-06-04 16:45:43,566256581.0,144241386.0
696.4000000000001,,4802.4,696.4000000000001,3.664,152,,3.664,24,2025-06-04 16:45:44,566256402.0,144241943.0
696.4000000000001,,4806.6,696.4000000000001,3.719,153,,3.719,24,2025-06-04 16:45:45,566256203.0,144242539.0
696.4000000000001,,4811.1,696.4000000000001,3.772,153,,3.772,24,2025-06-04 16:45:46,566255984.0,144243116.0
696.4000000000001,,4815.6,696.4000000000001,3.917,153,,3.917,24,2025-06-04 16:45:47,566255785.0,144243712.0
696.4000000000001,,4819.9,696.4000000000001,4.0,154,,4.0,24,2025-06-04 16:45:48,566255567.0,144244289.0
696.4000000000001,,4824.5,696.4000000000001,4.056,155,,4.056,24,2025-06-04 16:45:49,566255308.0,144244846.0
697.4000000000001,,4828.9,697.4000000000001,4.075,155,,4.075,24,2025-06-04 16:45:50,566255050.0,144245402.0
697.4000000000001,,4832.9,697.4000000000001,4.106,155,,4.106,24,2025-06-04 16:45:51,566254851.0,144245939.0
697.4000000000001,,4837.6,697.4000000000001,4.136,156,,4.136,24,2025-06-04 16:45:52,566254612.0,144246496.0
697.4000000000001,,4842.1,697.4000000000001,4.178,156,,4.178,24,2025-06-04 16:45:53,566254354.0,144247033.0
698.4000000000001,,4846.4,698.4000000000001,4.192,156,,4.192,24,2025-06-04 16:45:54,566254016.0,144247570.0
698.4000000000001,,4850.3,698.4000000000001,4.189,156,,4.189,24,2025-06-04 16:45:55,566253678.0,144248087.0
698.4000000000001,,4854.1,698.4000000000001,4.164,156,,4.164,24,2025-06-04 16:45:56,566253340.0,144248584.0
698.4000000000001,,4857.5,698.4000000000001,4.119,157,,4.119,24,2025-06-04 16:45:57,566253101.0,144249001.0
698.4000000000001,,4861.5,698.4000000000001,4.069,157,,4.069,24,2025-06-04 16:45:58,566252842.0,144249419.0
698.4000000000001,,4865.0,698.4000000000001,4.022,157,,4.022,24,2025-06-04 16:45:59,566252564.0,144249837.0
698.4000000000001,,4867.9,698.4000000000001,3.969,157,,3.969,24,2025-06-04 16:46:00,566252365.0,144250254.0
698.4000000000001,,4870.4,698.4000000000001,3.928,157,,3.928,24,2025-06-04 16:46:01,566252067.0,144250652.0
699.4000000000001,,4873.2,699.4000000000001,3.897,157,,3.897,24,2025-06-04 16:46:02,566251848.0,144250970.0
699.4000000000001,,4875.9,699.4000000000001,3.858,156,,3.858,24,2025-06-04 16:46:03,566251590.0,144251189.0
699.4000000000001,,4879.3,699.4000000000001,3.803,156,,3.803,24,2025-06-04 16:46:04,566251272.0,144251487.0
699.4000000000001,,4882.2,699.4000000000001,3.725,156,,3.725,24,2025-06-04 16:46:05,566250934.0,144251785.0
700.2,,4884.6,700.2,3.661,156,,3.661,24,2025-06-04 16:46:06,566250635.0,144252024.0
700.2,,4888.0,700.2,3.486,157,,3.486,24,2025-06-04 16:46:07,566250357.0,144252262.0
700.2,,4890.7,700.2,3.353,157,,3.353,24,2025-06-04 16:46:08,566250078.0,144252441.0
700.2,,4893.8,700.2,3.269,157,,3.269,24,2025-06-04 16:46:09,566249760.0,144252660.0
701.4000000000001,,4897.3,701.4000000000001,3.269,157,,3.269,24,2025-06-04 16:46:10,566249462.0,144252819.0
701.4000000000001,,4900.6,701.4000000000001,3.267,158,,3.267,24,2025-06-04 16:46:11,566249164.0,144252998.0
701.4000000000001,,4903.2,701.4000000000001,3.281,158,,3.281,24,2025-06-04 16:46:12,566248846.0,144253177.0
701.4000000000001,,4907.0,701.4000000000001,3.325,159,,3.325,24,2025-06-04 16:46:13,566248468.0,144253396.0
702.2,,4911.1,702.2,3.392,159,,3.392,24,2025-06-04 16:46:14,566248150.0,144253575.0
702.2,,4915.5,702.2,3.444,160,,3.444,24,2025-06-04 16:46:15,566247792.0,144253734.0
702.2,,4919.4,702.2,3.492,160,,3.492,24,2025-06-04 16:46:16,566247374.0,144253953.0
702.2,,4923.3,702.2,3.492,160,,3.492,24,2025-06-04 16:46:17,566246917.0,144254132.0
702.2,,4927.0,702.2,3.511,161,,3.511,24,2025-06-04 16:46:18,566246539.0,144254350.0
702.2,,4930.7,702.2,3.5,161,,3.5,24,2025-06-04 16:46:19,566246201.0,144254529.0
703.4000000000001,,4934.2,703.4000000000001,3.478,161,,3.478,24,2025-06-04 16:46:20,566245863.0,144254688.0
703.4000000000001,,4937.6,703.4000000000001,3.458,161,,3.458,24,2025-06-04 16:46:21,566245565.0,144254827.0
703.4000000000001,,4941.3,703.4000000000001,3.458,161,,3.458,24,2025-06-04 16:46:22,566245187.0,144254986.0
703.4000000000001,,4944.5,703.4000000000001,3.458,161,,3.458,24,2025-06-04 16:46:23,566244849.0,144255185.0
704.2,,4947.1,704.2,3.45,161,,3.45,24,2025-06-04 16:46:24,566244511.0,144255325.0
704.2,,4950.4,704.2,3.45,161,,3.45,24,2025-06-04 16:46:25,566244133.0,144255504.0
704.2,,4954.0,704.2,3.45,161,,3.45,24,2025-06-04 16:46:26,566243815.0,144255663.0
704.2,,4957.0,704.2,3.442,161,,3.442,24,2025-06-04 16:46:27,566243477.0,144255822.0
704.2,,4960.7,704.2,3.433,161,,3.433,24,2025-06-04 16:46:28,566243099.0,144256021.0
704.2,,4963.9,704.2,3.433,161,,3.433,24,2025-06-04 16:46:29,566242781.0,144256180.0
704.2,,4967.0,704.2,3.425,161,,3.425,24,2025-06-04 16:46:30,566242463.0,144256358.0
704.2,,4970.9,704.2,3.428,161,,3.428,24,2025-06-04 16:46:31,566242145.0,144256518.0
704.2,,4974.4,704.2,3.433,161,,3.433,24,2025-06-04 16:46:32,566241787.0,144256697.0
704.2,,4977.8,704.2,3.444,161,,3.444,24,2025-06-04 16:46:33,566241429.0,144256895.0
704.2,,4981.7,704.2,3.458,161,,3.458,24,2025-06-04 16:46:34,566241051.0,144257134.0
704.2,,4985.4,704.2,3.475,161,,3.475,24,2025-06-04 16:46:35,566240733.0,144257393.0
704.2,,4989.0,704.2,3.489,161,,3.489,24,2025-06-04 16:46:36,566240375.0,144257691.0
704.2,,4993.3,704.2,3.506,161,,3.506,24,2025-06-04 16:46:37,566240017.0,144258009.0
706.4000000000001,,4997.4,706.4000000000001,3.508,161,,3.508,24,2025-06-04 16:46:38,566239679.0,144258307.0
706.4000000000001,,5000.7,706.4000000000001,3.531,161,,3.531,24,2025-06-04 16:46:39,566239321.0,144258586.0
706.4000000000001,,5004.5,706.4000000000001,3.567,161,,3.567,24,2025-06-04 16:46:40,566238963.0,144258904.0
706.4000000000001,,5008.5,706.4000000000001,3.603,161,,3.603,24,2025-06-04 16:46:41,566238764.0,144259242.0
706.4000000000001,,5012.4,706.4000000000001,3.653,161,,3.653,24,2025-06-04 16:46:42,566238446.0,144259620.0
706.4000000000001,,5017.0,706.4000000000001,3.744,160,,3.744,24,2025-06-04 16:46:43,566238049.0,144259958.0
706.4000000000001,,5021.5,706.4000000000001,3.839,160,,3.839,24,2025-06-04 16:46:44,566237711.0,144260375.0
706.4000000000001,,5026.0,706.4000000000001,3.908,160,,3.908,24,2025-06-04 16:46:45,566237353.0,144260872.0
706.4000000000001,,5030.6,706.4000000000001,3.978,160,,3.978,24,2025-06-04 16:46:46,566236955.0,144261349.0
706.4000000000001,,5035.5,706.4000000000001,4.033,160,,4.033,24,2025-06-04 16:46:47,566236577.0,144261847.0
706.4000000000001,,5040.6,706.4000000000001,4.069,160,,4.069,24,2025-06-04 16:46:48,566236339.0,144262364.0
706.4000000000001,,5045.3,706.4000000000001,4.089,160,,4.089,24,2025-06-04 16:46:49,566235981.0,144262900.0
706.4000000000001,,5049.3,706.4000000000001,4.097,160,,4.097,24,2025-06-04 16:46:50,566235643.0,144263397.0
706.4000000000001,,5052.9,706.4000000000001,4.081,160,,4.081,24,2025-06-04 16:46:51,566235404.0,144263895.0
706.4000000000001,,5057.1,706.4000000000001,4.047,161,,4.047,24,2025-06-04 16:46:52,566235165.0,144264372.0
706.4000000000001,,5060.4,706.4000000000001,4.019,161,,4.019,24,2025-06-04 16:46:53,566234927.0,144264849.0
708.4000000000001,,5063.9,708.4000000000001,3.992,161,,3.992,24,2025-06-04 16:46:54,566234708.0,144265386.0
708.4000000000001,,5067.6,708.4000000000001,3.969,161,,3.969,24,2025-06-04 16:46:55,566234549.0,144265923.0
708.4000000000001,,5070.8,708.4000000000001,3.947,161,,3.947,24,2025-06-04 16:46:56,566234330.0,144266440.0
708.4000000000001,,5074.0,708.4000000000001,3.919,162,,3.919,24,2025-06-04 16:46:57,566234151.0,144266937.0
708.4000000000001,,5078.1,708.4000000000001,3.894,162,,3.894,24,2025-06-04 16:46:58,566233992.0,144267474.0
708.4000000000001,,5081.7,708.4000000000001,3.875,162,,3.875,24,2025-06-04 16:46:59,566233853.0,144268050.0
708.4000000000001,,5085.2,708.4000000000001,3.85,161,,3.85,24,2025-06-04 16:47:00,566233694.0,144268607.0
708.4000000000001,,5088.9,708.4000000000001,3.817,158,,3.817,24,2025-06-04 16:47:01,566233515.0,144269124.0
708.4000000000001,,5092.2,708.4000000000001,3.781,158,,3.781,24,2025-06-04 16:47:02,566233316.0,144269621.0
708.4000000000001,,5095.5,708.4000000000001,3.753,155,,3.753,24,2025-06-04 16:47:03,566233157.0,144270098.0
708.4000000000001,,5099.2,708.4000000000001,3.728,155,,3.728,24,2025-06-04 16:47:04,566233018.0,144270576.0
708.4000000000001,,5102.6,708.4000000000001,3.714,153,,3.714,24,2025-06-04 16:47:05,566232919.0,144271113.0
709.2,,5105.7,709.2,3.697,152,,3.697,24,2025-06-04 16:47:06,566232740.0,144271629.0
709.2,,5109.4,709.2,3.678,152,,3.678,24,2025-06-04 16:47:07,566232581.0,144272127.0
710.4000000000001,,5112.9,710.4000000000001,3.669,152,,3.669,24,2025-06-04 16:47:08,566232421.0,144272644.0
710.4000000000001,,5116.6,710.4000000000001,3.672,151,,3.672,24,2025-06-04 16:47:09,566232302.0,144273161.0
710.4000000000001,,5120.4,710.4000000000001,3.681,151,,3.681,24,2025-06-04 16:47:10,566232163.0,144273698.0
710.4000000000001,,5124.4,710.4000000000001,3.697,151,,3.697,24,2025-06-04 16:47:11,566232004.0,144274254.0
710.4000000000001,,5128.0,710.4000000000001,3.711,151,,3.711,24,2025-06-04 16:47:12,566231865.0,144274811.0
710.4000000000001,,5132.0,710.4000000000001,3.714,152,,3.714,24,2025-06-04 16:47:13,566231726.0,144275388.0
710.4000000000001,,5135.7,710.4000000000001,3.708,152,,3.708,24,2025-06-04 16:47:14,566231566.0,144275944.0
710.4000000000001,,5139.2,710.4000000000001,3.703,154,,3.703,24,2025-06-04 16:47:15,566231427.0,144276481.0
710.4000000000001,,5143.1,710.4000000000001,3.692,157,,3.692,24,2025-06-04 16:47:16,566231328.0,144277018.0
710.4000000000001,,5146.9,710.4000000000001,3.681,157,,3.681,24,2025-06-04 16:47:17,566231209.0,144277575.0
710.4000000000001,,5150.3,710.4000000000001,3.669,158,,3.669,24,2025-06-04 16:47:18,566231089.0,144278112.0
710.4000000000001,,5153.8,710.4000000000001,3.658,158,,3.658,24,2025-06-04 16:47:19,566230950.0,144278649.0
712.4000000000001,,5157.3,712.4000000000001,3.642,158,,3.642,24,2025-06-04 16:47:20,566230811.0,144279166.0
712.4000000000001,,5160.3,712.4000000000001,3.628,159,,3.628,24,2025-06-04 16:47:21,566230691.0,144279683.0
712.4000000000001,,5164.1,712.4000000000001,3.611,158,,3.611,24,2025-06-04 16:47:22,566230552.0,144280219.0
712.4000000000001,,5167.7,712.4000000000001,3.608,158,,3.608,24,2025-06-04 16:47:23,566230453.0,144280717.0
712.4000000000001,,5170.9,712.4000000000001,3.608,157,,3.608,24,2025-06-04 16:47:24,566230334.0,144281234.0
712.4000000000001,,5175.0,712.4000000000001,3.628,156,,3.628,24,2025-06-04 16:47:25,566230194.0,144281770.0
713.4000000000001,,5178.5,713.4000000000001,3.656,156,,3.656,24,2025-06-04 16:47:26,566230016.0,144282307.0
713.4000000000001,,5182.3,713.4000000000001,3.697,154,,3.697,24,2025-06-04 16:47:27,566229837.0,144282844.0
714.4000000000001,,5186.7,714.4000000000001,3.739,153,,3.739,24,2025-06-04 16:47:28,566229558.0,144283302.0
714.4000000000001,,5190.9,714.4000000000001,3.775,153,,3.775,24,2025-06-04 16:47:29,566229280.0,144283759.0
714.4000000000001,,5194.9,714.4000000000001,3.825,152,,3.825,24,2025-06-04 16:47:30,566228962.0,144284256.0
714.4000000000001,,5199.7,714.4000000000001,3.842,152,,3.842,24,2025-06-04 16:47:31,566228663.0,144284753.0
714.4000000000001,,5203.5,714.4000000000001,3.842,152,,3.842,24,2025-06-04 16:47:32,566228345.0,144285151.0
714.4000000000001,,5207.4,714.4000000000001,3.822,152,,3.822,24,2025-06-04 16:47:33,566227928.0,144285548.0
714.4000000000001,,5211.4,714.4000000000001,3.831,152,,3.831,24,2025-06-04 16:47:34,566227669.0,144285906.0
714.4000000000001,,5215.5,714.4000000000001,3.85,152,,3.85,24,2025-06-04 16:47:35,566227371.0,144286244.0
714.4000000000001,,5219.7,714.4000000000001,3.894,152,,3.894,24,2025-06-04 16:47:36,566226993.0,144286543.0
714.4000000000001,,5223.9,714.4000000000001,3.922,152,,3.922,24,2025-06-04 16:47:37,566226595.0,144286821.0
714.4000000000001,,5227.3,714.4000000000001,3.922,152,,3.922,24,2025-06-04 16:47:38,566226138.0,144287119.0
714.4000000000001,,5230.5,714.4000000000001,3.892,153,,3.892,24,2025-06-04 16:47:39,566225740.0,144287398.0
714.4000000000001,,5233.8,714.4000000000001,3.844,153,,3.844,24,2025-06-04 16:47:40,566225402.0,144287597.0
714.4000000000001,,5237.6,714.4000000000001,3.808,153,,3.808,24,2025-06-04 16:47:41,566225084.0,144287736.0
714.4000000000001,,5241.6,714.4000000000001,3.783,153,,3.783,24,2025-06-04 16:47:42,566224766.0,144287855.0
714.4000000000001,,5245.1,714.4000000000001,3.764,153,,3.764,24,2025-06-04 16:47:43,566224388.0,144288014.0
715.4000000000001,,5248.2,715.4000000000001,3.75,153,,3.75,24,2025-06-04 16:47:44,566223951.0,144288133.0
715.4000000000001,,5250.6,715.4000000000001,3.739,154,,3.739,24,2025-06-04 16:47:45,566223573.0,144288233.0
716.2,,5254.2,716.2,3.722,154,,3.722,24,2025-06-04 16:47:46,566223235.0,144288332.0
716.2,,5257.8,716.2,3.706,154,,3.706,24,2025-06-04 16:47:47,566222897.0,144288432.0
716.2,,5261.3,716.2,3.692,154,,3.692,24,2025-06-04 16:47:48,566222519.0,144288511.0
716.2,,5264.7,716.2,3.678,154,,3.678,24,2025-06-04 16:47:49,566222141.0,144288571.0
716.2,,5268.2,716.2,3.667,154,,3.667,24,2025-06-04 16:47:50,566221783.0,144288571.0
716.2,,5271.0,716.2,3.661,153,,3.661,24,2025-06-04 16:47:51,566221445.0,144288571.0
716.2,,5275.0,716.2,3.656,153,,3.656,24,2025-06-04 16:47:52,566221068.0,144288611.0
716.2,,5278.5,716.2,3.653,153,,3.653,24,2025-06-04 16:47:53,566220690.0,144288611.0
717.4000000000001,,5281.9,717.4000000000001,3.653,152,,3.653,24,2025-06-04 16:47:54,566220272.0,144288611.0
717.4000000000001,,5285.7,717.4000000000001,3.653,152,,3.653,24,2025-06-04 16:47:55,566219914.0,144288491.0
717.4000000000001,,5289.3,717.4000000000001,3.644,152,,3.644,24,2025-06-04 16:47:56,566219537.0,144288491.0
717.4000000000001,,5292.7,717.4000000000001,3.644,151,,3.644,24,2025-06-04 16:47:57,566219159.0,144288531.0
717.4000000000001,,5296.7,717.4000000000001,3.644,151,,3.644,24,2025-06-04 16:47:58,566218781.0,144288571.0
717.4000000000001,,5300.5,717.4000000000001,3.644,150,,3.644,24,2025-06-04 16:47:59,566218403.0,144288650.0
718.2,,5303.8,718.2,3.644,150,,3.644,24,2025-06-04 16:48:00,566218005.0,144288690.0
718.2,,5307.6,718.2,3.639,150,,3.639,24,2025-06-04 16:48:01,566217608.0,144288750.0
718.2,,5310.8,718.2,3.628,150,,3.628,24,2025-06-04 16:48:02,566217230.0,144288770.0
718.2,,5314.0,718.2,3.614,151,,3.614,24,2025-06-04 16:48:03,566216832.0,144288790.0
719.4000000000001,,5317.4,719.4000000000001,3.594,151,,3.594,24,2025-06-04 16:48:04,566216534.0,144288770.0
719.4000000000001,,5320.4,719.4000000000001,3.528,151,,3.528,24,2025-06-04 16:48:05,566216216.0,144288809.0
719.4000000000001,,5322.4,719.4000000000001,3.275,152,,3.275,24,2025-06-04 16:48:06,566215838.0,144288949.0
719.4000000000001,,5324.4,719.4000000000001,2.528,152,,2.528,24,2025-06-04 16:48:07,566215540.0,144289088.0
720.2,,5326.4,720.2,2.389,152,,2.389,24,2025-06-04 16:48:08,566215341.0,144289247.0
720.2,,5328.2,720.2,2.389,154,,2.389,24,2025-06-04 16:48:09,566215122.0,144289406.0
720.2,,5330.6,720.2,2.581,154,,2.581,24,2025-06-04 16:48:10,566214904.0,144289525.0
720.2,,5333.7,720.2,2.672,154,,2.672,24,2025-06-04 16:48:11,566214685.0,144289744.0
721.4000000000001,,5337.4,721.4000000000001,3.442,155,,3.442,24,2025-06-04 16:48:12,566214446.0,144290022.0
721.4000000000001,,5340.7,721.4000000000001,3.756,155,,3.756,24,2025-06-04 16:48:13,566214148.0,144290341.0
722.4000000000001,,5344.3,722.4000000000001,3.669,155,,3.669,24,2025-06-04 16:48:14,566213790.0,144290718.0
722.4000000000001,,5347.6,722.4000000000001,3.497,156,,3.497,24,2025-06-04 16:48:15,566213452.0,144291016.0
722.4000000000001,,5351.1,722.4000000000001,3.397,156,,3.397,24,2025-06-04 16:48:16,566213094.0,144291295.0
722.4000000000001,,5353.8,722.4000000000001,2.478,156,,2.478,24,2025-06-04 16:48:17,566212816.0,144291534.0
722.4000000000001,,5356.3,722.4000000000001,2.369,156,,2.369,24,2025-06-04 16:48:18,566212617.0,144291772.0
722.4000000000001,,5359.5,722.4000000000001,2.594,156,,2.594,24,2025-06-04 16:48:19,566212458.0,144291991.0
722.4000000000001,,5362.7,722.4000000000001,2.908,156,,2.908,24,2025-06-04 16:48:20,566212338.0,144292210.0
722.4000000000001,,5365.7,722.4000000000001,3.044,156,,3.044,24,2025-06-04 16:48:21,566212040.0,144292428.0
722.4000000000001,,5369.7,722.4000000000001,3.528,156,,3.528,24,2025-06-04 16:48:22,566211682.0,144292786.0
722.4000000000001,,5373.7,722.4000000000001,3.533,156,,3.533,24,2025-06-04 16:48:23,566211304.0,144293124.0
723.2,,5378.0,723.2,3.561,156,,3.561,24,2025-06-04 16:48:24,566210887.0,144293482.0
723.2,,5383.2,723.2,3.603,156,,3.603,24,2025-06-04 16:48:25,566210469.0,144293880.0
723.2,,5388.3,723.2,3.642,156,,3.642,24,2025-06-04 16:48:26,566210052.0,144294278.0
723.2,,5393.7,723.2,3.681,157,,3.681,24,2025-06-04 16:48:27,566209694.0,144294596.0
724.4000000000001,,5398.0,724.4000000000001,3.708,157,,3.708,24,2025-06-04 16:48:28,566209316.0,144294894.0
724.4000000000001,,5401.6,724.4000000000001,3.728,157,,3.728,24,2025-06-04 16:48:29,566208918.0,144295192.0
724.4000000000001,,5404.8,724.4000000000001,3.731,157,,3.731,24,2025-06-04 16:48:30,566208620.0,144295431.0
724.4000000000001,,5407.8,724.4000000000001,3.672,157,,3.672,24,2025-06-04 16:48:31,566208302.0,144295650.0
724.4000000000001,,5410.4,724.4000000000001,3.661,157,,3.661,24,2025-06-04 16:48:32,566207944.0,144295868.0
724.4000000000001,,5412.1,724.4000000000001,2.919,157,,2.919,24,2025-06-04 16:48:33,566207686.0,144296047.0
725.2,,5414.3,725.2,2.925,157,,2.925,24,2025-06-04 16:48:34,566207407.0,144296306.0
725.2,,5416.9,725.2,2.925,157,,2.925,24,2025-06-04 16:48:35,566207208.0,144296544.0
725.2,,5419.6,725.2,2.928,157,,2.928,24,2025-06-04 16:48:36,566206990.0,144296703.0
725.2,,5422.9,725.2,2.933,157,,2.933,24,2025-06-04 16:48:37,566206652.0,144296803.0
726.4000000000001,,5426.2,726.4000000000001,2.944,157,,2.944,24,2025-06-04 16:48:38,566206254.0,144297002.0
726.4000000000001,,5429.2,726.4000000000001,2.967,157,,2.967,24,2025-06-04 16:48:39,566205916.0,144297181.0
726.4000000000001,,5433.6,726.4000000000001,2.994,157,,2.994,24,2025-06-04 16:48:40,566205538.0,144297360.0
726.4000000000001,,5437.5,726.4000000000001,3.028,157,,3.028,24,2025-06-04 16:48:41,566205200.0,144297598.0
726.4000000000001,,5441.7,726.4000000000001,3.061,157,,3.061,24,2025-06-04 16:48:42,566204783.0,144297777.0
726.4000000000001,,5447.5,726.4000000000001,3.097,157,,3.097,24,2025-06-04 16:48:43,566204405.0,144297956.0
726.4000000000001,,5452.6,726.4000000000001,3.142,157,,3.142,24,2025-06-04 16:48:44,566204047.0,144298135.0
726.4000000000001,,5457.1,726.4000000000001,3.197,157,,3.197,24,2025-06-04 16:48:45,566203490.0,144298533.0
727.2,,5462.7,727.2,3.264,157,,3.264,24,2025-06-04 16:48:46,566202993.0,144298831.0
727.2,,5467.8,727.2,3.336,156,,3.336,24,2025-06-04 16:48:47,566202556.0,144299149.0
727.2,,5472.8,727.2,3.408,157,,3.408,24,2025-06-04 16:48:48,566202058.0,144299467.0
727.2,,5477.6,727.2,3.478,157,,3.478,24,2025-06-04 16:48:49,566201581.0,144299686.0
727.2,,5481.9,727.2,3.533,157,,3.533,24,2025-06-04 16:48:50,566201104.0,144299825.0
727.2,,5485.7,727.2,3.572,157,,3.572,24,2025-06-04 16:48:51,566200686.0,144299885.0
727.2,,5488.7,727.2,3.597,157,,3.597,24,2025-06-04 16:48:52,566200328.0,144299905.0
727.2,,5492.0,727.2,3.614,157,,3.614,24,2025-06-04 16:48:53,566199990.0,144299865.0
728.4000000000001,,5495.4,728.4000000000001,3.622,157,,3.622,24,2025-06-04 16:48:54,566199613.0,144299726.0
728.4000000000001,,5499.4,728.4000000000001,3.633,157,,3.633,24,2025-06-04 16:48:55,566199215.0,144299567.0
728.4000000000001,,5503.1,728.4000000000001,3.653,157,,3.653,24,2025-06-04 16:48:56,566198758.0,144299368.0
728.4000000000001,,5507.5,728.4000000000001,3.681,158,,3.681,24,2025-06-04 16:48:57,566198300.0,144299149.0
728.4000000000001,,5512.2,728.4000000000001,3.717,158,,3.717,24,2025-06-04 16:48:58,566197863.0,144298891.0
728.4000000000001,,5517.2,728.4000000000001,3.758,158,,3.758,24,2025-06-04 16:48:59,566197386.0,144298573.0
728.4000000000001,,5521.8,728.4000000000001,3.797,158,,3.797,24,2025-06-04 16:49:00,566196948.0,144298234.0
728.4000000000001,,5526.7,728.4000000000001,3.836,159,,3.836,24,2025-06-04 16:49:01,566196531.0,144297857.0
728.4000000000001,,5531.3,728.4000000000001,3.867,159,,3.867,24,2025-06-04 16:49:02,566196232.0,144297419.0
728.4000000000001,,5535.1,728.4000000000001,3.892,159,,3.892,24,2025-06-04 16:49:03,566195874.0,144297002.0
730.4000000000001,,5539.4,730.4000000000001,3.911,160,,3.911,24,2025-06-04 16:49:04,566195536.0,144296584.0
730.4000000000001,,5543.4,730.4000000000001,3.922,160,,3.922,24,2025-06-04 16:49:05,566195198.0,144296186.0
730.4000000000001,,5547.1,730.4000000000001,3.936,160,,3.936,24,2025-06-04 16:49:06,566194821.0,144295829.0
730.4000000000001,,5551.3,730.4000000000001,3.947,160,,3.947,24,2025-06-04 16:49:07,566194542.0,144295371.0
730.4000000000001,,5555.6,730.4000000000001,3.964,160,,3.964,24,2025-06-04 16:49:08,566194145.0,144295033.0
730.4000000000001,,5560.1,730.4000000000001,3.983,160,,3.983,24,2025-06-04 16:49:09,566193747.0,144294675.0
730.4000000000001,,5565.7,730.4000000000001,4.008,161,,4.008,24,2025-06-04 16:49:10,566193309.0,144294278.0
730.4000000000001,,5571.6,730.4000000000001,4.039,161,,4.039,24,2025-06-04 16:49:11,566192892.0,144293880.0
731.4000000000001,,5577.1,731.4000000000001,4.297,161,,4.297,24,2025-06-04 16:49:12,566192295.0,144293601.0
731.4000000000001,,5583.4,731.4000000000001,4.706,161,,4.706,24,2025-06-04 16:49:13,566191639.0,144293303.0
731.4000000000001,,5589.4,731.4000000000001,4.942,162,,4.942,24,2025-06-04 16:49:14,566191122.0,144293184.0
731.4000000000001,,5594.8,731.4000000000001,5.058,162,,5.058,24,2025-06-04 16:49:15,566190526.0,144292985.0
731.4000000000001,,5600.5,731.4000000000001,5.15,161,,5.15,24,2025-06-04 16:49:16,566189989.0,144292766.0
731.4000000000001,,5606.0,731.4000000000001,5.033,161,,5.033,24,2025-06-04 16:49:17,566189472.0,144292548.0
731.4000000000001,,5610.7,731.4000000000001,4.897,161,,4.897,24,2025-06-04 16:49:18,566189034.0,144292210.0
731.4000000000001,,5615.3,731.4000000000001,4.8,161,,4.8,24,2025-06-04 16:49:19,566188497.0,144291951.0
732.2,,5619.1,732.2,4.75,161,,4.75,24,2025-06-04 16:49:20,566188040.0,144291752.0
732.2,,5623.6,732.2,4.711,160,,4.711,24,2025-06-04 16:49:21,566187603.0,144291474.0
732.2,,5628.2,732.2,4.775,160,,4.775,24,2025-06-04 16:49:22,566187165.0,144291116.0
732.2,,5633.2,732.2,4.939,159,,4.939,24,2025-06-04 16:49:23,566186728.0,144290818.0
733.4000000000001,,5638.1,733.4000000000001,5.114,159,,5.114,24,2025-06-04 16:49:24,566186231.0,144290480.0
733.4000000000001,,5644.0,733.4000000000001,5.317,159,,5.317,24,2025-06-04 16:49:25,566185734.0,144290102.0
733.4000000000001,,5649.7,733.4000000000001,5.431,159,,5.431,24,2025-06-04 16:49:26,566185177.0,144289724.0
733.4000000000001,,5655.9,733.4000000000001,5.492,159,,5.492,24,2025-06-04 16:49:27,566184660.0,144289267.0
734.2,,5661.5,734.2,5.486,159,,5.486,24,2025-06-04 16:49:28,566184163.0,144288750.0
734.2,,5667.0,734.2,5.45,159,,5.45,24,2025-06-04 16:49:29,566183626.0,144288233.0
734.2,,5672.3,734.2,5.292,160,,5.292,24,2025-06-04 16:49:30,566183248.0,144287696.0
734.2,,5677.7,734.2,5.136,160,,5.136,24,2025-06-04 16:49:31,566182850.0,144287179.0
735.4000000000001,,5682.8,735.4000000000001,5.103,160,,5.103,24,2025-06-04 16:49:32,566182453.0,144286622.0
735.4000000000001,,5687.2,735.4000000000001,5.139,159,,5.139,24,2025-06-04 16:49:33,566182095.0,144286085.0
735.4000000000001,,5692.6,735.4000000000001,5.169,159,,5.169,24,2025-06-04 16:49:34,566181737.0,144285449.0
735.4000000000001,,5697.7,735.4000000000001,5.244,159,,5.244,24,2025-06-04 16:49:35,566181478.0,144284733.0
735.4000000000001,,5702.6,735.4000000000001,5.297,159,,5.297,24,2025-06-04 16:49:36,566181280.0,144283938.0
735.4000000000001,,5708.1,735.4000000000001,5.339,159,,5.339,24,2025-06-04 16:49:37,566180961.0,144283202.0
735.4000000000001,,5713.5,735.4000000000001,5.35,159,,5.35,24,2025-06-04 16:49:38,566180584.0,144282506.0
735.4000000000001,,5718.3,735.4000000000001,5.336,159,,5.336,24,2025-06-04 16:49:39,566180325.0,144281770.0
735.4000000000001,,5724.3,735.4000000000001,5.292,159,,5.292,24,2025-06-04 16:49:40,566180047.0,144281055.0
735.4000000000001,,5729.4,735.4000000000001,5.228,159,,5.228,24,2025-06-04 16:49:41,566179808.0,144280339.0
735.4000000000001,,5734.3,735.4000000000001,5.097,158,,5.097,24,2025-06-04 16:49:42,566179569.0,144279603.0
735.4000000000001,,5739.2,735.4000000000001,5.014,158,,5.014,24,2025-06-04 16:49:43,566179390.0,144278847.0
735.4000000000001,,5743.8,735.4000000000001,4.95,158,,4.95,24,2025-06-04 16:49:44,566179172.0,144278171.0
735.4000000000001,,5748.1,735.4000000000001,4.931,158,,4.931,24,2025-06-04 16:49:45,566178953.0,144277475.0
735.4000000000001,,5753.3,735.4000000000001,4.953,158,,4.953,24,2025-06-04 16:49:46,566178695.0,144276819.0
735.4000000000001,,5758.2,735.4000000000001,4.978,158,,4.978,24,2025-06-04 16:49:47,566178416.0,144276163.0
735.4000000000001,,5762.7,735.4000000000001,5.036,158,,5.036,24,2025-06-04 16:49:48,566178118.0,144275487.0
735.4000000000001,,5768.1,735.4000000000001,5.064,158,,5.064,24,2025-06-04 16:49:49,566177820.0,144274831.0
736.2,,5773.2,736.2,5.103,158,,5.103,24,2025-06-04 16:49:50,566177502.0,144274195.0
736.2,,5778.6,736.2,5.144,158,,5.144,24,2025-06-04 16:49:51,566177164.0,144273538.0
736.2,,5784.1,736.2,5.194,158,,5.194,24,2025-06-04 16:49:52,566176806.0,144272922.0
736.2,,5789.6,736.2,5.233,158,,5.233,24,2025-06-04 16:49:53,566176408.0,144272306.0
736.2,,5794.6,736.2,5.244,159,,5.244,24,2025-06-04 16:49:54,566176030.0,144271689.0
736.2,,5800.1,736.2,5.244,159,,5.244,24,2025-06-04 16:49:55,566175652.0,144271053.0
737.4000000000001,,5805.4,737.4000000000001,5.267,159,,5.267,24,2025-06-04 16:49:56,566175255.0,144270456.0
737.4000000000001,,5810.0,737.4000000000001,5.269,159,,5.269,24,2025-06-04 16:49:57,566174917.0,144269880.0
737.4000000000001,,5816.1,737.4000000000001,5.269,159,,5.269,24,2025-06-04 16:49:58,566174519.0,144269283.0
737.4000000000001,,5821.4,737.4000000000001,5.297,159,,5.297,24,2025-06-04 16:49:59,566174161.0,144268806.0
738.4000000000001,,5826.4,738.4000000000001,5.3,159,,5.3,24,2025-06-04 16:50:00,566173704.0,144268110.0
738.4000000000001,,5831.2,738.4000000000001,5.272,159,,5.272,24,2025-06-04 16:50:01,566173306.0,144267513.0
738.4000000000001,,5836.8,738.4000000000001,5.275,159,,5.275,24,2025-06-04 16:50:02,566172928.0,144266897.0
738.4000000000001,,5841.7,738.4000000000001,5.253,159,,5.253,24,2025-06-04 16:50:03,566172630.0,144266440.0
737.4000000000001,,5847.5,737.4000000000001,5.231,158,,5.231,24,2025-06-04 16:50:04,566172192.0,144265704.0
737.4000000000001,,5852.6,737.4000000000001,5.225,158,,5.225,24,2025-06-04 16:50:05,566171815.0,144265048.0
737.4000000000001,,5858.1,737.4000000000001,5.219,157,,5.219,24,2025-06-04 16:50:06,566171477.0,144264451.0
737.4000000000001,,5862.9,737.4000000000001,5.208,157,,5.208,24,2025-06-04 16:50:07,566171119.0,144263835.0
738.4000000000001,,5868.1,738.4000000000001,5.222,156,,5.222,24,2025-06-04 16:50:08,566170781.0,144263179.0
738.4000000000001,,5873.0,738.4000000000001,5.233,156,,5.233,24,2025-06-04 16:50:09,566170482.0,144262503.0
739.4000000000001,,5879.2,739.4000000000001,5.233,156,,5.233,24,2025-06-04 16:50:10,566170184.0,144261787.0
739.4000000000001,,5883.8,739.4000000000001,5.236,155,,5.236,24,2025-06-04 16:50:11,566169886.0,144261071.0
739.4000000000001,,5888.5,739.4000000000001,5.231,155,,5.231,24,2025-06-04 16:50:12,566169627.0,144260355.0
739.4000000000001,,5894.2,739.4000000000001,5.214,155,,5.214,24,2025-06-04 16:50:13,566169389.0,144259639.0
739.4000000000001,,5899.3,739.4000000000001,5.203,155,,5.203,24,2025-06-04 16:50:14,566169130.0,144258904.0
739.4000000000001,,5904.2,739.4000000000001,5.189,155,,5.189,24,2025-06-04 16:50:15,566168872.0,144258188.0
739.4000000000001,,5909.5,739.4000000000001,5.169,155,,5.169,24,2025-06-04 16:50:16,566168613.0,144257472.0
739.4000000000001,,5914.5,739.4000000000001,5.161,155,,5.161,24,2025-06-04 16:50:17,566168375.0,144256736.0
740.4000000000001,,5919.2,740.4000000000001,5.186,155,,5.186,24,2025-06-04 16:50:18,566168116.0,144256060.0
740.4000000000001,,5925.2,740.4000000000001,5.256,156,,5.256,24,2025-06-04 16:50:19,566167818.0,144255384.0
740.4000000000001,,5931.0,740.4000000000001,5.383,156,,5.383,24,2025-06-04 16:50:20,566167520.0,144254688.0
740.4000000000001,,5937.0,740.4000000000001,5.567,156,,5.567,24,2025-06-04 16:50:21,566167162.0,144253972.0
741.2,,5943.0,741.2,5.808,157,,5.808,24,2025-06-04 16:50:22,566166764.0,144253217.0
741.2,,5950.6,741.2,6.072,157,,6.072,24,2025-06-04 16:50:23,566166347.0,144252461.0
741.2,,5957.5,741.2,6.339,157,,6.339,24,2025-06-04 16:50:24,566165969.0,144251825.0
741.2,,5966.0,741.2,6.611,157,,6.611,24,2025-06-04 16:50:25,566165332.0,144250870.0
741.2,,5974.3,741.2,6.864,158,,6.864,24,2025-06-04 16:50:26,566164796.0,144250055.0
741.2,,5982.1,741.2,7.097,158,,7.097,24,2025-06-04 16:50:27,566164199.0,144249280.0
741.2,,5990.6,741.2,7.336,158,,7.336,24,2025-06-04 16:50:28,566163583.0,144248504.0
741.2,,6000.2,741.2,7.581,158,,7.581,24,2025-06-04 16:50:29,566162926.0,144247769.0
742.4000000000001,,6009.2,742.4000000000001,7.817,158,,7.817,24,2025-06-04 16:50:30,566162370.0,144247172.0
742.4000000000001,,6019.2,742.4000000000001,8.008,158,,8.008,24,2025-06-04 16:50:31,566161455.0,144246317.0
742.4000000000001,,6027.3,742.4000000000001,8.139,158,,8.139,24,2025-06-04 16:50:32,566160640.0,144245661.0
742.4000000000001,,6035.3,742.4000000000001,8.208,159,,8.208,24,2025-06-04 16:50:33,566159805.0,144245064.0
742.4000000000001,,6044.6,742.4000000000001,8.206,160,,8.206,24,2025-06-04 16:50:34,566159009.0,144244547.0
742.4000000000001,,6052.9,742.4000000000001,8.128,161,,8.128,24,2025-06-04 16:50:35,566158214.0,144244090.0
742.4000000000001,,6060.9,742.4000000000001,8.031,162,,8.031,24,2025-06-04 16:50:36,566157399.0,144243672.0
742.4000000000001,,6069.3,742.4000000000001,7.903,162,,7.903,24,2025-06-04 16:50:37,566156603.0,144243295.0
744.4000000000001,,6075.4,744.4000000000001,7.75,163,,7.75,24,2025-06-04 16:50:38,566155848.0,144242937.0
744.4000000000001,,6081.6,744.4000000000001,7.572,163,,7.572,24,2025-06-04 16:50:39,566155092.0,144242579.0
744.4000000000001,,6088.4,744.4000000000001,7.394,163,,7.394,24,2025-06-04 16:50:40,566154376.0,144242261.0
744.4000000000001,,6094.7,744.4000000000001,7.2,163,,7.2,24,2025-06-04 16:50:41,566153661.0,144241923.0
745.4000000000001,,6100.2,745.4000000000001,7.006,164,,7.006,24,2025-06-04 16:50:42,566152984.0,144241605.0
745.4000000000001,,6106.3,745.4000000000001,6.794,164,,6.794,24,2025-06-04 16:50:43,566152308.0,144241326.0
745.4000000000001,,6111.7,745.4000000000001,6.592,164,,6.592,24,2025-06-04 16:50:44,566151672.0,144241028.0
745.4000000000001,,6116.8,745.4000000000001,6.386,164,,6.386,24,2025-06-04 16:50:45,566151076.0,144240670.0
745.4000000000001,,6122.1,745.4000000000001,6.186,164,,6.186,24,2025-06-04 16:50:46,566150499.0,144240332.0
745.4000000000001,,6127.0,745.4000000000001,6.014,164,,6.014,24,2025-06-04 16:50:47,566149942.0,144239954.0
745.4000000000001,,6131.5,745.4000000000001,5.853,164,,5.853,24,2025-06-04 16:50:48,566149425.0,144239537.0
745.4000000000001,,6136.8,745.4000000000001,5.697,164,,5.697,24,2025-06-04 16:50:49,566148948.0,144239079.0
745.4000000000001,,6141.3,745.4000000000001,5.556,164,,5.556,24,2025-06-04 16:50:50,566148451.0,144238622.0
745.4000000000001,,6145.9,745.4000000000001,5.453,164,,5.453,24,2025-06-04 16:50:51,566147994.0,144238165.0
745.4000000000001,,6150.8,745.4000000000001,5.367,164,,5.367,24,2025-06-04 16:50:52,566147576.0,144237668.0
745.4000000000001,,6155.8,745.4000000000001,5.314,164,,5.314,24,2025-06-04 16:50:53,566147178.0,144237150.0
746.4000000000001,,6160.4,746.4000000000001,5.283,163,,5.283,24,2025-06-04 16:50:54,566146761.0,144236594.0
746.4000000000001,,6165.7,746.4000000000001,5.264,163,,5.264,24,2025-06-04 16:50:55,566146343.0,144236037.0
746.4000000000001,,6170.7,746.4000000000001,5.231,163,,5.231,24,2025-06-04 16:50:56,566145926.0,144235480.0
746.4000000000001,,6175.1,746.4000000000001,5.131,163,,5.131,24,2025-06-04 16:50:57,566145528.0,144234924.0
746.4000000000001,,6180.4,746.4000000000001,5.036,163,,5.036,24,2025-06-04 16:50:58,566145130.0,144234387.0
746.4000000000001,,6185.2,746.4000000000001,4.936,163,,4.936,24,2025-06-04 16:50:59,566144752.0,144233850.0
746.4000000000001,,6189.9,746.4000000000001,4.856,162,,4.856,24,2025-06-04 16:51:00,566144375.0,144233333.0
746.4000000000001,,6194.6,746.4000000000001,4.8,162,,4.8,24,2025-06-04 16:51:01,566143997.0,144232816.0
747.4000000000001,,6199.2,747.4000000000001,4.803,162,,4.803,24,2025-06-04 16:51:02,566143639.0,144232319.0
747.4000000000001,,6203.5,747.4000000000001,4.819,162,,4.819,24,2025-06-04 16:51:03,566143241.0,144231861.0
747.4000000000001,,6208.6,747.4000000000001,4.858,162,,4.858,24,2025-06-04 16:51:04,566142844.0,144231404.0
747.4000000000001,,6213.5,747.4000000000001,4.928,162,,4.928,24,2025-06-04 16:51:05,566142406.0,144230947.0
748.2,,6218.1,748.2,4.989,161,,4.989,24,2025-06-04 16:51:06,566141949.0,144230549.0
748.2,,6223.4,748.2,5.028,161,,5.028,24,2025-06-04 16:51:07,566141491.0,144230171.0
748.2,,6228.6,748.2,5.047,161,,5.047,24,2025-06-04 16:51:08,566140994.0,144229813.0
748.2,,6233.6,748.2,5.092,161,,5.092,24,2025-06-04 16:51:09,566140517.0,144229455.0
748.2,,6239.3,748.2,5.153,161,,5.153,24,2025-06-04 16:51:10,566140020.0,144229117.0
748.2,,6245.1,748.2,5.219,160,,5.219,24,2025-06-04 16:51:11,566139523.0,144228799.0
748.2,,6250.2,748.2,5.286,160,,5.286,24,2025-06-04 16:51:12,566138986.0,144228481.0
748.2,,6256.3,748.2,5.35,160,,5.35,24,2025-06-04 16:51:13,566138429.0,144228123.0
748.2,,6261.7,748.2,5.4,160,,5.4,24,2025-06-04 16:51:14,566137892.0,144227805.0
748.2,,6267.2,748.2,5.394,160,,5.394,24,2025-06-04 16:51:15,566137356.0,144227487.0
749.4000000000001,,6272.5,749.4000000000001,5.358,160,,5.358,24,2025-06-04 16:51:16,566136819.0,144227169.0
749.4000000000001,,6277.9,749.4000000000001,5.25,160,,5.25,24,2025-06-04 16:51:17,566136282.0,144226831.0
749.4000000000001,,6282.7,749.4000000000001,5.122,160,,5.122,24,2025-06-04 16:51:18,566135805.0,144226473.0
749.4000000000001,,6287.6,749.4000000000001,4.989,161,,4.989,24,2025-06-04 16:51:19,566135347.0,144226095.0
749.4000000000001,,6291.7,749.4000000000001,4.925,161,,4.925,24,2025-06-04 16:51:20,566134890.0,144225717.0
749.4000000000001,,6296.4,749.4000000000001,4.897,161,,4.897,24,2025-06-04 16:51:21,566134452.0,144225339.0
750.2,,6300.9,750.2,4.878,161,,4.878,24,2025-06-04 16:51:22,566134114.0,144225001.0
750.2,,6305.9,750.2,4.85,161,,4.85,24,2025-06-04 16:51:23,566133597.0,144224464.0
751.4000000000001,,6309.5,751.4000000000001,4.814,161,,4.814,24,2025-06-04 16:51:24,566133240.0,144224146.0
751.4000000000001,,6314.7,751.4000000000001,4.769,161,,4.769,24,2025-06-04 16:51:25,566132723.0,144223649.0
751.4000000000001,,6319.4,751.4000000000001,4.714,161,,4.714,24,2025-06-04 16:51:26,566132404.0,144223311.0
751.4000000000001,,6323.5,751.4000000000001,4.642,161,,4.642,24,2025-06-04 16:51:27,566131947.0,144222774.0
752.2,,6328.4,752.2,4.575,161,,4.575,24,2025-06-04 16:51:28,566131549.0,144222337.0
752.2,,6333.2,752.2,4.553,161,,4.553,24,2025-06-04 16:51:29,566131152.0,144221919.0
752.2,,6337.0,752.2,4.542,161,,4.542,24,2025-06-04 16:51:30,566130794.0,144221482.0
752.2,,6341.8,752.2,4.533,161,,4.533,24,2025-06-04 16:51:31,566130436.0,144221064.0
753.4000000000001,,6345.0,753.4000000000001,4.531,161,,4.531,24,2025-06-04 16:51:32,566130098.0,144220587.0
753.4000000000001,,6349.5,753.4000000000001,4.519,161,,4.519,24,2025-06-04 16:51:33,566129720.0,144220130.0
753.4000000000001,,6353.7,753.4000000000001,4.517,161,,4.517,24,2025-06-04 16:51:34,566129442.0,144219772.0
753.4000000000001,,6358.0,753.4000000000001,4.506,162,,4.506,24,2025-06-04 16:51:35,566129064.0,144219314.0
754.4000000000001,,6361.8,754.4000000000001,4.497,162,,4.497,24,2025-06-04 16:51:36,566128686.0,144218877.0
754.4000000000001,,6366.4,754.4000000000001,4.478,162,,4.478,24,2025-06-04 16:51:37,566128308.0,144218459.0
755.4000000000001,,6370.7,755.4000000000001,4.461,162,,4.461,24,2025-06-04 16:51:38,566127950.0,144218042.0
755.4000000000001,,6375.3,755.4000000000001,4.444,162,,4.444,25,2025-06-04 16:51:39,566127573.0,144217644.0
755.4000000000001,,6379.8,755.4000000000001,4.425,162,,4.425,25,2025-06-04 16:51:40,566127215.0,144217246.0
755.4000000000001,,6384.0,755.4000000000001,4.406,162,,4.406,25,2025-06-04 16:51:41,566126737.0,144216809.0
755.4000000000001,,6387.7,755.4000000000001,4.389,163,,4.389,25,2025-06-04 16:51:42,566126340.0,144216471.0
755.4000000000001,,6392.6,755.4000000000001,4.372,163,,4.372,25,2025-06-04 16:51:43,566126042.0,144216232.0
755.4000000000001,,6396.7,755.4000000000001,4.347,163,,4.347,25,2025-06-04 16:51:44,566125644.0,144215914.0
755.4000000000001,,6400.8,755.4000000000001,4.322,163,,4.322,25,2025-06-04 16:51:45,566125186.0,144215576.0
755.4000000000001,,6404.8,755.4000000000001,4.292,163,,4.292,25,2025-06-04 16:51:46,566124769.0,144215298.0
755.4000000000001,,6408.4,755.4000000000001,4.261,163,,4.261,25,2025-06-04 16:51:47,566124371.0,144215059.0
756.4000000000001,,6411.8,756.4000000000001,4.192,163,,4.192,25,2025-06-04 16:51:48,566123973.0,144214860.0
756.4000000000001,,6416.1,756.4000000000001,4.136,163,,4.136,25,2025-06-04 16:51:49,566123635.0,144214761.0
756.4000000000001,,6420.5,756.4000000000001,4.097,163,,4.097,25,2025-06-04 16:51:50,566123138.0,144214662.0
756.4000000000001,,6423.9,756.4000000000001,4.067,163,,4.067,25,2025-06-04 16:51:51,566122701.0,144214622.0
757.2,,6427.3,757.2,4.05,163,,4.05,25,2025-06-04 16:51:52,566122283.0,144214562.0
757.2,,6431.4,757.2,4.036,163,,4.036,25,2025-06-04 16:51:53,566121866.0,144214522.0
757.2,,6435.4,757.2,4.025,163,,4.025,25,2025-06-04 16:51:54,566121528.0,144214502.0
757.2,,6439.5,757.2,4.017,163,,4.017,25,2025-06-04 16:51:55,566121031.0,144214522.0
757.2,,6443.8,757.2,4.017,163,,4.017,25,2025-06-04 16:51:56,566120593.0,144214522.0
757.2,,6446.6,757.2,4.003,163,,4.003,25,2025-06-04 16:51:57,566120176.0,144214542.0
758.4000000000001,,6450.5,758.4000000000001,3.986,163,,3.986,25,2025-06-04 16:51:58,566119758.0,144214642.0
758.4000000000001,,6454.3,758.4000000000001,3.972,163,,3.972,25,2025-06-04 16:51:59,566119420.0,144214701.0
758.4000000000001,,6458.3,758.4000000000001,3.961,163,,3.961,25,2025-06-04 16:52:00,566119042.0,144214801.0
758.4000000000001,,6462.2,758.4000000000001,3.953,163,,3.953,25,2025-06-04 16:52:01,566118645.0,144214960.0
758.4000000000001,,6465.7,758.4000000000001,3.953,163,,3.953,25,2025-06-04 16:52:02,566118187.0,144215238.0
758.4000000000001,,6469.2,758.4000000000001,3.953,163,,3.953,25,2025-06-04 16:52:03,566117889.0,144215477.0
758.4000000000001,,6473.1,758.4000000000001,3.953,163,,3.953,25,2025-06-04 16:52:04,566117511.0,144215795.0
758.4000000000001,,6476.9,758.4000000000001,3.953,163,,3.953,25,2025-06-04 16:52:05,566117153.0,144216113.0
759.2,,6481.3,759.2,3.947,162,,3.947,25,2025-06-04 16:52:06,566116815.0,144216431.0
759.2,,6485.7,759.2,3.944,162,,3.944,25,2025-06-04 16:52:07,566116477.0,144216789.0
759.2,,6489.8,759.2,3.944,161,,3.944,25,2025-06-04 16:52:08,566116040.0,144217187.0
759.2,,6493.2,759.2,3.939,161,,3.939,25,2025-06-04 16:52:09,566115741.0,144217565.0
759.2,,6497.1,759.2,3.931,161,,3.931,25,2025-06-04 16:52:10,566115384.0,144217923.0
759.2,,6500.7,759.2,3.922,161,,3.922,25,2025-06-04 16:52:11,566115046.0,144218261.0
760.4000000000001,,6504.5,760.4000000000001,3.914,161,,3.914,25,2025-06-04 16:52:12,566114807.0,144218539.0
760.4000000000001,,6508.1,760.4000000000001,3.9,161,,3.9,25,2025-06-04 16:52:13,566114489.0,144218897.0
760.4000000000001,,6511.6,760.4000000000001,3.883,162,,3.883,25,2025-06-04 16:52:14,566114111.0,144219295.0
760.4000000000001,,6514.6,760.4000000000001,3.853,162,,3.853,25,2025-06-04 16:52:15,566113833.0,144219533.0
761.2,,6518.7,761.2,3.844,162,,3.844,25,2025-06-04 16:52:16,566113515.0,144219831.0
761.2,,6522.0,761.2,3.822,162,,3.822,25,2025-06-04 16:52:17,566113157.0,144220110.0
761.2,,6525.6,761.2,3.808,163,,3.808,25,2025-06-04 16:52:18,566112719.0,144220408.0
761.2,,6529.9,761.2,3.786,163,,3.786,25,2025-06-04 16:52:19,566112401.0,144220587.0
761.2,,6533.0,761.2,3.756,163,,3.756,25,2025-06-04 16:52:20,566112003.0,144220846.0
761.2,,6535.7,761.2,3.717,163,,3.717,25,2025-06-04 16:52:21,566111645.0,144221025.0
761.2,,6539.6,761.2,3.678,163,,3.678,25,2025-06-04 16:52:22,566111367.0,144221144.0
761.2,,6543.1,761.2,3.653,164,,3.653,25,2025-06-04 16:52:23,566111029.0,144221283.0
762.4000000000001,,6546.0,762.4000000000001,3.628,163,,3.628,25,2025-06-04 16:52:24,566110691.0,144221402.0
762.4000000000001,,6548.7,762.4000000000001,3.614,163,,3.614,25,2025-06-04 16:52:25,566110293.0,144221502.0
763.4000000000001,,6552.2,763.4000000000001,3.583,163,,3.583,25,2025-06-04 16:52:26,566109975.0,144221581.0
763.4000000000001,,6554.7,763.4000000000001,3.558,164,,3.558,25,2025-06-04 16:52:27,566109637.0,144221641.0
763.4000000000001,,6558.1,763.4000000000001,3.525,164,,3.525,25,2025-06-04 16:52:28,566109259.0,144221681.0
763.4000000000001,,6561.7,763.4000000000001,3.489,164,,3.489,25,2025-06-04 16:52:29,566108921.0,144221740.0
764.2,,6564.5,764.2,3.408,163,,3.408,25,2025-06-04 16:52:30,566108583.0,144221800.0
764.2,,6568.1,764.2,3.358,163,,3.358,25,2025-06-04 16:52:31,566108245.0,144221860.0
764.2,,6571.4,764.2,3.339,163,,3.339,25,2025-06-04 16:52:32,566107927.0,144221979.0
764.2,,6574.6,764.2,3.328,162,,3.328,25,2025-06-04 16:52:33,566107569.0,144222039.0
764.2,,6577.8,764.2,3.322,162,,3.322,25,2025-06-04 16:52:34,566107152.0,144222118.0
764.2,,6580.9,764.2,3.322,162,,3.322,25,2025-06-04 16:52:35,566106814.0,144222198.0
765.4000000000001,,6584.1,765.4000000000001,3.328,161,,3.328,25,2025-06-04 16:52:36,566106535.0,144222257.0
765.4000000000001,,6587.9,765.4000000000001,3.347,161,,3.347,25,2025-06-04 16:52:37,566106197.0,144222317.0
765.4000000000001,,6591.6,765.4000000000001,3.367,160,,3.367,25,2025-06-04 16:52:38,566105819.0,144222416.0
765.4000000000001,,6595.5,765.4000000000001,3.394,160,,3.394,25,2025-06-04 16:52:39,566105461.0,144222536.0
766.2,,6598.8,766.2,3.394,160,,3.394,25,2025-06-04 16:52:40,566105064.0,144222675.0
766.2,,6601.8,766.2,3.381,159,,3.381,25,2025-06-04 16:52:41,566104626.0,144222814.0
766.2,,6604.8,766.2,3.369,160,,3.369,25,2025-06-04 16:52:42,566104328.0,144222894.0
766.2,,6608.8,766.2,3.356,161,,3.356,25,2025-06-04 16:52:43,566104010.0,144223013.0
767.4000000000001,,6612.2,767.4000000000001,3.336,161,,3.336,25,2025-06-04 16:52:44,566103692.0,144223132.0
767.4000000000001,,6615.1,767.4000000000001,3.325,162,,3.325,25,2025-06-04 16:52:45,566103354.0,144223251.0
767.4000000000001,,6618.9,767.4000000000001,3.317,162,,3.317,25,2025-06-04 16:52:46,566102996.0,144223331.0
767.4000000000001,,6621.8,767.4000000000001,3.303,163,,3.303,25,2025-06-04 16:52:47,566102658.0,144223450.0
768.2,,6624.3,768.2,3.278,163,,3.278,25,2025-06-04 16:52:48,566102260.0,144223590.0
768.2,,6627.2,768.2,3.247,163,,3.247,25,2025-06-04 16:52:49,566101942.0,144223709.0
768.2,,6630.8,768.2,3.219,164,,3.219,25,2025-06-04 16:52:50,566101624.0,144223828.0
768.2,,6633.4,768.2,3.217,164,,3.217,25,2025-06-04 16:52:51,566101405.0,144223908.0
768.2,,6636.7,768.2,3.228,164,,3.228,25,2025-06-04 16:52:52,566101007.0,144224007.0
768.2,,6639.9,768.2,3.239,165,,3.239,25,2025-06-04 16:52:53,566100749.0,144224087.0
768.2,,6643.4,768.2,3.258,165,,3.258,25,2025-06-04 16:52:54,566100411.0,144224186.0
768.2,,6646.4,768.2,3.269,164,,3.269,25,2025-06-04 16:52:55,566100033.0,144224305.0
768.2,,6649.4,768.2,3.269,164,,3.269,25,2025-06-04 16:52:56,566099616.0,144224425.0
768.2,,6652.3,768.2,3.261,164,,3.261,25,2025-06-04 16:52:57,566099258.0,144224484.0
768.2,,6656.2,768.2,3.244,164,,3.244,25,2025-06-04 16:52:58,566098999.0,144224544.0
768.2,,6659.3,768.2,3.222,164,,3.222,25,2025-06-04 16:52:59,566098681.0,144224584.0
770.4000000000001,,6662.6,770.4000000000001,3.2,164,,3.2,25,2025-06-04 16:53:00,566098363.0,144224703.0
770.4000000000001,,6665.4,770.4000000000001,3.175,164,,3.175,25,2025-06-04 16:53:01,566097985.0,144224783.0
770.4000000000001,,6667.8,770.4000000000001,3.158,164,,3.158,25,2025-06-04 16:53:02,566097667.0,144224862.0
770.4000000000001,,6670.3,770.4000000000001,3.144,164,,3.144,25,2025-06-04 16:53:03,566097428.0,144224942.0
770.4000000000001,,6673.5,770.4000000000001,3.139,164,,3.139,25,2025-06-04 16:53:04,566097150.0,144225001.0
770.4000000000001,,6676.4,770.4000000000001,3.122,164,,3.122,25,2025-06-04 16:53:05,566096812.0,144225041.0
771.4000000000001,,6679.0,771.4000000000001,3.1,164,,3.1,25,2025-06-04 16:53:06,566096434.0,144225141.0
771.4000000000001,,6682.1,771.4000000000001,3.081,164,,3.081,25,2025-06-04 16:53:07,566096175.0,144225180.0
772.4000000000001,,6685.2,772.4000000000001,3.069,164,,3.069,25,2025-06-04 16:53:08,566095877.0,144225240.0
772.4000000000001,,6688.1,772.4000000000001,3.056,164,,3.056,25,2025-06-04 16:53:09,566095579.0,144225300.0
772.4000000000001,,6691.1,772.4000000000001,3.047,163,,3.047,25,2025-06-04 16:53:10,566095181.0,144225379.0
772.4000000000001,,6694.3,772.4000000000001,3.039,163,,3.039,25,2025-06-04 16:53:11,566094843.0,144225399.0
773.2,,6696.9,773.2,3.039,163,,3.039,25,2025-06-04 16:53:12,566094605.0,144225479.0
773.2,,6699.8,773.2,3.025,162,,3.025,25,2025-06-04 16:53:13,566094306.0,144225558.0
773.2,,6702.8,773.2,3.011,162,,3.011,25,2025-06-04 16:53:14,566094008.0,144225638.0
773.2,,6705.8,773.2,3.0,162,,3.0,25,2025-06-04 16:53:15,566093670.0,144225717.0
773.2,,6708.8,773.2,2.972,161,,2.972,25,2025-06-04 16:53:16,566093372.0,144225777.0
773.2,,6711.2,773.2,2.95,161,,2.95,25,2025-06-04 16:53:17,566093034.0,144225836.0
774.4000000000001,,6713.8,774.4000000000001,2.947,161,,2.947,25,2025-06-04 16:53:18,566092756.0,144225896.0
774.4000000000001,,6717.2,774.4000000000001,2.936,161,,2.936,25,2025-06-04 16:53:19,566092457.0,144225956.0
774.4000000000001,,6719.9,774.4000000000001,2.903,162,,2.903,25,2025-06-04 16:53:20,566092159.0,144225995.0
774.4000000000001,,6722.2,774.4000000000001,2.869,162,,2.869,25,2025-06-04 16:53:21,566091841.0,144226075.0
774.4000000000001,,6724.8,774.4000000000001,2.836,162,,2.836,25,2025-06-04 16:53:22,566091562.0,144226115.0
774.4000000000001,,6727.4,774.4000000000001,2.803,163,,2.803,25,2025-06-04 16:53:23,566091324.0,144226135.0
775.2,,6729.8,775.2,2.772,163,,2.772,25,2025-06-04 16:53:24,566091045.0,144226194.0
775.2,,6732.3,775.2,2.736,163,,2.736,25,2025-06-04 16:53:25,566090767.0,144226274.0
775.2,,6734.7,775.2,2.689,163,,2.689,25,2025-06-04 16:53:26,566090469.0,144226353.0
775.2,,6736.7,775.2,2.631,162,,2.631,25,2025-06-04 16:53:27,566090230.0,144226413.0
775.2,,6738.9,775.2,2.547,161,,2.547,25,2025-06-04 16:53:28,566089972.0,144226473.0
775.2,,6740.6,775.2,2.469,161,,2.469,25,2025-06-04 16:53:29,566089733.0,144226473.0
776.4000000000001,,6742.4,776.4000000000001,2.386,160,,2.386,25,2025-06-04 16:53:30,566089475.0,144226353.0
776.4000000000001,,6744.4,776.4000000000001,2.308,159,,2.308,25,2025-06-04 16:53:31,566089335.0,144226214.0
776.4000000000001,,6745.9,776.4000000000001,2.247,159,,2.247,25,2025-06-04 16:53:32,566089156.0,144226055.0
776.4000000000001,,6747.4,776.4000000000001,2.2,159,,2.2,25,2025-06-04 16:53:33,566088977.0,144225896.0
776.4000000000001,,6749.6,776.4000000000001,2.181,159,,2.181,25,2025-06-04 16:53:34,566088799.0,144225757.0
776.4000000000001,,6751.5,776.4000000000001,2.183,158,,2.183,25,2025-06-04 16:53:35,566088580.0,144225638.0
776.4000000000001,,6753.6,776.4000000000001,2.2,158,,2.2,25,2025-06-04 16:53:36,566088341.0,144225498.0
776.4000000000001,,6755.8,776.4000000000001,2.211,158,,2.211,25,2025-06-04 16:53:37,566088142.0,144225399.0
776.4000000000001,,6758.0,776.4000000000001,2.217,158,,2.217,25,2025-06-04 16:53:38,566087904.0,144225260.0
776.4000000000001,,6760.0,776.4000000000001,2.206,158,,2.206,25,2025-06-04 16:53:39,566087705.0,144225041.0
776.4000000000001,,6762.4,776.4000000000001,2.183,159,,2.183,25,2025-06-04 16:53:40,566087586.0,144224763.0
776.4000000000001,,6764.3,776.4000000000001,2.15,159,,2.15,25,2025-06-04 16:53:41,566087506.0,144224484.0
777.2,,6765.7,777.2,2.111,159,,2.111,25,2025-06-04 16:53:42,566087387.0,144224166.0
777.2,,6767.2,777.2,2.078,159,,2.078,25,2025-06-04 16:53:43,566087287.0,144223928.0
778.4000000000001,,6769.0,778.4000000000001,2.044,159,,2.044,25,2025-06-04 16:53:44,566087228.0,144223689.0
778.4000000000001,,6770.1,778.4000000000001,2.017,159,,2.017,25,2025-06-04 16:53:45,566087168.0,144223450.0
778.4000000000001,,6771.8,778.4000000000001,1.997,159,,1.997,25,2025-06-04 16:53:46,566087069.0,144223212.0
778.4000000000001,,6773.3,778.4000000000001,1.967,159,,1.967,25,2025-06-04 16:53:47,566087049.0,144223033.0
778.4000000000001,,6774.9,778.4000000000001,1.936,158,,1.936,25,2025-06-04 16:53:48,566086969.0,144222774.0
778.4000000000001,,6776.2,778.4000000000001,1.892,158,,1.892,25,2025-06-04 16:53:49,566086870.0,144222496.0
778.4000000000001,,6777.6,778.4000000000001,1.858,158,,1.858,25,2025-06-04 16:53:50,566086810.0,144222257.0
778.4000000000001,,6779.3,778.4000000000001,1.839,157,,1.839,25,2025-06-04 16:53:51,566086770.0,144221999.0
779.4000000000001,,6781.4,779.4000000000001,1.839,157,,1.839,25,2025-06-04 16:53:52,566086731.0,144221800.0
779.4000000000001,,6783.3,779.4000000000001,1.85,156,,1.85,25,2025-06-04 16:53:53,566086671.0,144221482.0
779.4000000000001,,6785.7,779.4000000000001,1.881,156,,1.881,25,2025-06-04 16:53:54,566086552.0,144221223.0
779.4000000000001,,6787.7,779.4000000000001,1.922,155,,1.922,25,2025-06-04 16:53:55,566086432.0,144220945.0
779.4000000000001,,6790.1,779.4000000000001,1.994,154,,1.994,25,2025-06-04 16:53:56,566086333.0,144220647.0
779.4000000000001,,6793.1,779.4000000000001,2.086,154,,2.086,25,2025-06-04 16:53:57,566086233.0,144220368.0
780.2,,6796.5,780.2,2.192,153,,2.192,25,2025-06-04 16:53:58,566086194.0,144219971.0
780.2,,6800.2,780.2,2.306,152,,2.306,25,2025-06-04 16:53:59,566086154.0,144219434.0
780.2,,6803.5,780.2,2.589,152,,2.589,25,2025-06-04 16:54:00,566086134.0,144218917.0
780.2,,6807.6,780.2,2.819,151,,2.819,25,2025-06-04 16:54:01,566086094.0,144218400.0
780.2,,6811.4,780.2,2.981,151,,2.981,25,2025-06-04 16:54:02,566086035.0,144217883.0
780.2,,6815.3,780.2,3.108,151,,3.108,26,2025-06-04 16:54:03,566085975.0,144217346.0
780.2,,6819.6,780.2,3.186,151,,3.186,26,2025-06-04 16:54:04,566085915.0,144216829.0
780.2,,6823.8,780.2,3.264,151,,3.264,26,2025-06-04 16:54:05,566085876.0,144216312.0
779.4000000000001,,6827.2,779.4000000000001,3.353,150,,3.353,26,2025-06-04 16:54:06,566085836.0,144215755.0
779.4000000000001,,6831.6,779.4000000000001,3.461,150,,3.461,26,2025-06-04 16:54:07,566085796.0,144215159.0
779.4000000000001,,6835.7,779.4000000000001,3.572,150,,3.572,26,2025-06-04 16:54:08,566085756.0,144214562.0
779.4000000000001,,6839.8,779.4000000000001,3.672,149,,3.672,26,2025-06-04 16:54:09,566085657.0,144213946.0
779.4000000000001,,6844.3,779.4000000000001,3.756,149,,3.756,26,2025-06-04 16:54:10,566085538.0,144213309.0
779.4000000000001,,6848.6,779.4000000000001,3.828,149,,3.828,26,2025-06-04 16:54:11,566085378.0,144212693.0
780.2,,6852.9,780.2,3.872,149,,3.872,26,2025-06-04 16:54:12,566085259.0,144212077.0
780.2,,6857.1,780.2,3.889,148,,3.889,26,2025-06-04 16:54:13,566085140.0,144211480.0
780.2,,6861.3,780.2,3.897,148,,3.897,26,2025-06-04 16:54:14,566085001.0,144210864.0
780.2,,6865.0,780.2,3.903,148,,3.903,26,2025-06-04 16:54:15,566084881.0,144210287.0
780.2,,6869.2,780.2,3.897,148,,3.897,26,2025-06-04 16:54:16,566084762.0,144209710.0
780.2,,6872.8,780.2,3.897,148,,3.897,26,2025-06-04 16:54:17,566084663.0,144209114.0
780.2,,6876.6,780.2,3.9,148,,3.9,26,2025-06-04 16:54:18,566084563.0,144208517.0
780.2,,6880.0,780.2,3.908,147,,3.908,26,2025-06-04 16:54:19,566084404.0,144207961.0
780.2,,6884.5,780.2,3.919,147,,3.919,26,2025-06-04 16:54:20,566084265.0,144207384.0
780.2,,6888.2,780.2,3.933,147,,3.933,26,2025-06-04 16:54:21,566084185.0,144206887.0
780.2,,6892.5,780.2,3.953,147,,3.953,26,2025-06-04 16:54:22,566084066.0,144206131.0
780.2,,6896.9,780.2,3.969,146,,3.969,26,2025-06-04 16:54:23,566083967.0,144205495.0
780.2,,6900.9,780.2,3.983,146,,3.983,26,2025-06-04 16:54:24,566083867.0,144204859.0
780.2,,6905.5,780.2,3.997,145,,3.997,26,2025-06-04 16:54:25,566083768.0,144204203.0
780.2,,6910.0,780.2,4.014,145,,4.014,26,2025-06-04 16:54:26,566083688.0,144203546.0
780.2,,6914.4,780.2,4.056,145,,4.056,26,2025-06-04 16:54:27,566083609.0,144202890.0
780.2,,6919.6,780.2,4.103,144,,4.103,26,2025-06-04 16:54:28,566083549.0,144202214.0
780.2,,6923.8,780.2,4.15,143,,4.15,26,2025-06-04 16:54:29,566083529.0,144201518.0
780.2,,6928.1,780.2,4.272,143,,4.272,26,2025-06-04 16:54:30,566083509.0,144200802.0
780.2,,6933.2,780.2,4.383,142,,4.383,26,2025-06-04 16:54:31,566083489.0,144200087.0
780.2,,6938.0,780.2,4.467,142,,4.467,26,2025-06-04 16:54:32,566083470.0,144199371.0
780.2,,6942.8,780.2,4.528,141,,4.528,26,2025-06-04 16:54:33,566083470.0,144198635.0
780.2,,6947.1,780.2,4.569,140,,4.569,26,2025-06-04 16:54:34,566083450.0,144197879.0
780.2,,6952.3,780.2,4.578,140,,4.578,26,2025-06-04 16:54:35,566083450.0,144197144.0
780.2,,6956.5,780.2,4.567,140,,4.567,26,2025-06-04 16:54:36,566083430.0,144196567.0
780.2,,6961.2,780.2,4.55,140,,4.55,26,2025-06-04 16:54:37,566083450.0,144195712.0
780.2,,6965.8,780.2,4.528,140,,4.528,26,2025-06-04 16:54:38,566083470.0,144195016.0
780.2,,6969.8,780.2,4.514,140,,4.514,26,2025-06-04 16:54:39,566083470.0,144194340.0
782.2,,6974.5,782.2,4.503,140,,4.503,26,2025-06-04 16:54:40,566083489.0,144193644.0
782.2,,6978.8,782.2,4.497,140,,4.497,26,2025-06-04 16:54:41,566083529.0,144192968.0
782.2,,6982.9,782.2,4.494,140,,4.494,26,2025-06-04 16:54:42,566083589.0,144192252.0
782.2,,6987.5,782.2,4.494,140,,4.494,26,2025-06-04 16:54:43,566083629.0,144191556.0
782.2,,6991.8,782.2,4.492,140,,4.492,26,2025-06-04 16:54:44,566083708.0,144190860.0
782.2,,6995.9,782.2,4.492,140,,4.492,26,2025-06-04 16:54:45,566083788.0,144190304.0
783.4000000000001,,7000.9,783.4000000000001,4.494,140,,4.494,26,2025-06-04 16:54:46,566083887.0,144189488.0
783.4000000000001,,7005.5,783.4000000000001,4.497,139,,4.497,26,2025-06-04 16:54:47,566083987.0,144188812.0
783.4000000000001,,7010.1,783.4000000000001,4.5,139,,4.5,26,2025-06-04 16:54:48,566084086.0,144188096.0
783.4000000000001,,7014.7,783.4000000000001,4.511,139,,4.511,26,2025-06-04 16:54:49,566084205.0,144187381.0
783.4000000000001,,7019.4,783.4000000000001,4.528,139,,4.528,26,2025-06-04 16:54:50,566084305.0,144186685.0
783.4000000000001,,7023.8,783.4000000000001,4.55,139,,4.55,26,2025-06-04 16:54:51,566084424.0,144185989.0
783.4000000000001,,7028.9,783.4000000000001,4.606,139,,4.606,26,2025-06-04 16:54:52,566084583.0,144185293.0
783.4000000000001,,7033.8,783.4000000000001,4.661,139,,4.661,26,2025-06-04 16:54:53,566084702.0,144184557.0
783.4000000000001,,7038.5,783.4000000000001,4.711,139,,4.711,26,2025-06-04 16:54:54,566084802.0,144183980.0
783.4000000000001,,7043.7,783.4000000000001,4.758,139,,4.758,26,2025-06-04 16:54:55,566084981.0,144183105.0
783.4000000000001,,7048.6,783.4000000000001,4.806,138,,4.806,26,2025-06-04 16:54:56,566085120.0,144182370.0
783.4000000000001,,7053.6,783.4000000000001,4.836,138,,4.836,26,2025-06-04 16:54:57,566085259.0,144181634.0
784.2,,7059.0,784.2,4.883,138,,4.883,26,2025-06-04 16:54:58,566085418.0,144180879.0
784.2,,7064.4,784.2,4.939,137,,4.939,26,2025-06-04 16:54:59,566085538.0,144180123.0
784.2,,7069.4,784.2,5.036,137,,5.036,26,2025-06-04 16:55:00,566085677.0,144179347.0
784.2,,7075.9,784.2,5.144,137,,5.144,26,2025-06-04 16:55:01,566085816.0,144178532.0
784.2,,7081.0,784.2,5.247,137,,5.247,26,2025-06-04 16:55:02,566085995.0,144177737.0
784.2,,7086.7,784.2,5.333,137,,5.333,26,2025-06-04 16:55:03,566086174.0,144176902.0
784.2,,7092.6,784.2,5.403,137,,5.403,26,2025-06-04 16:55:04,566086353.0,144176066.0
784.2,,7098.2,784.2,5.431,138,,5.431,26,2025-06-04 16:55:05,566086532.0,144175231.0
784.2,,7102.9,784.2,5.422,138,,5.422,26,2025-06-04 16:55:06,566086711.0,144174396.0
784.2,,7109.1,784.2,5.406,138,,5.406,26,2025-06-04 16:55:07,566086910.0,144173581.0
783.4000000000001,,7114.6,783.4000000000001,5.406,139,,5.406,26,2025-06-04 16:55:08,566087049.0,144172965.0
783.4000000000001,,7119.0,783.4000000000001,5.394,139,,5.394,26,2025-06-04 16:55:09,566087267.0,144172050.0
783.4000000000001,,7124.7,783.4000000000001,5.419,139,,5.419,26,2025-06-04 16:55:10,566087427.0,144171235.0
783.4000000000001,,7130.8,783.4000000000001,5.469,139,,5.469,26,2025-06-04 16:55:11,566087546.0,144170539.0
783.4000000000001,,7136.2,783.4000000000001,5.522,139,,5.522,26,2025-06-04 16:55:12,566087725.0,144169724.0
783.4000000000001,,7142.0,783.4000000000001,5.533,139,,5.533,26,2025-06-04 16:55:13,566087943.0,144168709.0
784.2,,7147.4,784.2,5.536,139,,5.536,26,2025-06-04 16:55:14,566088122.0,144167854.0
784.2,,7153.2,784.2,5.539,139,,5.539,26,2025-06-04 16:55:15,566088301.0,144166999.0
784.2,,7159.0,784.2,5.522,138,,5.522,26,2025-06-04 16:55:16,566088461.0,144166204.0
784.2,,7164.6,784.2,5.503,138,,5.503,26,2025-06-04 16:55:17,566088640.0,144165409.0
784.2,,7170.6,784.2,5.483,137,,5.483,26,2025-06-04 16:55:18,566088818.0,144164554.0
784.2,,7176.0,784.2,5.483,137,,5.483,26,2025-06-04 16:55:19,566088977.0,144163738.0
784.2,,7180.8,784.2,5.453,137,,5.453,26,2025-06-04 16:55:20,566089137.0,144162903.0
784.2,,7185.5,784.2,5.392,137,,5.392,26,2025-06-04 16:55:21,566089276.0,144162108.0
784.2,,7190.6,784.2,5.236,137,,5.236,26,2025-06-04 16:55:22,566089435.0,144161273.0
784.2,,7195.6,784.2,5.192,137,,5.192,26,2025-06-04 16:55:23,566089614.0,144160497.0
784.2,,7200.4,784.2,5.153,138,,5.153,26,2025-06-04 16:55:24,566089793.0,144159801.0
784.2,,7205.9,784.2,5.139,138,,5.139,26,2025-06-04 16:55:25,566089992.0,144159085.0
784.2,,7210.9,784.2,5.167,139,,5.167,26,2025-06-04 16:55:26,566090151.0,144158270.0
784.2,,7215.8,784.2,5.194,139,,5.194,26,2025-06-04 16:55:27,566090330.0,144157475.0
786.4000000000001,,7220.4,786.4000000000001,5.125,140,,5.125,26,2025-06-04 16:55:28,566090469.0,144156679.0
786.4000000000001,,7225.3,786.4000000000001,4.981,140,,4.981,26,2025-06-04 16:55:29,566090648.0,144155904.0
787.4000000000001,,7229.3,787.4000000000001,4.85,140,,4.85,26,2025-06-04 16:55:30,566090767.0,144155288.0
787.4000000000001,,7234.6,787.4000000000001,4.767,140,,4.767,26,2025-06-04 16:55:31,566090966.0,144154492.0
787.4000000000001,,7239.5,787.4000000000001,4.761,139,,4.761,26,2025-06-04 16:55:32,566091165.0,144153876.0
787.4000000000001,,7244.1,787.4000000000001,4.819,139,,4.819,26,2025-06-04 16:55:33,566091344.0,144153200.0
787.4000000000001,,7249.0,787.4000000000001,4.936,139,,4.936,26,2025-06-04 16:55:34,566091483.0,144152444.0
787.4000000000001,,7254.0,787.4000000000001,5.022,139,,5.022,26,2025-06-04 16:55:35,566091602.0,144151629.0
787.4000000000001,,7258.5,787.4000000000001,5.017,138,,5.017,26,2025-06-04 16:55:36,566091721.0,144150853.0
787.4000000000001,,7263.8,787.4000000000001,4.983,139,,4.983,26,2025-06-04 16:55:37,566091841.0,144150058.0
787.4000000000001,,7268.7,787.4000000000001,4.986,139,,4.986,26,2025-06-04 16:55:38,566091960.0,144149303.0
787.4000000000001,,7273.7,787.4000000000001,4.983,140,,4.983,26,2025-06-04 16:55:39,566092059.0,144148607.0
787.4000000000001,,7279.4,787.4000000000001,5.008,140,,5.008,26,2025-06-04 16:55:40,566092159.0,144147831.0
787.4000000000001,,7284.6,787.4000000000001,5.089,140,,5.089,26,2025-06-04 16:55:41,566092238.0,144147016.0
787.4000000000001,,7289.5,787.4000000000001,5.111,140,,5.111,26,2025-06-04 16:55:42,566092338.0,144146221.0
787.4000000000001,,7294.6,787.4000000000001,5.128,141,,5.128,26,2025-06-04 16:55:43,566092378.0,144145405.0
788.4000000000001,,7299.7,788.4000000000001,5.144,141,,5.144,26,2025-06-04 16:55:44,566092477.0,144144590.0
788.4000000000001,,7304.0,788.4000000000001,5.169,141,,5.169,26,2025-06-04 16:55:45,566092517.0,144143814.0
788.4000000000001,,7310.6,788.4000000000001,5.183,142,,5.183,26,2025-06-04 16:55:46,566092577.0,144142999.0
788.4000000000001,,7315.9,788.4000000000001,5.206,142,,5.206,26,2025-06-04 16:55:47,566092616.0,144142343.0
788.4000000000001,,7321.0,788.4000000000001,5.231,142,,5.231,26,2025-06-04 16:55:48,566092716.0,144141329.0
788.4000000000001,,7326.4,788.4000000000001,5.253,142,,5.253,26,2025-06-04 16:55:49,566092756.0,144140514.0
788.4000000000001,,7331.8,788.4000000000001,5.258,142,,5.258,26,2025-06-04 16:55:50,566092795.0,144139698.0
788.4000000000001,,7336.8,788.4000000000001,5.264,143,,5.264,26,2025-06-04 16:55:51,566092815.0,144138863.0
788.4000000000001,,7342.5,788.4000000000001,5.275,143,,5.275,26,2025-06-04 16:55:52,566092835.0,144138028.0
788.4000000000001,,7347.8,788.4000000000001,5.267,143,,5.267,26,2025-06-04 16:55:53,566092855.0,144137193.0
788.4000000000001,,7352.5,788.4000000000001,5.258,144,,5.258,26,2025-06-04 16:55:54,566092875.0,144136378.0
788.4000000000001,,7358.1,788.4000000000001,5.253,144,,5.253,26,2025-06-04 16:55:55,566092895.0,144135543.0
789.2,,7363.3,789.2,5.239,144,,5.239,26,2025-06-04 16:55:56,566092895.0,144134906.0
789.2,,7368.4,789.2,5.231,144,,5.231,26,2025-06-04 16:55:57,566092915.0,144133912.0
789.2,,7373.6,789.2,5.242,144,,5.242,26,2025-06-04 16:55:58,566092934.0,144133077.0
789.2,,7379.0,789.2,5.25,143,,5.25,26,2025-06-04 16:55:59,566092934.0,144132282.0
789.2,,7383.8,789.2,5.242,143,,5.242,26,2025-06-04 16:56:00,566092915.0,144131447.0
789.2,,7389.5,789.2,5.242,143,,5.242,26,2025-06-04 16:56:01,566092915.0,144130611.0
789.2,,7394.6,789.2,5.236,143,,5.236,26,2025-06-04 16:56:02,566092895.0,144129776.0
789.2,,7400.3,789.2,5.231,143,,5.231,26,2025-06-04 16:56:03,566092895.0,144128981.0
790.4000000000001,,7405.2,790.4000000000001,5.231,143,,5.231,26,2025-06-04 16:56:04,566092895.0,144128166.0
790.4000000000001,,7410.5,790.4000000000001,5.269,144,,5.269,26,2025-06-04 16:56:05,566092895.0,144127350.0
790.4000000000001,,7415.7,790.4000000000001,5.283,144,,5.283,26,2025-06-04 16:56:06,566092895.0,144126515.0
790.4000000000001,,7421.2,790.4000000000001,5.294,144,,5.294,26,2025-06-04 16:56:07,566092915.0,144125660.0
790.4000000000001,,7426.4,790.4000000000001,5.294,145,,5.294,26,2025-06-04 16:56:08,566092915.0,144124785.0
790.4000000000001,,7431.4,790.4000000000001,5.264,145,,5.264,26,2025-06-04 16:56:09,566092915.0,144123990.0
790.4000000000001,,7436.6,790.4000000000001,5.131,145,,5.131,26,2025-06-04 16:56:10,566092915.0,144123175.0
790.4000000000001,,7441.4,790.4000000000001,5.061,145,,5.061,26,2025-06-04 16:56:11,566092895.0,144122360.0
790.4000000000001,,7446.4,790.4000000000001,5.006,145,,5.006,26,2025-06-04 16:56:12,566092915.0,144121584.0
790.4000000000001,,7451.3,790.4000000000001,4.953,145,,4.953,26,2025-06-04 16:56:13,566092915.0,144120828.0
791.2,,7456.0,791.2,4.9,145,,4.9,26,2025-06-04 16:56:14,566092934.0,144120053.0
791.2,,7460.0,791.2,4.856,145,,4.856,26,2025-06-04 16:56:15,566092915.0,144119277.0
791.2,,7465.0,791.2,4.806,145,,4.806,26,2025-06-04 16:56:16,566092895.0,144118502.0
791.2,,7469.5,791.2,4.742,145,,4.742,26,2025-06-04 16:56:17,566092895.0,144117766.0
791.2,,7473.5,791.2,4.675,145,,4.675,26,2025-06-04 16:56:18,566092915.0,144117051.0
791.2,,7478.4,791.2,4.642,145,,4.642,26,2025-06-04 16:56:19,566092915.0,144116315.0
792.4000000000001,,7483.0,792.4000000000001,4.628,145,,4.628,26,2025-06-04 16:56:20,566092915.0,144115599.0
792.4000000000001,,7487.4,792.4000000000001,4.594,145,,4.594,26,2025-06-04 16:56:21,566092915.0,144114883.0
792.4000000000001,,7491.7,792.4000000000001,4.586,144,,4.586,26,2025-06-04 16:56:22,566092895.0,144114147.0
792.4000000000001,,7496.1,792.4000000000001,4.581,144,,4.581,26,2025-06-04 16:56:23,566092895.0,144113432.0
792.4000000000001,,7500.2,792.4000000000001,4.575,143,,4.575,26,2025-06-04 16:56:24,566092875.0,144112736.0
792.4000000000001,,7505.1,792.4000000000001,4.575,142,,4.575,26,2025-06-04 16:56:25,566092855.0,144112020.0
792.4000000000001,,7509.6,792.4000000000001,4.575,142,,4.575,26,2025-06-04 16:56:26,566092835.0,144111304.0
793.2,,7514.1,793.2,4.581,142,,4.581,26,2025-06-04 16:56:27,566092775.0,144110608.0
793.2,,7518.7,793.2,4.578,142,,4.578,26,2025-06-04 16:56:28,566092736.0,144109872.0
793.2,,7523.2,793.2,4.575,142,,4.575,26,2025-06-04 16:56:29,566092716.0,144109156.0
793.2,,7527.3,793.2,4.569,142,,4.569,26,2025-06-04 16:56:30,566092656.0,144108441.0
793.2,,7532.2,793.2,4.569,142,,4.569,26,2025-06-04 16:56:31,566092596.0,144107745.0
793.2,,7537.0,793.2,4.581,142,,4.581,26,2025-06-04 16:56:32,566092497.0,144107049.0
793.2,,7541.3,793.2,4.6,142,,4.6,26,2025-06-04 16:56:33,566092417.0,144106353.0
793.2,,7546.6,793.2,4.625,142,,4.625,26,2025-06-04 16:56:34,566092318.0,144105597.0
793.2,,7551.4,793.2,4.656,142,,4.656,26,2025-06-04 16:56:35,566092238.0,144104862.0
793.2,,7556.2,793.2,4.681,142,,4.681,26,2025-06-04 16:56:36,566092119.0,144104106.0
794.4000000000001,,7561.4,794.4000000000001,4.7,142,,4.7,26,2025-06-04 16:56:37,566092059.0,144103330.0
794.4000000000001,,7566.3,794.4000000000001,4.711,143,,4.711,26,2025-06-04 16:56:38,566092020.0,144102555.0
794.4000000000001,,7570.7,794.4000000000001,4.711,143,,4.711,26,2025-06-04 16:56:39,566092000.0,144101780.0
794.4000000000001,,7575.8,794.4000000000001,4.7,144,,4.7,26,2025-06-04 16:56:40,566091980.0,144101044.0
794.4000000000001,,7580.0,794.4000000000001,4.686,144,,4.686,26,2025-06-04 16:56:41,566091960.0,144100328.0
794.4000000000001,,7584.2,794.4000000000001,4.664,145,,4.664,26,2025-06-04 16:56:42,566091980.0,144099652.0
795.4000000000001,,7588.4,795.4000000000001,4.642,145,,4.642,26,2025-06-04 16:56:43,566092000.0,144098996.0
795.4000000000001,,7592.1,795.4000000000001,4.614,146,,4.614,26,2025-06-04 16:56:44,566092020.0,144098320.0
796.2,,7595.5,796.2,4.586,146,,4.586,26,2025-06-04 16:56:45,566092079.0,144097683.0
796.2,,7599.3,796.2,4.517,146,,4.517,26,2025-06-04 16:56:46,566092159.0,144097067.0
796.2,,7603.0,796.2,4.453,146,,4.453,26,2025-06-04 16:56:47,566092199.0,144096451.0
796.2,,7606.2,796.2,4.397,146,,4.397,26,2025-06-04 16:56:48,566092278.0,144095854.0
797.4000000000001,,7610.3,797.4000000000001,4.347,147,,4.347,26,2025-06-04 16:56:49,566092358.0,144095257.0
797.4000000000001,,7614.0,797.4000000000001,4.208,147,,4.208,26,2025-06-04 16:56:50,566092437.0,144094661.0
797.4000000000001,,7617.5,797.4000000000001,4.111,147,,4.111,26,2025-06-04 16:56:51,566092557.0,144094064.0
797.4000000000001,,7621.3,797.4000000000001,4.031,147,,4.031,26,2025-06-04 16:56:52,566092676.0,144093488.0
798.2,,7625.0,798.2,3.944,147,,3.944,26,2025-06-04 16:56:53,566092756.0,144092891.0
798.2,,7628.1,798.2,3.858,148,,3.858,26,2025-06-04 16:56:54,566092835.0,144092295.0
798.2,,7631.9,798.2,3.8,148,,3.8,26,2025-06-04 16:56:55,566092934.0,144091738.0
798.2,,7635.2,798.2,3.728,148,,3.728,26,2025-06-04 16:56:56,566093014.0,144091201.0
799.4000000000001,,7638.5,799.4000000000001,3.661,148,,3.661,26,2025-06-04 16:56:57,566093094.0,144090684.0
799.4000000000001,,7641.7,799.4000000000001,3.606,149,,3.606,26,2025-06-04 16:56:58,566093173.0,144090167.0
799.4000000000001,,7644.9,799.4000000000001,3.558,149,,3.558,26,2025-06-04 16:56:59,566093272.0,144089670.0
799.4000000000001,,7647.8,799.4000000000001,3.531,149,,3.531,26,2025-06-04 16:57:00,566093372.0,144089153.0
800.2,,7651.4,800.2,3.517,149,,3.517,26,2025-06-04 16:57:01,566093471.0,144088636.0
800.2,,7654.7,800.2,3.506,149,,3.506,26,2025-06-04 16:57:02,566093571.0,144088139.0
800.2,,7657.7,800.2,3.486,150,,3.486,26,2025-06-04 16:57:03,566093670.0,144087582.0
800.2,,7661.3,800.2,3.464,150,,3.464,26,2025-06-04 16:57:04,566093770.0,144087065.0
801.4000000000001,,7664.3,801.4000000000001,3.431,150,,3.431,26,2025-06-04 16:57:05,566093849.0,144086548.0
801.4000000000001,,7667.0,801.4000000000001,3.392,151,,3.392,26,2025-06-04 16:57:06,566093949.0,144086071.0
801.4000000000001,,7670.3,801.4000000000001,3.344,151,,3.344,26,2025-06-04 16:57:07,566094008.0,144085614.0
801.4000000000001,,7673.0,801.4000000000001,3.297,150,,3.297,26,2025-06-04 16:57:08,566094068.0,144085236.0
801.4000000000001,,7675.4,801.4000000000001,3.256,150,,3.256,26,2025-06-04 16:57:09,566094128.0,144084699.0
801.4000000000001,,7678.1,801.4000000000001,3.219,150,,3.219,26,2025-06-04 16:57:10,566094187.0,144084281.0
802.4000000000001,,7680.7,802.4000000000001,3.194,150,,3.194,26,2025-06-04 16:57:11,566094247.0,144083864.0
802.4000000000001,,7683.4,802.4000000000001,3.169,150,,3.169,26,2025-06-04 16:57:12,566094287.0,144083426.0
802.4000000000001,,7686.2,802.4000000000001,3.147,151,,3.147,26,2025-06-04 16:57:13,566094366.0,144082989.0
802.4000000000001,,7689.0,802.4000000000001,3.106,152,,3.106,26,2025-06-04 16:57:14,566094466.0,144082532.0
802.4000000000001,,7691.7,802.4000000000001,3.069,153,,3.069,26,2025-06-04 16:57:15,566094565.0,144082094.0
802.4000000000001,,7694.6,802.4000000000001,3.039,153,,3.039,26,2025-06-04 16:57:16,566094625.0,144081657.0
802.4000000000001,,7697.4,802.4000000000001,3.008,154,,3.008,26,2025-06-04 16:57:17,566094704.0,144081239.0
802.4000000000001,,7700.1,802.4000000000001,2.994,154,,2.994,26,2025-06-04 16:57:18,566094764.0,144080802.0
802.4000000000001,,7703.0,802.4000000000001,2.994,154,,2.994,26,2025-06-04 16:57:19,566094843.0,144080364.0
802.4000000000001,,7706.4,802.4000000000001,3.006,154,,3.006,26,2025-06-04 16:57:20,566094903.0,144079927.0
805.2,,7709.5,805.2,3.025,155,,3.025,26,2025-06-04 16:57:21,566094982.0,144079549.0
805.2,,7713.0,805.2,3.056,155,,3.056,26,2025-06-04 16:57:22,566095062.0,144078952.0
806.4000000000001,,7716.6,806.4000000000001,3.083,155,,3.083,26,2025-06-04 16:57:23,566095142.0,144078436.0
806.4000000000001,,7719.9,806.4000000000001,3.108,155,,3.108,26,2025-06-04 16:57:24,566095221.0,144077899.0
806.4000000000001,,7723.8,806.4000000000001,3.122,156,,3.122,26,2025-06-04 16:57:25,566095321.0,144077382.0
806.4000000000001,,7727.2,806.4000000000001,3.131,156,,3.131,26,2025-06-04 16:57:26,566095400.0,144076845.0
806.4000000000001,,7730.7,806.4000000000001,3.136,157,,3.136,26,2025-06-04 16:57:27,566095480.0,144076328.0
806.4000000000001,,7734.3,806.4000000000001,3.136,157,,3.136,26,2025-06-04 16:57:28,566095539.0,144075870.0
807.2,,7737.2,807.2,3.136,156,,3.136,26,2025-06-04 16:57:29,566095599.0,144075373.0
807.2,,7740.0,807.2,3.139,156,,3.139,26,2025-06-04 16:57:30,566095659.0,144074896.0
807.2,,7743.4,807.2,3.142,155,,3.142,26,2025-06-04 16:57:31,566095738.0,144074419.0
807.2,,7746.5,807.2,3.142,154,,3.142,26,2025-06-04 16:57:32,566095818.0,144073942.0
808.4000000000001,,7749.2,808.4000000000001,3.147,153,,3.147,26,2025-06-04 16:57:33,566095897.0,144073425.0
808.4000000000001,,7752.5,808.4000000000001,3.153,155,,3.153,26,2025-06-04 16:57:34,566095977.0,144072928.0
808.4000000000001,,7755.9,808.4000000000001,3.153,156,,3.153,26,2025-06-04 16:57:35,566096036.0,144072450.0
808.4000000000001,,7758.9,808.4000000000001,3.153,157,,3.153,26,2025-06-04 16:57:36,566096076.0,144071953.0
808.4000000000001,,7762.2,808.4000000000001,3.158,158,,3.158,26,2025-06-04 16:57:37,566096175.0,144071456.0
808.4000000000001,,7765.5,808.4000000000001,3.158,159,,3.158,26,2025-06-04 16:57:38,566096255.0,144070979.0
808.4000000000001,,7768.4,808.4000000000001,3.164,159,,3.164,26,2025-06-04 16:57:39,566096354.0,144070502.0
808.4000000000001,,7772.0,808.4000000000001,3.172,160,,3.172,26,2025-06-04 16:57:40,566096414.0,144070005.0
808.4000000000001,,7775.3,808.4000000000001,3.178,161,,3.178,26,2025-06-04 16:57:41,566096474.0,144069508.0
808.4000000000001,,7778.5,808.4000000000001,3.178,161,,3.178,26,2025-06-04 16:57:42,566096514.0,144068951.0
809.2,,7781.5,809.2,3.178,162,,3.178,26,2025-06-04 16:57:43,566096573.0,144068434.0
809.2,,7784.6,809.2,3.172,162,,3.172,26,2025-06-04 16:57:44,566096653.0,144067976.0
809.2,,7787.4,809.2,3.164,162,,3.164,26,2025-06-04 16:57:45,566096732.0,144067539.0
809.2,,7790.7,809.2,3.158,163,,3.158,26,2025-06-04 16:57:46,566096832.0,144067082.0
810.4000000000001,,7793.8,810.4000000000001,3.158,163,,3.158,26,2025-06-04 16:57:47,566096931.0,144066644.0
810.4000000000001,,7796.8,810.4000000000001,3.158,163,,3.158,26,2025-06-04 16:57:48,566097031.0,144066167.0
810.4000000000001,,7799.9,810.4000000000001,3.158,164,,3.158,26,2025-06-04 16:57:49,566097110.0,144065670.0
810.4000000000001,,7803.0,810.4000000000001,3.167,164,,3.167,26,2025-06-04 16:57:50,566097190.0,144065173.0
810.4000000000001,,7806.2,810.4000000000001,3.169,165,,3.169,26,2025-06-04 16:57:51,566097249.0,144064676.0
810.4000000000001,,7809.7,810.4000000000001,3.175,165,,3.175,26,2025-06-04 16:57:52,566097329.0,144064179.0
810.4000000000001,,7813.1,810.4000000000001,3.175,166,,3.175,26,2025-06-04 16:57:53,566097408.0,144063681.0
810.4000000000001,,7816.3,810.4000000000001,3.183,166,,3.183,26,2025-06-04 16:57:54,566097468.0,144063184.0
810.4000000000001,,7819.9,810.4000000000001,3.192,166,,3.192,26,2025-06-04 16:57:55,566097528.0,144062667.0
810.4000000000001,,7823.2,810.4000000000001,3.206,167,,3.206,26,2025-06-04 16:57:56,566097607.0,144062170.0
812.4000000000001,,7826.5,812.4000000000001,3.214,167,,3.214,26,2025-06-04 16:57:57,566097667.0,144061634.0
812.4000000000001,,7829.9,812.4000000000001,3.225,167,,3.225,26,2025-06-04 16:57:58,566097726.0,144061116.0
812.4000000000001,,7833.4,812.4000000000001,3.269,167,,3.269,26,2025-06-04 16:57:59,566097766.0,144060619.0
812.4000000000001,,7836.6,812.4000000000001,3.331,167,,3.331,26,2025-06-04 16:58:00,566097826.0,144060102.0
813.4000000000001,,7840.6,813.4000000000001,3.419,167,,3.419,26,2025-06-04 16:58:01,566097886.0,144059565.0
813.4000000000001,,7844.5,813.4000000000001,3.547,167,,3.547,26,2025-06-04 16:58:02,566097985.0,144059029.0
814.2,,7848.0,814.2,3.628,166,,3.628,26,2025-06-04 16:58:03,566098084.0,144058452.0
814.2,,7852.9,814.2,4.297,167,,4.297,26,2025-06-04 16:58:04,566098164.0,144057836.0
815.4000000000001,,7858.2,815.4000000000001,4.528,167,,4.528,26,2025-06-04 16:58:05,566098204.0,144057279.0
815.4000000000001,,7863.0,815.4000000000001,4.603,167,,4.603,26,2025-06-04 16:58:06,566098283.0,144056563.0
815.4000000000001,,7868.3,815.4000000000001,4.678,167,,4.678,26,2025-06-04 16:58:07,566098343.0,144055688.0
815.4000000000001,,7873.5,815.4000000000001,4.761,167,,4.761,26,2025-06-04 16:58:08,566098403.0,144054972.0
815.4000000000001,,7878.6,815.4000000000001,4.783,167,,4.783,26,2025-06-04 16:58:09,566098442.0,144054217.0
815.4000000000001,,7884.6,815.4000000000001,4.828,168,,4.828,26,2025-06-04 16:58:10,566098482.0,144053461.0
817.4000000000001,,7890.1,817.4000000000001,4.878,168,,4.878,26,2025-06-04 16:58:11,566098502.0,144052666.0
817.4000000000001,,7895.9,817.4000000000001,4.933,169,,4.933,26,2025-06-04 16:58:12,566098522.0,144051870.0
817.4000000000001,,7901.4,817.4000000000001,5.014,169,,5.014,26,2025-06-04 16:58:13,566098562.0,144051055.0
817.4000000000001,,7906.4,817.4000000000001,5.111,170,,5.111,26,2025-06-04 16:58:14,566098621.0,144050240.0
818.4000000000001,,7911.9,818.4000000000001,5.197,170,,5.197,26,2025-06-04 16:58:15,566098621.0,144049425.0
818.4000000000001,,7917.8,818.4000000000001,5.281,170,,5.281,26,2025-06-04 16:58:16,566098641.0,144048589.0
819.4000000000001,,7923.0,819.4000000000001,5.342,170,,5.342,26,2025-06-04 16:58:17,566098681.0,144047695.0
819.4000000000001,,7928.5,819.4000000000001,5.4,171,,5.4,26,2025-06-04 16:58:18,566098701.0,144046820.0
819.4000000000001,,7934.7,819.4000000000001,5.464,171,,5.464,26,2025-06-04 16:58:19,566098721.0,144046124.0
819.4000000000001,,7940.7,819.4000000000001,5.547,173,,5.547,26,2025-06-04 16:58:20,566098721.0,144045130.0
820.4000000000001,,7946.8,820.4000000000001,5.658,173,,5.658,26,2025-06-04 16:58:21,566098681.0,144044255.0
820.4000000000001,,7953.4,820.4000000000001,5.803,174,,5.803,26,2025-06-04 16:58:22,566098661.0,144043300.0
820.4000000000001,,7960.0,820.4000000000001,5.939,174,,5.939,26,2025-06-04 16:58:23,566098641.0,144042326.0
820.4000000000001,,7965.7,820.4000000000001,6.006,174,,6.006,26,2025-06-04 16:58:24,566098621.0,144041312.0
820.4000000000001,,7972.3,820.4000000000001,5.992,175,,5.992,26,2025-06-04 16:58:25,566098621.0,144040318.0
820.4000000000001,,7978.6,820.4000000000001,5.883,175,,5.883,26,2025-06-04 16:58:26,566098582.0,144039343.0
820.4000000000001,,7983.3,820.4000000000001,5.486,175,,5.486,26,2025-06-04 16:58:27,566098562.0,144038468.0
820.4000000000001,,7988.0,820.4000000000001,5.039,176,,5.039,26,2025-06-04 16:58:28,566098562.0,144037653.0
822.4000000000001,,7991.9,822.4000000000001,4.631,176,,4.631,26,2025-06-04 16:58:29,566098542.0,144036898.0
822.4000000000001,,7995.1,822.4000000000001,4.225,176,,4.225,26,2025-06-04 16:58:30,566098542.0,144036222.0
822.4000000000001,,7997.8,822.4000000000001,3.883,176,,3.883,26,2025-06-04 16:58:31,566098542.0,144035625.0
822.4000000000001,,8000.4,822.4000000000001,3.814,176,,3.814,26,2025-06-04 16:58:32,566098502.0,144035048.0
822.4000000000001,,8002.1,822.4000000000001,3.617,177,,3.617,26,2025-06-04 16:58:33,566098502.0,144034551.0
822.4000000000001,,8004.6,822.4000000000001,3.447,178,,3.447,26,2025-06-04 16:58:34,566098462.0,144034034.0
822.4000000000001,,8006.9,822.4000000000001,3.339,178,,3.339,26,2025-06-04 16:58:35,566098462.0,144033557.0
822.4000000000001,,8009.2,822.4000000000001,3.267,178,,3.267,26,2025-06-04 16:58:36,566098482.0,144033080.0
822.4000000000001,,8011.9,822.4000000000001,3.236,178,,3.236,26,2025-06-04 16:58:37,566098502.0,144032603.0
822.4000000000001,,8014.8,822.4000000000001,3.239,178,,3.239,26,2025-06-04 16:58:38,566098502.0,144032106.0
822.4000000000001,,8017.7,822.4000000000001,3.278,177,,3.278,26,2025-06-04 16:58:39,566098502.0,144031589.0
822.4000000000001,,8021.5,822.4000000000001,3.339,177,,3.339,26,2025-06-04 16:58:40,566098482.0,144031072.0
822.4000000000001,,8025.2,822.4000000000001,3.417,176,,3.417,26,2025-06-04 16:58:41,566098462.0,144030535.0
822.4000000000001,,8028.9,822.4000000000001,3.506,176,,3.506,26,2025-06-04 16:58:42,566098442.0,144029958.0
823.2,,8033.1,823.2,3.594,176,,3.594,26,2025-06-04 16:58:43,566098422.0,144029362.0
823.2,,8037.4,823.2,3.667,175,,3.667,26,2025-06-04 16:58:44,566098403.0,144028745.0
823.2,,8041.4,823.2,3.694,175,,3.694,26,2025-06-04 16:58:45,566098363.0,144028129.0
823.2,,8045.7,823.2,3.717,175,,3.717,26,2025-06-04 16:58:46,566098303.0,144027512.0
823.2,,8050.0,823.2,3.747,175,,3.747,26,2025-06-04 16:58:47,566098244.0,144026916.0
823.2,,8054.0,823.2,3.833,175,,3.833,26,2025-06-04 16:58:48,566098164.0,144026299.0
824.4000000000001,,8058.6,824.4000000000001,3.919,174,,3.919,26,2025-06-04 16:58:49,566098124.0,144025683.0
824.4000000000001,,8062.9,824.4000000000001,4.003,173,,4.003,26,2025-06-04 16:58:50,566098065.0,144025047.0
824.4000000000001,,8067.3,824.4000000000001,4.081,173,,4.081,26,2025-06-04 16:58:51,566097965.0,144024391.0
824.4000000000001,,8071.7,824.4000000000001,4.169,173,,4.169,25,2025-06-04 16:58:52,566097866.0,144023734.0
824.4000000000001,,8076.3,824.4000000000001,4.225,172,,4.225,25,2025-06-04 16:58:53,566097766.0,144023058.0
824.4000000000001,,8080.8,824.4000000000001,4.292,172,,4.292,25,2025-06-04 16:58:54,566097687.0,144022402.0
824.4000000000001,,8086.0,824.4000000000001,4.358,172,,4.358,25,2025-06-04 16:58:55,566097587.0,144021686.0
824.4000000000001,,8090.9,824.4000000000001,4.431,171,,4.431,25,2025-06-04 16:58:56,566097488.0,144020970.0
824.4000000000001,,8095.5,824.4000000000001,4.492,171,,4.492,25,2025-06-04 16:58:57,566097369.0,144020235.0
824.4000000000001,,8100.7,824.4000000000001,4.544,170,,4.544,25,2025-06-04 16:58:58,566097229.0,144019519.0
824.4000000000001,,8105.6,824.4000000000001,4.572,170,,4.572,25,2025-06-04 16:58:59,566097090.0,144018803.0
824.4000000000001,,8110.2,824.4000000000001,4.581,170,,4.581,25,2025-06-04 16:59:00,566096951.0,144018087.0
824.4000000000001,,8115.0,824.4000000000001,4.581,170,,4.581,25,2025-06-04 16:59:01,566096812.0,144017371.0
824.4000000000001,,8119.7,824.4000000000001,4.578,169,,4.578,25,2025-06-04 16:59:02,566096653.0,144016715.0
824.4000000000001,,8123.9,824.4000000000001,4.572,169,,4.572,25,2025-06-04 16:59:03,566096514.0,144016059.0
824.4000000000001,,8128.8,824.4000000000001,4.578,169,,4.578,25,2025-06-04 16:59:04,566096354.0,144015383.0
824.4000000000001,,8133.3,824.4000000000001,4.6,169,,4.6,25,2025-06-04 16:59:05,566096195.0,144014687.0
824.4000000000001,,8138.1,824.4000000000001,4.622,168,,4.622,25,2025-06-04 16:59:06,566096036.0,144013991.0
824.4000000000001,,8142.9,824.4000000000001,4.65,168,,4.65,25,2025-06-04 16:59:07,566095838.0,144013295.0
824.4000000000001,,8147.9,824.4000000000001,4.681,167,,4.681,25,2025-06-04 16:59:08,566095639.0,144012579.0
824.4000000000001,,8152.8,824.4000000000001,4.714,167,,4.714,25,2025-06-04 16:59:09,566095460.0,144011864.0
824.4000000000001,,8158.4,824.4000000000001,4.744,166,,4.744,25,2025-06-04 16:59:10,566095241.0,144011128.0
824.4000000000001,,8163.9,824.4000000000001,4.883,165,,4.883,25,2025-06-04 16:59:11,566095042.0,144010392.0
824.4000000000001,,8169.0,824.4000000000001,4.992,165,,4.992,25,2025-06-04 16:59:12,566094863.0,144009617.0
824.4000000000001,,8174.9,824.4000000000001,5.086,164,,5.086,25,2025-06-04 16:59:13,566094664.0,144008841.0
824.4000000000001,,8180.4,824.4000000000001,5.175,163,,5.175,25,2025-06-04 16:59:14,566094485.0,144008046.0
825.2,,8185.8,825.2,5.258,163,,5.258,25,2025-06-04 16:59:15,566094267.0,144007270.0
825.2,,8191.8,825.2,5.35,163,,5.35,25,2025-06-04 16:59:16,566094088.0,144006475.0
825.2,,8197.8,825.2,5.447,163,,5.447,25,2025-06-04 16:59:17,566093869.0,144005660.0
825.2,,8203.4,825.2,5.553,163,,5.553,25,2025-06-04 16:59:18,566093630.0,144004844.0
825.2,,8209.9,825.2,5.647,162,,5.647,25,2025-06-04 16:59:19,566093392.0,144003989.0
825.2,,8215.9,825.2,5.728,162,,5.728,25,2025-06-04 16:59:20,566093153.0,144003134.0
825.2,,8221.9,825.2,5.786,162,,5.786,25,2025-06-04 16:59:21,566092895.0,144002279.0
825.2,,8228.1,825.2,5.831,162,,5.831,25,2025-06-04 16:59:22,566092656.0,144001424.0
825.2,,8234.4,825.2,5.847,162,,5.847,25,2025-06-04 16:59:23,566092398.0,144000569.0
825.2,,8239.9,825.2,5.856,161,,5.856,25,2025-06-04 16:59:24,566092159.0,143999714.0
825.2,,8246.2,825.2,5.847,161,,5.847,25,2025-06-04 16:59:25,566091881.0,143998879.0
825.2,,8252.1,825.2,5.839,160,,5.839,25,2025-06-04 16:59:26,566091642.0,143998044.0
825.2,,8257.4,825.2,5.819,159,,5.819,25,2025-06-04 16:59:27,566091403.0,143997209.0
825.2,,8263.4,825.2,5.786,159,,5.786,25,2025-06-04 16:59:28,566091165.0,143996374.0
825.2,,8269.0,825.2,5.753,158,,5.753,25,2025-06-04 16:59:29,566090886.0,143995559.0
825.2,,8274.2,825.2,5.7,157,,5.7,25,2025-06-04 16:59:30,566090608.0,143994763.0
826.4000000000001,,8279.6,826.4000000000001,5.628,157,,5.628,25,2025-06-04 16:59:31,566090330.0,143994008.0
826.4000000000001,,8284.8,826.4000000000001,5.55,156,,5.55,25,2025-06-04 16:59:32,566090051.0,143993232.0
826.4000000000001,,8289.6,826.4000000000001,5.494,155,,5.494,25,2025-06-04 16:59:33,566089773.0,143992516.0
826.4000000000001,,8295.3,826.4000000000001,5.436,155,,5.436,25,2025-06-04 16:59:34,566089494.0,143991800.0
826.4000000000001,,8300.3,826.4000000000001,5.394,154,,5.394,25,2025-06-04 16:59:35,566089216.0,143991085.0
826.4000000000001,,8305.3,826.4000000000001,5.364,154,,5.364,25,2025-06-04 16:59:36,566088918.0,143990349.0
826.4000000000001,,8310.4,826.4000000000001,5.35,153,,5.35,25,2025-06-04 16:59:37,566088620.0,143989653.0
826.4000000000001,,8315.7,826.4000000000001,5.344,153,,5.344,25,2025-06-04 16:59:38,566088321.0,143988957.0
827.4000000000001,,8320.6,827.4000000000001,5.347,152,,5.347,25,2025-06-04 16:59:39,566088003.0,143988281.0
827.4000000000001,,8326.3,827.4000000000001,5.364,152,,5.364,25,2025-06-04 16:59:40,566087665.0,143987605.0
827.4000000000001,,8331.8,827.4000000000001,5.394,152,,5.394,25,2025-06-04 16:59:41,566087307.0,143986909.0
827.4000000000001,,8337.0,827.4000000000001,5.431,151,,5.431,25,2025-06-04 16:59:42,566086969.0,143986233.0
827.4000000000001,,8342.9,827.4000000000001,5.458,151,,5.458,25,2025-06-04 16:59:43,566086611.0,143985557.0
827.4000000000001,,8348.5,827.4000000000001,5.5,151,,5.5,25,2025-06-04 16:59:44,566086233.0,143984881.0
827.4000000000001,,8354.1,827.4000000000001,5.536,151,,5.536,25,2025-06-04 16:59:45,566085856.0,143984205.0
827.4000000000001,,8360.1,827.4000000000001,5.569,151,,5.569,25,2025-06-04 16:59:46,566085458.0,143983549.0
827.4000000000001,,8365.9,827.4000000000001,5.597,151,,5.597,25,2025-06-04 16:59:47,566085060.0,143982873.0
827.4000000000001,,8371.1,827.4000000000001,5.617,151,,5.617,25,2025-06-04 16:59:48,566084663.0,143982216.0
827.4000000000001,,8377.3,827.4000000000001,5.617,151,,5.617,25,2025-06-04 16:59:49,566084265.0,143981540.0
827.4000000000001,,8382.9,827.4000000000001,5.625,151,,5.625,25,2025-06-04 16:59:50,566083847.0,143980904.0
827.4000000000001,,8388.5,827.4000000000001,5.608,152,,5.608,25,2025-06-04 16:59:51,566083450.0,143980248.0
827.4000000000001,,8394.0,827.4000000000001,5.608,151,,5.608,25,2025-06-04 16:59:52,566083072.0,143979592.0
827.4000000000001,,8399.7,827.4000000000001,5.6,151,,5.6,25,2025-06-04 16:59:53,566082654.0,143978935.0
827.4000000000001,,8404.8,827.4000000000001,5.589,151,,5.589,25,2025-06-04 16:59:54,566082296.0,143978279.0
827.4000000000001,,8410.6,827.4000000000001,5.569,152,,5.569,25,2025-06-04 16:59:55,566081879.0,143977603.0
827.4000000000001,,8416.1,827.4000000000001,5.569,152,,5.569,25,2025-06-04 16:59:56,566081521.0,143976927.0
827.4000000000001,,8421.2,827.4000000000001,5.558,152,,5.558,25,2025-06-04 16:59:57,566081163.0,143976271.0
827.4000000000001,,8427.2,827.4000000000001,5.558,151,,5.558,25,2025-06-04 16:59:58,566080785.0,143975595.0
827.4000000000001,,8432.7,827.4000000000001,5.569,151,,5.569,25,2025-06-04 16:59:59,566080407.0,143974919.0
827.4000000000001,,8438.0,827.4000000000001,5.575,151,,5.575,25,2025-06-04 17:00:00,566080069.0,143974183.0
827.4000000000001,,8443.9,827.4000000000001,5.594,150,,5.594,25,2025-06-04 17:00:01,566079731.0,143973467.0
827.4000000000001,,8449.4,827.4000000000001,5.606,150,,5.606,25,2025-06-04 17:00:02,566079413.0,143972732.0
827.4000000000001,,8454.7,827.4000000000001,5.628,150,,5.628,25,2025-06-04 17:00:03,566079115.0,143971976.0
827.4000000000001,,8461.1,827.4000000000001,5.653,150,,5.653,25,2025-06-04 17:00:04,566078817.0,143971181.0
827.4000000000001,,8466.7,827.4000000000001,5.683,149,,5.683,25,2025-06-04 17:00:05,566078518.0,143970405.0
827.4000000000001,,8472.4,827.4000000000001,5.703,149,,5.703,25,2025-06-04 17:00:06,566078220.0,143969610.0
827.4000000000001,,8478.3,827.4000000000001,5.714,149,,5.714,25,2025-06-04 17:00:07,566077942.0,143968814.0
827.4000000000001,,8484.0,827.4000000000001,5.711,148,,5.711,25,2025-06-04 17:00:08,566077703.0,143967979.0
827.4000000000001,,8489.3,827.4000000000001,5.703,148,,5.703,25,2025-06-04 17:00:09,566077465.0,143967144.0
827.4000000000001,,8495.4,827.4000000000001,5.667,147,,5.667,25,2025-06-04 17:00:10,566077266.0,143966309.0
828.4000000000001,,8500.6,828.4000000000001,5.611,147,,5.611,25,2025-06-04 17:00:11,566077067.0,143965474.0
828.4000000000001,,8505.5,828.4000000000001,5.55,146,,5.55,25,2025-06-04 17:00:12,566076888.0,143964639.0
828.4000000000001,,8511.1,828.4000000000001,5.464,145,,5.464,25,2025-06-04 17:00:13,566076729.0,143963843.0
828.4000000000001,,8516.0,828.4000000000001,5.367,144,,5.367,25,2025-06-04 17:00:14,566076590.0,143963048.0
828.4000000000001,,8520.6,828.4000000000001,5.15,144,,5.15,25,2025-06-04 17:00:15,566076431.0,143962253.0
828.4000000000001,,8525.2,828.4000000000001,5.006,143,,5.006,25,2025-06-04 17:00:16,566076311.0,143961497.0
828.4000000000001,,8529.8,828.4000000000001,4.847,143,,4.847,25,2025-06-04 17:00:17,566076192.0,143960742.0
828.4000000000001,,8533.5,828.4000000000001,4.758,143,,4.758,25,2025-06-04 17:00:18,566076113.0,143960026.0
828.4000000000001,,8538.3,828.4000000000001,4.708,143,,4.708,25,2025-06-04 17:00:19,566076033.0,143959290.0
828.4000000000001,,8542.9,828.4000000000001,4.686,143,,4.686,25,2025-06-04 17:00:20,566075993.0,143958594.0
829.4000000000001,,8547.2,829.4000000000001,4.669,143,,4.669,25,2025-06-04 17:00:21,566075934.0,143957858.0
829.4000000000001,,8551.5,829.4000000000001,4.661,143,,4.661,25,2025-06-04 17:00:22,566075874.0,143957103.0
829.4000000000001,,8555.4,829.4000000000001,4.628,143,,4.628,25,2025-06-04 17:00:23,566075834.0,143956387.0
829.4000000000001,,8559.9,829.4000000000001,4.597,143,,4.597,25,2025-06-04 17:00:24,566075814.0,143955651.0
830.2,,8564.5,830.2,4.6,143,,4.6,25,2025-06-04 17:00:25,566075794.0,143955094.0
830.2,,8568.9,830.2,4.589,142,,4.589,25,2025-06-04 17:00:26,566075755.0,143954259.0
830.2,,8573.6,830.2,4.589,142,,4.589,25,2025-06-04 17:00:27,566075715.0,143953524.0
830.2,,8578.0,830.2,4.592,143,,4.592,25,2025-06-04 17:00:28,566075655.0,143952788.0
830.2,,8582.2,830.2,4.589,143,,4.589,25,2025-06-04 17:00:29,566075595.0,143952072.0
830.2,,8586.6,830.2,4.581,143,,4.581,25,2025-06-04 17:00:30,566075576.0,143951515.0
830.2,,8591.0,830.2,4.567,143,,4.567,25,2025-06-04 17:00:31,566075536.0,143950799.0
830.2,,8595.8,830.2,4.553,144,,4.553,25,2025-06-04 17:00:32,566075496.0,143950084.0
830.2,,8599.3,830.2,4.531,144,,4.531,25,2025-06-04 17:00:33,566075436.0,143949388.0
830.2,,8603.8,830.2,4.514,145,,4.514,25,2025-06-04 17:00:34,566075397.0,143948712.0
830.2,,8608.0,830.2,4.503,145,,4.503,25,2025-06-04 17:00:35,566075337.0,143948036.0
830.2,,8612.4,830.2,4.503,145,,4.503,25,2025-06-04 17:00:36,566075297.0,143947379.0
830.2,,8617.5,830.2,4.506,146,,4.506,25,2025-06-04 17:00:37,566075198.0,143946683.0
830.2,,8622.1,830.2,4.519,146,,4.519,25,2025-06-04 17:00:38,566075118.0,143945968.0
830.2,,8626.6,830.2,4.533,147,,4.533,25,2025-06-04 17:00:39,566075059.0,143945232.0
830.2,,8631.5,830.2,4.544,148,,4.544,25,2025-06-04 17:00:40,566074979.0,143944496.0
832.2,,8636.6,832.2,4.558,149,,4.558,25,2025-06-04 17:00:41,566074880.0,143943741.0
832.2,,8641.1,832.2,4.572,149,,4.572,25,2025-06-04 17:00:42,566074800.0,143943025.0
833.4000000000001,,8646.7,833.4000000000001,4.597,151,,4.597,25,2025-06-04 17:00:43,566074681.0,143942269.0
833.4000000000001,,8651.5,833.4000000000001,4.619,151,,4.619,25,2025-06-04 17:00:44,566074562.0,143941533.0
833.4000000000001,,8656.4,833.4000000000001,4.639,151,,4.639,25,2025-06-04 17:00:45,566074462.0,143940778.0
833.4000000000001,,8661.4,833.4000000000001,4.717,151,,4.717,25,2025-06-04 17:00:46,566074363.0,143940042.0
833.4000000000001,,8666.4,833.4000000000001,4.764,151,,4.764,25,2025-06-04 17:00:47,566074263.0,143939306.0
833.4000000000001,,8671.2,833.4000000000001,4.817,151,,4.817,25,2025-06-04 17:00:48,566074124.0,143938571.0
833.4000000000001,,8677.6,833.4000000000001,4.869,151,,4.869,25,2025-06-04 17:00:49,566073965.0,143937795.0
833.4000000000001,,8682.3,833.4000000000001,4.967,151,,4.967,25,2025-06-04 17:00:50,566073746.0,143937020.0
833.4000000000001,,8687.5,833.4000000000001,5.039,151,,5.039,25,2025-06-04 17:00:51,566073547.0,143936065.0
833.4000000000001,,8692.8,833.4000000000001,5.067,151,,5.067,25,2025-06-04 17:00:52,566073408.0,143935449.0
834.2,,8698.1,834.2,5.075,151,,5.075,25,2025-06-04 17:00:53,566073269.0,143934693.0
834.2,,8703.0,834.2,5.075,152,,5.075,25,2025-06-04 17:00:54,566073090.0,143933918.0
834.2,,8708.5,834.2,5.083,152,,5.083,25,2025-06-04 17:00:55,566072951.0,143933162.0
834.2,,8713.6,834.2,5.083,153,,5.083,25,2025-06-04 17:00:56,566072772.0,143932407.0
835.4000000000001,,8718.1,835.4000000000001,5.083,153,,5.083,25,2025-06-04 17:00:57,566072573.0,143931671.0
835.4000000000001,,8722.8,835.4000000000001,5.075,154,,5.075,25,2025-06-04 17:00:58,566072374.0,143930915.0
835.4000000000001,,8728.2,835.4000000000001,5.05,154,,5.05,25,2025-06-04 17:00:59,566072195.0,143930160.0
835.4000000000001,,8733.1,835.4000000000001,5.006,155,,5.006,25,2025-06-04 17:01:00,566072016.0,143929424.0
835.4000000000001,,8738.0,835.4000000000001,4.953,155,,4.953,25,2025-06-04 17:01:01,566071798.0,143928708.0
835.4000000000001,,8742.9,835.4000000000001,4.917,155,,4.917,25,2025-06-04 17:01:02,566071599.0,143927992.0
835.4000000000001,,8747.3,835.4000000000001,4.894,155,,4.894,25,2025-06-04 17:01:03,566071420.0,143927277.0
835.4000000000001,,8752.5,835.4000000000001,4.886,155,,4.886,25,2025-06-04 17:01:04,566071221.0,143926581.0
835.4000000000001,,8757.0,835.4000000000001,4.883,155,,4.883,25,2025-06-04 17:01:05,566071042.0,143925865.0
835.4000000000001,,8762.0,835.4000000000001,4.881,155,,4.881,25,2025-06-04 17:01:06,566070843.0,143925149.0
835.4000000000001,,8767.6,835.4000000000001,4.872,155,,4.872,25,2025-06-04 17:01:07,566070644.0,143924433.0
835.4000000000001,,8771.9,835.4000000000001,4.844,154,,4.844,25,2025-06-04 17:01:08,566070426.0,143923578.0
835.4000000000001,,8776.3,835.4000000000001,4.814,154,,4.814,25,2025-06-04 17:01:09,566070227.0,143922882.0
835.4000000000001,,8781.2,835.4000000000001,4.808,153,,4.808,25,2025-06-04 17:01:10,566070068.0,143922325.0
836.4000000000001,,8786.2,836.4000000000001,4.814,153,,4.814,25,2025-06-04 17:01:11,566069869.0,143921649.0
836.4000000000001,,8791.2,836.4000000000001,4.819,153,,4.819,25,2025-06-04 17:01:12,566069690.0,143920953.0
836.4000000000001,,8796.6,836.4000000000001,4.833,153,,4.833,25,2025-06-04 17:01:13,566069491.0,143920238.0
836.4000000000001,,8801.4,836.4000000000001,4.844,152,,4.844,25,2025-06-04 17:01:14,566069252.0,143919383.0
837.2,,8805.8,837.2,4.85,152,,4.85,25,2025-06-04 17:01:15,566069034.0,143918667.0
837.2,,8810.8,837.2,4.842,152,,4.842,25,2025-06-04 17:01:16,566068835.0,143917951.0
837.2,,8816.1,837.2,4.828,152,,4.828,25,2025-06-04 17:01:17,566068636.0,143917255.0
837.2,,8820.5,837.2,4.806,153,,4.806,25,2025-06-04 17:01:18,566068437.0,143916579.0
837.2,,8825.4,837.2,4.781,153,,4.781,25,2025-06-04 17:01:19,566068278.0,143915903.0
837.2,,8829.9,837.2,4.758,153,,4.758,25,2025-06-04 17:01:20,566068079.0,143915247.0
838.4000000000001,,8833.4,838.4000000000001,4.739,153,,4.739,25,2025-06-04 17:01:21,566067900.0,143914591.0
838.4000000000001,,8838.0,838.4000000000001,4.717,153,,4.717,25,2025-06-04 17:01:22,566067702.0,143913954.0
839.2,,8842.1,839.2,4.697,154,,4.697,25,2025-06-04 17:01:23,566067523.0,143913298.0
839.2,,8846.1,839.2,4.65,154,,4.65,25,2025-06-04 17:01:24,566067363.0,143912642.0
839.2,,8850.2,839.2,4.597,154,,4.597,25,2025-06-04 17:01:25,566067184.0,143912025.0
839.2,,8854.2,839.2,4.539,154,,4.539,25,2025-06-04 17:01:26,566066986.0,143911409.0
839.2,,8857.9,839.2,4.494,154,,4.494,25,2025-06-04 17:01:27,566066846.0,143910813.0
839.2,,8862.2,839.2,4.358,155,,4.358,25,2025-06-04 17:01:28,566066687.0,143910236.0
840.4000000000001,,8866.0,840.4000000000001,4.272,155,,4.272,25,2025-06-04 17:01:29,566066528.0,143909639.0
840.4000000000001,,8869.8,840.4000000000001,4.208,155,,4.208,25,2025-06-04 17:01:30,566066369.0,143909023.0
840.4000000000001,,8873.6,840.4000000000001,4.164,155,,4.164,25,2025-06-04 17:01:31,566066250.0,143908426.0
840.4000000000001,,8877.7,840.4000000000001,4.131,155,,4.131,25,2025-06-04 17:01:32,566066111.0,143907810.0
841.2,,8881.2,841.2,4.117,154,,4.117,25,2025-06-04 17:01:33,566065972.0,143907233.0
841.2,,8885.6,841.2,4.106,154,,4.106,25,2025-06-04 17:01:34,566065812.0,143906637.0
841.2,,8889.7,841.2,4.1,154,,4.1,25,2025-06-04 17:01:35,566065634.0,143906040.0
841.2,,8893.3,841.2,4.092,153,,4.092,25,2025-06-04 17:01:36,566065494.0,143905444.0
841.2,,8897.5,841.2,4.072,153,,4.072,25,2025-06-04 17:01:37,566065315.0,143904867.0
841.2,,8901.3,841.2,4.047,153,,4.047,25,2025-06-04 17:01:38,566065136.0,143904290.0
842.4000000000001,,8904.8,842.4000000000001,4.022,153,,4.022,25,2025-06-04 17:01:39,566064977.0,143903714.0
842.4000000000001,,8908.9,842.4000000000001,4.003,153,,4.003,25,2025-06-04 17:01:40,566064858.0,143903177.0
842.4000000000001,,8912.7,842.4000000000001,3.992,153,,3.992,25,2025-06-04 17:01:41,566064759.0,143902620.0
842.4000000000001,,8915.9,842.4000000000001,3.981,153,,3.981,25,2025-06-04 17:01:42,566064619.0,143902044.0
842.4000000000001,,8920.1,842.4000000000001,3.967,154,,3.967,25,2025-06-04 17:01:43,566064460.0,143901467.0
842.4000000000001,,8923.7,842.4000000000001,3.953,154,,3.953,25,2025-06-04 17:01:44,566064361.0,143900890.0
842.4000000000001,,8927.4,842.4000000000001,3.914,155,,3.914,25,2025-06-04 17:01:45,566064262.0,143900294.0
842.4000000000001,,8931.1,842.4000000000001,3.9,155,,3.9,25,2025-06-04 17:01:46,566064142.0,143899717.0
842.4000000000001,,8935.1,842.4000000000001,3.883,156,,3.883,25,2025-06-04 17:01:47,566064043.0,143899160.0
842.4000000000001,,8938.6,842.4000000000001,3.875,156,,3.875,25,2025-06-04 17:01:48,566063943.0,143898564.0
842.4000000000001,,8942.8,842.4000000000001,3.872,156,,3.872,25,2025-06-04 17:01:49,566063824.0,143897987.0
842.4000000000001,,8946.5,842.4000000000001,3.867,157,,3.867,25,2025-06-04 17:01:50,566063705.0,143897430.0
845.4000000000001,,8950.1,845.4000000000001,3.867,157,,3.867,25,2025-06-04 17:01:51,566063586.0,143896834.0
845.4000000000001,,8954.2,845.4000000000001,3.867,158,,3.867,25,2025-06-04 17:01:52,566063466.0,143896257.0
845.4000000000001,,8958.0,845.4000000000001,3.858,158,,3.858,25,2025-06-04 17:01:53,566063347.0,143895681.0
845.4000000000001,,8961.6,845.4000000000001,3.856,158,,3.856,25,2025-06-04 17:01:54,566063228.0,143895104.0
845.4000000000001,,8965.6,845.4000000000001,3.853,158,,3.853,25,2025-06-04 17:01:55,566063128.0,143894527.0
845.4000000000001,,8969.5,845.4000000000001,3.85,158,,3.85,25,2025-06-04 17:01:56,566063049.0,143893951.0
846.2,,8973.0,846.2,3.85,158,,3.85,25,2025-06-04 17:01:57,566062969.0,143893354.0
846.2,,8977.1,846.2,3.85,158,,3.85,25,2025-06-04 17:01:58,566062870.0,143892758.0
846.2,,8980.9,846.2,3.85,159,,3.85,25,2025-06-04 17:01:59,566062790.0,143892181.0
846.2,,8984.8,846.2,3.85,159,,3.85,25,2025-06-04 17:02:00,566062711.0,143891585.0
847.4000000000001,,8988.7,847.4000000000001,3.853,159,,3.853,25,2025-06-04 17:02:01,566062631.0,143890988.0
847.4000000000001,,8992.7,847.4000000000001,3.861,160,,3.861,25,2025-06-04 17:02:02,566062571.0,143890391.0
847.4000000000001,,8996.7,847.4000000000001,3.869,160,,3.869,25,2025-06-04 17:02:03,566062492.0,143889775.0
847.4000000000001,,9001.0,847.4000000000001,3.908,160,,3.908,25,2025-06-04 17:02:04,566062412.0,143889159.0
847.4000000000001,,9005.3,847.4000000000001,3.953,160,,3.953,25,2025-06-04 17:02:05,566062353.0,143888503.0
847.4000000000001,,9009.6,847.4000000000001,4.003,161,,4.003,25,2025-06-04 17:02:06,566062293.0,143887846.0
847.4000000000001,,9014.6,847.4000000000001,4.147,161,,4.147,25,2025-06-04 17:02:07,566062233.0,143887170.0
847.4000000000001,,9019.3,847.4000000000001,4.317,162,,4.317,25,2025-06-04 17:02:08,566062194.0,143886474.0
848.2,,9024.6,848.2,4.511,162,,4.511,25,2025-06-04 17:02:09,566062154.0,143885759.0
848.2,,9030.4,848.2,4.614,162,,4.614,25,2025-06-04 17:02:10,566062114.0,143885003.0
848.2,,9036.6,848.2,5.361,163,,5.361,25,2025-06-04 17:02:11,566062035.0,143884168.0
849.4000000000001,,9042.2,849.4000000000001,5.456,163,,5.456,25,2025-06-04 17:02:12,566061995.0,143883293.0
850.2,,9048.8,850.2,5.556,163,,5.556,25,2025-06-04 17:02:13,566061935.0,143882398.0
850.2,,9055.2,850.2,5.656,163,,5.656,25,2025-06-04 17:02:14,566061875.0,143881503.0
851.4000000000001,,9061.8,851.4000000000001,5.75,164,,5.75,25,2025-06-04 17:02:15,566061856.0,143880569.0
851.4000000000001,,9068.4,851.4000000000001,5.842,164,,5.842,25,2025-06-04 17:02:16,566061836.0,143879634.0
851.4000000000001,,9075.1,851.4000000000001,5.922,165,,5.922,25,2025-06-04 17:02:17,566061796.0,143878680.0
851.4000000000001,,9081.1,851.4000000000001,6.003,166,,6.003,25,2025-06-04 17:02:18,566061776.0,143877725.0
852.4000000000001,,9088.1,852.4000000000001,6.089,166,,6.089,25,2025-06-04 17:02:19,566061756.0,143876751.0
852.4000000000001,,9094.7,852.4000000000001,6.186,166,,6.186,25,2025-06-04 17:02:20,566061736.0,143875777.0
853.2,,9101.1,853.2,6.286,167,,6.286,25,2025-06-04 17:02:21,566061716.0,143874783.0
853.2,,9108.3,853.2,6.383,167,,6.383,25,2025-06-04 17:02:22,566061677.0,143873748.0
853.2,,9115.2,853.2,6.478,168,,6.478,25,2025-06-04 17:02:23,566061677.0,143872695.0
853.2,,9121.9,853.2,6.55,168,,6.55,25,2025-06-04 17:02:24,566061637.0,143871641.0
853.2,,9129.0,853.2,6.586,169,,6.586,25,2025-06-04 17:02:25,566061617.0,143870587.0
853.2,,9135.8,853.2,6.603,170,,6.603,25,2025-06-04 17:02:26,566061577.0,143869533.0
853.2,,9142.0,853.2,6.606,170,,6.606,25,2025-06-04 17:02:27,566061557.0,143868479.0
853.2,,9149.1,853.2,6.586,171,,6.586,25,2025-06-04 17:02:28,566061537.0,143867465.0
855.2,,9155.7,855.2,6.542,171,,6.542,25,2025-06-04 17:02:29,566061517.0,143866431.0
855.2,,9161.9,855.2,6.467,172,,6.467,25,2025-06-04 17:02:30,566061498.0,143865397.0
856.4000000000001,,9167.6,856.4000000000001,6.35,172,,6.35,25,2025-06-04 17:02:31,566061478.0,143864403.0
856.4000000000001,,9172.6,856.4000000000001,6.192,173,,6.192,25,2025-06-04 17:02:32,566061438.0,143863429.0
856.4000000000001,,9177.2,856.4000000000001,6.0,173,,6.0,25,2025-06-04 17:02:33,566061418.0,143862534.0
856.4000000000001,,9182.3,856.4000000000001,5.794,174,,5.794,25,2025-06-04 17:02:34,566061398.0,143861838.0
857.2,,9186.8,857.2,5.403,174,,5.403,25,2025-06-04 17:02:35,566061378.0,143861003.0
857.2,,9190.7,857.2,5.158,175,,5.158,25,2025-06-04 17:02:36,566061358.0,143860227.0
857.2,,9195.2,857.2,4.975,175,,4.975,25,2025-06-04 17:02:37,566061339.0,143859432.0
857.2,,9199.3,857.2,4.889,175,,4.889,25,2025-06-04 17:02:38,566061299.0,143858676.0
857.2,,9203.3,857.2,4.814,176,,4.814,25,2025-06-04 17:02:39,566061259.0,143857921.0
857.2,,9207.7,857.2,4.758,176,,4.758,25,2025-06-04 17:02:40,566061199.0,143857205.0
857.2,,9212.5,857.2,4.719,176,,4.719,25,2025-06-04 17:02:41,566061140.0,143856449.0
857.2,,9216.5,857.2,4.717,176,,4.717,25,2025-06-04 17:02:42,566061080.0,143855714.0
857.2,,9221.6,857.2,4.711,176,,4.711,25,2025-06-04 17:02:43,566061040.0,143854998.0
857.2,,9226.7,857.2,4.7,176,,4.7,25,2025-06-04 17:02:44,566061001.0,143854262.0
857.2,,9230.9,857.2,4.717,175,,4.717,25,2025-06-04 17:02:45,566060921.0,143853526.0
857.2,,9235.5,857.2,4.708,175,,4.708,25,2025-06-04 17:02:46,566060842.0,143852632.0
857.2,,9240.2,857.2,4.7,174,,4.7,25,2025-06-04 17:02:47,566060782.0,143852055.0
857.2,,9244.5,857.2,4.656,174,,4.656,25,2025-06-04 17:02:48,566060682.0,143851319.0
857.2,,9249.6,857.2,4.589,174,,4.589,25,2025-06-04 17:02:49,566060583.0,143850623.0
857.2,,9253.6,857.2,4.525,174,,4.525,25,2025-06-04 17:02:50,566060464.0,143849907.0
857.2,,9257.5,857.2,4.486,174,,4.486,25,2025-06-04 17:02:51,566060384.0,143849092.0
857.2,,9262.7,857.2,4.45,173,,4.45,25,2025-06-04 17:02:52,566060324.0,143848575.0
857.2,,9266.8,857.2,4.447,173,,4.447,25,2025-06-04 17:02:53,566060205.0,143847899.0
857.2,,9271.1,857.2,4.461,173,,4.461,25,2025-06-04 17:02:54,566060046.0,143847084.0
857.2,,9275.6,857.2,4.483,173,,4.483,25,2025-06-04 17:02:55,566059867.0,143846428.0
857.2,,9280.2,857.2,4.511,172,,4.511,25,2025-06-04 17:02:56,566059728.0,143845891.0
857.2,,9284.3,857.2,4.539,172,,4.539,25,2025-06-04 17:02:57,566059569.0,143845195.0
857.2,,9289.0,857.2,4.564,172,,4.564,25,2025-06-04 17:02:58,566059370.0,143844519.0
857.2,,9294.3,857.2,4.583,171,,4.583,25,2025-06-04 17:02:59,566059171.0,143843823.0
857.2,,9299.0,857.2,4.594,171,,4.594,25,2025-06-04 17:03:00,566058972.0,143843147.0
857.2,,9303.3,857.2,4.6,171,,4.6,25,2025-06-04 17:03:01,566058754.0,143842491.0
858.4000000000001,,9307.8,858.4000000000001,4.606,170,,4.606,25,2025-06-04 17:03:02,566058515.0,143841835.0
858.4000000000001,,9312.7,858.4000000000001,4.608,169,,4.608,25,2025-06-04 17:03:03,566058257.0,143841238.0
858.4000000000001,,9317.7,858.4000000000001,4.608,167,,4.608,25,2025-06-04 17:03:04,566057998.0,143840622.0
858.4000000000001,,9322.2,858.4000000000001,4.608,166,,4.608,25,2025-06-04 17:03:05,566057720.0,143840025.0
858.4000000000001,,9326.3,858.4000000000001,4.611,165,,4.611,25,2025-06-04 17:03:06,566057421.0,143839429.0
858.4000000000001,,9331.4,858.4000000000001,4.611,164,,4.611,25,2025-06-04 17:03:07,566057163.0,143838832.0
858.4000000000001,,9336.3,858.4000000000001,4.608,164,,4.608,25,2025-06-04 17:03:08,566056885.0,143838236.0
858.4000000000001,,9340.9,858.4000000000001,4.594,163,,4.594,25,2025-06-04 17:03:09,566056606.0,143837619.0
858.4000000000001,,9345.5,858.4000000000001,4.586,164,,4.586,25,2025-06-04 17:03:10,566056248.0,143836963.0
858.4000000000001,,9350.0,858.4000000000001,4.572,164,,4.572,25,2025-06-04 17:03:11,566055950.0,143836406.0
858.4000000000001,,9354.3,858.4000000000001,4.561,164,,4.561,25,2025-06-04 17:03:12,566055652.0,143835869.0
858.4000000000001,,9359.1,858.4000000000001,4.528,164,,4.528,25,2025-06-04 17:03:13,566055354.0,143835313.0
859.4000000000001,,9363.1,859.4000000000001,4.5,165,,4.5,25,2025-06-04 17:03:14,566055075.0,143834756.0
859.4000000000001,,9367.0,859.4000000000001,4.475,165,,4.475,25,2025-06-04 17:03:15,566054777.0,143834219.0
860.4000000000001,,9371.5,860.4000000000001,4.447,165,,4.447,25,2025-06-04 17:03:16,566054538.0,143833781.0
860.4000000000001,,9375.2,860.4000000000001,4.444,165,,4.444,25,2025-06-04 17:03:17,566054260.0,143833245.0
860.4000000000001,,9379.2,860.4000000000001,4.439,165,,4.439,25,2025-06-04 17:03:18,566053942.0,143832728.0
860.4000000000001,,9383.8,860.4000000000001,4.439,165,,4.439,25,2025-06-04 17:03:19,566053624.0,143832250.0
860.4000000000001,,9388.2,860.4000000000001,4.444,165,,4.444,25,2025-06-04 17:03:20,566053285.0,143831733.0
860.4000000000001,,9392.7,860.4000000000001,4.453,164,,4.453,25,2025-06-04 17:03:21,566052987.0,143831197.0
860.4000000000001,,9397.7,860.4000000000001,4.458,164,,4.458,25,2025-06-04 17:03:22,566052689.0,143830640.0
860.4000000000001,,9402.8,860.4000000000001,4.469,163,,4.469,25,2025-06-04 17:03:23,566052371.0,143829924.0
860.4000000000001,,9407.5,860.4000000000001,4.483,163,,4.483,25,2025-06-04 17:03:24,566052112.0,143829347.0
860.4000000000001,,9412.4,860.4000000000001,4.508,163,,4.508,25,2025-06-04 17:03:25,566051834.0,143828751.0
860.4000000000001,,9417.4,860.4000000000001,4.531,162,,4.531,25,2025-06-04 17:03:26,566051536.0,143828154.0
860.4000000000001,,9421.9,860.4000000000001,4.553,162,,4.553,25,2025-06-04 17:03:27,566051237.0,143827558.0
860.4000000000001,,9427.2,860.4000000000001,4.617,161,,4.617,25,2025-06-04 17:03:28,566050939.0,143826961.0
860.4000000000001,,9432.1,860.4000000000001,4.669,161,,4.669,25,2025-06-04 17:03:29,566050641.0,143826365.0
860.4000000000001,,9436.1,860.4000000000001,4.711,160,,4.711,25,2025-06-04 17:03:30,566050343.0,143825748.0
860.4000000000001,,9441.5,860.4000000000001,4.728,160,,4.728,25,2025-06-04 17:03:31,566050044.0,143825132.0
862.2,,9446.2,862.2,4.722,160,,4.722,25,2025-06-04 17:03:32,566049766.0,143824496.0
862.2,,9450.6,862.2,4.703,159,,4.703,25,2025-06-04 17:03:33,566049508.0,143823839.0
863.4000000000001,,9455.2,863.4000000000001,4.669,159,,4.669,25,2025-06-04 17:03:34,566049249.0,143823243.0
863.4000000000001,,9459.5,863.4000000000001,4.631,160,,4.631,25,2025-06-04 17:03:35,566049010.0,143822626.0
863.4000000000001,,9463.4,863.4000000000001,4.589,160,,4.589,24,2025-06-04 17:03:36,566048812.0,143822010.0
863.4000000000001,,9468.0,863.4000000000001,4.553,160,,4.553,24,2025-06-04 17:03:37,566048633.0,143821394.0
863.4000000000001,,9472.0,863.4000000000001,4.525,160,,4.525,24,2025-06-04 17:03:38,566048474.0,143820757.0
863.4000000000001,,9476.1,863.4000000000001,4.503,160,,4.503,24,2025-06-04 17:03:39,566048295.0,143820141.0
863.4000000000001,,9480.1,863.4000000000001,4.481,160,,4.481,24,2025-06-04 17:03:40,566048136.0,143819505.0
863.4000000000001,,9484.3,863.4000000000001,4.45,159,,4.45,24,2025-06-04 17:03:41,566047976.0,143818849.0
866.2,,9487.9,866.2,4.414,159,,4.414,24,2025-06-04 17:03:42,566047837.0,143818212.0
866.2,,9492.2,866.2,4.375,159,,4.375,24,2025-06-04 17:03:43,566047698.0,143817596.0
867.4000000000001,,9496.2,867.4000000000001,4.281,159,,4.281,24,2025-06-04 17:03:44,566047559.0,143816979.0
867.4000000000001,,9499.8,867.4000000000001,4.231,158,,4.231,24,2025-06-04 17:03:45,566047459.0,143816383.0
868.4000000000001,,9503.9,868.4000000000001,4.214,158,,4.214,24,2025-06-04 17:03:46,566047360.0,143815766.0
868.4000000000001,,9508.0,868.4000000000001,4.222,158,,4.222,24,2025-06-04 17:03:47,566047241.0,143815150.0
869.2,,9511.9,869.2,4.242,158,,4.242,24,2025-06-04 17:03:48,566047161.0,143814613.0
869.2,,9516.8,869.2,4.269,159,,4.269,24,2025-06-04 17:03:49,566047042.0,143813937.0
870.4000000000001,,9521.2,870.4000000000001,4.289,159,,4.289,24,2025-06-04 17:03:50,566046962.0,143813261.0
870.4000000000001,,9524.9,870.4000000000001,4.308,159,,4.308,24,2025-06-04 17:03:51,566046843.0,143812446.0
871.2,,9530.0,871.2,4.339,159,,4.339,24,2025-06-04 17:03:52,566046764.0,143811750.0
871.2,,9534.7,871.2,4.383,159,,4.383,24,2025-06-04 17:03:53,566046704.0,143811213.0
872.4000000000001,,9540.1,872.4000000000001,4.481,159,,4.481,24,2025-06-04 17:03:54,566046644.0,143810497.0
872.4000000000001,,9546.8,872.4000000000001,4.614,159,,4.614,24,2025-06-04 17:03:55,566046545.0,143809742.0
873.2,,9552.7,873.2,5.689,159,,5.689,24,2025-06-04 17:03:56,566046406.0,143808926.0
873.2,,9559.3,873.2,5.778,159,,5.778,24,2025-06-04 17:03:57,566046247.0,143807853.0
875.4000000000001,,9565.9,875.4000000000001,5.858,159,,5.858,24,2025-06-04 17:03:58,566046147.0,143807077.0
875.4000000000001,,9572.4,875.4000000000001,5.869,159,,5.869,24,2025-06-04 17:03:59,566046008.0,143805904.0
877.4000000000001,,9578.4,877.4000000000001,5.761,159,,5.761,24,2025-06-04 17:04:00,566045909.0,143804950.0
877.4000000000001,,9583.8,877.4000000000001,5.286,159,,5.286,24,2025-06-04 17:04:01,566045829.0,143804075.0
878.2,,9588.4,878.2,4.725,160,,4.725,24,2025-06-04 17:04:02,566045769.0,143803279.0
878.2,,9591.5,878.2,4.147,161,,4.147,24,2025-06-04 17:04:03,566045710.0,143802742.0
879.4000000000001,,9593.8,879.4000000000001,3.614,162,,3.614,24,2025-06-04 17:04:04,566045630.0,143802066.0
879.4000000000001,,9596.5,879.4000000000001,3.172,162,,3.172,24,2025-06-04 17:04:05,566045590.0,143801589.0
880.2,,9596.7,880.2,2.864,162,,2.864,24,2025-06-04 17:04:06,566045571.0,143801172.0
880.2,,9598.0,880.2,2.672,162,,2.672,24,2025-06-04 17:04:07,566045511.0,143800774.0
880.2,,9599.2,880.2,2.575,163,,2.575,24,2025-06-04 17:04:08,566045471.0,143800476.0
880.2,,9600.4,880.2,2.547,163,,2.547,24,2025-06-04 17:04:09,566045431.0,143800118.0
881.4000000000001,,9603.0,881.4000000000001,2.547,164,,2.547,24,2025-06-04 17:04:10,566045392.0,143799720.0
881.4000000000001,,9604.7,881.4000000000001,2.581,164,,2.581,24,2025-06-04 17:04:11,566045352.0,143799322.0
881.4000000000001,,9606.9,881.4000000000001,2.583,164,,2.583,24,2025-06-04 17:04:12,566045332.0,143798805.0
881.4000000000001,,9609.2,881.4000000000001,2.586,165,,2.586,24,2025-06-04 17:04:13,566045292.0,143798408.0
882.2,,9611.8,882.2,2.578,165,,2.578,24,2025-06-04 17:04:14,566045213.0,143798010.0
882.2,,9614.5,882.2,2.586,165,,2.586,24,2025-06-04 17:04:15,566045173.0,143797712.0
882.2,,9617.5,882.2,2.597,165,,2.597,24,2025-06-04 17:04:16,566045113.0,143797314.0
882.2,,9620.1,882.2,2.628,165,,2.628,24,2025-06-04 17:04:17,566045034.0,143796916.0
883.4000000000001,,9622.7,883.4000000000001,2.669,165,,2.669,24,2025-06-04 17:04:18,566044934.0,143796519.0
883.4000000000001,,9625.2,883.4000000000001,2.694,165,,2.694,24,2025-06-04 17:04:19,566044835.0,143796121.0
883.4000000000001,,9628.2,883.4000000000001,2.706,165,,2.706,24,2025-06-04 17:04:20,566044735.0,143795723.0
883.4000000000001,,9630.9,883.4000000000001,2.714,165,,2.714,24,2025-06-04 17:04:21,566044616.0,143795306.0
884.4000000000001,,9634.1,884.4000000000001,2.733,164,,2.733,24,2025-06-04 17:04:22,566044517.0,143794828.0
884.4000000000001,,9637.1,884.4000000000001,2.767,164,,2.767,24,2025-06-04 17:04:23,566044437.0,143794391.0
884.4000000000001,,9640.0,884.4000000000001,2.828,164,,2.828,24,2025-06-04 17:04:24,566044358.0,143794053.0
884.4000000000001,,9643.3,884.4000000000001,2.894,163,,2.894,24,2025-06-04 17:04:25,566044278.0,143793596.0
885.4000000000001,,9646.5,885.4000000000001,2.969,163,,2.969,24,2025-06-04 17:04:26,566044238.0,143793158.0
885.4000000000001,,9649.7,885.4000000000001,3.047,163,,3.047,24,2025-06-04 17:04:27,566044139.0,143792661.0
885.4000000000001,,9653.2,885.4000000000001,3.114,163,,3.114,24,2025-06-04 17:04:28,566044039.0,143792164.0
885.4000000000001,,9657.0,885.4000000000001,3.178,163,,3.178,24,2025-06-04 17:04:29,566043940.0,143791667.0
886.4000000000001,,9660.6,886.4000000000001,3.244,163,,3.244,24,2025-06-04 17:04:30,566043841.0,143791150.0
886.4000000000001,,9664.7,886.4000000000001,3.314,163,,3.314,24,2025-06-04 17:04:31,566043701.0,143790514.0
886.4000000000001,,9668.5,886.4000000000001,3.381,163,,3.381,24,2025-06-04 17:04:32,566043582.0,143789977.0
886.4000000000001,,9672.4,886.4000000000001,3.439,163,,3.439,24,2025-06-04 17:04:33,566043483.0,143789539.0
886.4000000000001,,9676.4,886.4000000000001,3.5,162,,3.5,24,2025-06-04 17:04:34,566043363.0,143788983.0
886.4000000000001,,9680.9,886.4000000000001,3.572,162,,3.572,24,2025-06-04 17:04:35,566043224.0,143788446.0
886.4000000000001,,9684.9,886.4000000000001,3.644,162,,3.644,24,2025-06-04 17:04:36,566043105.0,143787889.0
886.4000000000001,,9689.6,886.4000000000001,3.736,162,,3.736,24,2025-06-04 17:04:37,566042926.0,143787193.0
886.4000000000001,,9693.7,886.4000000000001,3.833,162,,3.833,24,2025-06-04 17:04:38,566042787.0,143786557.0
886.4000000000001,,9698.2,886.4000000000001,3.936,162,,3.936,24,2025-06-04 17:04:39,566042667.0,143785940.0
889.2,,9703.5,889.2,4.039,162,,4.039,24,2025-06-04 17:04:40,566042508.0,143785284.0
889.2,,9708.4,889.2,4.15,162,,4.15,24,2025-06-04 17:04:41,566042369.0,143784628.0
889.2,,9713.3,889.2,4.261,161,,4.261,24,2025-06-04 17:04:42,566042190.0,143783952.0
889.2,,9718.7,889.2,4.369,161,,4.369,24,2025-06-04 17:04:43,566042031.0,143783256.0
890.4000000000001,,9723.5,890.4000000000001,4.469,161,,4.469,24,2025-06-04 17:04:44,566041852.0,143782540.0
890.4000000000001,,9728.3,890.4000000000001,4.564,161,,4.564,24,2025-06-04 17:04:45,566041673.0,143781804.0
891.4000000000001,,9734.0,891.4000000000001,4.639,161,,4.639,24,2025-06-04 17:04:46,566041494.0,143781089.0
891.4000000000001,,9739.1,891.4000000000001,4.7,161,,4.7,24,2025-06-04 17:04:47,566041315.0,143780353.0
891.4000000000001,,9744.2,891.4000000000001,4.75,160,,4.75,24,2025-06-04 17:04:48,566041136.0,143779617.0
891.4000000000001,,9749.3,891.4000000000001,4.786,159,,4.786,24,2025-06-04 17:04:49,566040977.0,143778881.0
891.4000000000001,,9754.4,891.4000000000001,4.797,158,,4.797,24,2025-06-04 17:04:50,566040838.0,143778126.0
891.4000000000001,,9758.7,891.4000000000001,4.8,157,,4.8,24,2025-06-04 17:04:51,566040699.0,143777390.0
892.4000000000001,,9763.9,892.4000000000001,4.792,157,,4.792,24,2025-06-04 17:04:52,566040540.0,143776654.0
892.4000000000001,,9768.5,892.4000000000001,4.772,156,,4.772,24,2025-06-04 17:04:53,566040421.0,143775959.0
892.4000000000001,,9772.9,892.4000000000001,4.747,155,,4.747,24,2025-06-04 17:04:54,566040301.0,143775243.0
892.4000000000001,,9777.3,892.4000000000001,4.719,155,,4.719,24,2025-06-04 17:04:55,566040202.0,143774527.0
893.4000000000001,,9781.5,893.4000000000001,4.692,156,,4.692,24,2025-06-04 17:04:56,566040083.0,143773851.0
893.4000000000001,,9785.5,893.4000000000001,4.661,156,,4.661,24,2025-06-04 17:04:57,566039983.0,143773155.0
893.4000000000001,,9790.1,893.4000000000001,4.636,156,,4.636,24,2025-06-04 17:04:58,566039884.0,143772499.0
893.4000000000001,,9794.3,893.4000000000001,4.611,156,,4.611,24,2025-06-04 17:04:59,,
893.4000000000001,,9798.0,893.4000000000001,4.586,156,,4.586,24,2025-06-04 17:05:00,566039784.0,143771823.0
893.4000000000001,,9802.7,893.4000000000001,4.514,155,,4.514,24,2025-06-04 17:05:01,566039685.0,143771146.0
896.2,,9806.8,896.2,4.436,154,,4.436,24,2025-06-04 17:05:02,566039565.0,143770471.0
896.2,,9810.6,896.2,4.353,154,,4.353,24,2025-06-04 17:05:03,566039466.0,143769814.0
896.2,,9814.6,896.2,4.283,153,,4.283,24,2025-06-04 17:05:04,566039386.0,143769138.0
896.2,,9818.7,896.2,4.247,153,,4.247,24,2025-06-04 17:05:05,566039267.0,143768502.0
897.4000000000001,,9822.4,897.4000000000001,4.214,153,,4.214,24,2025-06-04 17:05:06,566039208.0,143767886.0
897.4000000000001,,9826.7,897.4000000000001,4.194,152,,4.194,24,2025-06-04 17:05:07,566039148.0,143767269.0
898.2,,9830.7,898.2,4.175,152,,4.175,24,2025-06-04 17:05:08,566039068.0,143766633.0
898.2,,9834.2,898.2,4.144,152,,4.144,24,2025-06-04 17:05:09,566039009.0,143765977.0
900.4000000000001,,9838.2,900.4000000000001,4.106,152,,4.106,24,2025-06-04 17:05:10,566038909.0,143765340.0
900.4000000000001,,9841.8,900.4000000000001,4.056,152,,4.056,24,2025-06-04 17:05:11,566038830.0,143764704.0
902.4000000000001,,9845.6,902.4000000000001,4.0,152,,4.0,24,2025-06-04 17:05:12,566038750.0,143764108.0
902.4000000000001,,9849.4,902.4000000000001,3.944,152,,3.944,24,2025-06-04 17:05:13,566038691.0,143763531.0
903.2,,9853.0,903.2,3.897,152,,3.897,24,2025-06-04 17:05:14,566038611.0,143762934.0
903.2,,9856.2,903.2,3.85,152,,3.85,24,2025-06-04 17:05:15,566038532.0,143762358.0
904.4000000000001,,9859.9,904.4000000000001,3.806,152,,3.806,24,2025-06-04 17:05:16,566038452.0,143761801.0
904.4000000000001,,9862.8,904.4000000000001,3.756,152,,3.756,24,2025-06-04 17:05:17,566038353.0,143761244.0
905.2,,9866.3,905.2,3.711,152,,3.711,24,2025-06-04 17:05:18,566038253.0,143760688.0
905.2,,9869.4,905.2,3.672,152,,3.672,24,2025-06-04 17:05:19,566038134.0,143760151.0
906.4000000000001,,9873.1,906.4000000000001,3.644,152,,3.644,24,2025-06-04 17:05:20,566038034.0,143759733.0
906.4000000000001,,9876.3,906.4000000000001,3.631,153,,3.631,24,2025-06-04 17:05:21,566037935.0,143759117.0
906.4000000000001,,9879.8,906.4000000000001,3.633,153,,3.633,24,2025-06-04 17:05:22,566037836.0,143758699.0
906.4000000000001,,9883.8,906.4000000000001,3.642,153,,3.642,24,2025-06-04 17:05:23,566037657.0,143758083.0
907.2,,9886.7,907.2,3.647,154,,3.647,24,2025-06-04 17:05:24,566037517.0,143757546.0
907.2,,9890.6,907.2,3.664,154,,3.664,24,2025-06-04 17:05:25,566037398.0,143757108.0
908.4000000000001,,9894.8,908.4000000000001,3.689,154,,3.689,24,2025-06-04 17:05:26,566037219.0,143756452.0
908.4000000000001,,9898.5,908.4000000000001,3.714,155,,3.714,24,2025-06-04 17:05:27,566037120.0,143756015.0
910.2,,9903.0,910.2,3.742,155,,3.742,24,2025-06-04 17:05:28,566036961.0,143755498.0
910.2,,9906.7,910.2,3.767,155,,3.767,24,2025-06-04 17:05:29,566036782.0,143754921.0
910.2,,9910.5,910.2,3.797,155,,3.797,24,2025-06-04 17:05:30,566036583.0,143754344.0
910.2,,9915.4,910.2,3.839,155,,3.839,24,2025-06-04 17:05:31,566036364.0,143753788.0
910.2,,9919.1,910.2,3.942,155,,3.942,24,2025-06-04 17:05:32,566036145.0,143753271.0
910.2,,9924.8,910.2,4.058,155,,4.058,24,2025-06-04 17:05:33,566035966.0,143752694.0
910.2,,9929.8,910.2,4.175,155,,4.175,24,2025-06-04 17:05:34,566035708.0,143752137.0
910.2,,9934.5,910.2,4.3,155,,4.3,24,2025-06-04 17:05:35,566035449.0,143751581.0
910.2,,9939.2,910.2,4.408,156,,4.408,24,2025-06-04 17:05:36,566035151.0,143750885.0
910.2,,9944.5,910.2,4.467,156,,4.467,24,2025-06-04 17:05:37,566034853.0,143750308.0
910.2,,9949.7,910.2,4.564,157,,4.564,24,2025-06-04 17:05:38,566034555.0,143749731.0
910.2,,9955.0,910.2,4.675,157,,4.675,24,2025-06-04 17:05:39,566034256.0,143749075.0
910.2,,9961.1,910.2,4.783,157,,4.783,24,2025-06-04 17:05:40,566033978.0,143748479.0
910.2,,9966.7,910.2,4.969,158,,4.969,24,2025-06-04 17:05:41,566033660.0,143747922.0
910.2,,9972.0,910.2,5.181,158,,5.181,24,2025-06-04 17:05:42,566033203.0,143747305.0
910.2,,9978.2,910.2,5.344,159,,5.344,24,2025-06-04 17:05:43,566032785.0,143746709.0
906.4000000000001,,9984.2,906.4000000000001,5.508,159,,5.508,24,2025-06-04 17:05:44,566032328.0,143746172.0
906.4000000000001,,9990.4,906.4000000000001,5.656,159,,5.656,24,2025-06-04 17:05:45,566031870.0,143745615.0
906.4000000000001,,9997.4,906.4000000000001,5.819,159,,5.819,24,2025-06-04 17:05:46,566031333.0,143745118.0
906.4000000000001,,10004.2,906.4000000000001,6.003,159,,6.003,24,2025-06-04 17:05:47,566030757.0,143744681.0
906.4000000000001,,10010.8,906.4000000000001,6.217,159,,6.217,24,2025-06-04 17:05:48,566030140.0,143744303.0
906.4000000000001,,10017.3,906.4000000000001,6.464,159,,6.464,24,2025-06-04 17:05:49,566029524.0,143744045.0
906.4000000000001,,10024.7,906.4000000000001,6.781,159,,6.781,24,2025-06-04 17:05:50,566028828.0,143743945.0
906.4000000000001,,10032.4,906.4000000000001,7.158,159,,7.158,24,2025-06-04 17:05:51,566028072.0,143744025.0
904.4000000000001,,10041.8,904.4000000000001,7.583,158,,7.583,24,2025-06-04 17:05:52,566027456.0,143744263.0
904.4000000000001,,10051.3,904.4000000000001,8.039,158,,8.039,24,2025-06-04 17:05:53,566026661.0,143744661.0
903.2,,10061.0,903.2,8.503,157,,8.503,24,2025-06-04 17:05:54,566025845.0,143745218.0
903.2,,10074.1,903.2,8.958,157,,8.958,24,2025-06-04 17:05:55,566024990.0,143745894.0
902.4000000000001,,10084.6,902.4000000000001,9.336,157,,9.336,24,2025-06-04 17:05:56,566024096.0,143746689.0
902.4000000000001,,10095.6,902.4000000000001,9.594,156,,9.594,24,2025-06-04 17:05:57,566023181.0,143747524.0
900.4000000000001,,10107.7,900.4000000000001,9.731,155,,9.731,24,2025-06-04 17:05:58,566022068.0,143748578.0
900.4000000000001,,10118.1,900.4000000000001,9.717,153,,9.717,24,2025-06-04 17:05:59,566021312.0,143749294.0
900.4000000000001,,10127.6,900.4000000000001,9.561,152,,9.561,24,2025-06-04 17:06:00,566020377.0,143750089.0
900.4000000000001,,10136.9,900.4000000000001,9.35,151,,9.35,24,2025-06-04 17:06:01,566019443.0,143750745.0
900.4000000000001,,10143.9,900.4000000000001,9.117,150,,9.117,24,2025-06-04 17:06:02,566018488.0,143751143.0
900.4000000000001,,10151.1,900.4000000000001,8.931,150,,8.931,24,2025-06-04 17:06:03,566017395.0,143751223.0
896.2,,10157.4,896.2,8.833,150,,8.833,24,2025-06-04 17:06:04,566016560.0,143750924.0
896.2,,10165.4,896.2,8.844,149,,8.844,24,2025-06-04 17:06:05,566015903.0,143750487.0
895.4000000000001,,10172.5,895.4000000000001,8.892,149,,8.892,24,2025-06-04 17:06:06,566015148.0,143749811.0
895.4000000000001,,10181.2,895.4000000000001,8.903,148,,8.903,24,2025-06-04 17:06:07,566014392.0,143748956.0
894.2,,10189.1,894.2,8.772,147,,8.772,24,2025-06-04 17:06:08,566013676.0,143747982.0
894.2,,10194.9,894.2,8.5,145,,8.5,24,2025-06-04 17:06:09,566012961.0,143746948.0
894.2,,10202.4,894.2,8.111,144,,8.111,24,2025-06-04 17:06:10,566012285.0,143745933.0
894.2,,10209.2,894.2,7.644,142,,7.644,24,2025-06-04 17:06:11,566011748.0,143744959.0
892.4000000000001,,10214.8,892.4000000000001,7.183,141,,7.183,24,2025-06-04 17:06:12,566011410.0,143744045.0
892.4000000000001,,10219.7,892.4000000000001,6.764,140,,6.764,24,2025-06-04 17:06:13,566011231.0,143743110.0
892.4000000000001,,10223.1,892.4000000000001,5.878,139,,5.878,24,2025-06-04 17:06:14,566011191.0,143742155.0
892.4000000000001,,10224.4,892.4000000000001,5.169,139,,5.169,24,2025-06-04 17:06:15,566011171.0,143741241.0
891.4000000000001,,10226.0,891.4000000000001,4.467,138,,4.467,24,2025-06-04 17:06:16,566011171.0,143740326.0
891.4000000000001,,10226.2,891.4000000000001,3.822,138,,3.822,24,2025-06-04 17:06:17,566011032.0,143739571.0
891.4000000000001,,10226.2,891.4000000000001,3.469,137,,3.469,24,2025-06-04 17:06:18,566010773.0,143739133.0
891.4000000000001,,10226.2,891.4000000000001,3.375,137,,3.375,24,2025-06-04 17:06:19,566010475.0,143738914.0
891.4000000000001,,10226.8,891.4000000000001,3.264,137,,3.264,24,2025-06-04 17:06:20,566010276.0,143739133.0
891.4000000000001,,10226.8,891.4000000000001,3.161,137,,3.161,24,2025-06-04 17:06:21,566010256.0,143739571.0
891.4000000000001,,10226.8,891.4000000000001,3.056,137,,3.056,25,2025-06-04 17:06:22,566010376.0,143740207.0
891.4000000000001,,10226.8,891.4000000000001,2.953,136,,2.953,25,2025-06-04 17:06:23,566010574.0,143740764.0
891.4000000000001,,10226.8,891.4000000000001,2.667,136,,2.667,25,2025-06-04 17:06:24,566010714.0,143741102.0
891.4000000000001,,10230.7,891.4000000000001,2.458,136,,2.458,25,2025-06-04 17:06:25,566010853.0,143741301.0
891.4000000000001,,10233.4,891.4000000000001,2.4,135,,2.4,25,2025-06-04 17:06:26,566011012.0,143741559.0
891.4000000000001,,10234.8,891.4000000000001,2.292,135,,2.292,25,2025-06-04 17:06:27,566011131.0,143741817.0
891.4000000000001,,10234.8,891.4000000000001,2.133,136,,2.133,25,2025-06-04 17:06:28,566011231.0,143742116.0
891.4000000000001,,10234.8,891.4000000000001,1.744,129,,1.744,25,2025-06-04 17:06:29,566011290.0,143742434.0
891.4000000000001,,10235.0,891.4000000000001,2.108,127,,2.108,25,2025-06-04 17:06:30,566011290.0,143742653.0
891.4000000000001,,10237.1,891.4000000000001,2.322,127,,2.322,25,2025-06-04 17:06:31,566011290.0,143742732.0
891.4000000000001,,10239.3,891.4000000000001,2.411,127,,2.411,25,2025-06-04 17:06:40,566011290.0,143742772.0
891.4000000000001,,10241.7,891.4000000000001,2.442,128,,2.442,25,2025-06-04 17:06:41,566011171.0,143744263.0
892.4000000000001,,10244.5,892.4000000000001,2.444,128,,2.444,25,2025-06-04 17:06:42,566011270.0,143744681.0
892.4000000000001,,10247.8,892.4000000000001,2.483,128,,2.483,25,2025-06-04 17:06:43,566011410.0,143745039.0
892.4000000000001,,10251.4,892.4000000000001,2.517,129,,2.517,25,2025-06-04 17:06:44,566011589.0,143745377.0
893.4000000000001,,10255.8,893.4000000000001,2.553,130,,2.553,25,2025-06-04 17:06:45,566011787.0,143745695.0
893.4000000000001,,10260.2,893.4000000000001,2.581,130,,2.581,25,2025-06-04 17:06:46,566012046.0,143746013.0
893.4000000000001,,10265.0,893.4000000000001,2.653,131,,2.653,25,2025-06-04 17:06:47,566012304.0,143746351.0
893.4000000000001,,10268.8,893.4000000000001,2.672,131,,2.672,25,2025-06-04 17:06:48,566012543.0,143746709.0
893.4000000000001,,10272.0,893.4000000000001,2.711,132,,2.711,25,2025-06-04 17:06:49,566012861.0,143747127.0
893.4000000000001,,10275.6,893.4000000000001,2.764,132,,2.764,25,2025-06-04 17:06:50,566013100.0,143747484.0
894.2,,10279.9,894.2,2.828,133,,2.828,25,2025-06-04 17:06:51,566013318.0,143747763.0
894.2,,10284.2,894.2,2.892,133,,2.892,25,2025-06-04 17:06:52,566013597.0,143748121.0
894.2,,10287.5,894.2,2.953,134,,2.953,25,2025-06-04 17:06:53,566013915.0,143748578.0
894.2,,10291.7,894.2,3.014,134,,3.014,25,2025-06-04 17:06:54,566014273.0,143748976.0
894.2,,10295.8,894.2,3.075,134,,3.075,25,2025-06-04 17:06:55,566014531.0,143749274.0
894.2,,10299.9,894.2,3.131,135,,3.131,25,2025-06-04 17:06:56,566014869.0,143749652.0
894.2,,10303.6,894.2,3.186,135,,3.186,25,2025-06-04 17:06:57,566015207.0,143750010.0
894.2,,10307.7,894.2,3.25,136,,3.25,25,2025-06-04 17:06:58,566015585.0,143750447.0
894.2,,10311.2,894.2,3.286,137,,3.286,25,2025-06-04 17:06:59,566015844.0,143750706.0
894.2,,10314.7,894.2,3.3,138,,3.3,25,2025-06-04 17:07:00,566016162.0,143751024.0
894.2,,10317.7,894.2,3.297,139,,3.297,25,2025-06-04 17:07:01,566016460.0,143751302.0
894.2,,10320.9,894.2,3.289,140,,3.289,25,2025-06-04 17:07:02,566016778.0,143751561.0
894.2,,10324.2,894.2,3.269,141,,3.269,25,2025-06-04 17:07:03,566017096.0,143751779.0
894.2,,10326.9,894.2,3.25,142,,3.25,25,2025-06-04 17:07:04,566017415.0,143751958.0
896.2,,10329.2,896.2,3.222,143,,3.222,25,2025-06-04 17:07:05,566017733.0,143752117.0
896.2,,10332.4,896.2,3.2,144,,3.2,25,2025-06-04 17:07:06,566018051.0,143752237.0
897.4000000000001,,10335.2,897.4000000000001,3.189,144,,3.189,25,2025-06-04 17:07:07,566018349.0,143752316.0
897.4000000000001,,10337.9,897.4000000000001,3.181,145,,3.181,25,2025-06-04 17:07:08,566018667.0,143752416.0
897.4000000000001,,10340.9,897.4000000000001,3.178,145,,3.178,25,2025-06-04 17:07:09,566018985.0,143752456.0
897.4000000000001,,10343.7,897.4000000000001,3.181,145,,3.181,25,2025-06-04 17:07:10,566019304.0,143752456.0
897.4000000000001,,10346.9,897.4000000000001,3.206,146,,3.206,25,2025-06-04 17:07:11,566019642.0,143752396.0
897.4000000000001,,10350.4,897.4000000000001,3.244,146,,3.244,25,2025-06-04 17:07:12,566019960.0,143752277.0
898.2,,10353.6,898.2,3.292,147,,3.292,25,2025-06-04 17:07:13,566020338.0,143752038.0
898.2,,10357.6,898.2,3.347,147,,3.347,25,2025-06-04 17:07:14,566020656.0,143751779.0
898.2,,10361.5,898.2,3.397,148,,3.397,25,2025-06-04 17:07:15,566020914.0,143751501.0
898.2,,10365.1,898.2,3.436,148,,3.436,25,2025-06-04 17:07:16,566021292.0,143751064.0
899.4000000000001,,10368.9,899.4000000000001,3.453,148,,3.453,25,2025-06-04 17:07:17,566021610.0,143750706.0
899.4000000000001,,10373.4,899.4000000000001,3.489,149,,3.489,25,2025-06-04 17:07:18,566021869.0,143750407.0
899.4000000000001,,10377.3,899.4000000000001,3.514,149,,3.514,25,2025-06-04 17:07:19,566022167.0,143750049.0
899.4000000000001,,10380.8,899.4000000000001,3.533,150,,3.533,25,2025-06-04 17:07:20,566022565.0,143749652.0
899.4000000000001,,10384.9,899.4000000000001,3.544,151,,3.544,25,2025-06-04 17:07:21,566022863.0,143749354.0
899.4000000000001,,10388.6,899.4000000000001,3.564,152,,3.564,25,2025-06-04 17:07:22,566023181.0,143749015.0
899.4000000000001,,10391.8,899.4000000000001,3.589,152,,3.589,25,2025-06-04 17:07:23,566023519.0,143748697.0
899.4000000000001,,10395.8,899.4000000000001,3.597,153,,3.597,25,2025-06-04 17:07:24,566023837.0,143748399.0
900.4000000000001,,10399.5,900.4000000000001,3.603,154,,3.603,25,2025-06-04 17:07:25,566024175.0,143748101.0
900.4000000000001,,10402.6,900.4000000000001,3.603,154,,3.603,25,2025-06-04 17:07:26,566024493.0,143747743.0
900.4000000000001,,10405.8,900.4000000000001,3.589,155,,3.589,25,2025-06-04 17:07:27,566024772.0,143747465.0
900.4000000000001,,10409.3,900.4000000000001,3.564,156,,3.564,25,2025-06-04 17:07:28,566025010.0,143747226.0
901.4000000000001,,10412.1,901.4000000000001,3.536,156,,3.536,25,2025-06-04 17:07:29,566025388.0,143746908.0
901.4000000000001,,10415.2,901.4000000000001,3.458,156,,3.458,25,2025-06-04 17:07:30,566025706.0,143746649.0
901.4000000000001,,10417.9,901.4000000000001,3.25,156,,3.25,25,2025-06-04 17:07:31,566025985.0,143746411.0
901.4000000000001,,10420.1,901.4000000000001,3.133,157,,3.133,25,2025-06-04 17:07:32,566026243.0,143746152.0
901.4000000000001,,10422.9,901.4000000000001,3.139,157,,3.139,25,2025-06-04 17:07:33,566026482.0,143745933.0
901.4000000000001,,10426.0,901.4000000000001,3.133,157,,3.133,25,2025-06-04 17:07:34,566026720.0,143745695.0
901.4000000000001,,10429.3,901.4000000000001,3.15,157,,3.15,25,2025-06-04 17:07:35,566026999.0,143745476.0
901.4000000000001,,10431.9,901.4000000000001,3.169,157,,3.169,25,2025-06-04 17:07:36,566027317.0,143745277.0
903.2,,10434.9,903.2,3.189,157,,3.189,25,2025-06-04 17:07:37,566027655.0,143745118.0
903.2,,10438.1,903.2,3.206,157,,3.206,25,2025-06-04 17:07:38,566027993.0,143744979.0
903.2,,10441.5,903.2,3.217,157,,3.217,25,2025-06-04 17:07:39,566028331.0,143744880.0
903.2,,10445.1,903.2,3.219,157,,3.219,25,2025-06-04 17:07:40,566028669.0,143744760.0
903.2,,10448.6,903.2,3.219,157,,3.219,25,2025-06-04 17:07:41,566029027.0,143744721.0
903.2,,10451.8,903.2,3.211,157,,3.211,25,2025-06-04 17:07:42,566029385.0,143744681.0
903.2,,10455.2,903.2,3.197,156,,3.197,25,2025-06-04 17:07:43,566029723.0,143744701.0
903.2,,10458.1,903.2,3.192,156,,3.192,25,2025-06-04 17:07:44,566030041.0,143744760.0
903.2,,10460.9,903.2,3.192,157,,3.192,25,2025-06-04 17:07:45,566030419.0,143744880.0
903.2,,10464.2,903.2,3.2,158,,3.2,25,2025-06-04 17:07:46,566030737.0,143744959.0
904.4000000000001,,10467.3,904.4000000000001,3.211,159,,3.211,25,2025-06-04 17:07:47,566030976.0,143745039.0
904.4000000000001,,10470.7,904.4000000000001,3.231,159,,3.231,25,2025-06-04 17:07:48,566031333.0,143745238.0
904.4000000000001,,10474.2,904.4000000000001,3.25,159,,3.25,25,2025-06-04 17:07:49,566031672.0,143745496.0
904.4000000000001,,10477.7,904.4000000000001,3.272,159,,3.272,25,2025-06-04 17:07:50,566031970.0,143745814.0
904.4000000000001,,10481.6,904.4000000000001,3.297,159,,3.297,25,2025-06-04 17:07:51,566032288.0,143746152.0
904.4000000000001,,10485.2,904.4000000000001,3.322,159,,3.322,25,2025-06-04 17:07:52,566032586.0,143746510.0
904.4000000000001,,10488.8,904.4000000000001,3.378,159,,3.378,25,2025-06-04 17:07:53,566032904.0,143746888.0
904.4000000000001,,10493.7,904.4000000000001,3.439,159,,3.439,25,2025-06-04 17:07:54,566033203.0,143747305.0
904.4000000000001,,10497.8,904.4000000000001,3.514,160,,3.514,25,2025-06-04 17:07:55,566033461.0,143747743.0
904.4000000000001,,10501.9,904.4000000000001,3.722,160,,3.722,25,2025-06-04 17:07:56,566033739.0,143748200.0
904.4000000000001,,10506.5,904.4000000000001,3.933,159,,3.933,25,2025-06-04 17:07:57,566033998.0,143748697.0
904.4000000000001,,10511.2,904.4000000000001,4.111,159,,4.111,25,2025-06-04 17:07:58,566034256.0,143749214.0
904.4000000000001,,10515.9,904.4000000000001,4.267,159,,4.267,25,2025-06-04 17:07:59,566034555.0,143749751.0
904.4000000000001,,10520.9,904.4000000000001,4.397,159,,4.397,25,2025-06-04 17:08:00,566034853.0,143750328.0
905.2,,10525.9,905.2,4.481,159,,4.481,25,2025-06-04 17:08:01,566035191.0,143750924.0
905.2,,10530.6,905.2,4.567,159,,4.567,25,2025-06-04 17:08:02,566035489.0,143751481.0
905.2,,10536.4,905.2,4.653,159,,4.653,25,2025-06-04 17:08:03,566035748.0,143752098.0
905.2,,10541.9,905.2,5.414,159,,5.414,25,2025-06-04 17:08:04,566035986.0,143752754.0
905.2,,10548.1,905.2,5.536,159,,5.536,25,2025-06-04 17:08:05,566036265.0,143753470.0
905.2,,10554.4,905.2,5.742,159,,5.742,25,2025-06-04 17:08:06,566036483.0,143754245.0
905.2,,10561.9,905.2,6.028,159,,6.028,25,2025-06-04 17:08:07,566036702.0,143755080.0
905.2,,10568.7,905.2,6.378,159,,6.378,25,2025-06-04 17:08:08,566036981.0,143755955.0
905.2,,10577.4,905.2,6.786,159,,6.786,25,2025-06-04 17:08:09,566037398.0,143757049.0
905.2,,10585.4,905.2,7.225,159,,7.225,25,2025-06-04 17:08:10,566037736.0,143758063.0
905.2,,10594.9,905.2,7.75,159,,7.75,25,2025-06-04 17:08:11,566038034.0,143759196.0
905.2,,10606.0,905.2,8.317,159,,8.317,25,2025-06-04 17:08:12,566038253.0,143760170.0
901.4000000000001,,10617.4,901.4000000000001,8.928,158,,8.928,25,2025-06-04 17:08:13,566038532.0,143761503.0
901.4000000000001,,10628.8,901.4000000000001,9.533,157,,9.533,25,2025-06-04 17:08:14,566038810.0,143763193.0
899.4000000000001,,10642.2,899.4000000000001,10.125,157,,10.125,25,2025-06-04 17:08:15,566038909.0,143764883.0
899.4000000000001,,10654.9,899.4000000000001,10.611,156,,10.611,25,2025-06-04 17:08:16,566039029.0,143766613.0
898.2,,10667.5,898.2,10.997,156,,10.997,25,2025-06-04 17:08:17,566039188.0,143768442.0
898.2,,10682.0,898.2,11.272,155,,11.272,25,2025-06-04 17:08:18,566039347.0,143770292.0
897.4000000000001,,10696.2,897.4000000000001,11.461,155,,11.461,25,2025-06-04 17:08:19,566039585.0,143772141.0
897.4000000000001,,10709.5,897.4000000000001,11.581,155,,11.581,25,2025-06-04 17:08:20,566039844.0,143773990.0
897.4000000000001,,10721.7,897.4000000000001,11.614,154,,11.614,25,2025-06-04 17:08:21,566040122.0,143775799.0
897.4000000000001,,10732.7,897.4000000000001,11.6,153,,11.6,25,2025-06-04 17:08:22,566040401.0,143777609.0
897.4000000000001,,10744.7,897.4000000000001,11.528,153,,11.528,25,2025-06-04 17:08:23,566040699.0,143779418.0
897.4000000000001,,10756.8,897.4000000000001,11.425,153,,11.425,25,2025-06-04 17:08:24,566040977.0,143780830.0
896.2,,10766.2,896.2,11.289,152,,11.289,25,2025-06-04 17:08:25,566041395.0,143782858.0
896.2,,10776.5,896.2,11.153,152,,11.153,25,2025-06-04 17:08:26,566041753.0,143784529.0
895.4000000000001,,10788.2,895.4000000000001,11.008,152,,11.008,25,2025-06-04 17:08:27,566042031.0,143785821.0
895.4000000000001,,10798.3,895.4000000000001,10.886,151,,10.886,25,2025-06-04 17:08:28,566042409.0,143787452.0
895.4000000000001,,10806.6,895.4000000000001,10.772,151,,10.772,25,2025-06-04 17:08:29,566042827.0,143789360.0
895.4000000000001,,10817.2,895.4000000000001,10.717,150,,10.717,25,2025-06-04 17:08:30,566043184.0,143790931.0
894.2,,10829.3,894.2,10.725,150,,10.725,25,2025-06-04 17:08:31,566043463.0,143792164.0
894.2,,10836.7,894.2,10.819,150,,10.819,25,2025-06-04 17:08:32,566043821.0,143793715.0
893.4000000000001,,10848.3,893.4000000000001,11.008,150,,11.008,25,2025-06-04 17:08:33,566044218.0,143795604.0
893.4000000000001,,10860.7,893.4000000000001,11.306,150,,11.306,25,2025-06-04 17:08:34,566044497.0,143796936.0
892.4000000000001,,10874.2,892.4000000000001,11.656,150,,11.656,25,2025-06-04 17:08:35,566044815.0,143798646.0
892.4000000000001,,10886.3,892.4000000000001,12.05,150,,12.05,25,2025-06-04 17:08:36,566045153.0,143800436.0
892.4000000000001,,10900.3,892.4000000000001,12.461,148,,12.461,25,2025-06-04 17:08:37,566045531.0,143802723.0
892.4000000000001,,10914.7,892.4000000000001,12.858,146,,12.858,25,2025-06-04 17:08:38,566045829.0,143804751.0
892.4000000000001,,10929.3,892.4000000000001,13.217,146,,13.217,25,2025-06-04 17:08:39,566046087.0,143806839.0
892.4000000000001,,10943.4,892.4000000000001,13.536,146,,13.536,25,2025-06-04 17:08:40,566046326.0,143808966.0
887.2,,10960.0,887.2,13.828,146,,13.828,25,2025-06-04 17:08:41,566046525.0,143810716.0
887.2,,10977.3,887.2,14.075,146,,14.075,25,2025-06-04 17:08:42,566046783.0,143812923.0
885.4000000000001,,10993.1,885.4000000000001,14.278,146,,14.278,25,2025-06-04 17:08:43,566047082.0,143815170.0
885.4000000000001,,11006.9,885.4000000000001,14.406,145,,14.406,25,2025-06-04 17:08:44,566047519.0,143817854.0
884.4000000000001,,11023.1,884.4000000000001,14.475,144,,14.475,25,2025-06-04 17:08:45,566047957.0,143820101.0
884.4000000000001,,11038.2,884.4000000000001,14.483,144,,14.483,25,2025-06-04 17:08:46,566048493.0,143822288.0
883.4000000000001,,11052.1,883.4000000000001,14.444,143,,14.444,25,2025-06-04 17:08:47,566049110.0,143824416.0
883.4000000000001,,11069.4,883.4000000000001,14.372,143,,14.372,25,2025-06-04 17:08:48,566049806.0,143826424.0
882.2,,11083.7,882.2,14.297,143,,14.297,25,2025-06-04 17:08:49,566050581.0,143828353.0
882.2,,11097.5,882.2,14.211,142,,14.211,25,2025-06-04 17:08:50,566051416.0,143830222.0
882.2,,11109.8,882.2,14.114,142,,14.114,25,2025-06-04 17:08:51,566052271.0,143832032.0
882.2,,11123.3,882.2,14.019,142,,14.019,25,2025-06-04 17:08:52,566053146.0,143833801.0
880.2,,11135.4,880.2,13.931,141,,13.931,25,2025-06-04 17:08:53,566054041.0,143835551.0
880.2,,11149.9,880.2,13.828,141,,13.828,25,2025-06-04 17:08:54,566054896.0,143837301.0
879.4000000000001,,11163.3,879.4000000000001,13.728,140,,13.728,25,2025-06-04 17:08:55,566055751.0,143839031.0
879.4000000000001,,11176.3,879.4000000000001,13.614,140,,13.614,25,2025-06-04 17:08:56,566056586.0,143840781.0
880.2,,11189.2,880.2,13.494,139,,13.494,25,2025-06-04 17:08:57,566057401.0,143842531.0
880.2,,11200.5,880.2,13.403,139,,13.403,25,2025-06-04 17:08:58,566058137.0,143844320.0
880.2,,11214.5,880.2,13.358,139,,13.358,25,2025-06-04 17:08:59,566058833.0,143846129.0
880.2,,11227.1,880.2,13.372,138,,13.372,25,2025-06-04 17:09:00,566059330.0,143847581.0
879.4000000000001,,11240.5,879.4000000000001,13.456,138,,13.456,25,2025-06-04 17:09:01,566059947.0,143849848.0
879.4000000000001,,11252.8,879.4000000000001,13.594,138,,13.594,25,2025-06-04 17:09:02,566060404.0,143851836.0
879.4000000000001,,11267.6,879.4000000000001,13.756,138,,13.756,25,2025-06-04 17:09:03,566060802.0,143853904.0
879.4000000000001,,11281.5,879.4000000000001,13.903,137,,13.903,25,2025-06-04 17:09:04,566061060.0,143856072.0
878.2,,11295.6,878.2,14.003,137,,14.003,25,2025-06-04 17:09:05,566061219.0,143858279.0
878.2,,11308.7,878.2,14.036,137,,14.036,25,2025-06-04 17:09:06,566061319.0,143860526.0
878.2,,11324.1,878.2,14.014,137,,14.014,25,2025-06-04 17:09:07,566061398.0,143862792.0
878.2,,11335.6,878.2,13.942,137,,13.942,25,2025-06-04 17:09:08,566061438.0,143864582.0
875.4000000000001,,11350.5,875.4000000000001,13.85,137,,13.85,25,2025-06-04 17:09:09,566061498.0,143866769.0
875.4000000000001,,11365.3,875.4000000000001,13.772,137,,13.772,25,2025-06-04 17:09:10,566061517.0,143868897.0
875.4000000000001,,11376.2,875.4000000000001,13.733,136,,13.733,25,2025-06-04 17:09:11,566061557.0,143871024.0
875.4000000000001,,11390.6,875.4000000000001,13.733,135,,13.733,25,2025-06-04 17:09:12,566061617.0,143873570.0
875.4000000000001,,11403.7,875.4000000000001,13.764,136,,13.764,25,2025-06-04 17:09:13,566061637.0,143875280.0
875.4000000000001,,11416.5,875.4000000000001,13.822,136,,13.822,25,2025-06-04 17:09:14,566061696.0,143877427.0
869.2,,11432.2,869.2,13.897,136,,13.897,25,2025-06-04 17:09:15,566061736.0,143879594.0
869.2,,11446.1,869.2,13.986,137,,13.986,25,2025-06-04 17:09:16,566061836.0,143881782.0
867.4000000000001,,11459.3,867.4000000000001,14.081,138,,14.081,25,2025-06-04 17:09:17,566061895.0,143883989.0
867.4000000000001,,11474.8,867.4000000000001,14.194,138,,14.194,25,2025-06-04 17:09:18,566062015.0,143886216.0
865.4000000000001,,11487.9,865.4000000000001,14.317,139,,14.317,25,2025-06-04 17:09:19,566062154.0,143888443.0
865.4000000000001,,11504.3,865.4000000000001,14.45,140,,14.45,25,2025-06-04 17:09:20,566062373.0,143890690.0
863.4000000000001,,11521.2,863.4000000000001,14.586,140,,14.586,25,2025-06-04 17:09:21,566062611.0,143892937.0
863.4000000000001,,11537.0,863.4000000000001,14.731,140,,14.731,25,2025-06-04 17:09:22,566062909.0,143895223.0
861.4000000000001,,11551.7,861.4000000000001,14.875,140,,14.875,25,2025-06-04 17:09:23,566063327.0,143897967.0
861.4000000000001,,11568.6,861.4000000000001,15.014,140,,15.014,25,2025-06-04 17:09:24,566063745.0,143900254.0
860.4000000000001,,11584.9,860.4000000000001,15.131,140,,15.131,25,2025-06-04 17:09:25,566064222.0,143902521.0
860.4000000000001,,11599.8,860.4000000000001,15.231,139,,15.231,25,2025-06-04 17:09:26,566064739.0,143904808.0
859.4000000000001,,11617.1,859.4000000000001,15.342,139,,15.342,25,2025-06-04 17:09:27,566065315.0,143907094.0
859.4000000000001,,11632.9,859.4000000000001,15.458,139,,15.458,25,2025-06-04 17:09:28,566065892.0,143909381.0
857.2,,11648.4,857.2,15.586,139,,15.586,25,2025-06-04 17:09:29,566066489.0,143911628.0
857.2,,11664.0,857.2,15.736,138,,15.736,25,2025-06-04 17:09:30,566067085.0,143913895.0
857.2,,11680.5,857.2,15.889,138,,15.889,25,2025-06-04 17:09:31,566067721.0,143916221.0
857.2,,11695.8,857.2,16.003,138,,16.003,25,2025-06-04 17:09:32,566068358.0,143918587.0
855.2,,11713.6,855.2,16.058,139,,16.058,25,2025-06-04 17:09:33,566069014.0,143920953.0
855.2,,11729.9,855.2,16.058,139,,16.058,25,2025-06-04 17:09:34,566069670.0,143923339.0
855.2,,11746.1,855.2,15.994,139,,15.994,25,2025-06-04 17:09:35,566070326.0,143925706.0
855.2,,11762.1,855.2,15.878,139,,15.878,25,2025-06-04 17:09:36,566070962.0,143928052.0
853.2,,11778.0,853.2,15.736,139,,15.736,25,2025-06-04 17:09:37,566071579.0,143930359.0
853.2,,11792.3,853.2,15.581,139,,15.581,25,2025-06-04 17:09:38,566072195.0,143932645.0
852.4000000000001,,11808.0,852.4000000000001,15.403,139,,15.403,25,2025-06-04 17:09:39,566072772.0,143934892.0
852.4000000000001,,11822.7,852.4000000000001,15.228,140,,15.228,25,2025-06-04 17:09:40,566073329.0,143937119.0
851.4000000000001,,11836.0,851.4000000000001,15.061,140,,15.061,25,2025-06-04 17:09:41,566073826.0,143939366.0
851.4000000000001,,11850.7,851.4000000000001,14.897,141,,14.897,25,2025-06-04 17:09:42,566074303.0,143941593.0
851.4000000000001,,11864.5,851.4000000000001,14.753,142,,14.753,25,2025-06-04 17:09:43,566074701.0,143943800.0
851.4000000000001,,11877.7,851.4000000000001,14.642,143,,14.642,25,2025-06-04 17:09:44,566075059.0,143946007.0
850.2,,11892.1,850.2,14.569,144,,14.569,25,2025-06-04 17:09:45,566075377.0,143948215.0
850.2,,11905.4,850.2,14.519,145,,14.519,25,2025-06-04 17:09:46,566075655.0,143950422.0
850.2,,11919.0,850.2,14.483,145,,14.483,25,2025-06-04 17:09:47,566075894.0,143952649.0
850.2,,11934.1,850.2,14.447,146,,14.447,25,2025-06-04 17:09:48,566076073.0,143954896.0
850.2,,11948.0,850.2,14.411,146,,14.411,25,2025-06-04 17:09:49,566076232.0,143957162.0
850.2,,11962.3,850.2,14.344,146,,14.344,25,2025-06-04 17:09:50,566076391.0,143959409.0
847.4000000000001,,11976.3,847.4000000000001,14.256,146,,14.256,25,2025-06-04 17:09:51,566076570.0,143961636.0
847.4000000000001,,11990.2,847.4000000000001,14.136,146,,14.136,25,2025-06-04 17:09:52,566076788.0,143963843.0
846.2,,12002.8,846.2,14.006,147,,14.006,25,2025-06-04 17:09:53,566077067.0,143966031.0
846.2,,12017.0,846.2,13.842,147,,13.842,25,2025-06-04 17:09:54,566077445.0,143968138.0
846.2,,12030.2,846.2,13.647,147,,13.647,25,2025-06-04 17:09:55,566077902.0,143970167.0
846.2,,12041.7,846.2,13.442,147,,13.442,25,2025-06-04 17:09:56,566078439.0,143972115.0
846.2,,12054.9,846.2,13.225,147,,13.225,25,2025-06-04 17:09:57,566079055.0,143974004.0
846.2,,12066.9,846.2,13.019,147,,13.019,25,2025-06-04 17:09:58,566079751.0,143975774.0
845.4000000000001,,12078.1,845.4000000000001,12.819,147,,12.819,25,2025-06-04 17:09:59,566080487.0,143977404.0
845.4000000000001,,12090.2,845.4000000000001,12.647,147,,12.647,25,2025-06-04 17:10:00,566081282.0,143978975.0
843.4000000000001,,12101.7,843.4000000000001,12.522,147,,12.522,25,2025-06-04 17:10:01,566082078.0,143980486.0
843.4000000000001,,12112.1,843.4000000000001,12.431,147,,12.431,25,2025-06-04 17:10:02,566082933.0,143981978.0
843.4000000000001,,12124.9,843.4000000000001,12.328,147,,12.328,25,2025-06-04 17:10:03,566083788.0,143983389.0
843.4000000000001,,12136.0,843.4000000000001,12.242,147,,12.242,25,2025-06-04 17:10:04,566084643.0,143984781.0
843.4000000000001,,12147.8,843.4000000000001,12.156,146,,12.156,25,2025-06-04 17:10:05,566085518.0,143986233.0
843.4000000000001,,12159.5,843.4000000000001,12.028,146,,12.028,25,2025-06-04 17:10:06,566086373.0,143987665.0
843.4000000000001,,12169.6,843.4000000000001,11.858,145,,11.858,25,2025-06-04 17:10:07,566087188.0,143989076.0
843.4000000000001,,12181.1,843.4000000000001,11.667,145,,11.667,25,2025-06-04 17:10:08,566087963.0,143990528.0
841.2,,12192.4,841.2,11.453,145,,11.453,24,2025-06-04 17:10:09,566088560.0,143991681.0
841.2,,12202.6,841.2,11.225,145,,11.225,25,2025-06-04 17:10:10,566089375.0,143993431.0
841.2,,12211.0,841.2,10.997,145,,10.997,24,2025-06-04 17:10:11,566089972.0,143994883.0
841.2,,12221.5,841.2,10.8,145,,10.8,24,2025-06-04 17:10:12,566090528.0,143996334.0
841.2,,12231.9,841.2,10.647,145,,10.647,24,2025-06-04 17:10:13,566090926.0,143997507.0
841.2,,12241.3,841.2,10.561,144,,10.561,24,2025-06-04 17:10:14,566091403.0,143998959.0
841.2,,12251.3,841.2,10.558,143,,10.558,24,2025-06-04 17:10:15,566091940.0,144000689.0
841.2,,12262.6,841.2,10.636,143,,10.636,24,2025-06-04 17:10:16,566092378.0,144002160.0
841.2,,12271.2,841.2,10.794,143,,10.794,24,2025-06-04 17:10:17,566092815.0,144003651.0
841.2,,12283.1,841.2,11.011,143,,11.011,24,2025-06-04 17:10:18,566093253.0,144005222.0
840.4000000000001,,12295.0,840.4000000000001,11.264,142,,11.264,24,2025-06-04 17:10:19,566093730.0,144006833.0
840.4000000000001,,12308.3,840.4000000000001,11.544,142,,11.544,24,2025-06-04 17:10:20,566094187.0,144008503.0
840.4000000000001,,12321.1,840.4000000000001,11.817,142,,11.817,24,2025-06-04 17:10:21,566094644.0,144010253.0
840.4000000000001,,12333.5,840.4000000000001,12.05,142,,12.05,24,2025-06-04 17:10:22,566095082.0,144012043.0
841.2,,12347.0,841.2,12.239,142,,12.239,24,2025-06-04 17:10:23,566095519.0,144013892.0
841.2,,12360.3,841.2,12.356,143,,12.356,24,2025-06-04 17:10:24,566095997.0,144015801.0
841.2,,12372.3,841.2,12.367,143,,12.367,24,2025-06-04 17:10:25,566096434.0,144017690.0
841.2,,12384.0,841.2,12.311,144,,12.311,24,2025-06-04 17:10:26,566096852.0,144019579.0
841.2,,12398.5,841.2,12.208,146,,12.208,24,2025-06-04 17:10:27,566097190.0,144021070.0
841.2,,12410.4,841.2,12.078,147,,12.078,24,2025-06-04 17:10:28,566097548.0,144022919.0
841.2,,12421.9,841.2,11.933,148,,11.933,24,2025-06-04 17:10:29,566097886.0,144025086.0
841.2,,12432.2,841.2,11.811,149,,11.811,24,2025-06-04 17:10:30,566098124.0,144026876.0
841.2,,12444.4,841.2,11.711,150,,11.711,24,2025-06-04 17:10:31,566098303.0,144028686.0
841.2,,12454.4,841.2,11.636,150,,11.636,24,2025-06-04 17:10:32,566098422.0,144030117.0
841.2,,12466.3,841.2,11.6,150,,11.6,24,2025-06-04 17:10:33,566098542.0,144032265.0
841.2,,12477.4,841.2,11.608,151,,11.608,24,2025-06-04 17:10:34,566098582.0,144034054.0
839.2,,12489.8,839.2,11.653,151,,11.653,24,2025-06-04 17:10:35,566098641.0,144035844.0
839.2,,12500.4,839.2,11.736,151,,11.736,24,2025-06-04 17:10:36,566098681.0,144037295.0
836.4000000000001,,12512.1,836.4000000000001,11.85,152,,11.85,24,2025-06-04 17:10:37,566098701.0,144039502.0
836.4000000000001,,12523.9,836.4000000000001,11.989,152,,11.989,24,2025-06-04 17:10:38,566098721.0,144041391.0
835.4000000000001,,12537.0,835.4000000000001,12.161,152,,12.161,24,2025-06-04 17:10:39,566098701.0,144043280.0
835.4000000000001,,12549.7,835.4000000000001,12.358,152,,12.358,24,2025-06-04 17:10:40,566098681.0,144045209.0
834.2,,12560.8,834.2,12.583,153,,12.583,24,2025-06-04 17:10:41,566098661.0,144046780.0
834.2,,12576.6,834.2,12.819,153,,12.819,24,2025-06-04 17:10:42,566098621.0,144049166.0
832.2,,12591.7,832.2,13.075,154,,13.075,24,2025-06-04 17:10:43,566098582.0,144050836.0
832.2,,12603.4,832.2,13.314,154,,13.314,24,2025-06-04 17:10:44,566098522.0,144053342.0
831.4000000000001,,12619.1,831.4000000000001,13.564,154,,13.564,24,2025-06-04 17:10:45,566098422.0,144055489.0
831.4000000000001,,12632.4,831.4000000000001,13.808,154,,13.808,24,2025-06-04 17:10:46,566098303.0,144057219.0
828.4000000000001,,12646.2,828.4000000000001,14.05,154,,14.05,24,2025-06-04 17:10:47,566098065.0,144059864.0
828.4000000000001,,12663.7,828.4000000000001,14.286,154,,14.286,24,2025-06-04 17:10:48,566097866.0,144061634.0
827.4000000000001,,12677.8,827.4000000000001,14.517,154,,14.517,24,2025-06-04 17:10:49,566097567.0,144063900.0
827.4000000000001,,12693.3,827.4000000000001,14.747,153,,14.747,24,2025-06-04 17:10:50,566097249.0,144066187.0
827.4000000000001,,12709.1,827.4000000000001,14.969,153,,14.969,24,2025-06-04 17:10:51,566096911.0,144068494.0
827.4000000000001,,12726.9,827.4000000000001,15.197,152,,15.197,24,2025-06-04 17:10:52,566096533.0,144070820.0
827.4000000000001,,12744.1,827.4000000000001,15.436,152,,15.436,24,2025-06-04 17:10:53,566096136.0,144073166.0
827.4000000000001,,12758.7,827.4000000000001,15.683,152,,15.683,24,2025-06-04 17:10:54,566095678.0,144076069.0
820.4000000000001,,12779.2,820.4000000000001,15.894,151,,15.894,24,2025-06-04 17:10:55,566095281.0,144078495.0
820.4000000000001,,12795.2,820.4000000000001,16.081,150,,16.081,24,2025-06-04 17:10:56,566094963.0,144080484.0
817.4000000000001,,12811.8,817.4000000000001,16.167,149,,16.167,24,2025-06-04 17:10:57,566094466.0,144083506.0
817.4000000000001,,12828.6,817.4000000000001,16.133,148,,16.133,24,2025-06-04 17:10:58,566094068.0,144086071.0
815.4000000000001,,12844.6,815.4000000000001,15.981,147,,15.981,24,2025-06-04 17:10:59,566093730.0,144088079.0
815.4000000000001,,12860.1,815.4000000000001,15.75,147,,15.75,24,2025-06-04 17:11:00,566093292.0,144090585.0
812.4000000000001,,12873.4,812.4000000000001,15.458,146,,15.458,24,2025-06-04 17:11:01,566092875.0,144092951.0
812.4000000000001,,12886.5,812.4000000000001,15.156,145,,15.156,24,2025-06-04 17:11:02,566092457.0,144095218.0
810.4000000000001,,12903.2,810.4000000000001,14.875,144,,14.875,24,2025-06-04 17:11:03,566092099.0,144097445.0
810.4000000000001,,12916.3,810.4000000000001,14.639,143,,14.639,24,2025-06-04 17:11:04,566091821.0,144099672.0
808.4000000000001,,12928.2,808.4000000000001,14.436,143,,14.436,24,2025-06-04 17:11:05,566091622.0,144101899.0
808.4000000000001,,12944.3,808.4000000000001,14.275,142,,14.275,24,2025-06-04 17:11:06,566091582.0,144104524.0
807.2,,12957.0,807.2,14.194,141,,14.194,24,2025-06-04 17:11:07,566091682.0,144106691.0
807.2,,12968.4,807.2,14.2,141,,14.2,24,2025-06-04 17:11:08,566091861.0,144108858.0
807.2,,12984.2,807.2,14.231,141,,14.231,24,2025-06-04 17:11:09,566092040.0,144111006.0
806.4000000000001,,12998.5,806.4000000000001,14.294,140,,14.294,24,2025-06-04 17:11:10,566092159.0,144112756.0
806.4000000000001,,13011.1,806.4000000000001,14.347,141,,14.347,24,2025-06-04 17:11:11,566092298.0,144115480.0
805.2,,13025.3,805.2,14.361,141,,14.361,24,2025-06-04 17:11:12,566092318.0,144117806.0
805.2,,13038.0,805.2,14.3,141,,14.3,24,2025-06-04 17:11:13,566092318.0,144119616.0
804.4000000000001,,13052.1,804.4000000000001,14.228,141,,14.228,24,2025-06-04 17:11:14,566092318.0,144121882.0
804.4000000000001,,13065.9,804.4000000000001,14.142,140,,14.142,24,2025-06-04 17:11:15,566092298.0,144124109.0
804.4000000000001,,13081.4,804.4000000000001,14.061,140,,14.061,24,2025-06-04 17:11:16,566092278.0,144126316.0
804.4000000000001,,13094.3,804.4000000000001,13.994,140,,13.994,24,2025-06-04 17:11:17,566092258.0,144128464.0
803.4000000000001,,13107.4,803.4000000000001,13.953,140,,13.953,24,2025-06-04 17:11:18,566092298.0,144131089.0
803.4000000000001,,13122.2,803.4000000000001,13.911,140,,13.911,24,2025-06-04 17:11:19,566092278.0,144132819.0
803.4000000000001,,13134.8,803.4000000000001,13.878,140,,13.878,24,2025-06-04 17:11:20,566092278.0,144135006.0
803.4000000000001,,13149.4,803.4000000000001,13.836,140,,13.836,24,2025-06-04 17:11:21,566092258.0,144137611.0
802.4000000000001,,13162.7,802.4000000000001,13.783,140,,13.783,24,2025-06-04 17:11:22,566092219.0,144139341.0
802.4000000000001,,13177.1,802.4000000000001,13.722,140,,13.722,24,2025-06-04 17:11:23,566092119.0,144141488.0
802.4000000000001,,13189.8,802.4000000000001,13.633,141,,13.633,24,2025-06-04 17:11:24,566092000.0,144143636.0
802.4000000000001,,13203.1,802.4000000000001,13.536,141,,13.536,24,2025-06-04 17:11:25,566091761.0,144146181.0
802.4000000000001,,13215.2,802.4000000000001,13.442,141,,13.442,24,2025-06-04 17:11:26,566091543.0,144147831.0
802.4000000000001,,13230.7,802.4000000000001,13.364,141,,13.364,24,2025-06-04 17:11:27,566091244.0,144150317.0
802.4000000000001,,13242.5,802.4000000000001,13.294,141,,13.294,24,2025-06-04 17:11:28,566091006.0,144151907.0
802.4000000000001,,13257.1,802.4000000000001,13.239,141,,13.239,24,2025-06-04 17:11:29,566090628.0,144154313.0
801.4000000000001,,13270.0,801.4000000000001,13.197,140,,13.197,24,2025-06-04 17:11:30,566090290.0,144156322.0
801.4000000000001,,13281.4,801.4000000000001,13.164,140,,13.164,24,2025-06-04 17:11:31,566089932.0,144158330.0
801.4000000000001,,13291.7,801.4000000000001,13.136,139,,13.136,24,2025-06-04 17:11:32,566089554.0,144160318.0
801.4000000000001,,13306.7,801.4000000000001,13.122,139,,13.122,24,2025-06-04 17:11:33,566089256.0,144161869.0
801.4000000000001,,13319.5,801.4000000000001,13.128,139,,13.128,24,2025-06-04 17:11:34,566088858.0,144163838.0
801.4000000000001,,13331.6,801.4000000000001,13.144,139,,13.144,24,2025-06-04 17:11:35,566088461.0,144165806.0
801.4000000000001,,13345.7,801.4000000000001,13.139,139,,13.139,24,2025-06-04 17:11:36,566087963.0,144168173.0
801.4000000000001,,13358.9,801.4000000000001,13.106,139,,13.106,24,2025-06-04 17:11:37,566087625.0,144169763.0
801.4000000000001,,13371.6,801.4000000000001,13.044,139,,13.044,24,2025-06-04 17:11:38,566087108.0,144172110.0
801.4000000000001,,13383.2,801.4000000000001,12.958,139,,12.958,24,2025-06-04 17:11:39,566086691.0,144174098.0
800.2,,13397.3,800.2,12.831,139,,12.831,24,2025-06-04 17:11:40,566086253.0,144176007.0
800.2,,13411.0,800.2,12.703,140,,12.703,24,2025-06-04 17:11:41,566085935.0,144177518.0
800.2,,13423.4,800.2,12.578,140,,12.578,24,2025-06-04 17:11:42,566085557.0,144179427.0
800.2,,13434.0,800.2,12.439,140,,12.439,24,2025-06-04 17:11:43,566085120.0,144181674.0
800.2,,13445.9,800.2,12.3,140,,12.3,24,2025-06-04 17:11:44,566084762.0,144183503.0
800.2,,13457.2,800.2,12.181,140,,12.181,24,2025-06-04 17:11:45,566084384.0,144185333.0
800.2,,13468.5,800.2,12.072,141,,12.072,24,2025-06-04 17:11:46,566084106.0,144186784.0
800.2,,13477.9,800.2,11.989,141,,11.989,24,2025-06-04 17:11:47,566083708.0,144188932.0
800.2,,13491.1,800.2,11.919,142,,11.919,24,2025-06-04 17:11:48,566083430.0,144190721.0
800.2,,13502.2,800.2,11.839,142,,11.839,24,2025-06-04 17:11:49,566083231.0,144192173.0
797.4000000000001,,13511.1,797.4000000000001,11.667,143,,11.667,24,2025-06-04 17:11:50,566083052.0,144194002.0
797.4000000000001,,13522.6,797.4000000000001,11.375,144,,11.375,24,2025-06-04 17:11:51,566082913.0,144195851.0
797.4000000000001,,13532.4,797.4000000000001,10.944,144,,10.944,24,2025-06-04 17:11:52,566082853.0,144197681.0
797.4000000000001,,13543.7,797.4000000000001,10.408,144,,10.408,24,2025-06-04 17:11:53,566082833.0,144199430.0
796.2,,13550.6,796.2,9.831,145,,9.831,24,2025-06-04 17:11:54,566082853.0,144200981.0
796.2,,13557.4,796.2,9.306,145,,9.306,24,2025-06-04 17:11:55,566082913.0,144202652.0
796.2,,13564.8,796.2,8.906,145,,8.906,24,2025-06-04 17:11:56,566082973.0,144203924.0
796.2,,13572.3,796.2,8.639,145,,8.639,24,2025-06-04 17:11:57,566083092.0,144204879.0
796.2,,13579.7,796.2,8.508,146,,8.508,24,2025-06-04 17:11:58,566083271.0,144206072.0
796.2,,13585.3,796.2,8.444,146,,8.444,24,2025-06-04 17:11:59,566083450.0,144207285.0
796.2,,13592.2,796.2,8.417,146,,8.417,24,2025-06-04 17:12:00,566083708.0,144208796.0
796.2,,13600.3,796.2,8.372,146,,8.372,24,2025-06-04 17:12:01,566083907.0,144209810.0
795.4000000000001,,13607.0,795.4000000000001,8.272,146,,8.272,24,2025-06-04 17:12:02,566084185.0,144211102.0
795.4000000000001,,13614.5,795.4000000000001,8.083,145,,8.083,24,2025-06-04 17:12:03,566084504.0,144212574.0
794.4000000000001,,13623.0,794.4000000000001,7.814,145,,7.814,24,2025-06-04 17:12:04,566084802.0,144213787.0
794.4000000000001,,13630.2,794.4000000000001,7.447,145,,7.447,24,2025-06-04 17:12:05,566085021.0,144214721.0
794.4000000000001,,13637.2,794.4000000000001,7.044,145,,7.044,24,2025-06-04 17:12:06,566085279.0,144215795.0
794.4000000000001,,13641.7,794.4000000000001,6.656,145,,6.656,24,2025-06-04 17:12:07,566085538.0,144216988.0
794.4000000000001,,13647.5,794.4000000000001,6.317,145,,6.317,24,2025-06-04 17:12:08,566085736.0,144217863.0
794.4000000000001,,13651.4,794.4000000000001,6.067,145,,6.067,24,2025-06-04 17:12:09,566085895.0,144218658.0
794.4000000000001,,13655.0,794.4000000000001,5.947,144,,5.947,24,2025-06-04 17:12:10,566086074.0,144219474.0
794.4000000000001,,13658.9,794.4000000000001,5.944,143,,5.944,24,2025-06-04 17:12:11,566086214.0,144220130.0
794.4000000000001,,13665.8,794.4000000000001,6.033,143,,6.033,24,2025-06-04 17:12:12,566086313.0,144220985.0
794.4000000000001,,13671.4,794.4000000000001,6.189,143,,6.189,24,2025-06-04 17:12:13,566086412.0,144221860.0
793.2,,13675.7,793.2,6.431,142,,6.431,24,2025-06-04 17:12:14,566086571.0,144223013.0
793.2,,13683.9,793.2,6.731,142,,6.731,24,2025-06-04 17:12:15,566086790.0,144224027.0
793.2,,13691.8,793.2,7.022,142,,7.022,24,2025-06-04 17:12:16,566087009.0,144224842.0
793.2,,13700.1,793.2,7.269,142,,7.269,24,2025-06-04 17:12:17,566087466.0,144225995.0
792.4000000000001,,13709.6,792.4000000000001,7.456,141,,7.456,24,2025-06-04 17:12:18,566088043.0,144226890.0
792.4000000000001,,13718.1,792.4000000000001,7.536,141,,7.536,24,2025-06-04 17:12:19,566088699.0,144227785.0
792.4000000000001,,13724.9,792.4000000000001,7.503,141,,7.503,24,2025-06-04 17:12:20,566089276.0,144228739.0
792.4000000000001,,13732.9,792.4000000000001,7.408,141,,7.408,24,2025-06-04 17:12:21,566089713.0,144229754.0
792.4000000000001,,13739.8,792.4000000000001,7.278,141,,7.278,24,2025-06-04 17:12:22,566090051.0,144230529.0
792.4000000000001,,13746.8,792.4000000000001,7.125,141,,7.125,24,2025-06-04 17:12:23,566090151.0,144231841.0
792.4000000000001,,13753.5,792.4000000000001,6.961,141,,6.961,24,2025-06-04 17:12:24,566090012.0,144232915.0
792.4000000000001,,13758.8,792.4000000000001,6.758,141,,6.758,24,2025-06-04 17:12:25,566089892.0,144233770.0
792.4000000000001,,13763.1,792.4000000000001,6.569,142,,6.569,24,2025-06-04 17:12:26,566089813.0,144235003.0
792.4000000000001,,13768.6,792.4000000000001,6.381,142,,6.381,24,2025-06-04 17:12:27,566089793.0,144235997.0
792.4000000000001,,13774.5,792.4000000000001,6.219,142,,6.219,24,2025-06-04 17:12:28,566089773.0,144236952.0
792.4000000000001,,13780.5,792.4000000000001,6.086,143,,6.086,24,2025-06-04 17:12:29,566089833.0,144237807.0
793.2,,13785.7,793.2,6.011,143,,6.011,24,2025-06-04 17:12:30,566089952.0,144238761.0
793.2,,13790.1,793.2,5.936,143,,5.936,24,2025-06-04 17:12:31,566090031.0,144239636.0
793.2,,13795.7,793.2,5.903,143,,5.903,24,2025-06-04 17:12:32,566090051.0,144240551.0
793.2,,13801.2,793.2,5.886,143,,5.886,24,2025-06-04 17:12:33,566089972.0,144241266.0
793.2,,13806.1,793.2,5.872,143,,5.872,24,2025-06-04 17:12:34,566089892.0,144242161.0
793.2,,13811.1,793.2,5.858,143,,5.858,24,2025-06-04 17:12:35,566089793.0,144243255.0
793.2,,13818.0,793.2,5.861,143,,5.861,24,2025-06-04 17:12:36,566089733.0,144243991.0
793.2,,13823.5,793.2,5.872,142,,5.872,24,2025-06-04 17:12:37,566089753.0,144244925.0
793.2,,13829.1,793.2,5.881,142,,5.881,24,2025-06-04 17:12:38,566089813.0,144245999.0
793.2,,13835.7,793.2,5.903,142,,5.903,24,2025-06-04 17:12:39,566089852.0,144246894.0
793.2,,13842.2,793.2,5.919,141,,5.919,24,2025-06-04 17:12:40,566089912.0,144247649.0
793.2,,13847.1,793.2,5.919,141,,5.919,24,2025-06-04 17:12:41,566089992.0,144248783.0
793.2,,13852.6,793.2,5.886,141,,5.886,24,2025-06-04 17:12:42,566089972.0,144249717.0
793.2,,13859.6,793.2,5.836,141,,5.836,24,2025-06-04 17:12:43,566089872.0,144250453.0
796.2,,13864.7,796.2,5.772,141,,5.772,24,2025-06-04 17:12:44,566089713.0,144251328.0
796.2,,13870.0,796.2,5.697,141,,5.697,24,2025-06-04 17:12:45,566089395.0,144252322.0
797.4000000000001,,13875.5,797.4000000000001,5.614,141,,5.614,24,2025-06-04 17:12:46,566089137.0,144253098.0
797.4000000000001,,13880.9,797.4000000000001,5.544,141,,5.544,24,2025-06-04 17:12:47,566088878.0,144253873.0
797.4000000000001,,13885.8,797.4000000000001,5.475,141,,5.475,24,2025-06-04 17:12:48,566088600.0,144254629.0
797.4000000000001,,13891.0,797.4000000000001,5.408,141,,5.408,24,2025-06-04 17:12:49,566088321.0,144255344.0
797.4000000000001,,13895.6,797.4000000000001,5.342,142,,5.342,24,2025-06-04 17:12:50,566088043.0,144256080.0
797.4000000000001,,13900.9,797.4000000000001,5.189,142,,5.189,24,2025-06-04 17:12:51,566087784.0,144256816.0
798.2,,13905.5,798.2,5.067,143,,5.067,24,2025-06-04 17:12:52,566087586.0,144257393.0
798.2,,13910.1,798.2,4.975,144,,4.975,24,2025-06-04 17:12:53,566087347.0,144258128.0
799.4000000000001,,13914.3,799.4000000000001,4.878,145,,4.878,24,2025-06-04 17:12:54,566087069.0,144258963.0
799.4000000000001,,13918.7,799.4000000000001,4.819,146,,4.819,24,2025-06-04 17:12:55,566086830.0,144259639.0
799.4000000000001,,13923.0,799.4000000000001,4.792,147,,4.792,24,2025-06-04 17:12:56,566086651.0,144260176.0
799.4000000000001,,13928.3,799.4000000000001,4.781,148,,4.781,24,2025-06-04 17:12:57,566086452.0,144260872.0
800.2,,13932.9,800.2,4.775,148,,4.775,24,2025-06-04 17:12:58,566086253.0,144261548.0
800.2,,13937.7,800.2,4.764,149,,4.764,24,2025-06-04 17:12:59,566085975.0,144262344.0
800.2,,13942.7,800.2,4.761,150,,4.761,24,2025-06-04 17:13:00,566085776.0,144263040.0
800.2,,13946.9,800.2,4.758,150,,4.758,24,2025-06-04 17:13:01,566085557.0,144263716.0
800.2,,13951.6,800.2,4.758,151,,4.758,24,2025-06-04 17:13:02,566085359.0,144264412.0
800.2,,13956.9,800.2,4.758,151,,4.758,24,2025-06-04 17:13:03,566085180.0,144265088.0
800.2,,13961.1,800.2,4.758,151,,4.758,24,2025-06-04 17:13:04,566084961.0,144265764.0
800.2,,13965.4,800.2,4.75,151,,4.75,24,2025-06-04 17:13:05,566084742.0,144266440.0
801.4000000000001,,13970.5,801.4000000000001,4.717,152,,4.717,24,2025-06-04 17:13:06,566084623.0,144267016.0
801.4000000000001,,13975.1,801.4000000000001,4.697,151,,4.697,24,2025-06-04 17:13:07,566084464.0,144267732.0
801.4000000000001,,13979.4,801.4000000000001,4.7,151,,4.7,24,2025-06-04 17:13:08,566084245.0,144268547.0
801.4000000000001,,13984.3,801.4000000000001,4.806,151,,4.806,24,2025-06-04 17:13:09,566084086.0,144269243.0
801.4000000000001,,13989.4,801.4000000000001,5.028,151,,5.028,24,2025-06-04 17:13:10,566083927.0,144269900.0
801.4000000000001,,13994.8,801.4000000000001,5.183,151,,5.183,24,2025-06-04 17:13:11,566083708.0,144270576.0
801.4000000000001,,14001.2,801.4000000000001,5.531,152,,5.531,24,2025-06-04 17:13:12,566083470.0,144271272.0
801.4000000000001,,14007.8,801.4000000000001,5.908,153,,5.908,24,2025-06-04 17:13:13,566083231.0,144272127.0
801.4000000000001,,14013.9,801.4000000000001,6.236,154,,6.236,24,2025-06-04 17:13:14,566082973.0,144273101.0
801.4000000000001,,14021.8,801.4000000000001,6.481,154,,6.481,24,2025-06-04 17:13:15,566082794.0,144273956.0
803.4000000000001,,14030.1,803.4000000000001,6.619,155,,6.619,24,2025-06-04 17:13:16,566082595.0,144274791.0
803.4000000000001,,14038.1,803.4000000000001,6.667,155,,6.667,24,2025-06-04 17:13:17,566082356.0,144276103.0
803.4000000000001,,14045.9,803.4000000000001,6.644,155,,6.644,24,2025-06-04 17:13:18,566082157.0,144277376.0
803.4000000000001,,14053.3,803.4000000000001,6.567,156,,6.567,24,2025-06-04 17:13:19,566081978.0,144278430.0
803.4000000000001,,14059.0,803.4000000000001,6.442,156,,6.442,24,2025-06-04 17:13:20,566081839.0,144279444.0
803.4000000000001,,14065.7,803.4000000000001,6.269,157,,6.269,24,2025-06-04 17:13:21,566081700.0,144280398.0
803.4000000000001,,14072.6,803.4000000000001,6.086,156,,6.086,24,2025-06-04 17:13:22,566081601.0,144281174.0
803.4000000000001,,14077.8,803.4000000000001,5.886,156,,5.886,24,2025-06-04 17:13:23,566081441.0,144282069.0
803.4000000000001,,14081.8,803.4000000000001,5.436,157,,5.436,24,2025-06-04 17:13:24,566081262.0,144283123.0
803.4000000000001,,14086.0,803.4000000000001,5.147,158,,5.147,24,2025-06-04 17:13:25,566081183.0,144283759.0
804.4000000000001,,14089.7,804.4000000000001,5.006,159,,5.006,24,2025-06-04 17:13:26,566081064.0,144284554.0
804.4000000000001,,14094.3,804.4000000000001,4.917,159,,4.917,24,2025-06-04 17:13:27,566080924.0,144285489.0
804.4000000000001,,14098.2,804.4000000000001,4.844,160,,4.844,24,2025-06-04 17:13:28,566080845.0,144286185.0
804.4000000000001,,14102.7,804.4000000000001,4.864,160,,4.864,24,2025-06-04 17:13:29,566080785.0,144286940.0
804.4000000000001,,14107.3,804.4000000000001,4.889,161,,4.889,24,2025-06-04 17:13:30,566080726.0,144287557.0
804.4000000000001,,14111.7,804.4000000000001,4.903,161,,4.903,24,2025-06-04 17:13:31,566080626.0,144288312.0
804.4000000000001,,14116.5,804.4000000000001,4.942,162,,4.942,24,2025-06-04 17:13:32,566080527.0,144289048.0
804.4000000000001,,14121.2,804.4000000000001,5.011,162,,5.011,24,2025-06-04 17:13:33,566080427.0,144289963.0
804.4000000000001,,14125.7,804.4000000000001,5.092,162,,5.092,24,2025-06-04 17:13:34,566080348.0,144290579.0
804.4000000000001,,14130.8,804.4000000000001,5.142,162,,5.142,24,2025-06-04 17:13:35,566080288.0,144291355.0
804.4000000000001,,14137.0,804.4000000000001,5.197,161,,5.197,24,2025-06-04 17:13:36,566080229.0,144292170.0
804.4000000000001,,14142.4,804.4000000000001,5.253,161,,5.253,24,2025-06-04 17:13:37,566080129.0,144292985.0
804.4000000000001,,14147.4,804.4000000000001,5.3,161,,5.3,24,2025-06-04 17:13:38,566079990.0,144293979.0
804.4000000000001,,14153.4,804.4000000000001,5.336,161,,5.336,24,2025-06-04 17:13:39,566079871.0,144294635.0
804.4000000000001,,14158.5,804.4000000000001,5.375,161,,5.375,24,2025-06-04 17:13:40,566079731.0,144295451.0
804.4000000000001,,14164.9,804.4000000000001,5.392,160,,5.392,24,2025-06-04 17:13:41,566079552.0,144296266.0
805.2,,14171.0,805.2,5.378,160,,5.378,24,2025-06-04 17:13:42,566079314.0,144297041.0
805.2,,14176.5,805.2,5.35,160,,5.35,24,2025-06-04 17:13:43,566078976.0,144297936.0
805.2,,14181.5,805.2,5.303,160,,5.303,24,2025-06-04 17:13:44,566078658.0,144298692.0
805.2,,14186.1,805.2,5.142,159,,5.142,24,2025-06-04 17:13:45,566078359.0,144299368.0
805.2,,14191.8,805.2,5.028,159,,5.028,24,2025-06-04 17:13:46,566078081.0,144300044.0
805.2,,14196.8,805.2,4.958,159,,4.958,24,2025-06-04 17:13:47,566077783.0,144300720.0
805.2,,14201.0,805.2,4.883,159,,4.883,24,2025-06-04 17:13:48,566077524.0,144301396.0
805.2,,14206.1,805.2,4.822,159,,4.822,24,2025-06-04 17:13:49,566077306.0,144302092.0
805.2,,14209.8,805.2,4.767,159,,4.767,24,2025-06-04 17:13:50,566077206.0,144302669.0
805.2,,14214.2,805.2,4.725,159,,4.725,24,2025-06-04 17:13:51,566077027.0,144303543.0
806.4000000000001,,14218.0,806.4000000000001,4.65,159,,4.65,24,2025-06-04 17:13:52,566076967.0,144304279.0
806.4000000000001,,14221.9,806.4000000000001,4.6,159,,4.6,24,2025-06-04 17:13:53,566076928.0,144305015.0
806.4000000000001,,14226.3,806.4000000000001,4.542,159,,4.542,24,2025-06-04 17:13:54,566076948.0,144305592.0
806.4000000000001,,14231.1,806.4000000000001,4.503,159,,4.503,24,2025-06-04 17:13:55,566077007.0,144306307.0
807.2,,14235.2,807.2,4.447,159,,4.447,24,2025-06-04 17:13:56,566077027.0,144306984.0
807.2,,14239.6,807.2,4.433,158,,4.433,24,2025-06-04 17:13:57,566077107.0,144307838.0
807.2,,14243.2,807.2,4.414,158,,4.414,24,2025-06-04 17:13:58,566077166.0,144308515.0
807.2,,14247.5,807.2,4.389,158,,4.389,24,2025-06-04 17:13:59,566077226.0,144309071.0
808.4000000000001,,14252.0,808.4000000000001,4.364,158,,4.364,24,2025-06-04 17:14:00,566077286.0,144309728.0
808.4000000000001,,14256.5,808.4000000000001,4.319,158,,4.319,24,2025-06-04 17:14:01,566077345.0,144310523.0
808.4000000000001,,14260.6,808.4000000000001,4.306,158,,4.306,24,2025-06-04 17:14:02,566077385.0,144311179.0
808.4000000000001,,14264.9,808.4000000000001,4.317,158,,4.317,24,2025-06-04 17:14:03,566077425.0,144311815.0
808.4000000000001,,14268.3,808.4000000000001,4.353,158,,4.353,24,2025-06-04 17:14:04,566077445.0,144312472.0
808.4000000000001,,14273.0,808.4000000000001,4.414,158,,4.414,24,2025-06-04 17:14:05,566077504.0,144313148.0
809.2,,14277.9,809.2,4.483,159,,4.483,24,2025-06-04 17:14:06,566077544.0,144313724.0
809.2,,14282.8,809.2,4.553,159,,4.553,24,2025-06-04 17:14:07,566077584.0,144314599.0
809.2,,14287.1,809.2,4.625,159,,4.625,24,2025-06-04 17:14:08,566077604.0,144315216.0
809.2,,14292.7,809.2,4.806,160,,4.806,24,2025-06-04 17:14:09,566077663.0,144316031.0
809.2,,14298.3,809.2,4.942,160,,4.942,24,2025-06-04 17:14:10,566077703.0,144316846.0
809.2,,14303.9,809.2,5.039,160,,5.039,24,2025-06-04 17:14:11,566077723.0,144317641.0
809.2,,14310.3,809.2,5.153,160,,5.153,24,2025-06-04 17:14:12,566077723.0,144318476.0
809.2,,14315.9,809.2,5.292,160,,5.292,24,2025-06-04 17:14:13,566077743.0,144319312.0
809.2,,14321.7,809.2,5.492,159,,5.492,24,2025-06-04 17:14:14,566077743.0,144320326.0
809.2,,14329.1,809.2,5.758,159,,5.758,24,2025-06-04 17:14:15,566077723.0,144320982.0
809.2,,14336.1,809.2,6.092,158,,6.092,24,2025-06-04 17:14:16,566077683.0,144322076.0
809.2,,14343.7,809.2,6.425,157,,6.425,24,2025-06-04 17:14:17,566077644.0,144323070.0
812.4000000000001,,14351.8,812.4000000000001,6.736,157,,6.736,24,2025-06-04 17:14:18,566077544.0,144324163.0
812.4000000000001,,14359.9,812.4000000000001,6.989,157,,6.989,24,2025-06-04 17:14:19,566077405.0,144325317.0
813.4000000000001,,14367.8,813.4000000000001,7.158,158,,7.158,24,2025-06-04 17:14:20,566077286.0,144326510.0
813.4000000000001,,14376.1,813.4000000000001,7.25,159,,7.25,24,2025-06-04 17:14:21,566077206.0,144327683.0
814.2,,14385.2,814.2,7.278,159,,7.278,24,2025-06-04 17:14:22,566077146.0,144328876.0
814.2,,14392.1,814.2,7.233,160,,7.233,24,2025-06-04 17:14:23,566077127.0,144330069.0
814.2,,14400.2,814.2,7.142,161,,7.142,24,2025-06-04 17:14:24,566077087.0,144331222.0
814.2,,14407.2,814.2,7.003,162,,7.003,24,2025-06-04 17:14:25,566077027.0,144332356.0
814.2,,14413.8,814.2,6.831,162,,6.831,24,2025-06-04 17:14:26,566076987.0,144333429.0
814.2,,14419.7,814.2,6.633,163,,6.633,24,2025-06-04 17:14:27,566076928.0,144334463.0
815.4000000000001,,14425.5,815.4000000000001,6.414,163,,6.414,24,2025-06-04 17:14:28,566076908.0,144335497.0
815.4000000000001,,14430.1,815.4000000000001,6.175,163,,6.175,24,2025-06-04 17:14:29,566076848.0,144336452.0
815.4000000000001,,14435.0,815.4000000000001,5.933,164,,5.933,24,2025-06-04 17:14:30,566076808.0,144337386.0
815.4000000000001,,14440.0,815.4000000000001,5.472,164,,5.472,24,2025-06-04 17:14:31,566076769.0,144338261.0
815.4000000000001,,14444.2,815.4000000000001,5.189,164,,5.189,24,2025-06-04 17:14:32,566076729.0,144338917.0
815.4000000000001,,14448.4,815.4000000000001,4.994,164,,4.994,24,2025-06-04 17:14:33,566076669.0,144339892.0
815.4000000000001,,14452.0,815.4000000000001,4.836,165,,4.836,24,2025-06-04 17:14:34,566076610.0,144340647.0
815.4000000000001,,14455.6,815.4000000000001,4.742,165,,4.742,24,2025-06-04 17:14:35,566076590.0,144341423.0
816.2,,14460.4,816.2,4.664,165,,4.664,24,2025-06-04 17:14:36,566076550.0,144342019.0
816.2,,14464.5,816.2,4.614,166,,4.614,24,2025-06-04 17:14:37,566076550.0,144342735.0
816.2,,14468.6,816.2,4.581,166,,4.581,24,2025-06-04 17:14:38,566076510.0,144343590.0
816.2,,14472.9,816.2,4.581,167,,4.581,24,2025-06-04 17:14:39,566076490.0,144344306.0
816.2,,14476.6,816.2,4.578,168,,4.578,24,2025-06-04 17:14:40,566076451.0,144345022.0
816.2,,14481.0,816.2,4.575,168,,4.575,24,2025-06-04 17:14:41,,
817.4000000000001,,14485.8,817.4000000000001,4.544,169,,4.544,24,2025-06-04 17:14:42,566076411.0,144345598.0
817.4000000000001,,14490.8,817.4000000000001,4.528,169,,4.528,24,2025-06-04 17:14:43,566076371.0,144346294.0
816.2,,14494.4,816.2,4.483,169,,4.483,24,2025-06-04 17:14:44,566076331.0,144347030.0
816.2,,14499.1,816.2,4.45,169,,4.45,24,2025-06-04 17:14:45,566076311.0,144347885.0
816.2,,14503.0,816.2,4.414,169,,4.414,24,2025-06-04 17:14:46,566076272.0,144348601.0
816.2,,14506.9,816.2,4.394,170,,4.394,24,2025-06-04 17:14:47,566076232.0,144349138.0
816.2,,14512.0,816.2,4.367,170,,4.367,24,2025-06-04 17:14:48,566076192.0,144349973.0
816.2,,14516.2,816.2,4.367,170,,4.367,24,2025-06-04 17:14:49,566076152.0,144350510.0
816.2,,14520.7,816.2,4.383,170,,4.383,24,2025-06-04 17:14:50,566076113.0,144351206.0
816.2,,14524.7,816.2,4.4,170,,4.4,24,2025-06-04 17:14:51,566076053.0,144351882.0
818.4000000000001,,14528.8,818.4000000000001,4.419,169,,4.419,24,2025-06-04 17:14:52,566076033.0,144352558.0
818.4000000000001,,14533.4,818.4000000000001,4.444,169,,4.444,24,2025-06-04 17:14:53,566075973.0,144353353.0
818.4000000000001,,14538.3,818.4000000000001,4.469,169,,4.469,24,2025-06-04 17:14:54,566075953.0,144354069.0
818.4000000000001,,14542.9,818.4000000000001,4.489,168,,4.489,24,2025-06-04 17:14:55,566075934.0,144354666.0
818.4000000000001,,14547.6,818.4000000000001,4.506,167,,4.506,24,2025-06-04 17:14:56,566075894.0,144355381.0
818.4000000000001,,14552.3,818.4000000000001,4.531,167,,4.531,24,2025-06-04 17:14:57,566075874.0,144356216.0
818.4000000000001,,14557.6,818.4000000000001,4.561,167,,4.561,24,2025-06-04 17:14:58,566075874.0,144356793.0
818.4000000000001,,14561.4,818.4000000000001,4.594,166,,4.594,24,2025-06-04 17:14:59,566075874.0,144357549.0
818.4000000000001,,14566.5,818.4000000000001,4.622,166,,4.622,24,2025-06-04 17:15:00,566075874.0,144358285.0
818.4000000000001,,14571.7,818.4000000000001,4.703,166,,4.703,24,2025-06-04 17:15:01,566075854.0,144359159.0
818.4000000000001,,14576.3,818.4000000000001,4.778,166,,4.778,24,2025-06-04 17:15:02,566075854.0,144359776.0
818.4000000000001,,14582.0,818.4000000000001,4.836,166,,4.836,24,2025-06-04 17:15:03,566075834.0,144360551.0
819.4000000000001,,14587.7,819.4000000000001,4.894,166,,4.894,24,2025-06-04 17:15:04,566075794.0,144361307.0
819.4000000000001,,14592.4,819.4000000000001,4.95,166,,4.95,24,2025-06-04 17:15:05,566075774.0,144362062.0
819.4000000000001,,14597.4,819.4000000000001,4.997,166,,4.997,24,2025-06-04 17:15:06,566075755.0,144362997.0
819.4000000000001,,14602.2,819.4000000000001,5.014,166,,5.014,24,2025-06-04 17:15:07,566075735.0,144363812.0
819.4000000000001,,14607.4,819.4000000000001,5.019,165,,5.019,24,2025-06-04 17:15:08,566075695.0,144364449.0
819.4000000000001,,14612.8,819.4000000000001,5.011,165,,5.011,24,2025-06-04 17:15:09,566075675.0,144365244.0
820.4000000000001,,14618.5,820.4000000000001,4.992,164,,4.992,24,2025-06-04 17:15:10,566075635.0,144366039.0
820.4000000000001,,14623.6,820.4000000000001,4.964,164,,4.964,24,2025-06-04 17:15:11,566075595.0,144366835.0
820.4000000000001,,14628.1,820.4000000000001,4.947,164,,4.947,24,2025-06-04 17:15:12,566075556.0,144367610.0
820.4000000000001,,14632.4,820.4000000000001,4.944,164,,4.944,24,2025-06-04 17:15:13,566075516.0,144368545.0
820.4000000000001,,14638.1,820.4000000000001,4.933,165,,4.933,24,2025-06-04 17:15:14,566075496.0,144369320.0
820.4000000000001,,14643.4,820.4000000000001,4.9,165,,4.9,24,2025-06-04 17:15:15,566075496.0,144370096.0
820.4000000000001,,14648.3,820.4000000000001,4.864,165,,4.864,24,2025-06-04 17:15:16,566075456.0,144370712.0
820.4000000000001,,14652.6,820.4000000000001,4.817,165,,4.817,24,2025-06-04 17:15:17,566075377.0,144371627.0
820.4000000000001,,14657.8,820.4000000000001,4.753,165,,4.753,24,2025-06-04 17:15:18,566075297.0,144372402.0
820.4000000000001,,14661.8,820.4000000000001,4.711,166,,4.711,24,2025-06-04 17:15:19,566075238.0,144373158.0
821.2,,14666.2,821.2,4.664,166,,4.664,24,2025-06-04 17:15:20,566075198.0,144373893.0
821.2,,14670.9,821.2,4.656,165,,4.656,24,2025-06-04 17:15:21,566075138.0,144374629.0
821.2,,14675.3,821.2,4.644,165,,4.644,24,2025-06-04 17:15:22,566075079.0,144375345.0
821.2,,14678.9,821.2,4.631,164,,4.631,24,2025-06-04 17:15:23,566075019.0,144376061.0
821.2,,14684.1,821.2,4.608,163,,4.608,24,2025-06-04 17:15:24,566074959.0,144376797.0
821.2,,14688.3,821.2,4.556,163,,4.556,24,2025-06-04 17:15:25,566074939.0,144377353.0
822.4000000000001,,14692.0,822.4000000000001,4.497,162,,4.497,24,2025-06-04 17:15:26,566074900.0,144378069.0
822.4000000000001,,14696.1,822.4000000000001,4.428,162,,4.428,24,2025-06-04 17:15:27,566074880.0,144378944.0
822.4000000000001,,14700.3,822.4000000000001,4.369,162,,4.369,24,2025-06-04 17:15:28,566074880.0,144379620.0
822.4000000000001,,14704.0,822.4000000000001,4.339,162,,4.339,24,2025-06-04 17:15:29,566074900.0,144380157.0
823.2,,14708.5,823.2,4.317,162,,4.317,24,2025-06-04 17:15:30,566074959.0,144380833.0
823.2,,14713.2,823.2,4.303,162,,4.303,24,2025-06-04 17:15:31,566075039.0,144381489.0
823.2,,14716.5,823.2,4.3,162,,4.3,24,2025-06-04 17:15:32,566075138.0,144382126.0
823.2,,14720.4,823.2,4.303,161,,4.303,24,2025-06-04 17:15:33,566075257.0,144382881.0
823.2,,14724.7,823.2,4.303,161,,4.303,24,2025-06-04 17:15:34,566075397.0,144383517.0
823.2,,14729.2,823.2,4.292,161,,4.292,24,2025-06-04 17:15:35,566075516.0,144384034.0
823.2,,14733.4,823.2,4.272,160,,4.272,24,2025-06-04 17:15:36,566075715.0,144384651.0
823.2,,14737.4,823.2,4.25,160,,4.25,24,2025-06-04 17:15:37,566075914.0,144385267.0
824.4000000000001,,14741.0,824.4000000000001,4.228,160,,4.228,24,2025-06-04 17:15:38,566076113.0,144385864.0
824.4000000000001,,14745.0,824.4000000000001,4.197,160,,4.197,24,2025-06-04 17:15:39,566076311.0,144386460.0
824.4000000000001,,14749.4,824.4000000000001,4.164,159,,4.164,24,2025-06-04 17:15:40,566076510.0,144386997.0
824.4000000000001,,14753.6,824.4000000000001,4.128,159,,4.128,24,2025-06-04 17:15:41,566076729.0,144387534.0
824.4000000000001,,14756.8,824.4000000000001,4.053,159,,4.053,24,2025-06-04 17:15:42,566076948.0,144388091.0
824.4000000000001,,14760.0,824.4000000000001,3.978,159,,3.978,24,2025-06-04 17:15:43,566077206.0,144388727.0
824.4000000000001,,14763.0,824.4000000000001,3.9,159,,3.9,24,2025-06-04 17:15:44,566077385.0,144389244.0
824.4000000000001,,14766.2,824.4000000000001,3.808,158,,3.808,24,2025-06-04 17:15:45,566077504.0,144389642.0
824.4000000000001,,14769.1,824.4000000000001,3.569,158,,3.569,24,2025-06-04 17:15:46,566077663.0,144390119.0
824.4000000000001,,14771.2,824.4000000000001,3.381,158,,3.381,24,2025-06-04 17:15:47,566077823.0,144390576.0
824.4000000000001,,14773.9,824.4000000000001,3.256,157,,3.256,24,2025-06-04 17:15:48,566078001.0,144391014.0
824.4000000000001,,14775.9,824.4000000000001,3.172,157,,3.172,24,2025-06-04 17:15:49,566078200.0,144391392.0
826.4000000000001,,14779.1,826.4000000000001,3.15,156,,3.15,24,2025-06-04 17:15:50,566078379.0,144391710.0
826.4000000000001,,14782.3,826.4000000000001,3.139,156,,3.139,24,2025-06-04 17:15:51,566078558.0,144392068.0
826.4000000000001,,14785.3,826.4000000000001,3.136,156,,3.136,24,2025-06-04 17:15:52,566078737.0,144392445.0
826.4000000000001,,14788.1,826.4000000000001,3.122,156,,3.122,24,2025-06-04 17:15:53,566078996.0,144392943.0
826.4000000000001,,14791.1,826.4000000000001,3.114,156,,3.114,24,2025-06-04 17:15:54,566079195.0,144393340.0
826.4000000000001,,14794.4,826.4000000000001,3.119,156,,3.119,24,2025-06-04 17:15:55,566079354.0,144393758.0
826.4000000000001,,14797.2,826.4000000000001,3.147,156,,3.147,24,2025-06-04 17:15:56,566079513.0,144394175.0
826.4000000000001,,14800.9,826.4000000000001,3.189,156,,3.189,24,2025-06-04 17:15:57,566079692.0,144394573.0
828.4000000000001,,14804.5,828.4000000000001,3.244,156,,3.244,24,2025-06-04 17:15:58,566079890.0,144394931.0
828.4000000000001,,14807.6,828.4000000000001,3.297,156,,3.297,24,2025-06-04 17:15:59,566080069.0,144395229.0
828.4000000000001,,14811.5,828.4000000000001,3.347,156,,3.347,24,2025-06-04 17:16:00,566080328.0,144395647.0
828.4000000000001,,14815.3,828.4000000000001,3.375,156,,3.375,24,2025-06-04 17:16:01,566080586.0,144396104.0
828.4000000000001,,14819.1,828.4000000000001,3.408,156,,3.408,24,2025-06-04 17:16:02,566080825.0,144396621.0
828.4000000000001,,14823.2,828.4000000000001,3.397,156,,3.397,24,2025-06-04 17:16:03,566081024.0,144397158.0
828.4000000000001,,14826.8,828.4000000000001,3.358,156,,3.358,24,2025-06-04 17:16:04,566081203.0,144397655.0
828.4000000000001,,14830.3,828.4000000000001,3.272,155,,3.272,24,2025-06-04 17:16:05,566081441.0,144398152.0
828.4000000000001,,14833.2,828.4000000000001,3.006,155,,3.006,24,2025-06-04 17:16:06,566081640.0,144398609.0
828.4000000000001,,14835.5,828.4000000000001,2.258,155,,2.258,24,2025-06-04 17:16:07,566081779.0,144399027.0
828.4000000000001,,14836.4,828.4000000000001,1.781,155,,1.781,24,2025-06-04 17:16:08,566081939.0,144399405.0
828.4000000000001,,14837.7,828.4000000000001,1.278,155,,1.278,24,2025-06-04 17:16:09,566082078.0,144399842.0
828.4000000000001,,14838.2,828.4000000000001,0.742,154,,0.742,24,2025-06-04 17:16:10,566082137.0,144400160.0
828.4000000000001,,14838.2,828.4000000000001,0.411,153,,0.411,24,2025-06-04 17:16:11,566082157.0,144400419.0
828.4000000000001,,14838.2,828.4000000000001,0.581,153,,0.581,24,2025-06-04 17:16:12,566082157.0,144400677.0
827.4000000000001,,14838.3,827.4000000000001,0.789,154,,0.789,24,2025-06-04 17:16:13,566082157.0,144400836.0
827.4000000000001,,14839.0,827.4000000000001,0.986,154,,0.986,24,2025-06-04 17:16:14,566082157.0,144400936.0
827.4000000000001,,14840.2,827.4000000000001,1.169,155,,1.169,24,2025-06-04 17:16:20,566082157.0,144400936.0
827.4000000000001,,14841.7,827.4000000000001,1.375,154,,1.375,24,2025-06-04 17:16:21,566082117.0,144401135.0
828.4000000000001,,14843.9,828.4000000000001,1.622,155,,1.622,24,2025-06-04 17:16:22,566082117.0,144401274.0
828.4000000000001,,14846.6,828.4000000000001,1.917,154,,1.917,24,2025-06-04 17:16:23,566082137.0,144401413.0
828.4000000000001,,14849.5,828.4000000000001,2.244,153,,2.244,24,2025-06-04 17:16:24,566082217.0,144401612.0
828.4000000000001,,14853.5,828.4000000000001,2.606,153,,2.606,24,2025-06-04 17:16:25,566082316.0,144401831.0
828.4000000000001,,14858.0,828.4000000000001,3.008,152,,3.008,24,2025-06-04 17:16:26,566082455.0,144402109.0
828.4000000000001,,14862.6,828.4000000000001,3.442,151,,3.442,24,2025-06-04 17:16:27,566082575.0,144402447.0
828.4000000000001,,14868.0,828.4000000000001,3.522,151,,3.522,24,2025-06-04 17:16:28,566082734.0,144402825.0
828.4000000000001,,14873.5,828.4000000000001,3.667,151,,3.667,24,2025-06-04 17:16:29,566082893.0,144403302.0
828.4000000000001,,14879.2,828.4000000000001,3.839,150,,3.839,24,2025-06-04 17:16:30,566083012.0,144403879.0
828.4000000000001,,14885.1,828.4000000000001,3.994,149,,3.994,24,2025-06-04 17:16:31,566083171.0,144404515.0
828.4000000000001,,14891.0,828.4000000000001,4.114,148,,4.114,24,2025-06-04 17:16:32,566083311.0,144405231.0
828.4000000000001,,14896.2,828.4000000000001,4.211,147,,4.211,24,2025-06-04 17:16:33,566083489.0,144405986.0
827.4000000000001,,14901.9,827.4000000000001,4.3,146,,4.3,24,2025-06-04 17:16:34,566083609.0,144406742.0
827.4000000000001,,14907.6,827.4000000000001,4.397,145,,4.397,24,2025-06-04 17:16:35,566083788.0,144407577.0
827.4000000000001,,14913.5,827.4000000000001,4.547,143,,4.547,24,2025-06-04 17:16:36,566083947.0,144408233.0
827.4000000000001,,14919.6,827.4000000000001,4.753,142,,4.753,24,2025-06-04 17:16:37,566084106.0,144408770.0
827.4000000000001,,14926.0,827.4000000000001,4.95,141,,4.95,24,2025-06-04 17:16:38,566084345.0,144409506.0
827.4000000000001,,14932.6,827.4000000000001,5.483,140,,5.483,24,2025-06-04 17:16:39,566084623.0,144410281.0
825.2,,14940.3,825.2,5.944,139,,5.944,24,2025-06-04 17:16:40,566084961.0,144411097.0
825.2,,14948.4,825.2,6.347,139,,6.347,24,2025-06-04 17:16:41,566085339.0,144411912.0
825.2,,14957.3,825.2,6.7,138,,6.7,24,2025-06-04 17:16:42,566085776.0,144412747.0
825.2,,14965.8,825.2,6.994,137,,6.994,24,2025-06-04 17:16:43,566086233.0,144413642.0
825.2,,14974.5,825.2,7.258,136,,7.258,24,2025-06-04 17:16:44,566086711.0,144414556.0
825.2,,14982.6,825.2,7.489,135,,7.489,24,2025-06-04 17:16:45,566087208.0,144415491.0
824.4000000000001,,14992.2,824.4000000000001,7.728,134,,7.728,24,2025-06-04 17:16:46,566087725.0,144416406.0
824.4000000000001,,15001.3,824.4000000000001,7.944,133,,7.944,24,2025-06-04 17:16:47,566088282.0,144417340.0
823.2,,15010.4,823.2,8.169,133,,8.169,24,2025-06-04 17:16:48,566088818.0,144418295.0
823.2,,15019.5,823.2,8.383,132,,8.383,24,2025-06-04 17:16:49,566089395.0,144419289.0
823.2,,15030.4,823.2,8.586,132,,8.586,24,2025-06-04 17:16:50,566089972.0,144420283.0
823.2,,15039.9,823.2,8.772,132,,8.772,24,2025-06-04 17:16:51,566090588.0,144421337.0
822.4000000000001,,15050.3,822.4000000000001,8.936,132,,8.936,24,2025-06-04 17:16:52,566091185.0,144422391.0
822.4000000000001,,15060.5,822.4000000000001,9.05,132,,9.05,24,2025-06-04 17:16:53,566091801.0,144423504.0
822.4000000000001,,15069.6,822.4000000000001,9.122,132,,9.122,24,2025-06-04 17:16:54,566092557.0,144424837.0
822.4000000000001,,15078.9,822.4000000000001,9.131,132,,9.131,24,2025-06-04 17:16:55,566093173.0,144425970.0
822.4000000000001,,15087.8,822.4000000000001,9.053,132,,9.053,24,2025-06-04 17:16:56,566093789.0,144427163.0
822.4000000000001,,15097.2,822.4000000000001,8.928,132,,8.928,24,2025-06-04 17:16:57,566094406.0,144428316.0
823.2,,15105.6,823.2,8.764,133,,8.764,24,2025-06-04 17:16:58,566095002.0,144429450.0
823.2,,15112.6,823.2,8.572,133,,8.572,24,2025-06-04 17:16:59,566095480.0,144430345.0
824.4000000000001,,15119.5,824.4000000000001,8.375,133,,8.375,24,2025-06-04 17:17:00,566096016.0,144431438.0
824.4000000000001,,15127.4,824.4000000000001,8.175,133,,8.175,24,2025-06-04 17:17:01,566096613.0,144432691.0
825.2,,15134.2,825.2,7.936,133,,7.936,24,2025-06-04 17:17:02,566097090.0,144433765.0
825.2,,15140.4,825.2,7.639,134,,7.639,24,2025-06-04 17:17:03,566097508.0,144434838.0
826.4000000000001,,15146.3,826.4000000000001,7.278,134,,7.278,24,2025-06-04 17:17:04,566097925.0,144435892.0
826.4000000000001,,15151.2,826.4000000000001,6.875,135,,6.875,24,2025-06-04 17:17:05,566098303.0,144436946.0
826.4000000000001,,15155.0,826.4000000000001,6.014,136,,6.014,24,2025-06-04 17:17:06,566098641.0,144437940.0
826.4000000000001,,15159.3,826.4000000000001,5.428,138,,5.428,24,2025-06-04 17:17:07,566098920.0,144438875.0
826.4000000000001,,15163.2,826.4000000000001,5.006,138,,5.006,24,2025-06-04 17:17:08,566099118.0,144439531.0
826.4000000000001,,15166.0,826.4000000000001,4.664,138,,4.664,24,2025-06-04 17:17:09,566099277.0,144440326.0
826.4000000000001,,15169.3,826.4000000000001,4.333,138,,4.333,24,2025-06-04 17:17:10,566099397.0,144441102.0
826.4000000000001,,15171.9,826.4000000000001,4.25,139,,4.25,24,2025-06-04 17:17:11,566099496.0,144441957.0
826.4000000000001,,15174.3,826.4000000000001,3.503,139,,3.503,24,2025-06-04 17:17:12,566099576.0,144442653.0
826.4000000000001,,15177.4,826.4000000000001,3.144,138,,3.144,24,2025-06-04 17:17:13,566099675.0,144443289.0
829.4000000000001,,15179.8,829.4000000000001,3.067,138,,3.067,24,2025-06-04 17:17:14,566099755.0,144443886.0
829.4000000000001,,15181.5,829.4000000000001,2.906,138,,2.906,24,2025-06-04 17:17:15,566099854.0,144444403.0
830.2,,15183.2,830.2,2.725,137,,2.725,24,2025-06-04 17:17:16,566099973.0,144444880.0
830.2,,15185.1,830.2,2.661,137,,2.661,24,2025-06-04 17:17:17,566100053.0,144445317.0
830.2,,15186.8,830.2,2.639,136,,2.639,24,2025-06-04 17:17:18,566100113.0,144445755.0
830.2,,15188.6,830.2,2.625,136,,2.625,24,2025-06-04 17:17:19,566100172.0,144446093.0
831.4000000000001,,15190.7,831.4000000000001,2.608,136,,2.608,24,2025-06-04 17:17:20,566100212.0,144446470.0
831.4000000000001,,15192.9,831.4000000000001,2.597,135,,2.597,24,2025-06-04 17:17:21,566100292.0,144446888.0
831.4000000000001,,15195.3,831.4000000000001,2.547,136,,2.547,24,2025-06-04 17:17:22,566100331.0,144447286.0
831.4000000000001,,15197.2,831.4000000000001,2.514,136,,2.514,24,2025-06-04 17:17:23,566100371.0,144447584.0
831.4000000000001,,15199.8,831.4000000000001,2.478,137,,2.478,24,2025-06-04 17:17:24,566100411.0,144447982.0
831.4000000000001,,15202.4,831.4000000000001,2.45,137,,2.45,24,2025-06-04 17:17:25,566100470.0,144448419.0
832.2,,15204.6,832.2,2.428,137,,2.428,24,2025-06-04 17:17:26,566100510.0,144448817.0
832.2,,15206.9,832.2,2.414,138,,2.414,24,2025-06-04 17:17:27,566100550.0,144449095.0
832.2,,15209.2,832.2,2.403,139,,2.403,24,2025-06-04 17:17:28,566100630.0,144449533.0
832.2,,15211.7,832.2,2.389,140,,2.389,24,2025-06-04 17:17:29,566100709.0,144449891.0
832.2,,15213.6,832.2,2.383,141,,2.383,24,2025-06-04 17:17:30,566100789.0,144450229.0
832.2,,15216.1,832.2,2.394,143,,2.394,24,2025-06-04 17:17:31,566100888.0,144450567.0
833.4000000000001,,15218.6,833.4000000000001,2.408,143,,2.408,24,2025-06-04 17:17:32,566100968.0,144450845.0
833.4000000000001,,15220.7,833.4000000000001,2.433,145,,2.433,24,2025-06-04 17:17:33,566101047.0,144451263.0
833.4000000000001,,15223.8,833.4000000000001,2.472,146,,2.472,24,2025-06-04 17:17:34,566101147.0,144451601.0
833.4000000000001,,15226.8,833.4000000000001,2.517,148,,2.517,24,2025-06-04 17:17:35,566101266.0,144451939.0
833.4000000000001,,15229.7,833.4000000000001,2.558,149,,2.558,24,2025-06-04 17:17:36,566101385.0,144452237.0
833.4000000000001,,15233.0,833.4000000000001,2.594,152,,2.594,24,2025-06-04 17:17:37,566101504.0,144452595.0
834.2,,15235.5,834.2,2.617,152,,2.617,24,2025-06-04 17:17:38,566101683.0,144453052.0
834.2,,15238.5,834.2,2.625,154,,2.625,24,2025-06-04 17:17:39,566101862.0,144453450.0
835.4000000000001,,15241.4,835.4000000000001,2.644,156,,2.644,24,2025-06-04 17:17:40,566102041.0,144453828.0
835.4000000000001,,15244.6,835.4000000000001,2.661,157,,2.661,24,2025-06-04 17:17:41,566102240.0,144454186.0
835.4000000000001,,15247.3,835.4000000000001,2.672,159,,2.672,24,2025-06-04 17:17:42,566102360.0,144454484.0
835.4000000000001,,15250.0,835.4000000000001,2.686,160,,2.686,24,2025-06-04 17:17:43,566102519.0,144454842.0
835.4000000000001,,15252.3,835.4000000000001,2.7,160,,2.7,24,2025-06-04 17:17:44,566102678.0,144455180.0
835.4000000000001,,15254.9,835.4000000000001,2.706,160,,2.706,24,2025-06-04 17:17:45,566102876.0,144455577.0
836.4000000000001,,15257.6,836.4000000000001,2.703,161,,2.703,24,2025-06-04 17:17:46,566103036.0,144455876.0
836.4000000000001,,15260.2,836.4000000000001,2.694,161,,2.694,24,2025-06-04 17:17:47,566103234.0,144456293.0
836.4000000000001,,15262.5,836.4000000000001,2.692,162,,2.692,24,2025-06-04 17:17:48,566103374.0,144456592.0
836.4000000000001,,15265.5,836.4000000000001,2.692,162,,2.692,24,2025-06-04 17:17:49,566103553.0,144456930.0
836.4000000000001,,15268.2,836.4000000000001,2.692,163,,2.692,24,2025-06-04 17:17:50,566103732.0,144457287.0
836.4000000000001,,15270.6,836.4000000000001,2.686,163,,2.686,24,2025-06-04 17:17:51,566103871.0,144457546.0
837.2,,15272.9,837.2,2.681,164,,2.681,24,2025-06-04 17:17:52,566104010.0,144457884.0
837.2,,15275.9,837.2,2.664,164,,2.664,24,2025-06-04 17:17:53,566104189.0,144458242.0
837.2,,15277.9,837.2,2.647,164,,2.647,24,2025-06-04 17:17:54,566104388.0,144458659.0
837.2,,15280.7,837.2,2.647,164,,2.647,24,2025-06-04 17:17:55,566104507.0,144458918.0
837.2,,15283.6,837.2,2.642,164,,2.642,24,2025-06-04 17:17:56,566104686.0,144459256.0
837.2,,15286.4,837.2,2.647,164,,2.647,24,2025-06-04 17:17:57,566104865.0,144459654.0
838.4000000000001,,15289.5,838.4000000000001,2.661,164,,2.661,24,2025-06-04 17:17:58,566104964.0,144459912.0
838.4000000000001,,15291.9,838.4000000000001,2.672,164,,2.672,24,2025-06-04 17:17:59,566105123.0,144460270.0
838.4000000000001,,15294.9,838.4000000000001,2.683,163,,2.683,24,2025-06-04 17:18:00,566105263.0,144460648.0
838.4000000000001,,15297.5,838.4000000000001,2.694,163,,2.694,24,2025-06-04 17:18:01,566105402.0,144461026.0
839.2,,15300.5,839.2,2.708,163,,2.708,24,2025-06-04 17:18:02,566105561.0,144461523.0
839.2,,15303.7,839.2,2.722,163,,2.722,24,2025-06-04 17:18:03,566105700.0,144461901.0
839.2,,15306.5,839.2,2.731,163,,2.731,24,2025-06-04 17:18:04,566105839.0,144462278.0
839.2,,15309.5,839.2,2.761,163,,2.761,24,2025-06-04 17:18:05,566105958.0,144462577.0
839.2,,15312.2,839.2,2.794,163,,2.794,24,2025-06-04 17:18:06,566106118.0,144463074.0
839.2,,15315.1,839.2,2.836,163,,2.836,24,2025-06-04 17:18:07,566106237.0,144463491.0
840.4000000000001,,15317.9,840.4000000000001,2.903,163,,2.903,24,2025-06-04 17:18:08,566106316.0,144463809.0
840.4000000000001,,15320.8,840.4000000000001,2.975,163,,2.975,24,2025-06-04 17:18:09,566106436.0,144464306.0
840.4000000000001,,15324.6,840.4000000000001,3.017,161,,3.017,24,2025-06-04 17:18:10,566106515.0,144464645.0
840.4000000000001,,15327.7,840.4000000000001,3.053,161,,3.053,24,2025-06-04 17:18:11,566106595.0,144465221.0
840.4000000000001,,15331.0,840.4000000000001,3.081,160,,3.081,24,2025-06-04 17:18:12,566106635.0,144465619.0
840.4000000000001,,15334.7,840.4000000000001,3.089,160,,3.089,24,2025-06-04 17:18:13,566106694.0,144466136.0
841.2,,15337.3,841.2,3.083,159,,3.083,24,2025-06-04 17:18:14,566106734.0,144466633.0
841.2,,15340.8,841.2,3.078,159,,3.078,24,2025-06-04 17:18:15,566106774.0,144467210.0
841.2,,15343.7,841.2,3.069,159,,3.069,24,2025-06-04 17:18:16,566106794.0,144467707.0
841.2,,15346.7,841.2,3.053,159,,3.053,24,2025-06-04 17:18:17,566106794.0,144468204.0
841.2,,15349.5,841.2,3.042,160,,3.042,24,2025-06-04 17:18:18,566106794.0,144468582.0
841.2,,15352.7,841.2,3.036,161,,3.036,24,2025-06-04 17:18:19,566106814.0,144469039.0
841.2,,15355.1,841.2,3.036,161,,3.036,24,2025-06-04 17:18:20,566106794.0,144469596.0
841.2,,15358.4,841.2,3.042,162,,3.042,24,2025-06-04 17:18:21,566106774.0,144469973.0
842.4000000000001,,15361.5,842.4000000000001,3.056,163,,3.056,24,2025-06-04 17:18:22,566106734.0,144470510.0
842.4000000000001,,15364.7,842.4000000000001,3.067,163,,3.067,24,2025-06-04 17:18:23,566106694.0,144470988.0
842.4000000000001,,15368.1,842.4000000000001,3.081,163,,3.081,24,2025-06-04 17:18:24,566106674.0,144471385.0
842.4000000000001,,15371.4,842.4000000000001,3.089,163,,3.089,24,2025-06-04 17:18:25,566106615.0,144471962.0
842.4000000000001,,15374.6,842.4000000000001,3.097,163,,3.097,24,2025-06-04 17:18:26,566106555.0,144472459.0
842.4000000000001,,15377.5,842.4000000000001,3.108,163,,3.108,24,2025-06-04 17:18:27,566106515.0,144472877.0
842.4000000000001,,15380.9,842.4000000000001,3.125,163,,3.125,24,2025-06-04 17:18:28,566106456.0,144473473.0
842.4000000000001,,15384.3,842.4000000000001,3.128,162,,3.128,24,2025-06-04 17:18:29,566106396.0,144473990.0
842.4000000000001,,15387.1,842.4000000000001,3.142,162,,3.142,24,2025-06-04 17:18:30,566106336.0,144474368.0
842.4000000000001,,15390.3,842.4000000000001,3.147,162,,3.147,24,2025-06-04 17:18:31,566106277.0,144474885.0
842.4000000000001,,15393.8,842.4000000000001,3.15,162,,3.15,24,2025-06-04 17:18:32,566106237.0,144475382.0
842.4000000000001,,15396.7,842.4000000000001,3.156,162,,3.156,25,2025-06-04 17:18:33,566106197.0,144475859.0
843.4000000000001,,15399.8,843.4000000000001,3.164,161,,3.164,25,2025-06-04 17:18:34,566106137.0,144476336.0
843.4000000000001,,15403.7,843.4000000000001,3.169,161,,3.169,25,2025-06-04 17:18:35,566106078.0,144476853.0
843.4000000000001,,15406.5,843.4000000000001,3.175,161,,3.175,25,2025-06-04 17:18:36,566105998.0,144477351.0
843.4000000000001,,15409.8,843.4000000000001,3.186,161,,3.186,25,2025-06-04 17:18:37,566105939.0,144477927.0
843.4000000000001,,15413.3,843.4000000000001,3.194,161,,3.194,25,2025-06-04 17:18:38,566105879.0,144478325.0
843.4000000000001,,15416.9,843.4000000000001,3.206,161,,3.206,25,2025-06-04 17:18:39,566105799.0,144478921.0
843.4000000000001,,15420.1,843.4000000000001,3.231,162,,3.231,25,2025-06-04 17:18:40,566105740.0,144479319.0
844.4000000000001,,15423.9,844.4000000000001,3.25,162,,3.25,25,2025-06-04 17:18:41,566105660.0,144479836.0
844.4000000000001,,15426.6,844.4000000000001,3.261,162,,3.261,25,2025-06-04 17:18:42,566105581.0,144480353.0
844.4000000000001,,15430.5,844.4000000000001,3.3,162,,3.3,25,2025-06-04 17:18:43,566105501.0,144480989.0
844.4000000000001,,15433.6,844.4000000000001,3.322,163,,3.322,25,2025-06-04 17:18:44,566105461.0,144481407.0
844.4000000000001,,15437.4,844.4000000000001,3.325,163,,3.325,25,2025-06-04 17:18:45,566105382.0,144482063.0
844.4000000000001,,15440.7,844.4000000000001,3.325,163,,3.325,25,2025-06-04 17:18:46,566105322.0,144482481.0
845.4000000000001,,15443.9,845.4000000000001,3.325,163,,3.325,25,2025-06-04 17:18:47,566105282.0,144482978.0
845.4000000000001,,15446.5,845.4000000000001,3.325,163,,3.325,25,2025-06-04 17:18:48,566105223.0,144483515.0
845.4000000000001,,15450.5,845.4000000000001,3.331,163,,3.331,25,2025-06-04 17:18:49,566105203.0,144484032.0
845.4000000000001,,15453.3,845.4000000000001,3.336,163,,3.336,25,2025-06-04 17:18:50,566105163.0,144484549.0
845.4000000000001,,15457.0,845.4000000000001,3.339,161,,3.339,25,2025-06-04 17:18:51,566105123.0,144485066.0
845.4000000000001,,15460.3,845.4000000000001,3.342,161,,3.342,25,2025-06-04 17:18:52,566105104.0,144485583.0
845.4000000000001,,15463.7,845.4000000000001,3.342,159,,3.342,25,2025-06-04 17:18:53,566105084.0,144486119.0
845.4000000000001,,15466.8,845.4000000000001,3.347,159,,3.347,25,2025-06-04 17:18:54,566105084.0,144486656.0
845.4000000000001,,15470.4,845.4000000000001,3.347,158,,3.347,25,2025-06-04 17:18:55,566105104.0,144487193.0
845.4000000000001,,15473.9,845.4000000000001,3.35,158,,3.35,25,2025-06-04 17:18:56,566105163.0,144487690.0
845.4000000000001,,15477.0,845.4000000000001,3.35,157,,3.35,25,2025-06-04 17:18:57,566105263.0,144488207.0
845.4000000000001,,15480.4,845.4000000000001,3.347,157,,3.347,25,2025-06-04 17:18:58,566105342.0,144488724.0
846.2,,15483.7,846.2,3.35,156,,3.35,25,2025-06-04 17:18:59,566105422.0,144489241.0
846.2,,15487.1,846.2,3.35,156,,3.35,25,2025-06-04 17:19:00,566105541.0,144489758.0
846.2,,15490.6,846.2,3.358,156,,3.358,25,2025-06-04 17:19:01,566105640.0,144490235.0
846.2,,15494.3,846.2,3.372,156,,3.372,25,2025-06-04 17:19:02,566105780.0,144490713.0
846.2,,15497.7,846.2,3.386,156,,3.386,25,2025-06-04 17:19:03,566105919.0,144491190.0
846.2,,15501.6,846.2,3.403,155,,3.403,25,2025-06-04 17:19:04,566106098.0,144491687.0
846.2,,15505.3,846.2,3.422,155,,3.422,25,2025-06-04 17:19:05,566106277.0,144492184.0
846.2,,15509.5,846.2,3.442,155,,3.442,25,2025-06-04 17:19:06,566106495.0,144492681.0
846.2,,15513.6,846.2,3.464,155,,3.464,25,2025-06-04 17:19:07,566106714.0,144493178.0
846.2,,15517.7,846.2,3.511,154,,3.511,25,2025-06-04 17:19:08,566106933.0,144493636.0
846.2,,15521.6,846.2,3.558,154,,3.558,25,2025-06-04 17:19:09,566107171.0,144494133.0
846.2,,15525.9,846.2,3.606,153,,3.606,25,2025-06-04 17:19:10,566107430.0,144494630.0
846.2,,15529.9,846.2,3.728,153,,3.728,25,2025-06-04 17:19:11,566107669.0,144495127.0
846.2,,15533.8,846.2,3.844,152,,3.844,25,2025-06-04 17:19:12,566107887.0,144495644.0
846.2,,15538.6,846.2,3.944,152,,3.944,25,2025-06-04 17:19:13,566108126.0,144496181.0
846.2,,15543.0,846.2,4.033,152,,4.033,25,2025-06-04 17:19:14,566108364.0,144496698.0
846.2,,15547.3,846.2,4.119,152,,4.119,25,2025-06-04 17:19:15,566108583.0,144497235.0
846.2,,15551.8,846.2,4.175,152,,4.175,25,2025-06-04 17:19:16,566108822.0,144497771.0
846.2,,15556.3,846.2,4.228,152,,4.228,25,2025-06-04 17:19:17,566109080.0,144498348.0
846.2,,15560.7,846.2,4.283,152,,4.283,25,2025-06-04 17:19:18,566109339.0,144498925.0
846.2,,15566.3,846.2,4.353,151,,4.353,25,2025-06-04 17:19:19,566109597.0,144499482.0
846.2,,15571.5,846.2,4.444,151,,4.444,25,2025-06-04 17:19:20,566109876.0,144500038.0
846.2,,15576.2,846.2,4.556,151,,4.556,25,2025-06-04 17:19:21,566110114.0,144500635.0
846.2,,15581.3,846.2,4.644,151,,4.644,25,2025-06-04 17:19:22,566110333.0,144501291.0
846.2,,15587.7,846.2,5.289,151,,5.289,25,2025-06-04 17:19:23,566110552.0,144502126.0
846.2,,15593.4,846.2,5.375,151,,5.375,25,2025-06-04 17:19:24,566110711.0,144502862.0
846.2,,15599.6,846.2,5.481,151,,5.481,25,2025-06-04 17:19:25,566110790.0,144503518.0
846.2,,15605.9,846.2,5.6,151,,5.6,25,2025-06-04 17:19:26,566110870.0,144504353.0
846.2,,15611.9,846.2,5.731,151,,5.731,25,2025-06-04 17:19:27,566110910.0,144505407.0
846.2,,15618.6,846.2,5.872,150,,5.872,25,2025-06-04 17:19:28,566110870.0,144506302.0
846.2,,15625.4,846.2,6.022,150,,6.022,25,2025-06-04 17:19:29,566110771.0,144507216.0
846.2,,15632.9,846.2,6.158,150,,6.158,25,2025-06-04 17:19:30,566110611.0,144508131.0
845.4000000000001,,15639.7,845.4000000000001,6.3,150,,6.3,25,2025-06-04 17:19:31,566110432.0,144509066.0
845.4000000000001,,15646.4,845.4000000000001,6.444,149,,6.444,25,2025-06-04 17:19:32,566110234.0,144510020.0
844.4000000000001,,15653.2,844.4000000000001,6.608,150,,6.608,25,2025-06-04 17:19:33,566110015.0,144510994.0
844.4000000000001,,15660.5,844.4000000000001,6.758,148,,6.758,25,2025-06-04 17:19:34,566109776.0,144511989.0
844.4000000000001,,15668.0,844.4000000000001,6.928,148,,6.928,25,2025-06-04 17:19:35,566109538.0,144512963.0
844.4000000000001,,15676.5,844.4000000000001,7.097,145,,7.097,25,2025-06-04 17:19:36,566109279.0,144513977.0
844.4000000000001,,15684.6,844.4000000000001,7.256,144,,7.256,25,2025-06-04 17:19:37,566109021.0,144515031.0
844.4000000000001,,15692.6,844.4000000000001,7.378,144,,7.378,25,2025-06-04 17:19:38,566108802.0,144515926.0
843.4000000000001,,15700.2,843.4000000000001,7.497,143,,7.497,25,2025-06-04 17:19:39,566108563.0,144517019.0
843.4000000000001,,15708.1,843.4000000000001,7.592,141,,7.592,25,2025-06-04 17:19:40,566108265.0,144518391.0
843.4000000000001,,15717.2,843.4000000000001,7.675,141,,7.675,25,2025-06-04 17:19:41,566108027.0,144519564.0
843.4000000000001,,15724.9,843.4000000000001,7.761,140,,7.761,25,2025-06-04 17:19:42,566107808.0,144520738.0
842.4000000000001,,15734.5,842.4000000000001,7.853,138,,7.853,25,2025-06-04 17:19:43,566107569.0,144521911.0
842.4000000000001,,15743.0,842.4000000000001,7.953,138,,7.953,25,2025-06-04 17:19:44,566107410.0,144522865.0
842.4000000000001,,15750.7,842.4000000000001,8.064,136,,8.064,25,2025-06-04 17:19:45,566107152.0,144524297.0
842.4000000000001,,15759.3,842.4000000000001,8.167,136,,8.167,25,2025-06-04 17:19:46,566106933.0,144525530.0
842.4000000000001,,15768.1,842.4000000000001,8.267,135,,8.267,25,2025-06-04 17:19:47,566106734.0,144526782.0
842.4000000000001,,15776.3,842.4000000000001,8.361,134,,8.361,25,2025-06-04 17:19:48,566106535.0,144528055.0
841.2,,15786.8,841.2,8.456,134,,8.456,25,2025-06-04 17:19:49,566106356.0,144529347.0
841.2,,15794.9,841.2,8.533,134,,8.533,25,2025-06-04 17:19:50,566106157.0,144530660.0
841.2,,15803.9,841.2,8.611,133,,8.611,25,2025-06-04 17:19:51,566105978.0,144531972.0
841.2,,15812.9,841.2,8.683,133,,8.683,25,2025-06-04 17:19:52,566105780.0,144533304.0
841.2,,15822.0,841.2,8.764,133,,8.764,25,2025-06-04 17:19:53,566105581.0,144534637.0
841.2,,15830.8,841.2,8.825,131,,8.825,25,2025-06-04 17:19:54,566105342.0,144535989.0
841.2,,15840.3,841.2,8.894,130,,8.894,25,2025-06-04 17:19:55,566105104.0,144537321.0
841.2,,15849.6,841.2,8.956,130,,8.956,25,2025-06-04 17:19:56,566104825.0,144538653.0
841.2,,15858.1,841.2,9.017,129,,9.017,25,2025-06-04 17:19:57,566104507.0,144539985.0
841.2,,15868.1,841.2,9.061,129,,9.061,25,2025-06-04 17:19:58,566104169.0,144541338.0
841.2,,15876.4,841.2,9.106,129,,9.106,25,2025-06-04 17:19:59,566103791.0,144542630.0
841.2,,15886.4,841.2,9.133,127,,9.133,25,2025-06-04 17:20:00,566103374.0,144543942.0
838.4000000000001,,15895.7,838.4000000000001,9.161,127,,9.161,25,2025-06-04 17:20:01,566102936.0,144545215.0
838.4000000000001,,15905.0,838.4000000000001,9.175,126,,9.175,25,2025-06-04 17:20:02,566102479.0,144546507.0
837.2,,15913.5,837.2,9.208,126,,9.208,25,2025-06-04 17:20:03,566102081.0,144547502.0
837.2,,15923.7,837.2,9.244,125,,9.244,25,2025-06-04 17:20:04,566101504.0,144549013.0
837.2,,15933.3,837.2,9.303,125,,9.303,25,2025-06-04 17:20:05,566101027.0,144550265.0
837.2,,15942.8,837.2,9.361,125,,9.361,25,2025-06-04 17:20:06,566100510.0,144551498.0
836.4000000000001,,15952.5,836.4000000000001,9.419,125,,9.419,25,2025-06-04 17:20:07,566099973.0,144552711.0
836.4000000000001,,15963.0,836.4000000000001,9.461,125,,9.461,25,2025-06-04 17:20:08,566099377.0,144553924.0
836.4000000000001,,15971.8,836.4000000000001,9.511,125,,9.511,25,2025-06-04 17:20:09,566098780.0,144555117.0
836.4000000000001,,15981.7,836.4000000000001,9.542,124,,9.542,25,2025-06-04 17:20:10,566098144.0,144556310.0
835.4000000000001,,15991.4,835.4000000000001,9.569,124,,9.569,25,2025-06-04 17:20:11,566097508.0,144557483.0
835.4000000000001,,16000.5,835.4000000000001,9.608,125,,9.608,25,2025-06-04 17:20:12,566096872.0,144558637.0
834.2,,16010.9,834.2,9.653,125,,9.653,25,2025-06-04 17:20:13,566096235.0,144559810.0
834.2,,16020.6,834.2,9.686,125,,9.686,25,2025-06-04 17:20:14,566095599.0,144561023.0
833.4000000000001,,16030.1,833.4000000000001,9.717,125,,9.717,25,2025-06-04 17:20:15,566095002.0,144562256.0
833.4000000000001,,16039.6,833.4000000000001,9.747,125,,9.747,25,2025-06-04 17:20:16,566094426.0,144563508.0
833.4000000000001,,16049.2,833.4000000000001,9.778,125,,9.778,25,2025-06-04 17:20:17,566093929.0,144564861.0
833.4000000000001,,16058.6,833.4000000000001,9.808,125,,9.808,25,2025-06-04 17:20:18,566093531.0,144566292.0
833.4000000000001,,16067.9,833.4000000000001,9.85,125,,9.85,25,2025-06-04 17:20:19,566093312.0,144567803.0
833.4000000000001,,16077.8,833.4000000000001,9.953,125,,9.953,25,2025-06-04 17:20:20,566093272.0,144569334.0
833.4000000000001,,16088.1,833.4000000000001,10.033,125,,10.033,25,2025-06-04 17:20:21,566093372.0,144570865.0
833.4000000000001,,16098.3,833.4000000000001,10.072,124,,10.072,25,2025-06-04 17:20:22,566093591.0,144572397.0
833.4000000000001,,16108.3,833.4000000000001,10.075,124,,10.075,25,2025-06-04 17:20:23,566093889.0,144573908.0
833.4000000000001,,16118.2,833.4000000000001,10.022,123,,10.022,25,2025-06-04 17:20:24,566094207.0,144575439.0
831.4000000000001,,16128.0,831.4000000000001,9.883,123,,9.883,25,2025-06-04 17:20:25,566094565.0,144577069.0
831.4000000000001,,16137.5,831.4000000000001,9.736,123,,9.736,25,2025-06-04 17:20:26,566094784.0,144578600.0
831.4000000000001,,16145.7,831.4000000000001,9.569,123,,9.569,25,2025-06-04 17:20:27,566094903.0,144580112.0
831.4000000000001,,16155.0,831.4000000000001,9.389,122,,9.389,24,2025-06-04 17:20:28,566094923.0,144581623.0
833.4000000000001,,16163.3,833.4000000000001,9.208,122,,9.208,25,2025-06-04 17:20:29,566094923.0,144583074.0
833.4000000000001,,16170.7,833.4000000000001,9.019,122,,9.019,24,2025-06-04 17:20:30,566094903.0,144584526.0
833.4000000000001,,16178.7,833.4000000000001,8.833,123,,8.833,24,2025-06-04 17:20:31,566094843.0,144585958.0
833.4000000000001,,16186.6,833.4000000000001,8.661,123,,8.661,24,2025-06-04 17:20:32,566094784.0,144587310.0
833.4000000000001,,16194.1,833.4000000000001,8.5,124,,8.5,24,2025-06-04 17:20:33,566094664.0,144588642.0
833.4000000000001,,16201.7,833.4000000000001,8.358,124,,8.358,24,2025-06-04 17:20:34,566094505.0,144589934.0
833.4000000000001,,16209.1,833.4000000000001,8.231,124,,8.231,24,2025-06-04 17:20:35,566094306.0,144591187.0
833.4000000000001,,16216.2,833.4000000000001,8.108,126,,8.108,24,2025-06-04 17:20:36,566094048.0,144592420.0
833.4000000000001,,16223.6,833.4000000000001,7.981,127,,7.981,24,2025-06-04 17:20:37,566093770.0,144593593.0
833.4000000000001,,16230.7,833.4000000000001,7.844,127,,7.844,24,2025-06-04 17:20:38,566093451.0,144594746.0
833.4000000000001,,16237.4,833.4000000000001,7.708,130,,7.708,24,2025-06-04 17:20:39,566093094.0,144595860.0
833.4000000000001,,16244.6,833.4000000000001,7.567,131,,7.567,24,2025-06-04 17:20:40,566092716.0,144596934.0
833.4000000000001,,16251.3,833.4000000000001,7.422,131,,7.422,24,2025-06-04 17:20:41,566092298.0,144597968.0
833.4000000000001,,16257.5,833.4000000000001,7.289,132,,7.289,24,2025-06-04 17:20:42,566091900.0,144598942.0
833.4000000000001,,16264.6,833.4000000000001,7.183,135,,7.183,24,2025-06-04 17:20:43,566091523.0,144599916.0
833.4000000000001,,16271.1,833.4000000000001,7.092,135,,7.092,24,2025-06-04 17:20:44,566091125.0,144600871.0
833.4000000000001,,16277.6,833.4000000000001,7.033,137,,7.033,24,2025-06-04 17:20:45,566090747.0,144601805.0
833.4000000000001,,16284.2,833.4000000000001,6.989,138,,6.989,24,2025-06-04 17:20:46,566090369.0,144602740.0
833.4000000000001,,16290.9,833.4000000000001,6.961,138,,6.961,24,2025-06-04 17:20:47,566090012.0,144603654.0
833.4000000000001,,16297.4,833.4000000000001,6.925,140,,6.925,24,2025-06-04 17:20:48,566089634.0,144604589.0
833.4000000000001,,16304.2,833.4000000000001,6.883,141,,6.883,24,2025-06-04 17:20:49,566089236.0,144605484.0
833.4000000000001,,16310.8,833.4000000000001,6.831,141,,6.831,24,2025-06-04 17:20:50,566088838.0,144606418.0
833.4000000000001,,16317.3,833.4000000000001,6.781,142,,6.781,24,2025-06-04 17:20:51,566088441.0,144607333.0
833.4000000000001,,16324.1,833.4000000000001,6.739,143,,6.739,24,2025-06-04 17:20:52,566088063.0,144608228.0
834.2,,16330.6,834.2,6.703,143,,6.703,24,2025-06-04 17:20:53,566087685.0,144609123.0
834.2,,16336.9,834.2,6.686,145,,6.686,24,2025-06-04 17:20:54,566087347.0,144610017.0
834.2,,16343.6,834.2,6.672,145,,6.672,24,2025-06-04 17:20:55,566086989.0,144610912.0
834.2,,16350.0,834.2,6.644,145,,6.644,24,2025-06-04 17:20:56,566086591.0,144611787.0
834.2,,16355.8,834.2,6.597,146,,6.597,24,2025-06-04 17:20:57,566086214.0,144612662.0
834.2,,16362.6,834.2,6.547,147,,6.547,24,2025-06-04 17:20:58,566085856.0,144613557.0
834.2,,16368.9,834.2,6.486,147,,6.486,24,2025-06-04 17:20:59,566085498.0,144614451.0
834.2,,16375.1,834.2,6.419,147,,6.419,24,2025-06-04 17:21:00,566085120.0,144615326.0
834.2,,16381.2,834.2,6.372,147,,6.372,24,2025-06-04 17:21:01,566084762.0,144616181.0
834.2,,16387.4,834.2,6.339,147,,6.339,24,2025-06-04 17:21:02,566084424.0,144617016.0
835.4000000000001,,16393.4,835.4000000000001,6.303,147,,6.303,24,2025-06-04 17:21:03,566084066.0,144617852.0
835.4000000000001,,16399.5,835.4000000000001,6.278,147,,6.278,24,2025-06-04 17:21:04,566083728.0,144618687.0
835.4000000000001,,16405.3,835.4000000000001,6.253,147,,6.253,24,2025-06-04 17:21:05,566083370.0,144619502.0
835.4000000000001,,16411.0,835.4000000000001,6.211,147,,6.211,24,2025-06-04 17:21:06,566083012.0,144620357.0
836.4000000000001,,16417.5,836.4000000000001,6.183,147,,6.183,24,2025-06-04 17:21:07,566082674.0,144621192.0
836.4000000000001,,16423.5,836.4000000000001,6.169,147,,6.169,24,2025-06-04 17:21:08,566082336.0,144622007.0
836.4000000000001,,16429.7,836.4000000000001,6.158,147,,6.158,24,2025-06-04 17:21:09,566081978.0,144622823.0
836.4000000000001,,16435.9,836.4000000000001,6.158,146,,6.158,24,2025-06-04 17:21:10,566081640.0,144623638.0
836.4000000000001,,16441.7,836.4000000000001,6.156,146,,6.156,24,2025-06-04 17:21:11,566081322.0,144624453.0
836.4000000000001,,16446.6,836.4000000000001,6.142,146,,6.142,24,2025-06-04 17:21:12,566080984.0,144625288.0
836.4000000000001,,16453.0,836.4000000000001,6.122,146,,6.122,24,2025-06-04 17:21:13,566080626.0,144626104.0
836.4000000000001,,16459.6,836.4000000000001,6.094,146,,6.094,24,2025-06-04 17:21:14,566080288.0,144626939.0
836.4000000000001,,16465.4,836.4000000000001,6.058,147,,6.058,24,2025-06-04 17:21:15,566079950.0,144627774.0
836.4000000000001,,16470.7,836.4000000000001,6.036,147,,6.036,24,2025-06-04 17:21:16,566079711.0,144628430.0
836.4000000000001,,16476.5,836.4000000000001,6.019,147,,6.019,24,2025-06-04 17:21:17,566079393.0,144629245.0
836.4000000000001,,16483.0,836.4000000000001,5.992,147,,5.992,24,2025-06-04 17:21:18,566079016.0,144630239.0
836.4000000000001,,16488.7,836.4000000000001,5.961,148,,5.961,24,2025-06-04 17:21:19,566078678.0,144631035.0
836.4000000000001,,16493.8,836.4000000000001,5.919,148,,5.919,24,2025-06-04 17:21:20,566078399.0,144631651.0
837.2,,16499.7,837.2,5.872,148,,5.872,24,2025-06-04 17:21:21,566078061.0,144632447.0
837.2,,16506.3,837.2,5.825,149,,5.825,24,2025-06-04 17:21:22,566077683.0,144633421.0
837.2,,16511.3,837.2,5.778,149,,5.778,24,2025-06-04 17:21:23,566077385.0,144634216.0
837.2,,16516.8,837.2,5.733,148,,5.733,24,2025-06-04 17:21:24,566077146.0,144634852.0
837.2,,16522.8,837.2,5.711,148,,5.711,24,2025-06-04 17:21:25,566076868.0,144635628.0
837.2,,16527.7,837.2,5.689,148,,5.689,24,2025-06-04 17:21:26,566076570.0,144636602.0
837.2,,16531.9,837.2,5.669,148,,5.669,24,2025-06-04 17:21:27,566076391.0,144637457.0
837.2,,16537.7,837.2,5.65,148,,5.65,24,2025-06-04 17:21:28,566076272.0,144638312.0
838.4000000000001,,16544.1,838.4000000000001,5.622,148,,5.622,24,2025-06-04 17:21:29,566076192.0,144639187.0
838.4000000000001,,16548.3,838.4000000000001,5.592,146,,5.592,24,2025-06-04 17:21:30,566076212.0,144639903.0
838.4000000000001,,16554.0,838.4000000000001,5.55,146,,5.55,24,2025-06-04 17:21:31,566076272.0,144640778.0
838.4000000000001,,16558.7,838.4000000000001,5.5,146,,5.5,24,2025-06-04 17:21:32,566076351.0,144641653.0
839.2,,16563.8,839.2,5.461,145,,5.461,24,2025-06-04 17:21:33,566076470.0,144642667.0
839.2,,16569.3,839.2,5.431,143,,5.431,24,2025-06-04 17:21:34,566076590.0,144643323.0
839.2,,16575.0,839.2,5.389,142,,5.389,24,2025-06-04 17:21:35,566076788.0,144644317.0
839.2,,16579.7,839.2,5.347,142,,5.347,24,2025-06-04 17:21:36,566076908.0,144644954.0
839.2,,16585.6,839.2,5.292,142,,5.292,24,2025-06-04 17:21:37,566077067.0,144645749.0
839.2,,16589.5,839.2,5.175,142,,5.175,24,2025-06-04 17:21:38,566077226.0,144646564.0
839.2,,16594.9,839.2,5.1,143,,5.1,24,2025-06-04 17:21:39,566077405.0,144647360.0
839.2,,16599.2,839.2,5.047,143,,5.047,24,2025-06-04 17:21:40,566077564.0,144648135.0
840.4000000000001,,16604.8,840.4000000000001,5.022,144,,5.022,24,2025-06-04 17:21:41,566077743.0,144649050.0
840.4000000000001,,16609.2,840.4000000000001,5.028,144,,5.028,24,2025-06-04 17:21:42,566077882.0,144649626.0
840.4000000000001,,16614.4,840.4000000000001,5.031,145,,5.031,24,2025-06-04 17:21:43,566078041.0,144650382.0
840.4000000000001,,16619.2,840.4000000000001,5.003,145,,5.003,24,2025-06-04 17:21:44,566078180.0,144651157.0
840.4000000000001,,16624.4,840.4000000000001,4.95,147,,4.95,24,2025-06-04 17:21:45,566078320.0,144651913.0
840.4000000000001,,16628.6,840.4000000000001,4.881,147,,4.881,24,2025-06-04 17:21:46,566078399.0,144652689.0
840.4000000000001,,16633.4,840.4000000000001,4.789,147,,4.789,24,2025-06-04 17:21:47,566078459.0,144653484.0
840.4000000000001,,16637.6,840.4000000000001,4.719,148,,4.719,24,2025-06-04 17:21:48,566078419.0,144654259.0
840.4000000000001,,16642.3,840.4000000000001,4.686,148,,4.686,24,2025-06-04 17:21:49,566078359.0,144655174.0
840.4000000000001,,16646.9,840.4000000000001,4.686,148,,4.686,24,2025-06-04 17:21:50,566078260.0,144655890.0
842.4000000000001,,16651.1,842.4000000000001,4.708,148,,4.708,24,2025-06-04 17:21:51,566078160.0,144656447.0
842.4000000000001,,16656.0,842.4000000000001,4.725,149,,4.725,24,2025-06-04 17:21:52,566078041.0,144657143.0
843.4000000000001,,16660.4,843.4000000000001,4.708,149,,4.708,24,2025-06-04 17:21:53,566077882.0,144657839.0
843.4000000000001,,16664.4,843.4000000000001,4.669,150,,4.669,24,2025-06-04 17:21:54,566077723.0,144658554.0
843.4000000000001,,16669.0,843.4000000000001,4.608,150,,4.608,24,2025-06-04 17:21:55,566077564.0,144659270.0
843.4000000000001,,16674.4,843.4000000000001,4.533,151,,4.533,24,2025-06-04 17:21:56,566077405.0,144659986.0
843.4000000000001,,16678.1,843.4000000000001,4.478,152,,4.478,24,2025-06-04 17:21:57,566077266.0,144660682.0
843.4000000000001,,16682.7,843.4000000000001,4.456,152,,4.456,24,2025-06-04 17:21:58,566077107.0,144661338.0
843.4000000000001,,16687.5,843.4000000000001,4.436,153,,4.436,24,2025-06-04 17:21:59,566076967.0,144662014.0
843.4000000000001,,16691.1,843.4000000000001,4.414,153,,4.414,24,2025-06-04 17:22:00,566076788.0,144662790.0
846.2,,16696.0,846.2,4.403,154,,4.403,24,2025-06-04 17:22:01,566076669.0,144663307.0
846.2,,16699.7,846.2,4.386,154,,4.386,24,2025-06-04 17:22:02,566076510.0,144663963.0
846.2,,16704.0,846.2,4.378,154,,4.378,24,2025-06-04 17:22:03,566076311.0,144664758.0
846.2,,16708.2,846.2,4.369,154,,4.369,25,2025-06-04 17:22:04,566076172.0,144665275.0
846.2,,16712.6,846.2,4.358,155,,4.358,25,2025-06-04 17:22:05,566076013.0,144666031.0
846.2,,16716.5,846.2,4.369,157,,4.369,24,2025-06-04 17:22:06,566075874.0,144666528.0
846.2,,16721.2,846.2,4.389,158,,4.389,24,2025-06-04 17:22:07,566075735.0,144667164.0
846.2,,16725.2,846.2,4.417,158,,4.417,25,2025-06-04 17:22:08,566075576.0,144667800.0
846.2,,16729.7,846.2,4.458,160,,4.458,25,2025-06-04 17:22:09,566075416.0,144668576.0
846.2,,16734.8,846.2,4.503,161,,4.503,25,2025-06-04 17:22:10,566075297.0,144669113.0
846.2,,16740.1,846.2,4.556,162,,4.556,25,2025-06-04 17:22:11,566075158.0,144669809.0
846.2,,16745.1,846.2,4.617,162,,4.617,25,2025-06-04 17:22:12,566075019.0,144670505.0
846.2,,16750.9,846.2,4.692,163,,4.692,25,2025-06-04 17:22:13,566074840.0,144671201.0
846.2,,16756.5,846.2,4.953,163,,4.953,25,2025-06-04 17:22:14,566074661.0,144671936.0
844.4000000000001,,16762.8,844.4000000000001,5.244,163,,5.244,25,2025-06-04 17:22:15,566074482.0,144672672.0
844.4000000000001,,16770.0,844.4000000000001,5.578,163,,5.578,25,2025-06-04 17:22:16,566074323.0,144673448.0
844.4000000000001,,16777.3,844.4000000000001,5.961,163,,5.961,25,2025-06-04 17:22:17,566074144.0,144674263.0
844.4000000000001,,16785.4,844.4000000000001,6.386,163,,6.386,25,2025-06-04 17:22:18,566073945.0,144675138.0
843.4000000000001,,16794.0,843.4000000000001,6.825,163,,6.825,25,2025-06-04 17:22:19,566073706.0,144676072.0
843.4000000000001,,16803.3,843.4000000000001,7.267,163,,7.267,25,2025-06-04 17:22:20,566073428.0,144677047.0
842.4000000000001,,16812.7,842.4000000000001,7.7,162,,7.7,25,2025-06-04 17:22:21,566073110.0,144678100.0
842.4000000000001,,16823.2,842.4000000000001,8.103,161,,8.103,25,2025-06-04 17:22:22,566072732.0,144679214.0
842.4000000000001,,16833.7,842.4000000000001,8.475,161,,8.475,25,2025-06-04 17:22:23,566072354.0,144680427.0
842.4000000000001,,16844.4,842.4000000000001,8.822,160,,8.822,25,2025-06-04 17:22:24,566071937.0,144681640.0
841.2,,16855.5,841.2,9.136,159,,9.136,25,2025-06-04 17:22:25,566071519.0,144682912.0
841.2,,16866.5,841.2,9.425,158,,9.425,25,2025-06-04 17:22:26,566071082.0,144684245.0
840.4000000000001,,16878.4,840.4000000000001,9.697,158,,9.697,25,2025-06-04 17:22:27,566070664.0,144685617.0
840.4000000000001,,16890.2,840.4000000000001,9.931,158,,9.931,25,2025-06-04 17:22:28,566070227.0,144687048.0
840.4000000000001,,16900.7,840.4000000000001,10.147,158,,10.147,25,2025-06-04 17:22:29,566069769.0,144688480.0
840.4000000000001,,16911.8,840.4000000000001,10.344,157,,10.344,25,2025-06-04 17:22:30,566069372.0,144689971.0
839.2,,16923.3,839.2,10.5,157,,10.5,25,2025-06-04 17:22:31,566068934.0,144691860.0
839.2,,16934.5,839.2,10.611,157,,10.611,25,2025-06-04 17:22:32,566068596.0,144693471.0
839.2,,16945.7,839.2,10.694,156,,10.694,25,2025-06-04 17:22:33,566068338.0,144694763.0
839.2,,16957.9,839.2,10.758,156,,10.758,25,2025-06-04 17:22:34,566068020.0,144696414.0
837.2,,16968.0,837.2,10.811,155,,10.811,25,2025-06-04 17:22:35,566067721.0,144698084.0
837.2,,16977.1,837.2,10.872,154,,10.872,25,2025-06-04 17:22:36,566067423.0,144699734.0
836.4000000000001,,16989.2,836.4000000000001,10.964,153,,10.964,25,2025-06-04 17:22:37,566067165.0,144701385.0
836.4000000000001,,17001.8,836.4000000000001,11.1,153,,11.1,25,2025-06-04 17:22:38,566066866.0,144703373.0
834.2,,17013.4,834.2,11.292,151,,11.292,25,2025-06-04 17:22:39,566066648.0,144704725.0
834.2,,17025.9,834.2,11.556,150,,11.556,25,2025-06-04 17:22:40,566066369.0,144706415.0
832.2,,17038.8,832.2,11.897,149,,11.897,25,2025-06-04 17:22:41,566066111.0,144708145.0
832.2,,17052.0,832.2,12.306,148,,12.306,25,2025-06-04 17:22:42,566065872.0,144709935.0
830.2,,17067.9,830.2,12.761,147,,12.761,25,2025-06-04 17:22:43,566065614.0,144711784.0
830.2,,17084.5,830.2,13.219,146,,13.219,25,2025-06-04 17:22:44,566065355.0,144713733.0
828.4000000000001,,17099.4,828.4000000000001,13.653,144,,13.653,25,2025-06-04 17:22:45,566065176.0,144715801.0
828.4000000000001,,17117.0,828.4000000000001,14.047,144,,14.047,25,2025-06-04 17:22:46,566065057.0,144717968.0
826.4000000000001,,17133.6,826.4000000000001,14.375,144,,14.375,25,2025-06-04 17:22:47,566064958.0,144720692.0
826.4000000000001,,17150.3,826.4000000000001,14.642,143,,14.642,25,2025-06-04 17:22:48,566064898.0,144723019.0
826.4000000000001,,17167.1,826.4000000000001,14.867,143,,14.867,25,2025-06-04 17:22:49,566064818.0,144725365.0
826.4000000000001,,17183.7,826.4000000000001,15.044,143,,15.044,25,2025-06-04 17:22:50,566064798.0,144727751.0
826.4000000000001,,17198.7,826.4000000000001,15.183,144,,15.183,25,2025-06-04 17:22:51,566064759.0,144730157.0
826.4000000000001,,17214.3,826.4000000000001,15.289,144,,15.289,25,2025-06-04 17:22:52,566064699.0,144732563.0
820.4000000000001,,17229.9,820.4000000000001,15.375,145,,15.375,25,2025-06-04 17:22:53,566064600.0,144734989.0
820.4000000000001,,17242.7,820.4000000000001,15.439,145,,15.439,25,2025-06-04 17:22:54,566064500.0,144737435.0
818.4000000000001,,17260.9,818.4000000000001,15.522,144,,15.522,25,2025-06-04 17:22:55,566064381.0,144739861.0
818.4000000000001,,17274.7,818.4000000000001,15.619,144,,15.619,25,2025-06-04 17:22:56,566064301.0,144742306.0
816.2,,17289.8,816.2,15.739,145,,15.739,25,2025-06-04 17:22:57,566064381.0,144744732.0
816.2,,17305.9,816.2,15.825,145,,15.825,25,2025-06-04 17:22:58,566064580.0,144746681.0
816.2,,17321.3,816.2,15.839,146,,15.839,25,2025-06-04 17:22:59,566064997.0,144749564.0
816.2,,17335.0,816.2,15.728,146,,15.728,25,2025-06-04 17:23:00,566065375.0,144751513.0
816.2,,17350.8,816.2,15.494,146,,15.494,25,2025-06-04 17:23:01,566065912.0,144753938.0
816.2,,17365.0,816.2,15.161,146,,15.161,25,2025-06-04 17:23:02,566066469.0,144756364.0
808.4000000000001,,17379.6,808.4000000000001,14.811,147,,14.811,24,2025-06-04 17:23:03,566066986.0,144758711.0
808.4000000000001,,17390.9,808.4000000000001,14.556,147,,14.556,24,2025-06-04 17:23:04,566067503.0,144760918.0
806.4000000000001,,17405.3,806.4000000000001,14.428,147,,14.428,24,2025-06-04 17:23:05,566068079.0,144762966.0
806.4000000000001,,17417.4,806.4000000000001,14.45,147,,14.45,24,2025-06-04 17:23:06,566068696.0,144764914.0
805.2,,17431.8,805.2,14.592,147,,14.592,24,2025-06-04 17:23:07,566069511.0,144766644.0
805.2,,17445.3,805.2,14.764,146,,14.764,24,2025-06-04 17:23:08,566070664.0,144767977.0
802.4000000000001,,17457.8,802.4000000000001,14.864,146,,14.864,24,2025-06-04 17:23:09,566072056.0,144769030.0
802.4000000000001,,17473.5,802.4000000000001,14.781,146,,14.781,24,2025-06-04 17:23:10,566073508.0,144769965.0
799.4000000000001,,17487.3,799.4000000000001,14.361,146,,14.361,24,2025-06-04 17:23:11,566075079.0,144770740.0
799.4000000000001,,17499.7,799.4000000000001,13.547,145,,13.547,24,2025-06-04 17:23:12,566076629.0,144771576.0
798.2,,17508.7,798.2,12.431,145,,12.431,24,2025-06-04 17:23:13,566078121.0,144772371.0
798.2,,17515.2,798.2,10.986,145,,10.986,24,2025-06-04 17:23:14,566079572.0,144773107.0
797.4000000000001,,17516.7,797.4000000000001,8.011,144,,8.011,24,2025-06-04 17:23:15,566080805.0,144773743.0
797.4000000000001,,17517.1,797.4000000000001,6.372,144,,6.372,24,2025-06-04 17:23:16,566081760.0,144774280.0
796.2,,17517.1,796.2,5.689,144,,5.689,24,2025-06-04 17:23:17,566082396.0,144774817.0
796.2,,17517.1,796.2,5.592,144,,5.592,24,2025-06-04 17:23:18,566082913.0,144775314.0
794.4000000000001,,17517.1,794.4000000000001,6.1,142,,6.1,24,2025-06-04 17:23:19,566082933.0,144775851.0
794.4000000000001,,17517.1,794.4000000000001,6.294,141,,6.294,24,2025-06-04 17:23:20,566082555.0,144776248.0
793.2,,17517.8,793.2,6.85,139,,6.85,24,2025-06-04 17:23:21,566081958.0,144776527.0
793.2,,17527.3,793.2,7.483,137,,7.483,24,2025-06-04 17:23:22,566081262.0,144776706.0
791.2,,17541.8,791.2,8.156,136,,8.156,24,2025-06-04 17:23:23,566080507.0,144776944.0
791.2,,17554.8,791.2,8.836,135,,8.836,24,2025-06-04 17:23:24,566079692.0,144777282.0
790.4000000000001,,17567.6,790.4000000000001,9.494,135,,9.494,24,2025-06-04 17:23:25,566078797.0,144777720.0
790.4000000000001,,17581.8,790.4000000000001,10.117,135,,10.117,24,2025-06-04 17:23:26,566077823.0,144778297.0
788.4000000000001,,17595.7,788.4000000000001,10.683,135,,10.683,24,2025-06-04 17:23:27,566076788.0,144779012.0
788.4000000000001,,17609.5,788.4000000000001,11.172,136,,11.172,24,2025-06-04 17:23:28,566075735.0,144779788.0
786.4000000000001,,17623.3,786.4000000000001,11.5,137,,11.5,24,2025-06-04 17:23:29,566074880.0,144780484.0
786.4000000000001,,17636.4,786.4000000000001,11.664,137,,11.664,24,2025-06-04 17:23:30,566073567.0,144781597.0
784.2,,17649.3,784.2,11.664,137,,11.664,24,2025-06-04 17:23:31,566072414.0,144782591.0
784.2,,17659.6,784.2,11.558,137,,11.558,24,2025-06-04 17:23:32,566071221.0,144783606.0
783.4000000000001,,17671.7,783.4000000000001,11.481,137,,11.481,24,2025-06-04 17:23:33,566070048.0,144784560.0
783.4000000000001,,17684.4,783.4000000000001,11.536,138,,11.536,24,2025-06-04 17:23:34,566069074.0,144785574.0
781.4000000000001,,17695.2,781.4000000000001,11.744,138,,11.744,24,2025-06-04 17:23:35,566068218.0,144786708.0
781.4000000000001,,17707.4,781.4000000000001,12.122,139,,12.122,24,2025-06-04 17:23:36,566067682.0,144787781.0
780.2,,17721.4,780.2,12.575,138,,12.575,24,2025-06-04 17:23:37,566067145.0,144789750.0
780.2,,17735.2,780.2,12.986,138,,12.986,24,2025-06-04 17:23:38,566066827.0,144791659.0
780.2,,17747.5,780.2,13.292,139,,13.292,24,2025-06-04 17:23:39,566066608.0,144793687.0
780.2,,17764.0,780.2,13.472,139,,13.472,24,2025-06-04 17:23:40,566066369.0,144795794.0
779.4000000000001,,17780.2,779.4000000000001,13.508,140,,13.508,24,2025-06-04 17:23:41,566066111.0,144798499.0
779.4000000000001,,17793.1,779.4000000000001,13.433,140,,13.433,24,2025-06-04 17:23:42,566065832.0,144800726.0
778.4000000000001,,17806.9,778.4000000000001,13.325,141,,13.325,24,2025-06-04 17:23:43,566065594.0,144802456.0
778.4000000000001,,17820.2,778.4000000000001,13.253,142,,13.253,24,2025-06-04 17:23:44,566065256.0,144804504.0
776.4000000000001,,17832.1,776.4000000000001,13.272,142,,13.272,24,2025-06-04 17:23:45,566064878.0,144806472.0
776.4000000000001,,17844.9,776.4000000000001,13.389,143,,13.389,24,2025-06-04 17:23:46,566064580.0,144808461.0
774.4000000000001,,17858.4,774.4000000000001,13.606,143,,13.606,24,2025-06-04 17:23:47,566064321.0,144810429.0
774.4000000000001,,17874.0,774.4000000000001,13.881,143,,13.881,24,2025-06-04 17:23:48,566064162.0,144812477.0
772.4000000000001,,17888.9,772.4000000000001,14.206,143,,14.206,24,2025-06-04 17:23:49,566064043.0,144814585.0
772.4000000000001,,17904.7,772.4000000000001,14.528,143,,14.528,24,2025-06-04 17:23:50,566063943.0,144816812.0
772.4000000000001,,17920.5,772.4000000000001,14.822,143,,14.822,24,2025-06-04 17:23:51,566063745.0,144819099.0
772.4000000000001,,17937.6,772.4000000000001,15.069,144,,15.069,24,2025-06-04 17:23:52,566063466.0,144821425.0
772.4000000000001,,17956.1,772.4000000000001,15.247,144,,15.247,24,2025-06-04 17:23:53,566063128.0,144823752.0
772.4000000000001,,17969.5,772.4000000000001,15.322,143,,15.322,24,2025-06-04 17:23:54,566062730.0,144826138.0
769.4000000000001,,17986.7,769.4000000000001,15.306,143,,15.306,24,2025-06-04 17:23:55,566062313.0,144828544.0
769.4000000000001,,18003.5,769.4000000000001,15.225,142,,15.225,24,2025-06-04 17:23:56,566061836.0,144830930.0
768.2,,18017.0,768.2,15.125,141,,15.125,24,2025-06-04 17:23:57,566061239.0,144833753.0
768.2,,18032.4,768.2,15.042,140,,15.042,24,2025-06-04 17:23:58,566060861.0,144835583.0
767.4000000000001,,18046.9,767.4000000000001,15.028,140,,15.028,24,2025-06-04 17:23:59,566060384.0,144837810.0
767.4000000000001,,18060.6,767.4000000000001,15.103,140,,15.103,24,2025-06-04 17:24:00,566059867.0,144840454.0
767.4000000000001,,18078.8,767.4000000000001,15.267,139,,15.267,24,2025-06-04 17:24:01,566059549.0,144842244.0
767.4000000000001,,18091.5,767.4000000000001,15.494,139,,15.494,24,2025-06-04 17:24:02,566059131.0,144844511.0
767.4000000000001,,18111.2,767.4000000000001,15.789,138,,15.789,24,2025-06-04 17:24:03,566058734.0,144846797.0
767.4000000000001,,18126.9,767.4000000000001,16.114,137,,16.114,24,2025-06-04 17:24:04,566058316.0,144849163.0
763.4000000000001,,18143.1,763.4000000000001,16.45,137,,16.45,24,2025-06-04 17:24:05,566057839.0,144852106.0
763.4000000000001,,18162.8,763.4000000000001,16.786,137,,16.786,24,2025-06-04 17:24:06,566057521.0,144854134.0
761.2,,18183.6,761.2,17.133,137,,17.133,24,2025-06-04 17:24:07,566057063.0,144857236.0
761.2,,18201.2,761.2,17.475,137,,17.475,24,2025-06-04 17:24:08,566056785.0,144859364.0
759.2,,18218.9,759.2,17.792,135,,17.792,24,2025-06-04 17:24:09,566056487.0,144862088.0
759.2,,18238.0,759.2,18.044,134,,18.044,24,2025-06-04 17:24:10,566056268.0,144864872.0
755.4000000000001,,18258.6,755.4000000000001,18.172,132,,18.172,24,2025-06-04 17:24:11,566056089.0,144868312.0
755.4000000000001,,18275.0,755.4000000000001,18.106,131,,18.106,24,2025-06-04 17:24:12,566056029.0,144870658.0
752.2,,18294.2,752.2,17.817,129,,17.817,24,2025-06-04 17:24:13,566055970.0,144873621.0
752.2,,18310.1,752.2,17.347,127,,17.347,24,2025-06-04 17:24:14,566055910.0,144876584.0
749.4000000000001,,18323.6,749.4000000000001,16.775,126,,16.775,24,2025-06-04 17:24:15,566055851.0,144879467.0
749.4000000000001,,18337.2,749.4000000000001,16.169,125,,16.169,24,2025-06-04 17:24:16,566055811.0,144882211.0
747.4000000000001,,18352.1,747.4000000000001,15.633,126,,15.633,24,2025-06-04 17:24:17,566055831.0,144884736.0
747.4000000000001,,18364.5,747.4000000000001,15.219,126,,15.219,24,2025-06-04 17:24:18,566055930.0,144887063.0
745.4000000000001,,18376.8,745.4000000000001,14.917,127,,14.917,24,2025-06-04 17:24:19,566056149.0,144889309.0
745.4000000000001,,18388.8,745.4000000000001,14.711,128,,14.711,24,2025-06-04 17:24:20,566056467.0,144891497.0
744.4000000000001,,18400.8,744.4000000000001,14.594,128,,14.594,24,2025-06-04 17:24:21,566056964.0,144893585.0
744.4000000000001,,18414.7,744.4000000000001,14.531,128,,14.531,24,2025-06-04 17:24:22,566057600.0,144895613.0
741.2,,18428.9,741.2,14.508,127,,14.508,24,2025-06-04 17:24:23,566058276.0,144897601.0
741.2,,18442.0,741.2,14.508,126,,14.508,24,2025-06-04 17:24:24,566058972.0,144899590.0
738.4000000000001,,18457.9,738.4000000000001,14.497,126,,14.497,24,2025-06-04 17:24:25,566059609.0,144901638.0
738.4000000000001,,18472.2,738.4000000000001,14.469,125,,14.469,24,2025-06-04 17:24:26,566060225.0,144903725.0
736.2,,18486.4,736.2,14.389,125,,14.389,24,2025-06-04 17:24:27,566060762.0,144905873.0
736.2,,18500.4,736.2,14.253,125,,14.253,24,2025-06-04 17:24:28,566061199.0,144908060.0
733.4000000000001,,18513.8,733.4000000000001,14.039,125,,14.039,24,2025-06-04 17:24:29,566061617.0,144910247.0
733.4000000000001,,18526.4,733.4000000000001,13.753,125,,13.753,24,2025-06-04 17:24:30,566061995.0,144912415.0
731.4000000000001,,18538.6,731.4000000000001,13.442,125,,13.442,24,2025-06-04 17:24:31,566062373.0,144914562.0
731.4000000000001,,18550.6,731.4000000000001,13.156,125,,13.156,24,2025-06-04 17:24:32,566062770.0,144916610.0
730.4000000000001,,18561.4,730.4000000000001,12.944,126,,12.944,24,2025-06-04 17:24:33,566063168.0,144918599.0
730.4000000000001,,18574.5,730.4000000000001,12.853,126,,12.853,24,2025-06-04 17:24:34,566063566.0,144920468.0
728.4000000000001,,18586.6,728.4000000000001,12.861,124,,12.861,24,2025-06-04 17:24:35,566064003.0,144922238.0
728.4000000000001,,18598.4,728.4000000000001,12.933,123,,12.933,24,2025-06-04 17:24:36,566064520.0,144924007.0
726.4000000000001,,18611.8,726.4000000000001,13.042,122,,13.042,24,2025-06-04 17:24:37,566065057.0,144925797.0
726.4000000000001,,18624.8,726.4000000000001,13.15,123,,13.15,24,2025-06-04 17:24:38,566065634.0,144927646.0
723.2,,18637.3,723.2,13.219,122,,13.219,24,2025-06-04 17:24:39,566066270.0,144929535.0
723.2,,18652.4,723.2,13.256,122,,13.256,24,2025-06-04 17:24:40,566066926.0,144931364.0
721.4000000000001,,18665.9,721.4000000000001,13.225,123,,13.225,24,2025-06-04 17:24:41,566067582.0,144933233.0
721.4000000000001,,18678.9,721.4000000000001,13.094,123,,13.094,24,2025-06-04 17:24:42,566068218.0,144935122.0
718.2,,18691.3,718.2,12.847,124,,12.847,24,2025-06-04 17:24:43,566068815.0,144937051.0
718.2,,18702.3,718.2,12.486,124,,12.486,24,2025-06-04 17:24:44,566069392.0,144938960.0
716.2,,18711.7,716.2,12.067,124,,12.067,24,2025-06-04 17:24:45,566069909.0,144940849.0
716.2,,18721.9,716.2,11.628,124,,11.628,24,2025-06-04 17:24:46,566070446.0,144942639.0
714.4000000000001,,18730.8,714.4000000000001,11.261,125,,11.261,24,2025-06-04 17:24:47,566071002.0,144944269.0
714.4000000000001,,18738.5,714.4000000000001,10.969,125,,10.969,24,2025-06-04 17:24:48,566071639.0,144945701.0
712.4000000000001,,18747.6,712.4000000000001,10.747,125,,10.747,24,2025-06-04 17:24:49,566072394.0,144946854.0
712.4000000000001,,18755.5,712.4000000000001,10.639,126,,10.639,24,2025-06-04 17:24:50,566073309.0,144947689.0
710.4000000000001,,18763.8,710.4000000000001,10.531,127,,10.531,24,2025-06-04 17:24:51,566074323.0,144948206.0
710.4000000000001,,18772.8,710.4000000000001,10.347,126,,10.347,24,2025-06-04 17:24:52,566075436.0,144948485.0
710.4000000000001,,18781.7,710.4000000000001,10.111,125,,10.111,24,2025-06-04 17:24:53,566076530.0,144948504.0
710.4000000000001,,18789.5,710.4000000000001,9.811,124,,9.811,24,2025-06-04 17:24:54,566077584.0,144948544.0
710.4000000000001,,18796.7,710.4000000000001,9.403,123,,9.403,24,2025-06-04 17:24:55,566078737.0,144948425.0
710.4000000000001,,18802.6,710.4000000000001,8.989,122,,8.989,24,2025-06-04 17:24:56,566079751.0,144948306.0
702.2,,18808.6,702.2,8.589,122,,8.589,24,2025-06-04 17:24:57,566080686.0,144948465.0
702.2,,18814.9,702.2,8.272,122,,8.272,24,2025-06-04 17:24:58,566081521.0,144948962.0
700.2,,18816.1,700.2,8.125,122,,8.125,24,2025-06-04 17:24:59,566081799.0,144950354.0
700.2,,18820.5,700.2,8.225,121,,8.225,24,2025-06-04 17:25:00,566081978.0,144951268.0
699.4000000000001,,18828.3,699.4000000000001,8.533,121,,8.533,24,2025-06-04 17:25:01,566081998.0,144952441.0
699.4000000000001,,18838.9,699.4000000000001,9.05,121,,9.05,24,2025-06-04 17:25:02,566081879.0,144953754.0
699.4000000000001,,18850.0,699.4000000000001,9.675,121,,9.675,24,2025-06-04 17:25:03,566081541.0,144954609.0
699.4000000000001,,18861.5,699.4000000000001,10.247,121,,10.247,24,2025-06-04 17:25:04,566080885.0,144955623.0
699.4000000000001,,18873.9,699.4000000000001,10.611,121,,10.611,24,2025-06-04 17:25:05,566079930.0,144956597.0
699.4000000000001,,18886.5,699.4000000000001,10.731,122,,10.731,24,2025-06-04 17:25:06,566078936.0,144957631.0
691.2,,18898.3,691.2,10.647,122,,10.647,24,2025-06-04 17:25:07,566077902.0,144958745.0
691.2,,18911.6,691.2,10.403,122,,10.403,24,2025-06-04 17:25:08,566076828.0,144959838.0
688.2,,18921.1,688.2,10.153,122,,10.153,24,2025-06-04 17:25:09,566075854.0,144960833.0
688.2,,18929.7,688.2,9.986,122,,9.986,24,2025-06-04 17:25:10,566074919.0,144961688.0
685.4000000000001,,18938.6,685.4000000000001,10.033,122,,10.033,24,2025-06-04 17:25:11,566074044.0,144962324.0
685.4000000000001,,18948.2,685.4000000000001,10.283,122,,10.283,24,2025-06-04 17:25:12,566072931.0,144962881.0
682.4000000000001,,18958.5,682.4000000000001,10.664,122,,10.664,24,2025-06-04 17:25:13,566071957.0,144963020.0
682.4000000000001,,18970.4,682.4000000000001,11.133,121,,11.133,24,2025-06-04 17:25:14,566071161.0,144962662.0
679.2,,18980.4,679.2,11.542,120,,11.542,24,2025-06-04 17:25:15,566070107.0,144962105.0
679.2,,18995.1,679.2,11.847,120,,11.847,24,2025-06-04 17:25:16,566068954.0,144961350.0
677.2,,19009.2,677.2,12.003,119,,12.003,24,2025-06-04 17:25:17,566067702.0,144960554.0
677.2,,19021.0,677.2,12.053,119,,12.053,24,2025-06-04 17:25:18,566066170.0,144959799.0
674.4000000000001,,19036.0,674.4000000000001,12.044,118,,12.044,24,2025-06-04 17:25:19,566065097.0,144959341.0
674.4000000000001,,19048.9,674.4000000000001,12.069,118,,12.069,24,2025-06-04 17:25:20,566063625.0,144958824.0
672.4000000000001,,19061.2,672.4000000000001,12.106,118,,12.106,24,2025-06-04 17:25:21,566062353.0,144958466.0
672.4000000000001,,19072.9,672.4000000000001,12.178,118,,12.178,24,2025-06-04 17:25:22,566061378.0,144958089.0
668.2,,19083.7,668.2,12.292,117,,12.292,24,2025-06-04 17:25:23,566060205.0,144957472.0
668.2,,19095.7,668.2,12.378,117,,12.378,24,2025-06-04 17:25:24,566059012.0,144956657.0
664.4000000000001,,19108.0,664.4000000000001,12.394,117,,12.394,24,2025-06-04 17:25:25,566057819.0,144955822.0
664.4000000000001,,19119.9,664.4000000000001,12.275,117,,12.275,24,2025-06-04 17:25:26,566056686.0,144954808.0
660.4000000000001,,19132.2,660.4000000000001,11.95,117,,11.95,24,2025-06-04 17:25:27,566055572.0,144953694.0
660.4000000000001,,19142.1,660.4000000000001,11.386,117,,11.386,24,2025-06-04 17:25:28,566054459.0,144952541.0
658.4000000000001,,19149.8,658.4000000000001,10.597,118,,10.597,24,2025-06-04 17:25:29,566053425.0,144951328.0
658.4000000000001,,19155.3,658.4000000000001,9.636,118,,9.636,24,2025-06-04 17:25:30,566052431.0,144950215.0
656.4000000000001,,19159.4,656.4000000000001,8.603,118,,8.603,24,2025-06-04 17:25:31,566051575.0,144949200.0
656.4000000000001,,19160.7,656.4000000000001,7.772,119,,7.772,24,2025-06-04 17:25:32,566050840.0,144948405.0
655.4000000000001,,19160.7,655.4000000000001,7.181,119,,7.181,24,2025-06-04 17:25:33,566050144.0,144947928.0
655.4000000000001,,19161.0,655.4000000000001,6.889,119,,6.889,24,2025-06-04 17:25:34,566049527.0,144947809.0
653.4000000000001,,19162.5,653.4000000000001,6.911,119,,6.911,24,2025-06-04 17:25:35,566049050.0,144948146.0
653.4000000000001,,19164.8,653.4000000000001,7.231,118,,7.231,24,2025-06-04 17:25:36,566048871.0,144948763.0
651.4000000000001,,19167.8,651.4000000000001,7.653,118,,7.653,24,2025-06-04 17:25:37,566049169.0,144949737.0
651.4000000000001,,19177.5,651.4000000000001,8.175,117,,8.175,24,2025-06-04 17:25:38,566049647.0,144950592.0
649.4000000000001,,19190.2,649.4000000000001,8.767,117,,8.767,24,2025-06-04 17:25:39,566050243.0,144951467.0
649.4000000000001,,19205.7,649.4000000000001,9.386,116,,9.386,24,2025-06-04 17:25:40,566050979.0,144952302.0
649.4000000000001,,19220.8,649.4000000000001,10.0,116,,10.0,24,2025-06-04 17:25:41,566051754.0,144953217.0
649.4000000000001,,19232.7,649.4000000000001,10.575,116,,10.575,24,2025-06-04 17:25:42,566052769.0,144954390.0
648.4000000000001,,19248.6,648.4000000000001,11.086,117,,11.086,24,2025-06-04 17:25:43,566053683.0,144955424.0
648.4000000000001,,19262.8,648.4000000000001,11.508,117,,11.508,24,2025-06-04 17:25:44,566054657.0,144956557.0
646.4000000000001,,19277.4,646.4000000000001,11.844,117,,11.844,24,2025-06-04 17:25:45,566055652.0,144957770.0
646.4000000000001,,19289.8,646.4000000000001,12.089,118,,12.089,24,2025-06-04 17:25:46,566056447.0,144958785.0
646.4000000000001,,19303.3,646.4000000000001,12.292,118,,12.292,24,2025-06-04 17:25:47,566057620.0,144960375.0
646.4000000000001,,19316.4,646.4000000000001,12.447,118,,12.447,24,2025-06-04 17:25:48,566058595.0,144961747.0
646.4000000000001,,19330.7,646.4000000000001,12.564,119,,12.564,24,2025-06-04 17:25:49,566059629.0,144963040.0
646.4000000000001,,19343.6,646.4000000000001,12.608,119,,12.608,24,2025-06-04 17:25:50,566060543.0,144963915.0
644.4000000000001,,19357.4,644.4000000000001,12.567,119,,12.567,24,2025-06-04 17:25:51,566061915.0,144965108.0
644.4000000000001,,19367.8,644.4000000000001,12.378,119,,12.378,24,2025-06-04 17:25:52,566063168.0,144965983.0
643.2,,19378.6,643.2,12.094,120,,12.094,24,2025-06-04 17:25:53,566064421.0,144966778.0
643.2,,19387.9,643.2,11.681,120,,11.681,24,2025-06-04 17:25:54,566065693.0,144967533.0
643.2,,19399.4,643.2,11.169,121,,11.169,24,2025-06-04 17:25:55,566066886.0,144968289.0
643.2,,19406.6,643.2,10.586,122,,10.586,24,2025-06-04 17:25:56,566067900.0,144969224.0
643.2,,19413.2,643.2,9.967,123,,9.967,24,2025-06-04 17:25:57,566068696.0,144970357.0
643.2,,19418.8,643.2,9.364,123,,9.364,24,2025-06-04 17:25:58,566069372.0,144971630.0
640.4000000000001,,19424.0,640.4000000000001,8.9,124,,8.9,24,2025-06-04 17:25:59,566069889.0,144972882.0
640.4000000000001,,19429.8,640.4000000000001,8.669,124,,8.669,24,2025-06-04 17:26:00,566070326.0,144974056.0
638.2,,19436.8,638.2,8.656,125,,8.656,24,2025-06-04 17:26:01,566070863.0,144974930.0
638.2,,19445.5,638.2,8.894,125,,8.894,24,2025-06-04 17:26:02,566071460.0,144975547.0
636.2,,19451.8,636.2,9.286,126,,9.286,24,2025-06-04 17:26:03,566072215.0,144975925.0
636.2,,19461.8,636.2,9.7,127,,9.7,24,2025-06-04 17:26:04,566073130.0,144976024.0
636.2,,19472.7,636.2,10.072,127,,10.072,24,2025-06-04 17:26:05,566073985.0,144975984.0
636.2,,19485.0,636.2,10.378,126,,10.378,24,2025-06-04 17:26:06,566075257.0,144975944.0
636.2,,19498.6,636.2,10.531,127,,10.531,24,2025-06-04 17:26:07,566076192.0,144975905.0
636.2,,19509.7,636.2,10.511,127,,10.511,24,2025-06-04 17:26:08,566077385.0,144975925.0
628.4000000000001,,19521.3,628.4000000000001,10.403,128,,10.403,24,2025-06-04 17:26:09,566078538.0,144976163.0
628.4000000000001,,19532.0,628.4000000000001,10.25,127,,10.25,24,2025-06-04 17:26:10,566079711.0,144976621.0
627.2,,19541.0,627.2,10.083,127,,10.083,24,2025-06-04 17:26:11,566080984.0,144977376.0
627.2,,19550.4,627.2,10.025,127,,10.025,24,2025-06-04 17:26:12,566081779.0,144977814.0
625.4000000000001,,19560.7,625.4000000000001,10.103,127,,10.103,24,2025-06-04 17:26:13,566082933.0,144978052.0
625.4000000000001,,19570.2,625.4000000000001,10.308,127,,10.308,24,2025-06-04 17:26:14,566083927.0,144977993.0
623.4000000000001,,19579.6,623.4000000000001,10.575,126,,10.575,24,2025-06-04 17:26:15,566084981.0,144977655.0
623.4000000000001,,19589.6,623.4000000000001,10.847,126,,10.847,24,2025-06-04 17:26:16,566085895.0,144976939.0
622.2,,19601.7,622.2,10.978,125,,10.978,24,2025-06-04 17:26:17,566086810.0,144975865.0
622.2,,19611.1,622.2,11.119,125,,11.119,24,2025-06-04 17:26:18,566087586.0,144974553.0
620.2,,19624.6,620.2,11.233,125,,11.233,24,2025-06-04 17:26:19,566088381.0,144973101.0
620.2,,19637.3,620.2,11.217,125,,11.217,24,2025-06-04 17:26:20,566089137.0,144971550.0
617.4000000000001,,19649.1,617.4000000000001,11.081,124,,11.081,24,2025-06-04 17:26:21,566089932.0,144970238.0
617.4000000000001,,19659.1,617.4000000000001,10.883,123,,10.883,24,2025-06-04 17:26:22,566090687.0,144969144.0
615.2,,19667.8,615.2,10.372,123,,10.372,24,2025-06-04 17:26:23,566091702.0,144968011.0
615.2,,19673.8,615.2,9.533,122,,9.533,23,2025-06-04 17:26:24,566092756.0,144966917.0
613.2,,19677.9,613.2,7.419,122,,7.419,23,2025-06-04 17:26:25,566093710.0,144966042.0
613.2,,19679.5,613.2,6.094,122,,6.094,23,2025-06-04 17:26:26,566094525.0,144965267.0
612.4000000000001,,19679.5,612.4000000000001,5.281,122,,5.281,23,2025-06-04 17:26:27,566095281.0,144964611.0
612.4000000000001,,19679.5,612.4000000000001,5.097,122,,5.097,23,2025-06-04 17:26:28,566095838.0,144964233.0
610.4000000000001,,19679.5,610.4000000000001,5.425,121,,5.425,23,2025-06-04 17:26:29,566096275.0,144964153.0
610.4000000000001,,19679.8,610.4000000000001,5.636,120,,5.636,23,2025-06-04 17:26:30,566096434.0,144964511.0
609.4000000000001,,19679.8,609.4000000000001,5.661,120,,5.661,23,2025-06-04 17:26:31,566096116.0,144965167.0
609.4000000000001,,19683.1,609.4000000000001,5.714,119,,5.714,23,2025-06-04 17:26:32,566095639.0,144965764.0
609.4000000000001,,19694.2,609.4000000000001,5.797,119,,5.797,23,2025-06-04 17:26:33,566095142.0,144966241.0
609.4000000000001,,19707.4,609.4000000000001,5.908,118,,5.908,23,2025-06-04 17:26:34,566094466.0,144966858.0
609.4000000000001,,19721.2,609.4000000000001,6.042,117,,6.042,23,2025-06-04 17:26:35,566093750.0,144967573.0
609.4000000000001,,19732.8,609.4000000000001,6.189,117,,6.189,23,2025-06-04 17:26:36,566092915.0,144968508.0
608.4000000000001,,19744.7,608.4000000000001,6.353,116,,6.353,23,2025-06-04 17:26:37,566092159.0,144969462.0
608.4000000000001,,19757.4,608.4000000000001,6.831,116,,6.831,23,2025-06-04 17:26:38,566091602.0,144970357.0
607.4000000000001,,19769.7,607.4000000000001,8.089,116,,8.089,23,2025-06-04 17:26:39,566090906.0,144971828.0
607.4000000000001,,19781.9,607.4000000000001,9.003,115,,9.003,23,2025-06-04 17:26:40,566090330.0,144973220.0
605.4000000000001,,19793.2,605.4000000000001,9.647,116,,9.647,23,2025-06-04 17:26:41,566089773.0,144974692.0
605.4000000000001,,19804.2,605.4000000000001,10.036,116,,10.036,23,2025-06-04 17:26:42,566089156.0,144976203.0
603.4000000000001,,19816.9,603.4000000000001,10.183,116,,10.183,23,2025-06-04 17:26:43,566088620.0,144977814.0
603.4000000000001,,19826.1,603.4000000000001,10.192,116,,10.192,23,2025-06-04 17:26:44,,
601.4000000000001,,19835.8,601.4000000000001,10.15,116,,10.15,23,2025-06-04 17:26:45,566088182.0,144979464.0
601.4000000000001,,19845.7,601.4000000000001,10.053,116,,10.053,23,2025-06-04 17:26:46,566087864.0,144981114.0
600.4000000000001,,19854.8,600.4000000000001,9.972,115,,9.972,23,2025-06-04 17:26:47,566087546.0,144982745.0
600.4000000000001,,19863.6,600.4000000000001,9.928,115,,9.928,23,2025-06-04 17:26:48,566087526.0,144984355.0
599.2,,19872.5,599.2,9.9,116,,9.9,23,2025-06-04 17:26:49,566087645.0,144985807.0
599.2,,19881.7,599.2,9.833,116,,9.833,23,2025-06-04 17:26:50,566087864.0,144987298.0
598.4000000000001,,19890.2,598.4000000000001,9.775,116,,9.775,23,2025-06-04 17:26:51,566088103.0,144988849.0
598.4000000000001,,19900.3,598.4000000000001,9.694,116,,9.694,23,2025-06-04 17:26:52,566088242.0,144990361.0
597.2,,19909.8,597.2,9.633,116,,9.633,23,2025-06-04 17:26:53,566088321.0,144991931.0
597.2,,19919.0,597.2,9.519,116,,9.519,23,2025-06-04 17:26:54,566088321.0,144993423.0
597.2,,19927.4,597.2,9.35,116,,9.35,23,2025-06-04 17:26:55,566088321.0,144994954.0
597.2,,19935.4,597.2,9.075,114,,9.075,23,2025-06-04 17:26:56,566088321.0,144996425.0
598.4000000000001,,19941.6,598.4000000000001,8.742,113,,8.742,23,2025-06-04 17:26:57,566088222.0,144997916.0
598.4000000000001,,19949.1,598.4000000000001,8.347,112,,8.347,23,2025-06-04 17:26:58,566088083.0,144999368.0
598.4000000000001,,19955.2,598.4000000000001,7.953,111,,7.953,23,2025-06-04 17:26:59,566087884.0,145000819.0
598.4000000000001,,19961.0,598.4000000000001,7.581,110,,7.581,23,2025-06-04 17:27:00,566087586.0,145002092.0
598.4000000000001,,19966.3,598.4000000000001,7.256,110,,7.256,23,2025-06-04 17:27:01,566087228.0,145003206.0
598.4000000000001,,19970.9,598.4000000000001,6.95,110,,6.95,23,2025-06-04 17:27:02,566086830.0,145004120.0
597.2,,19975.1,597.2,6.661,110,,6.661,23,2025-06-04 17:27:03,566086313.0,145004916.0
597.2,,19980.1,597.2,6.369,110,,6.369,23,2025-06-04 17:27:04,566085816.0,145005671.0
596.4000000000001,,19984.6,596.4000000000001,6.072,110,,6.072,23,2025-06-04 17:27:05,566085259.0,145006308.0
596.4000000000001,,19988.8,596.4000000000001,5.497,110,,5.497,23,2025-06-04 17:27:06,566084702.0,145006844.0
596.4000000000001,,19992.8,596.4000000000001,5.092,111,,5.092,23,2025-06-04 17:27:07,566084166.0,145007302.0
596.4000000000001,,19997.0,596.4000000000001,4.792,111,,4.792,23,2025-06-04 17:27:08,566083629.0,145007719.0
596.4000000000001,,20000.0,596.4000000000001,4.586,112,,4.586,23,2025-06-04 17:27:09,566083112.0,145008117.0
596.4000000000001,,20003.8,596.4000000000001,4.472,113,,4.472,23,2025-06-04 17:27:10,566082634.0,145008495.0
596.4000000000001,,20008.3,596.4000000000001,4.436,113,,4.436,23,2025-06-04 17:27:11,566082197.0,145008873.0
596.4000000000001,,20011.8,596.4000000000001,4.469,114,,4.469,23,2025-06-04 17:27:12,566081859.0,145009131.0
596.4000000000001,,20016.3,596.4000000000001,4.531,115,,4.531,23,2025-06-04 17:27:13,566081382.0,145009509.0
596.4000000000001,,20020.7,596.4000000000001,4.6,115,,4.6,23,2025-06-04 17:27:14,566081064.0,145009787.0
596.4000000000001,,20024.8,596.4000000000001,4.681,116,,4.681,23,2025-06-04 17:27:15,566080666.0,145010145.0
596.4000000000001,,20030.1,596.4000000000001,4.728,117,,4.728,23,2025-06-04 17:27:16,566080169.0,145010563.0
596.4000000000001,,20035.0,596.4000000000001,4.764,118,,4.764,23,2025-06-04 17:27:17,566079751.0,145010921.0
596.4000000000001,,20040.4,596.4000000000001,4.775,118,,4.775,23,2025-06-04 17:27:18,566079314.0,145011279.0
594.4000000000001,,20045.3,594.4000000000001,4.786,119,,4.786,23,2025-06-04 17:27:19,566078876.0,145011656.0
594.4000000000001,,20049.9,594.4000000000001,4.8,119,,4.8,23,2025-06-04 17:27:20,566078538.0,145011994.0
593.2,,20054.8,593.2,4.819,119,,4.819,23,2025-06-04 17:27:21,566078081.0,145012372.0
593.2,,20060.2,593.2,4.844,119,,4.844,23,2025-06-04 17:27:22,566077584.0,145012849.0
592.4000000000001,,20065.1,592.4000000000001,4.897,119,,4.897,23,2025-06-04 17:27:23,566077146.0,145013247.0
592.4000000000001,,20070.8,592.4000000000001,4.956,119,,4.956,23,2025-06-04 17:27:24,566076749.0,145013685.0
591.4000000000001,,20075.8,591.4000000000001,4.997,120,,4.997,23,2025-06-04 17:27:25,566076331.0,145014142.0
591.4000000000001,,20080.2,591.4000000000001,5.017,120,,5.017,23,2025-06-04 17:27:26,566075894.0,145014639.0
591.4000000000001,,20085.1,591.4000000000001,4.928,120,,4.928,23,2025-06-04 17:27:27,566075496.0,145015136.0
591.4000000000001,,20089.9,591.4000000000001,4.736,120,,4.736,23,2025-06-04 17:27:28,566075098.0,145015673.0
591.4000000000001,,20093.5,591.4000000000001,4.433,119,,4.433,23,2025-06-04 17:27:29,566074721.0,145016230.0
591.4000000000001,,20096.4,591.4000000000001,4.153,118,,4.153,23,2025-06-04 17:27:30,566074323.0,145016806.0
591.4000000000001,,20099.6,591.4000000000001,3.997,118,,3.997,23,2025-06-04 17:27:31,566074005.0,145017264.0
591.4000000000001,,20102.7,591.4000000000001,3.983,118,,3.983,23,2025-06-04 17:27:32,566073567.0,145017880.0
591.4000000000001,,20105.6,591.4000000000001,4.047,117,,4.047,23,2025-06-04 17:27:33,566073349.0,145018437.0
591.4000000000001,,20108.9,591.4000000000001,4.617,116,,4.617,23,2025-06-04 17:27:34,566073289.0,145019013.0
591.4000000000001,,20112.1,591.4000000000001,4.867,115,,4.867,23,2025-06-04 17:27:35,566073369.0,145019531.0
591.4000000000001,,20116.0,591.4000000000001,4.8,114,,4.8,23,2025-06-04 17:27:36,566073607.0,145020028.0
591.4000000000001,,20121.4,591.4000000000001,4.683,112,,4.683,23,2025-06-04 17:27:37,566073965.0,145020465.0
591.4000000000001,,20125.9,591.4000000000001,4.6,111,,4.6,23,2025-06-04 17:27:38,566074343.0,145020903.0
591.4000000000001,,20130.2,591.4000000000001,3.742,109,,3.742,23,2025-06-04 17:27:39,566074760.0,145021380.0
591.4000000000001,,20133.7,591.4000000000001,3.203,107,,3.203,23,2025-06-04 17:27:40,566075098.0,145021777.0
590.2,,20136.6,590.2,2.853,105,,2.853,23,2025-06-04 17:27:41,566075556.0,145022394.0
590.2,,20138.7,590.2,2.494,106,,2.494,23,2025-06-04 17:27:42,566075894.0,145022871.0
590.2,,20140.4,590.2,2.281,106,,2.281,23,2025-06-04 17:27:43,566076113.0,145023229.0
590.2,,20142.1,590.2,2.067,107,,2.067,23,2025-06-04 17:27:44,566076371.0,145023587.0
590.2,,20142.5,590.2,2.017,106,,2.017,23,2025-06-04 17:27:45,566076629.0,145023845.0
589.4000000000001,,20143.1,589.4000000000001,1.858,106,,1.858,23,2025-06-04 17:27:46,566076868.0,145024064.0
589.4000000000001,,20144.0,589.4000000000001,1.789,106,,1.789,23,2025-06-04 17:27:47,566077107.0,145024243.0
589.4000000000001,,20144.2,589.4000000000001,1.781,105,,1.781,23,2025-06-04 17:27:48,566077286.0,145024362.0
589.4000000000001,,20144.2,589.4000000000001,1.794,105,,1.794,23,2025-06-04 17:27:49,566077504.0,145024482.0
589.4000000000001,,20144.4,589.4000000000001,1.831,105,,1.831,23,2025-06-04 17:27:50,566077703.0,145024501.0
589.4000000000001,,20144.7,589.4000000000001,1.906,105,,1.906,23,2025-06-04 17:27:51,566077862.0,145024442.0
589.4000000000001,,20146.1,589.4000000000001,1.981,104,,1.981,23,2025-06-04 17:27:52,566077982.0,145024223.0
589.4000000000001,,20147.3,589.4000000000001,2.033,104,,2.033,23,2025-06-04 17:27:53,566077942.0,145023965.0
589.4000000000001,,20148.2,589.4000000000001,2.081,104,,2.081,23,2025-06-04 17:27:54,566077803.0,145023825.0
589.4000000000001,,20150.5,589.4000000000001,2.114,104,,2.114,23,2025-06-04 17:27:55,566077544.0,145023806.0
589.4000000000001,,20154.3,589.4000000000001,2.139,104,,2.139,23,2025-06-04 17:27:56,566077325.0,145023965.0
589.4000000000001,,20157.8,589.4000000000001,2.222,105,,2.222,23,2025-06-04 17:27:57,566077027.0,145024104.0
589.4000000000001,,20160.7,589.4000000000001,2.317,105,,2.317,23,2025-06-04 17:27:58,566076749.0,145024044.0
589.4000000000001,,20163.2,589.4000000000001,2.403,106,,2.403,23,2025-06-04 17:27:59,566076610.0,145023865.0
590.2,,20166.3,590.2,2.614,106,,2.614,23,2025-06-04 17:28:00,566076470.0,145023587.0
590.2,,20169.6,590.2,2.758,107,,2.758,23,2025-06-04 17:28:01,566076291.0,145023269.0
590.2,,20173.2,590.2,2.803,108,,2.803,23,2025-06-04 17:28:02,566076093.0,145022911.0
590.2,,20176.2,590.2,2.794,109,,2.794,23,2025-06-04 17:28:03,566075894.0,145022613.0
590.2,,20179.3,590.2,2.758,109,,2.758,23,2025-06-04 17:28:04,566075655.0,145022255.0
590.2,,20181.8,590.2,2.697,110,,2.697,23,2025-06-04 17:28:05,566075357.0,145021897.0
589.4000000000001,,20183.6,589.4000000000001,2.606,111,,2.606,23,2025-06-04 17:28:06,566075158.0,145021658.0
589.4000000000001,,20185.4,589.4000000000001,2.472,111,,2.472,23,2025-06-04 17:28:07,566074919.0,145021241.0
589.4000000000001,,20185.8,589.4000000000001,1.25,111,,1.25,23,2025-06-04 17:28:08,566074760.0,145020942.0
589.4000000000001,,20185.8,589.4000000000001,0.6,111,,0.6,23,2025-06-04 17:28:09,566074601.0,145020644.0
589.4000000000001,,20185.8,589.4000000000001,0.275,113,,0.275,23,2025-06-04 17:28:10,566074462.0,145020385.0
589.4000000000001,,20185.8,589.4000000000001,0.275,114,,0.275,23,2025-06-04 17:28:11,566074343.0,145020147.0
589.4000000000001,,20185.8,589.4000000000001,0.189,115,,0.189,23,2025-06-04 17:28:12,566074263.0,145019968.0
589.4000000000001,,20185.8,589.4000000000001,0.153,117,,0.153,23,2025-06-04 17:28:13,566074223.0,145019928.0
589.4000000000001,,20185.8,589.4000000000001,0.0,118,,0.0,23,2025-06-04 17:28:14,566074223.0,145019888.0
589.4000000000001,,20185.8,589.4000000000001,0.0,118,,0.0,23,2025-06-04 17:28:15,566074243.0,145019888.0
589.4000000000001,,20185.8,589.4000000000001,0.0,119,,0.0,23,2025-06-04 17:28:16,566074243.0,145019888.0
589.4000000000001,,20185.8,589.4000000000001,0.0,120,,0.0,23,2025-06-04 17:28:17,566074243.0,145019948.0
589.4000000000001,,20185.8,589.4000000000001,0.0,120,,0.0,23,2025-06-04 17:28:18,566074243.0,145019948.0
589.4000000000001,,20185.8,589.4000000000001,0.0,120,,0.0,23,2025-06-04 17:28:24,566074223.0,145019948.0
589.4000000000001,,20185.8,589.4000000000001,0.0,121,,0.0,23,2025-06-04 17:28:25,566074263.0,145019769.0
589.4000000000001,,20185.8,589.4000000000001,0.0,122,,0.0,23,2025-06-04 17:28:26,566074263.0,145019769.0
590.2,,20185.8,590.2,0.0,123,,0.0,23,2025-06-04 17:28:27,566074263.0,145019769.0
590.2,,20185.8,590.2,0.0,124,,0.0,23,2025-06-04 17:28:28,566074263.0,145019769.0
590.2,,20185.8,590.2,0.0,124,,0.0,23,2025-06-04 17:28:29,566074263.0,145019769.0
590.2,,20185.8,590.2,0.0,125,,0.0,23,2025-06-04 17:28:30,566074263.0,145019769.0
590.2,,20185.8,590.2,0.0,126,,0.0,23,2025-06-04 17:28:31,566074263.0,145019769.0
590.2,,20185.8,590.2,0.0,125,,0.0,23,2025-06-04 17:28:32,566074263.0,145019769.0
590.2,,20185.8,590.2,0.0,125,,0.0,23,2025-06-04 17:28:33,566074263.0,145019769.0
590.2,,20185.8,590.2,0.0,125,,0.0,23,2025-06-04 17:28:34,566074263.0,145019769.0
590.2,,20185.8,590.2,0.0,125,,0.0,23,2025-06-04 17:28:35,566074263.0,145019769.0
590.2,,20185.8,590.2,0.0,125,,0.0,23,2025-06-04 17:28:36,566074243.0,145019789.0
590.2,,20185.8,590.2,0.0,125,,0.0,23,2025-06-04 17:28:37,566074243.0,145019809.0
590.2,,20185.8,590.2,0.0,125,,0.0,23,2025-06-04 17:28:38,566074243.0,145019809.0
590.2,,20185.8,590.2,0.0,125,,0.0,23,2025-06-04 17:28:39,566074243.0,145019809.0
590.2,,20185.8,590.2,0.0,124,,0.0,23,2025-06-04 17:28:40,566074243.0,145019809.0
590.2,,20185.8,590.2,0.0,123,,0.0,23,2025-06-04 17:28:41,566074243.0,145019809.0
590.2,,20185.8,590.2,0.0,122,,0.0,23,2025-06-04 17:28:42,566074243.0,145019809.0
589.4000000000001,,20185.8,589.4000000000001,0.0,122,,0.0,23,2025-06-04 17:28:43,566074243.0,145019809.0
589.4000000000001,,20185.8,589.4000000000001,0.0,122,,0.0,23,2025-06-04 17:28:44,566074223.0,145019809.0
589.4000000000001,,20185.9,589.4000000000001,0.781,121,,0.781,23,2025-06-04 17:28:45,566074223.0,145019809.0
589.4000000000001,,20187.2,589.4000000000001,0.808,120,,0.808,23,2025-06-04 17:28:46,566074223.0,145019809.0
589.4000000000001,,20187.9,589.4000000000001,0.614,119,,0.614,23,2025-06-04 17:28:47,566074223.0,145019809.0
589.4000000000001,,20188.4,589.4000000000001,0.519,118,,0.519,23,2025-06-04 17:28:48,566074223.0,145019789.0
590.2,,20189.0,590.2,0.533,117,,0.533,23,2025-06-04 17:28:49,566074184.0,145019769.0
590.2,,20190.1,590.2,0.533,116,,0.533,23,2025-06-04 17:28:50,566074184.0,145019769.0
590.2,,20191.5,590.2,0.925,114,,0.925,23,2025-06-04 17:28:51,566074025.0,145019550.0
590.2,,20193.5,590.2,1.328,114,,1.328,23,2025-06-04 17:28:52,566073985.0,145019511.0
590.2,,20195.9,590.2,1.728,114,,1.728,23,2025-06-04 17:28:53,566073965.0,145019451.0
590.2,,20198.6,590.2,1.986,114,,1.986,23,2025-06-04 17:28:54,566073905.0,145019352.0
590.2,,20200.9,590.2,2.047,114,,2.047,23,2025-06-04 17:28:55,566073806.0,145019212.0
590.2,,20203.3,590.2,1.872,114,,1.872,23,2025-06-04 17:28:56,566073806.0,145019212.0
590.2,,20204.8,590.2,1.578,114,,1.578,23,2025-06-04 17:28:57,566073369.0,145019033.0
590.2,,20205.9,590.2,1.464,114,,1.464,23,2025-06-04 17:28:58,566073090.0,145018994.0
590.2,,20205.9,590.2,1.464,115,,1.464,23,2025-06-04 17:28:59,566072851.0,145019073.0
590.2,,20207.9,590.2,1.806,115,,1.806,23,2025-06-04 17:29:00,566072633.0,145019272.0
590.2,,20210.4,590.2,1.986,116,,1.986,23,2025-06-04 17:29:01,566072593.0,145019431.0
590.2,,20212.3,590.2,2.264,117,,2.264,23,2025-06-04 17:29:02,566072653.0,145019451.0
590.2,,20214.1,590.2,2.594,118,,2.594,23,2025-06-04 17:29:03,566072832.0,145019371.0
590.2,,20217.5,590.2,2.936,118,,2.936,23,2025-06-04 17:29:04,566073050.0,145019073.0
590.2,,20224.8,590.2,3.267,117,,3.267,23,2025-06-04 17:29:05,566073050.0,145019073.0
590.2,,20232.0,590.2,3.581,117,,3.581,23,2025-06-04 17:29:06,566073627.0,145018139.0
590.2,,20239.5,590.2,3.869,117,,3.869,23,2025-06-04 17:29:07,566073965.0,145017641.0
590.2,,20246.6,590.2,3.869,117,,3.869,23,2025-06-04 17:29:08,566074323.0,145017105.0
590.2,,20253.1,590.2,4.386,117,,4.386,23,2025-06-04 17:29:09,566074701.0,145016568.0
590.2,,20259.8,590.2,4.653,118,,4.653,23,2025-06-04 17:29:10,566075138.0,145016051.0
590.2,,20266.4,590.2,5.078,119,,5.078,23,2025-06-04 17:29:11,566075595.0,145015514.0
590.2,,20273.2,590.2,5.422,120,,5.422,23,2025-06-04 17:29:12,566076033.0,145014917.0
590.2,,20280.1,590.2,5.708,120,,5.708,23,2025-06-04 17:29:13,566076510.0,145014341.0
590.2,,20287.2,590.2,5.708,121,,5.708,23,2025-06-04 17:29:14,566076510.0,145014341.0
590.2,,20293.6,590.2,6.144,123,,6.144,23,2025-06-04 17:29:15,566077504.0,145013187.0
590.2,,20301.3,590.2,6.319,122,,6.319,23,2025-06-04 17:29:16,566078041.0,145012571.0
590.2,,20308.4,590.2,6.453,122,,6.453,23,2025-06-04 17:29:17,566078578.0,145011994.0
590.2,,20315.5,590.2,6.567,122,,6.567,23,2025-06-04 17:29:18,566079155.0,145011418.0
590.2,,20322.7,590.2,6.644,122,,6.644,23,2025-06-04 17:29:19,566079731.0,145010841.0
591.4000000000001,,20329.9,591.4000000000001,6.697,123,,6.697,23,2025-06-04 17:29:20,566079731.0,145010841.0
591.4000000000001,,20336.4,591.4000000000001,6.731,124,,6.731,23,2025-06-04 17:29:21,566080964.0,145009728.0
591.4000000000001,,20343.9,591.4000000000001,6.756,124,,6.756,23,2025-06-04 17:29:22,566081581.0,145009151.0
591.4000000000001,,20350.8,591.4000000000001,6.756,124,,6.756,23,2025-06-04 17:29:23,566082177.0,145008554.0
591.4000000000001,,20357.2,591.4000000000001,6.786,124,,6.786,23,2025-06-04 17:29:24,566082794.0,145007978.0
591.4000000000001,,20364.5,591.4000000000001,6.811,125,,6.811,23,2025-06-04 17:29:25,566083410.0,145007421.0
591.4000000000001,,20371.3,591.4000000000001,6.839,125,,6.839,23,2025-06-04 17:29:26,566084026.0,145006884.0
591.4000000000001,,20377.9,591.4000000000001,6.878,125,,6.878,23,2025-06-04 17:29:27,566084663.0,145006367.0
591.4000000000001,,20384.9,591.4000000000001,6.933,126,,6.933,23,2025-06-04 17:29:28,566085279.0,145005810.0
591.4000000000001,,20391.8,591.4000000000001,6.933,126,,6.933,23,2025-06-04 17:29:29,566085279.0,145005810.0
591.4000000000001,,20398.3,591.4000000000001,7.075,126,,7.075,23,2025-06-04 17:29:30,566086353.0,145004359.0
591.4000000000001,,20406.1,591.4000000000001,7.136,126,,7.136,23,2025-06-04 17:29:31,566086830.0,145003524.0
591.4000000000001,,20413.3,591.4000000000001,7.183,126,,7.183,23,2025-06-04 17:29:32,566087228.0,145002589.0
591.4000000000001,,20420.7,591.4000000000001,7.189,125,,7.189,23,2025-06-04 17:29:33,566087566.0,145001595.0
591.4000000000001,,20428.1,591.4000000000001,7.153,125,,7.153,23,2025-06-04 17:29:34,566087864.0,145000541.0
591.4000000000001,,20435.1,591.4000000000001,7.081,125,,7.081,23,2025-06-04 17:29:35,566087864.0,145000541.0
591.4000000000001,,20441.8,591.4000000000001,6.989,125,,6.989,23,2025-06-04 17:29:36,566088401.0,144998354.0
591.4000000000001,,20448.9,591.4000000000001,6.875,125,,6.875,23,2025-06-04 17:29:37,566088679.0,144997300.0
592.4000000000001,,20455.5,592.4000000000001,6.875,124,,6.875,23,2025-06-04 17:29:38,566088997.0,144996286.0
592.4000000000001,,20461.2,592.4000000000001,6.592,124,,6.592,23,2025-06-04 17:29:39,566089335.0,144995331.0
593.2,,20467.5,593.2,6.397,124,,6.397,23,2025-06-04 17:29:40,566089673.0,144994397.0
593.2,,20472.9,593.2,6.167,124,,6.167,23,2025-06-04 17:29:41,566089952.0,144993443.0
594.4000000000001,,20477.6,594.4000000000001,5.672,124,,5.672,23,2025-06-04 17:29:42,566090190.0,144992488.0
594.4000000000001,,20482.4,594.4000000000001,5.364,124,,5.364,23,2025-06-04 17:29:43,566090429.0,144991554.0
594.4000000000001,,20486.8,594.4000000000001,5.364,124,,5.364,23,2025-06-04 17:29:44,566090429.0,144991554.0
594.4000000000001,,20490.9,594.4000000000001,5.153,124,,5.153,23,2025-06-04 17:29:45,566090847.0,144989824.0
595.2,,20496.0,595.2,5.264,124,,5.264,23,2025-06-04 17:29:46,566091045.0,144989068.0
595.2,,20500.9,595.2,5.353,124,,5.353,23,2025-06-04 17:29:47,566091264.0,144988372.0
595.2,,20505.9,595.2,5.486,124,,5.486,23,2025-06-04 17:29:48,566091523.0,144987696.0
595.2,,20511.4,595.2,5.636,124,,5.636,23,2025-06-04 17:29:49,566091821.0,144987040.0
594.4000000000001,,20517.3,594.4000000000001,5.808,124,,5.808,23,2025-06-04 17:29:50,566091821.0,144987040.0
594.4000000000001,,20523.4,594.4000000000001,5.981,123,,5.981,23,2025-06-04 17:29:51,566092457.0,144985628.0
594.4000000000001,,20530.6,594.4000000000001,6.133,122,,6.133,23,2025-06-04 17:29:52,566092815.0,144984873.0
594.4000000000001,,20537.7,594.4000000000001,6.133,123,,6.133,23,2025-06-04 17:29:53,566093153.0,144984057.0
594.4000000000001,,20544.4,594.4000000000001,6.453,122,,6.453,23,2025-06-04 17:29:54,566093531.0,144983262.0
594.4000000000001,,20552.2,594.4000000000001,6.592,122,,6.592,23,2025-06-04 17:29:55,566093909.0,144982467.0
593.2,,20559.7,593.2,6.714,122,,6.714,23,2025-06-04 17:29:56,566094326.0,144981611.0
593.2,,20567.1,593.2,6.825,122,,6.825,23,2025-06-04 17:29:57,566094744.0,144980757.0
593.2,,20574.6,593.2,6.889,123,,6.889,23,2025-06-04 17:29:58,566095181.0,144979941.0
593.2,,20581.9,593.2,6.914,123,,6.914,23,2025-06-04 17:29:59,566095181.0,144979941.0
593.2,,20588.6,593.2,6.908,124,,6.908,23,2025-06-04 17:30:00,566096175.0,144978291.0
593.2,,20596.1,593.2,6.85,125,,6.85,23,2025-06-04 17:30:01,566096693.0,144977476.0
594.4000000000001,,20603.0,594.4000000000001,6.85,125,,6.85,23,2025-06-04 17:30:02,566097229.0,144976680.0
594.4000000000001,,20609.0,594.4000000000001,6.594,126,,6.594,23,2025-06-04 17:30:03,566097786.0,144975944.0
595.2,,20615.4,595.2,6.419,126,,6.419,23,2025-06-04 17:30:04,566098323.0,144975249.0
595.2,,20621.0,595.2,6.178,126,,6.178,23,2025-06-04 17:30:05,566098860.0,144974533.0
595.2,,20626.0,595.2,5.583,127,,5.583,23,2025-06-04 17:30:06,566099397.0,144973837.0
595.2,,20630.7,595.2,5.164,128,,5.164,23,2025-06-04 17:30:07,566099894.0,144973181.0
595.2,,20634.6,595.2,5.164,128,,5.164,23,2025-06-04 17:30:08,566099894.0,144973181.0
595.2,,20638.0,595.2,4.414,128,,4.414,23,2025-06-04 17:30:09,566100828.0,144972027.0
595.2,,20641.6,595.2,4.192,129,,4.192,23,2025-06-04 17:30:10,566101286.0,144971471.0
595.2,,20644.5,595.2,4.175,129,,4.175,23,2025-06-04 17:30:11,566101683.0,144971013.0
595.2,,20648.0,595.2,4.219,130,,4.219,23,2025-06-04 17:30:12,566102021.0,144970596.0
595.2,,20651.7,595.2,4.286,130,,4.286,23,2025-06-04 17:30:13,566102340.0,144970118.0
594.4000000000001,,20655.6,594.4000000000001,4.872,131,,4.872,23,2025-06-04 17:30:14,566102340.0,144970118.0
594.4000000000001,,20659.7,594.4000000000001,5.289,131,,5.289,23,2025-06-04 17:30:15,566102837.0,144969164.0
594.4000000000001,,20665.3,594.4000000000001,5.636,131,,5.636,23,2025-06-04 17:30:16,566103115.0,144968667.0
594.4000000000001,,20671.1,594.4000000000001,5.636,132,,5.636,23,2025-06-04 17:30:17,566103433.0,144968090.0
594.4000000000001,,20676.8,594.4000000000001,5.75,132,,5.75,23,2025-06-04 17:30:18,566103771.0,144967533.0
594.4000000000001,,20683.8,594.4000000000001,5.831,132,,5.831,23,2025-06-04 17:30:19,566104169.0,144966977.0
593.2,,20690.5,593.2,5.856,132,,5.856,23,2025-06-04 17:30:20,566104606.0,144966420.0
593.2,,20696.9,593.2,5.778,133,,5.778,23,2025-06-04 17:30:21,566105084.0,144965843.0
593.2,,20703.1,593.2,5.425,133,,5.425,23,2025-06-04 17:30:22,566105581.0,144965227.0
593.2,,20708.4,593.2,5.425,133,,5.425,23,2025-06-04 17:30:23,566105581.0,144965227.0
593.2,,20712.6,593.2,4.419,133,,4.419,23,2025-06-04 17:30:24,566106615.0,144964034.0
593.2,,20716.7,593.2,3.864,134,,3.864,23,2025-06-04 17:30:25,566107092.0,144963457.0
594.4000000000001,,20719.4,594.4000000000001,3.253,134,,3.253,23,2025-06-04 17:30:26,566107529.0,144962940.0
594.4000000000001,,20721.3,594.4000000000001,3.069,135,,3.069,23,2025-06-04 17:30:27,566107927.0,144962543.0
594.4000000000001,,20722.2,594.4000000000001,1.511,136,,1.511,23,2025-06-04 17:30:28,566108305.0,144962205.0
594.4000000000001,,20722.2,594.4000000000001,0.786,137,,0.786,23,2025-06-04 17:30:29,566108305.0,144962205.0
594.4000000000001,,20722.2,594.4000000000001,0.661,138,,0.661,23,2025-06-04 17:30:30,566108881.0,144961688.0
594.4000000000001,,20722.2,594.4000000000001,0.983,139,,0.983,23,2025-06-04 17:30:31,566109080.0,144961449.0
594.4000000000001,,20722.2,594.4000000000001,0.983,140,,0.983,23,2025-06-04 17:30:32,566109200.0,144961350.0
594.4000000000001,,20722.2,594.4000000000001,1.519,139,,1.519,23,2025-06-04 17:30:33,566109259.0,144961310.0
594.4000000000001,,20722.2,594.4000000000001,3.092,138,,3.092,23,2025-06-04 17:30:34,566109299.0,144961230.0
594.4000000000001,,20722.3,594.4000000000001,3.803,138,,3.803,23,2025-06-04 17:30:35,566109279.0,144961230.0
594.4000000000001,,20724.3,594.4000000000001,3.539,138,,3.539,23,2025-06-04 17:30:36,566109180.0,144961290.0
594.4000000000001,,20727.6,594.4000000000001,3.628,138,,3.628,23,2025-06-04 17:30:37,566108921.0,144961608.0
594.4000000000001,,20732.1,594.4000000000001,3.628,138,,3.628,23,2025-06-04 17:30:38,566108921.0,144961608.0
594.4000000000001,,20737.0,594.4000000000001,3.45,138,,3.45,23,2025-06-04 17:30:39,566108364.0,144962403.0
594.4000000000001,,20742.4,594.4000000000001,3.511,138,,3.511,23,2025-06-04 17:30:40,566108027.0,144962781.0
594.4000000000001,,20747.3,594.4000000000001,3.597,138,,3.597,23,2025-06-04 17:30:41,566107708.0,144962960.0
594.4000000000001,,20751.5,594.4000000000001,4.45,139,,4.45,23,2025-06-04 17:30:42,566107450.0,144963119.0
594.4000000000001,,20757.3,594.4000000000001,5.131,140,,5.131,23,2025-06-04 17:30:43,566107112.0,144963298.0
595.2,,20761.9,595.2,5.672,141,,5.672,23,2025-06-04 17:30:44,566107112.0,144963298.0
595.2,,20767.4,595.2,5.664,141,,5.664,23,2025-06-04 17:30:45,566106476.0,144964074.0
595.2,,20774.0,595.2,5.681,140,,5.681,23,2025-06-04 17:30:46,566106118.0,144964511.0
595.2,,20780.7,595.2,5.681,140,,5.681,23,2025-06-04 17:30:47,566105720.0,144965008.0
595.2,,20786.4,595.2,5.467,141,,5.467,23,2025-06-04 17:30:48,566105322.0,144965565.0
595.2,,20792.2,595.2,5.325,141,,5.325,23,2025-06-04 17:30:49,566104825.0,144966201.0
595.2,,20797.3,595.2,5.164,141,,5.164,23,2025-06-04 17:30:50,566104248.0,144966718.0
595.2,,20802.0,595.2,5.008,141,,5.008,23,2025-06-04 17:30:51,566103732.0,144967176.0
595.2,,20806.1,595.2,4.886,140,,4.886,23,2025-06-04 17:30:52,566103314.0,144967673.0
595.2,,20810.2,595.2,4.886,140,,4.886,23,2025-06-04 17:30:53,566103314.0,144967673.0
595.2,,20813.0,595.2,4.731,140,,4.731,23,2025-06-04 17:30:54,566102698.0,144968627.0
595.2,,20816.6,595.2,4.689,139,,4.689,23,2025-06-04 17:30:55,566102439.0,144969124.0
597.2,,20820.3,597.2,4.678,139,,4.678,23,2025-06-04 17:30:56,566102200.0,144969661.0
597.2,,20824.3,597.2,4.683,139,,4.683,23,2025-06-04 17:30:57,566101962.0,144970198.0
597.2,,20829.2,597.2,4.756,138,,4.756,23,2025-06-04 17:30:58,566101683.0,144970735.0
597.2,,20834.4,597.2,5.411,138,,5.411,23,2025-06-04 17:30:59,566101683.0,144970735.0
597.2,,20840.2,597.2,5.864,138,,5.864,23,2025-06-04 17:31:00,566101047.0,144971749.0
597.2,,20846.7,597.2,5.9,137,,5.9,23,2025-06-04 17:31:01,566100709.0,144972266.0
597.2,,20853.2,597.2,5.9,137,,5.9,23,2025-06-04 17:31:02,566100311.0,144972823.0
597.2,,20859.5,597.2,6.122,137,,6.122,23,2025-06-04 17:31:03,566099894.0,144973360.0
597.2,,20867.1,597.2,6.244,137,,6.244,23,2025-06-04 17:31:04,566099417.0,144973936.0
597.2,,20874.2,597.2,6.336,136,,6.336,23,2025-06-04 17:31:05,566098939.0,144974572.0
596.4000000000001,,20881.5,596.4000000000001,6.386,136,,6.386,23,2025-06-04 17:31:06,566098462.0,144975268.0
596.4000000000001,,20888.6,596.4000000000001,6.394,136,,6.394,23,2025-06-04 17:31:07,566097945.0,144975944.0
596.4000000000001,,20895.6,596.4000000000001,6.367,136,,6.367,23,2025-06-04 17:31:08,566097945.0,144975944.0
596.4000000000001,,20901.7,596.4000000000001,6.303,136,,6.303,23,2025-06-04 17:31:09,566096911.0,144977316.0
597.2,,20908.3,597.2,6.222,137,,6.222,23,2025-06-04 17:31:10,566096374.0,144978013.0
597.2,,20914.3,597.2,6.222,137,,6.222,23,2025-06-04 17:31:11,566095857.0,144978669.0
597.2,,20919.6,597.2,6.056,137,,6.056,23,2025-06-04 17:31:12,566095400.0,144979385.0
597.2,,20925.7,597.2,5.983,137,,5.983,23,2025-06-04 17:31:13,566094982.0,144980120.0
598.4000000000001,,20931.1,598.4000000000001,5.919,138,,5.919,23,2025-06-04 17:31:14,566094625.0,144980896.0
598.4000000000001,,20936.2,598.4000000000001,5.864,138,,5.864,23,2025-06-04 17:31:15,566094267.0,144981671.0
598.4000000000001,,20941.9,598.4000000000001,5.806,138,,5.806,23,2025-06-04 17:31:16,566093929.0,144982427.0
598.4000000000001,,20947.4,598.4000000000001,5.806,138,,5.806,23,2025-06-04 17:31:17,566093929.0,144982427.0
598.4000000000001,,20952.3,598.4000000000001,5.736,138,,5.736,23,2025-06-04 17:31:18,566093233.0,144983918.0
598.4000000000001,,20958.4,598.4000000000001,5.703,138,,5.703,23,2025-06-04 17:31:19,566092875.0,144984654.0
598.4000000000001,,20963.8,598.4000000000001,5.675,138,,5.675,23,2025-06-04 17:31:20,566092517.0,144985389.0
598.4000000000001,,20969.4,598.4000000000001,5.675,138,,5.675,23,2025-06-04 17:31:21,566092159.0,144986085.0
598.4000000000001,,20974.8,598.4000000000001,5.708,139,,5.708,23,2025-06-04 17:31:22,566091801.0,144986781.0
598.4000000000001,,20980.5,598.4000000000001,5.797,139,,5.797,23,2025-06-04 17:31:23,566091801.0,144986781.0
598.4000000000001,,20986.2,598.4000000000001,5.933,139,,5.933,23,2025-06-04 17:31:24,566091105.0,144988233.0
598.4000000000001,,20992.9,598.4000000000001,6.111,139,,6.111,23,2025-06-04 17:31:25,566090747.0,144988949.0
598.4000000000001,,20999.8,598.4000000000001,6.111,139,,6.111,23,2025-06-04 17:31:26,566090469.0,144989704.0
598.4000000000001,,21006.1,598.4000000000001,6.247,139,,6.247,23,2025-06-04 17:31:27,566090210.0,144990539.0
598.4000000000001,,21012.7,598.4000000000001,6.142,139,,6.142,23,2025-06-04 17:31:28,566089972.0,144991474.0
598.4000000000001,,21018.5,598.4000000000001,5.744,139,,5.744,23,2025-06-04 17:31:29,566089753.0,144992468.0
598.4000000000001,,21023.6,598.4000000000001,5.375,139,,5.375,23,2025-06-04 17:31:30,566089494.0,144993482.0
598.4000000000001,,21029.1,598.4000000000001,5.244,139,,5.244,23,2025-06-04 17:31:31,566089216.0,144994477.0
598.4000000000001,,21034.3,598.4000000000001,5.244,139,,5.244,23,2025-06-04 17:31:32,566089216.0,144994477.0
598.4000000000001,,21039.1,598.4000000000001,5.617,139,,5.617,23,2025-06-04 17:31:33,566088640.0,144995968.0
598.4000000000001,,21045.0,598.4000000000001,5.789,139,,5.789,23,2025-06-04 17:31:34,566088321.0,144996544.0
598.4000000000001,,21050.6,598.4000000000001,5.997,139,,5.997,23,2025-06-04 17:31:35,566088023.0,144997161.0
598.4000000000001,,21056.5,598.4000000000001,6.183,138,,6.183,23,2025-06-04 17:31:36,566087804.0,144997897.0
598.4000000000001,,21062.9,598.4000000000001,6.306,138,,6.306,23,2025-06-04 17:31:37,566087625.0,144998791.0
598.4000000000001,,21069.8,598.4000000000001,6.369,137,,6.369,23,2025-06-04 17:31:38,566087625.0,144998791.0
598.4000000000001,,21076.6,598.4000000000001,6.375,137,,6.375,23,2025-06-04 17:31:39,566087228.0,145000760.0
598.4000000000001,,21083.5,598.4000000000001,6.353,137,,6.353,23,2025-06-04 17:31:40,566086969.0,145001754.0
598.4000000000001,,21090.7,598.4000000000001,6.353,137,,6.353,23,2025-06-04 17:31:41,566086671.0,145002689.0
598.4000000000001,,21095.8,598.4000000000001,6.256,137,,6.256,23,2025-06-04 17:31:42,566086313.0,145003583.0
598.4000000000001,,21102.1,598.4000000000001,6.203,137,,6.203,23,2025-06-04 17:31:43,566085935.0,145004399.0
598.4000000000001,,21108.3,598.4000000000001,6.161,137,,6.161,23,2025-06-04 17:31:44,566085597.0,145005015.0
598.4000000000001,,21113.1,598.4000000000001,6.128,137,,6.128,23,2025-06-04 17:31:45,566085021.0,145005791.0
598.4000000000001,,21119.5,598.4000000000001,6.092,138,,6.092,23,2025-06-04 17:31:46,566084603.0,145006248.0
598.4000000000001,,21124.7,598.4000000000001,6.092,138,,6.092,23,2025-06-04 17:31:47,566084603.0,145006248.0
598.4000000000001,,21129.9,598.4000000000001,6.067,138,,6.067,23,2025-06-04 17:31:48,566083390.0,145007322.0
598.4000000000001,,21136.9,598.4000000000001,6.064,139,,6.064,23,2025-06-04 17:31:49,566082953.0,145007719.0
598.4000000000001,,21142.3,598.4000000000001,6.058,139,,6.058,23,2025-06-04 17:31:50,566082296.0,145008296.0
598.4000000000001,,21148.9,598.4000000000001,6.064,139,,6.064,23,2025-06-04 17:31:51,566081839.0,145008654.0
598.4000000000001,,21155.5,598.4000000000001,6.056,139,,6.056,23,2025-06-04 17:31:52,566081302.0,145009131.0
598.4000000000001,,21161.0,598.4000000000001,6.039,139,,6.039,23,2025-06-04 17:31:53,566081302.0,145009131.0
598.4000000000001,,21166.7,598.4000000000001,6.014,139,,6.014,23,2025-06-04 17:31:54,566080189.0,145010125.0
598.4000000000001,,21173.0,598.4000000000001,5.989,139,,5.989,23,2025-06-04 17:31:55,566079652.0,145010642.0
598.4000000000001,,21179.0,598.4000000000001,5.989,139,,5.989,23,2025-06-04 17:31:56,566079016.0,145011279.0
598.4000000000001,,21185.1,598.4000000000001,5.961,139,,5.961,23,2025-06-04 17:31:57,566078499.0,145011835.0
599.2,,21191.6,599.2,5.961,139,,5.961,23,2025-06-04 17:31:58,566078101.0,145012293.0
599.2,,21197.6,599.2,5.975,139,,5.975,23,2025-06-04 17:31:59,566077485.0,145012949.0
599.2,,21203.5,599.2,6.008,139,,6.008,23,2025-06-04 17:32:00,566077087.0,145013386.0
599.2,,21209.1,599.2,6.036,139,,6.036,23,2025-06-04 17:32:01,566076490.0,145014062.0
599.2,,21215.3,599.2,6.036,139,,6.036,23,2025-06-04 17:32:02,566076490.0,145014062.0
599.2,,21221.5,599.2,6.078,139,,6.078,23,2025-06-04 17:32:03,566075496.0,145015236.0
599.2,,21227.6,599.2,6.103,139,,6.103,23,2025-06-04 17:32:04,566074999.0,145015852.0
599.2,,21233.8,599.2,6.097,139,,6.097,23,2025-06-04 17:32:05,566074502.0,145016448.0
599.2,,21239.9,599.2,6.097,139,,6.097,23,2025-06-04 17:32:06,566074005.0,145017105.0
599.2,,21245.9,599.2,6.097,139,,6.097,23,2025-06-04 17:32:07,566073567.0,145017801.0
599.2,,21251.2,599.2,6.097,139,,6.097,23,2025-06-04 17:32:08,566073567.0,145017801.0
599.2,,21256.3,599.2,6.075,139,,6.075,23,2025-06-04 17:32:09,566072772.0,145019073.0
599.2,,21263.8,599.2,6.081,139,,6.081,23,2025-06-04 17:32:10,566072255.0,145019948.0
599.2,,21269.9,599.2,6.081,139,,6.081,23,2025-06-04 17:32:11,566071857.0,145020664.0
599.2,,21275.4,599.2,6.103,139,,6.103,23,2025-06-04 17:32:12,566071539.0,145021280.0
599.2,,21281.4,599.2,6.103,139,,6.103,23,2025-06-04 17:32:13,566071161.0,145022036.0
599.2,,21287.9,599.2,6.103,139,,6.103,23,2025-06-04 17:32:14,566071161.0,145022036.0
599.2,,21293.2,599.2,6.061,139,,6.061,23,2025-06-04 17:32:15,566070386.0,145023786.0
599.2,,21299.1,599.2,5.994,140,,5.994,23,2025-06-04 17:32:16,566070048.0,145024621.0
599.2,,21305.3,599.2,5.911,140,,5.911,23,2025-06-04 17:32:17,566070048.0,145024621.0
599.2,,21310.4,599.2,5.822,140,,5.822,23,2025-06-04 17:32:18,566069451.0,145026132.0
599.2,,21315.6,599.2,5.753,140,,5.753,23,2025-06-04 17:32:19,566069153.0,145026967.0
599.2,,21321.1,599.2,5.753,140,,5.753,23,2025-06-04 17:32:20,566068835.0,145027763.0
599.2,,21326.1,599.2,5.781,140,,5.781,23,2025-06-04 17:32:21,566068576.0,145028538.0
601.4000000000001,,21332.9,601.4000000000001,5.794,140,,5.794,23,2025-06-04 17:32:22,566068298.0,145029314.0
601.4000000000001,,21338.6,601.4000000000001,5.811,139,,5.811,23,2025-06-04 17:32:23,566068000.0,145030069.0
601.4000000000001,,21343.8,601.4000000000001,5.819,139,,5.819,23,2025-06-04 17:32:24,566067741.0,145030845.0
601.4000000000001,,21349.7,601.4000000000001,5.8,140,,5.8,23,2025-06-04 17:32:25,566067443.0,145031640.0
602.2,,21355.7,602.2,5.8,141,,5.8,23,2025-06-04 17:32:26,566067443.0,145031640.0
602.2,,21361.7,602.2,5.828,143,,5.828,23,2025-06-04 17:32:27,566066846.0,145033370.0
602.2,,21367.8,602.2,5.906,146,,5.906,23,2025-06-04 17:32:28,566066568.0,145034125.0
602.2,,21374.1,602.2,5.994,147,,5.994,23,2025-06-04 17:32:29,566066270.0,145034881.0
602.2,,21381.1,602.2,6.092,149,,6.092,23,2025-06-04 17:32:30,566065952.0,145035656.0
602.2,,21386.6,602.2,6.178,151,,6.178,23,2025-06-04 17:32:31,566065574.0,145036591.0
602.2,,21392.9,602.2,6.253,152,,6.253,23,2025-06-04 17:32:32,566065574.0,145036591.0
602.2,,21399.2,602.2,6.311,153,,6.311,23,2025-06-04 17:32:33,566064977.0,145038122.0
602.2,,21407.3,602.2,6.364,154,,6.364,23,2025-06-04 17:32:34,566064560.0,145039156.0
602.2,,21414.1,602.2,6.364,155,,6.364,23,2025-06-04 17:32:35,566064242.0,145039792.0
602.2,,21419.8,602.2,6.433,156,,6.433,23,2025-06-04 17:32:36,566063804.0,145040568.0
602.2,,21426.8,602.2,6.447,156,,6.447,23,2025-06-04 17:32:37,566063367.0,145041343.0
602.2,,21433.2,602.2,6.45,155,,6.45,23,2025-06-04 17:32:38,566062790.0,145042238.0
602.2,,21438.8,602.2,6.439,154,,6.439,23,2025-06-04 17:32:39,566062273.0,145042914.0
602.2,,21446.8,602.2,6.428,153,,6.428,23,2025-06-04 17:32:40,566061756.0,145043590.0
602.2,,21453.2,602.2,6.428,151,,6.428,23,2025-06-04 17:32:41,566061756.0,145043590.0
602.2,,21459.0,602.2,6.358,149,,6.358,23,2025-06-04 17:32:42,566060722.0,145044584.0
602.2,,21465.0,602.2,6.319,147,,6.319,23,2025-06-04 17:32:43,566060126.0,145045082.0
602.2,,21471.2,602.2,6.292,145,,6.292,23,2025-06-04 17:32:44,566059410.0,145045658.0
602.2,,21477.4,602.2,6.267,143,,6.267,23,2025-06-04 17:32:45,566058793.0,145046036.0
602.2,,21484.1,602.2,6.247,142,,6.247,23,2025-06-04 17:32:46,566058157.0,145046394.0
602.2,,21489.6,602.2,6.242,141,,6.242,23,2025-06-04 17:32:47,566058157.0,145046394.0
603.4000000000001,,21495.2,603.4000000000001,6.228,140,,6.228,23,2025-06-04 17:32:48,566056924.0,145046971.0
603.4000000000001,,21500.8,603.4000000000001,6.194,139,,6.194,23,2025-06-04 17:32:49,566056288.0,145047229.0
603.4000000000001,,21507.4,603.4000000000001,6.194,139,,6.194,23,2025-06-04 17:32:50,566055632.0,145047448.0
603.4000000000001,,21512.7,603.4000000000001,6.111,138,,6.111,23,2025-06-04 17:32:51,566055115.0,145047627.0
603.4000000000001,,21518.6,603.4000000000001,6.056,138,,6.056,23,2025-06-04 17:32:52,566054479.0,145047826.0
603.4000000000001,,21524.3,603.4000000000001,6.003,138,,6.003,23,2025-06-04 17:32:53,566053842.0,145048064.0
603.4000000000001,,21529.9,603.4000000000001,5.95,138,,5.95,23,2025-06-04 17:32:54,566053087.0,145048303.0
603.4000000000001,,21535.5,603.4000000000001,5.886,139,,5.886,23,2025-06-04 17:32:55,566052470.0,145048502.0
604.2,,21541.7,604.2,5.886,139,,5.886,23,2025-06-04 17:32:56,566052470.0,145048502.0
604.2,,21546.6,604.2,5.803,139,,5.803,23,2025-06-04 17:32:57,566051377.0,145048879.0
604.2,,21552.7,604.2,5.742,140,,5.742,23,2025-06-04 17:32:58,566050780.0,145049118.0
604.2,,21558.1,604.2,5.694,140,,5.694,23,2025-06-04 17:32:59,566050184.0,145049376.0
605.4000000000001,,21563.5,605.4000000000001,5.656,140,,5.656,23,2025-06-04 17:33:00,566049607.0,145049615.0
605.4000000000001,,21569.6,605.4000000000001,5.614,140,,5.614,23,2025-06-04 17:33:01,566049030.0,145049834.0
605.4000000000001,,21574.6,605.4000000000001,5.575,140,,5.575,23,2025-06-04 17:33:02,566049030.0,145049834.0
605.4000000000001,,21580.4,605.4000000000001,5.547,140,,5.547,23,2025-06-04 17:33:03,566047738.0,145050271.0
605.4000000000001,,21585.8,605.4000000000001,5.517,140,,5.517,23,2025-06-04 17:33:04,566047181.0,145050430.0
605.4000000000001,,21590.7,605.4000000000001,5.517,140,,5.517,23,2025-06-04 17:33:05,566046604.0,145050629.0
606.2,,21595.5,606.2,5.467,140,,5.467,23,2025-06-04 17:33:06,566046147.0,145050788.0
606.2,,21601.2,606.2,5.439,141,,5.439,23,2025-06-04 17:33:07,566045471.0,145051087.0
606.2,,21606.5,606.2,5.403,141,,5.403,23,2025-06-04 17:33:08,566044914.0,145051285.0
606.2,,21611.7,606.2,5.258,141,,5.258,23,2025-06-04 17:33:09,566044477.0,145051464.0
606.2,,21616.8,606.2,5.144,141,,5.144,23,2025-06-04 17:33:10,566043920.0,145051683.0
606.2,,21621.7,606.2,5.144,140,,5.144,23,2025-06-04 17:33:11,566043920.0,145051683.0
607.4000000000001,,21626.0,607.4000000000001,4.919,140,,4.919,23,2025-06-04 17:33:12,566042687.0,145052120.0
607.4000000000001,,21630.6,607.4000000000001,4.794,140,,4.794,23,2025-06-04 17:33:13,566042150.0,145052319.0
607.4000000000001,,21636.2,607.4000000000001,4.794,139,,4.794,23,2025-06-04 17:33:14,566041633.0,145052558.0
607.4000000000001,,21639.5,607.4000000000001,4.478,139,,4.478,23,2025-06-04 17:33:15,566041256.0,145052717.0
607.4000000000001,,21643.4,607.4000000000001,4.342,139,,4.342,23,2025-06-04 17:33:16,566040659.0,145053015.0
607.4000000000001,,21646.3,607.4000000000001,4.281,139,,4.281,23,2025-06-04 17:33:17,566040659.0,145053015.0
607.4000000000001,,21649.4,607.4000000000001,4.283,139,,4.283,23,2025-06-04 17:33:18,566039744.0,145053652.0
607.4000000000001,,21652.4,607.4000000000001,4.414,139,,4.414,23,2025-06-04 17:33:19,566039446.0,145053990.0
607.4000000000001,,21656.4,607.4000000000001,4.414,139,,4.414,23,2025-06-04 17:33:20,566039446.0,145053990.0
607.4000000000001,,21659.2,607.4000000000001,4.875,139,,4.875,23,2025-06-04 17:33:21,566039009.0,145055123.0
607.4000000000001,,21663.9,607.4000000000001,5.083,139,,5.083,23,2025-06-04 17:33:22,566039048.0,145055799.0
607.4000000000001,,21668.3,607.4000000000001,5.253,139,,5.253,23,2025-06-04 17:33:23,566039188.0,145056356.0
607.4000000000001,,21674.7,607.4000000000001,5.444,139,,5.444,23,2025-06-04 17:33:24,566039466.0,145056972.0
607.4000000000001,,21681.6,607.4000000000001,5.661,139,,5.661,23,2025-06-04 17:33:25,566039844.0,145057549.0
606.2,,21687.8,606.2,5.839,139,,5.839,23,2025-06-04 17:33:26,566039844.0,145057549.0
606.2,,21694.8,606.2,5.983,139,,5.983,23,2025-06-04 17:33:27,566040758.0,145058643.0
606.2,,21702.4,606.2,6.069,139,,6.069,23,2025-06-04 17:33:28,566041315.0,145059319.0
606.2,,21709.2,606.2,6.069,139,,6.069,23,2025-06-04 17:33:29,566041852.0,145059935.0
606.2,,21715.4,606.2,6.094,139,,6.094,23,2025-06-04 17:33:30,566042290.0,145060392.0
606.2,,21722.2,606.2,6.067,139,,6.067,23,2025-06-04 17:33:31,566042866.0,145061049.0
606.2,,21728.5,606.2,6.056,139,,6.056,23,2025-06-04 17:33:32,566043343.0,145061685.0
606.2,,21734.5,606.2,6.019,139,,6.019,23,2025-06-04 17:33:33,566043860.0,145062222.0
607.4000000000001,,21740.0,607.4000000000001,5.95,138,,5.95,23,2025-06-04 17:33:34,566044377.0,145062818.0
607.4000000000001,,21746.3,607.4000000000001,5.95,137,,5.95,23,2025-06-04 17:33:35,566044377.0,145062818.0
607.4000000000001,,21750.8,607.4000000000001,5.758,136,,5.758,23,2025-06-04 17:33:36,566045392.0,145063952.0
607.4000000000001,,21756.6,607.4000000000001,5.639,136,,5.639,23,2025-06-04 17:33:37,566045968.0,145064667.0
607.4000000000001,,21761.8,607.4000000000001,5.525,135,,5.525,23,2025-06-04 17:33:38,566046366.0,145065145.0
607.4000000000001,,21767.3,607.4000000000001,5.247,134,,5.247,23,2025-06-04 17:33:39,566046823.0,145065741.0
607.4000000000001,,21771.6,607.4000000000001,4.975,134,,4.975,23,2025-06-04 17:33:40,566047241.0,145066318.0
607.4000000000001,,21775.8,607.4000000000001,4.597,133,,4.597,23,2025-06-04 17:33:41,566047241.0,145066318.0
607.4000000000001,,21778.7,607.4000000000001,4.025,133,,4.025,23,2025-06-04 17:33:42,566048036.0,145067451.0
607.4000000000001,,21782.6,607.4000000000001,3.294,133,,3.294,23,2025-06-04 17:33:43,566048513.0,145068147.0
607.4000000000001,,21784.0,607.4000000000001,3.294,132,,3.294,23,2025-06-04 17:33:44,566048831.0,145068604.0
607.4000000000001,,21785.0,607.4000000000001,1.442,132,,1.442,23,2025-06-04 17:33:45,566049169.0,145069082.0
607.4000000000001,,21785.0,607.4000000000001,0.803,131,,0.803,23,2025-06-04 17:33:46,566049448.0,145069539.0
607.4000000000001,,21785.0,607.4000000000001,0.744,131,,0.744,23,2025-06-04 17:33:47,566049706.0,145069937.0
607.4000000000001,,21785.0,607.4000000000001,0.833,130,,0.833,23,2025-06-04 17:33:48,566049806.0,145070096.0
607.4000000000001,,21785.0,607.4000000000001,1.114,129,,1.114,23,2025-06-04 17:33:49,566049885.0,145070215.0
607.4000000000001,,21785.0,607.4000000000001,1.114,129,,1.114,23,2025-06-04 17:33:50,566049885.0,145070215.0
607.4000000000001,,21785.0,607.4000000000001,3.011,128,,3.011,23,2025-06-04 17:33:51,566049985.0,145070314.0
607.4000000000001,,21786.9,607.4000000000001,4.156,128,,4.156,23,2025-06-04 17:33:52,566050025.0,145070374.0
607.4000000000001,,21791.3,607.4000000000001,4.775,127,,4.775,23,2025-06-04 17:33:53,566050084.0,145070454.0
607.4000000000001,,21796.0,607.4000000000001,5.019,127,,5.019,23,2025-06-04 17:33:54,566050243.0,145070613.0
607.4000000000001,,21801.7,607.4000000000001,5.344,127,,5.344,23,2025-06-04 17:33:55,566050502.0,145070911.0
605.4000000000001,,21808.6,605.4000000000001,5.583,126,,5.583,23,2025-06-04 17:33:56,566050502.0,145070911.0
605.4000000000001,,21815.9,605.4000000000001,6.178,126,,6.178,23,2025-06-04 17:33:57,566051337.0,145071488.0
605.4000000000001,,21823.8,605.4000000000001,6.322,126,,6.322,23,2025-06-04 17:33:58,566051735.0,145071786.0
605.4000000000001,,21831.5,605.4000000000001,6.322,126,,6.322,23,2025-06-04 17:33:59,566052212.0,145072184.0
605.4000000000001,,21838.9,605.4000000000001,6.231,125,,6.231,23,2025-06-04 17:34:00,566052769.0,145072621.0
605.4000000000001,,21845.8,605.4000000000001,6.128,126,,6.128,23,2025-06-04 17:34:01,566053365.0,145073078.0
605.4000000000001,,21852.0,605.4000000000001,6.05,126,,6.05,23,2025-06-04 17:34:02,566053862.0,145073496.0
605.4000000000001,,21857.7,605.4000000000001,5.994,126,,5.994,23,2025-06-04 17:34:03,566054459.0,145073914.0
605.4000000000001,,21863.9,605.4000000000001,5.983,126,,5.983,23,2025-06-04 17:34:04,566055194.0,145074331.0
605.4000000000001,,21869.6,605.4000000000001,5.983,126,,5.983,23,2025-06-04 17:34:05,566055194.0,145074331.0
605.4000000000001,,21874.4,605.4000000000001,5.994,126,,5.994,23,2025-06-04 17:34:06,566056387.0,145074530.0
605.4000000000001,,21880.4,605.4000000000001,5.989,126,,5.989,23,2025-06-04 17:34:07,566056865.0,145074411.0
608.4000000000001,,21885.7,608.4000000000001,5.978,127,,5.978,23,2025-06-04 17:34:08,566057481.0,145074132.0
608.4000000000001,,21890.6,608.4000000000001,5.983,127,,5.983,23,2025-06-04 17:34:09,566058078.0,145073715.0
608.4000000000001,,21896.7,608.4000000000001,6.003,128,,6.003,23,2025-06-04 17:34:10,566058614.0,145073218.0
608.4000000000001,,21902.7,608.4000000000001,6.025,128,,6.025,23,2025-06-04 17:34:11,566058614.0,145073218.0
609.4000000000001,,21909.2,609.4000000000001,6.069,129,,6.069,23,2025-06-04 17:34:12,566059509.0,145071905.0
609.4000000000001,,21915.6,609.4000000000001,6.106,129,,6.106,23,2025-06-04 17:34:13,566059907.0,145071209.0
609.4000000000001,,21921.7,609.4000000000001,6.106,129,,6.106,23,2025-06-04 17:34:14,566060285.0,145070434.0
609.4000000000001,,21927.6,609.4000000000001,6.147,130,,6.147,23,2025-06-04 17:34:15,566060663.0,145069638.0
609.4000000000001,,21934.4,609.4000000000001,6.161,130,,6.161,23,2025-06-04 17:34:16,566061020.0,145068843.0
609.4000000000001,,21940.5,609.4000000000001,6.164,131,,6.164,23,2025-06-04 17:34:17,566061398.0,145068048.0
609.4000000000001,,21946.9,609.4000000000001,6.164,132,,6.164,23,2025-06-04 17:34:18,566061756.0,145067213.0
609.4000000000001,,21953.2,609.4000000000001,6.169,132,,6.169,23,2025-06-04 17:34:19,566062134.0,145066417.0
609.4000000000001,,21959.4,609.4000000000001,6.164,133,,6.164,23,2025-06-04 17:34:20,566062134.0,145066417.0
609.4000000000001,,21965.0,609.4000000000001,6.142,133,,6.142,23,2025-06-04 17:34:21,566062850.0,145064807.0
610.4000000000001,,21971.5,610.4000000000001,6.089,134,,6.089,23,2025-06-04 17:34:22,566063208.0,145063991.0
610.4000000000001,,21977.3,610.4000000000001,6.089,134,,6.089,23,2025-06-04 17:34:23,566063586.0,145063196.0
610.4000000000001,,21982.3,610.4000000000001,5.9,134,,5.9,23,2025-06-04 17:34:24,566063963.0,145062401.0
610.4000000000001,,21987.9,610.4000000000001,5.761,135,,5.761,23,2025-06-04 17:34:25,566064361.0,145061645.0
611.2,,21993.0,611.2,5.619,135,,5.619,23,2025-06-04 17:34:26,566064739.0,145060870.0
611.2,,21997.7,611.2,5.314,137,,5.314,23,2025-06-04 17:34:27,566065196.0,145060253.0
611.2,,22002.2,611.2,5.094,139,,5.094,23,2025-06-04 17:34:28,566065713.0,145059816.0
611.2,,22006.2,611.2,5.094,140,,5.094,23,2025-06-04 17:34:29,566065713.0,145059816.0
612.4000000000001,,22009.9,612.4000000000001,4.856,142,,4.856,23,2025-06-04 17:34:30,566066807.0,145059338.0
612.4000000000001,,22013.9,612.4000000000001,4.506,142,,4.506,23,2025-06-04 17:34:31,566067324.0,145059179.0
612.4000000000001,,22018.8,612.4000000000001,4.4,143,,4.4,23,2025-06-04 17:34:32,566067861.0,145059080.0
612.4000000000001,,22022.8,612.4000000000001,4.35,143,,4.35,23,2025-06-04 17:34:33,566068358.0,145059000.0
612.4000000000001,,22026.9,612.4000000000001,4.3,143,,4.3,23,2025-06-04 17:34:34,566068835.0,145058901.0
612.4000000000001,,22031.0,612.4000000000001,4.228,143,,4.228,23,2025-06-04 17:34:35,566068835.0,145058901.0
613.2,,22034.5,613.2,4.158,143,,4.158,23,2025-06-04 17:34:36,566069272.0,145058821.0
613.2,,22038.3,613.2,4.089,142,,4.089,23,2025-06-04 17:34:37,566070267.0,145058702.0
613.2,,22041.7,613.2,4.089,141,,4.089,23,2025-06-04 17:34:38,566070724.0,145058682.0
613.2,,22045.5,613.2,3.967,141,,3.967,23,2025-06-04 17:34:39,566071201.0,145058623.0
614.4000000000001,,22049.6,614.4000000000001,3.942,141,,3.942,23,2025-06-04 17:34:40,566071599.0,145058464.0
614.4000000000001,,22052.3,614.4000000000001,3.917,141,,3.917,23,2025-06-04 17:34:41,566071997.0,145058384.0
614.4000000000001,,22056.1,614.4000000000001,3.906,141,,3.906,23,2025-06-04 17:34:42,566072334.0,145058364.0
614.4000000000001,,22059.7,614.4000000000001,3.85,142,,3.85,23,2025-06-04 17:34:43,566072832.0,145058285.0
614.4000000000001,,22062.4,614.4000000000001,3.85,142,,3.85,23,2025-06-04 17:34:44,566072832.0,145058285.0
614.4000000000001,,22066.3,614.4000000000001,3.867,140,,3.867,23,2025-06-04 17:34:45,566073508.0,145057986.0
614.4000000000001,,22070.7,614.4000000000001,3.889,139,,3.889,23,2025-06-04 17:34:46,566073945.0,145057688.0
614.4000000000001,,22075.0,614.4000000000001,3.914,137,,3.914,23,2025-06-04 17:34:47,566074303.0,145057410.0
614.4000000000001,,22078.7,614.4000000000001,3.939,137,,3.939,23,2025-06-04 17:34:48,566074581.0,145057171.0
614.4000000000001,,22082.8,614.4000000000001,3.95,138,,3.95,23,2025-06-04 17:34:49,566074979.0,145056793.0
614.4000000000001,,22086.9,614.4000000000001,3.947,138,,3.947,23,2025-06-04 17:34:50,566074979.0,145056793.0
614.4000000000001,,22090.7,614.4000000000001,3.947,139,,3.947,23,2025-06-04 17:34:51,566075735.0,145056157.0
614.4000000000001,,22094.5,614.4000000000001,3.894,140,,3.894,23,2025-06-04 17:34:52,566076132.0,145055839.0
614.4000000000001,,22098.9,614.4000000000001,3.894,140,,3.894,23,2025-06-04 17:34:53,566076490.0,145055501.0
614.4000000000001,,22101.6,614.4000000000001,3.814,141,,3.814,23,2025-06-04 17:34:54,566076769.0,145055222.0
614.4000000000001,,22104.7,614.4000000000001,3.783,141,,3.783,23,2025-06-04 17:34:55,566077166.0,145054785.0
614.4000000000001,,22108.3,614.4000000000001,3.756,140,,3.756,23,2025-06-04 17:34:56,566077485.0,145054487.0
614.4000000000001,,22111.4,614.4000000000001,3.744,139,,3.744,23,2025-06-04 17:34:57,566077485.0,145054487.0
614.4000000000001,,22114.8,614.4000000000001,3.744,137,,3.744,23,2025-06-04 17:34:58,566078081.0,145053910.0
614.4000000000001,,22118.6,614.4000000000001,3.744,135,,3.744,23,2025-06-04 17:34:59,566078081.0,145053910.0
614.4000000000001,,22121.1,614.4000000000001,3.758,133,,3.758,23,2025-06-04 17:35:00,566078697.0,145053393.0
614.4000000000001,,22125.8,614.4000000000001,3.786,133,,3.786,23,2025-06-04 17:35:01,566079016.0,145053055.0
614.4000000000001,,22130.2,614.4000000000001,3.889,132,,3.889,23,2025-06-04 17:35:02,566079314.0,145052717.0
614.4000000000001,,22135.0,614.4000000000001,4.733,130,,4.733,23,2025-06-04 17:35:03,566079632.0,145052359.0
614.4000000000001,,22141.1,614.4000000000001,4.892,130,,4.892,23,2025-06-04 17:35:04,566079910.0,145052061.0
614.4000000000001,,22145.7,614.4000000000001,4.956,130,,4.956,23,2025-06-04 17:35:05,566079910.0,145052061.0
614.4000000000001,,22151.1,614.4000000000001,5.094,130,,5.094,23,2025-06-04 17:35:06,566080765.0,145051246.0
614.4000000000001,,22157.9,614.4000000000001,5.242,130,,5.242,23,2025-06-04 17:35:07,566081183.0,145050768.0
614.4000000000001,,22164.3,614.4000000000001,5.242,130,,5.242,23,2025-06-04 17:35:08,566081601.0,145050331.0
614.4000000000001,,22170.4,614.4000000000001,5.417,130,,5.417,23,2025-06-04 17:35:09,566081998.0,145049973.0
614.4000000000001,,22176.6,614.4000000000001,5.417,129,,5.417,23,2025-06-04 17:35:10,566082495.0,145049516.0
614.4000000000001,,22182.4,614.4000000000001,5.389,129,,5.389,23,2025-06-04 17:35:11,566083132.0,145049038.0
614.4000000000001,,22187.9,614.4000000000001,5.242,129,,5.242,23,2025-06-04 17:35:12,566083668.0,145048641.0
614.4000000000001,,22193.4,614.4000000000001,5.072,129,,5.072,23,2025-06-04 17:35:13,566084205.0,145048243.0
614.4000000000001,,22198.9,614.4000000000001,5.072,129,,5.072,23,2025-06-04 17:35:14,566084205.0,145048243.0
614.4000000000001,,22203.1,614.4000000000001,4.928,128,,4.928,24,2025-06-04 17:35:15,566085279.0,145047627.0
611.2,,22207.6,611.2,4.875,128,,4.875,23,2025-06-04 17:35:16,566085756.0,145047309.0
611.2,,22212.1,611.2,4.894,128,,4.894,23,2025-06-04 17:35:17,566086253.0,145046971.0
611.2,,22216.0,611.2,4.9,129,,4.9,24,2025-06-04 17:35:18,566086711.0,145046652.0
611.2,,22220.5,611.2,4.908,129,,4.908,24,2025-06-04 17:35:19,566087108.0,145046195.0
611.2,,22225.4,611.2,4.867,129,,4.867,24,2025-06-04 17:35:20,566087108.0,145046195.0
611.2,,22230.1,611.2,4.831,129,,4.831,24,2025-06-04 17:35:21,566087943.0,145045260.0
611.2,,22234.2,611.2,4.783,129,,4.783,24,2025-06-04 17:35:22,566088262.0,145044883.0
611.2,,22238.9,611.2,4.783,131,,4.783,24,2025-06-04 17:35:23,566088640.0,145044306.0
611.2,,22243.8,611.2,4.722,133,,4.722,24,2025-06-04 17:35:24,566089017.0,145043610.0
611.2,,22248.9,611.2,4.717,134,,4.717,24,2025-06-04 17:35:25,566089395.0,145043093.0
611.2,,22253.1,611.2,4.731,133,,4.731,24,2025-06-04 17:35:26,566089654.0,145042656.0
611.2,,22258.1,611.2,4.731,133,,4.731,24,2025-06-04 17:35:27,566089972.0,145042099.0
611.2,,22262.9,611.2,4.886,132,,4.886,24,2025-06-04 17:35:28,566090369.0,145041403.0
611.2,,22268.1,611.2,4.989,132,,4.989,24,2025-06-04 17:35:29,566090369.0,145041403.0
609.4000000000001,,22273.0,609.4000000000001,5.1,131,,5.1,24,2025-06-04 17:35:30,566090966.0,145040230.0
609.4000000000001,,22279.2,609.4000000000001,5.283,131,,5.283,24,2025-06-04 17:35:31,566091205.0,145039753.0
609.4000000000001,,22285.3,609.4000000000001,5.283,132,,5.283,24,2025-06-04 17:35:32,566091582.0,145039037.0
609.4000000000001,,22290.7,609.4000000000001,5.747,133,,5.747,24,2025-06-04 17:35:33,566091582.0,145039037.0
608.4000000000001,,22298.1,608.4000000000001,6.044,135,,6.044,24,2025-06-04 17:35:34,566092238.0,145037665.0
608.4000000000001,,22305.5,608.4000000000001,6.372,136,,6.372,24,2025-06-04 17:35:35,566092537.0,145036949.0
608.4000000000001,,22313.5,608.4000000000001,6.697,137,,6.697,24,2025-06-04 17:35:36,566092934.0,145036233.0
608.4000000000001,,22321.5,608.4000000000001,7.028,137,,7.028,24,2025-06-04 17:35:37,566093392.0,145035458.0
607.4000000000001,,22330.1,607.4000000000001,7.028,138,,7.028,24,2025-06-04 17:35:38,566093392.0,145035458.0
607.4000000000001,,22338.6,607.4000000000001,7.661,138,,7.661,24,2025-06-04 17:35:39,566094505.0,145034026.0
607.4000000000001,,22348.8,607.4000000000001,7.903,138,,7.903,24,2025-06-04 17:35:40,566095122.0,145033330.0
607.4000000000001,,22357.2,607.4000000000001,8.122,138,,8.122,24,2025-06-04 17:35:41,566095798.0,145032594.0
606.2,,22367.2,606.2,8.314,138,,8.314,24,2025-06-04 17:35:42,566096474.0,145031799.0
606.2,,22376.8,606.2,8.481,137,,8.481,24,2025-06-04 17:35:43,566097170.0,145030944.0
606.2,,22386.5,606.2,8.65,137,,8.65,24,2025-06-04 17:35:44,566097170.0,145030944.0
606.2,,22395.8,606.2,8.85,137,,8.85,24,2025-06-04 17:35:45,566098422.0,145029353.0
606.2,,22406.0,606.2,9.047,136,,9.047,24,2025-06-04 17:35:46,566099218.0,145028299.0
606.2,,22416.0,606.2,9.047,135,,9.047,24,2025-06-04 17:35:47,566099894.0,145027305.0
604.2,,22425.3,604.2,9.492,135,,9.492,24,2025-06-04 17:35:48,566100570.0,145026271.0
604.2,,22436.5,604.2,9.744,134,,9.744,24,2025-06-04 17:35:49,566101206.0,145025158.0
604.2,,22447.2,604.2,10.0,133,,10.0,24,2025-06-04 17:35:50,566101862.0,145024044.0
604.2,,22458.5,604.2,10.256,132,,10.256,24,2025-06-04 17:35:51,566102519.0,145022871.0
603.4000000000001,,22470.2,603.4000000000001,10.494,131,,10.494,24,2025-06-04 17:35:52,566103175.0,145021638.0
603.4000000000001,,22481.8,603.4000000000001,10.494,130,,10.494,24,2025-06-04 17:35:53,566103175.0,145021638.0
602.2,,22491.4,602.2,10.922,129,,10.922,24,2025-06-04 17:35:54,566104328.0,145019212.0
602.2,,22504.4,602.2,11.078,129,,11.078,24,2025-06-04 17:35:55,566105064.0,145017462.0
601.4000000000001,,22517.6,601.4000000000001,11.186,128,,11.186,24,2025-06-04 17:35:56,566105660.0,145015971.0
601.4000000000001,,22529.6,601.4000000000001,11.208,128,,11.208,24,2025-06-04 17:35:57,566106297.0,145014480.0
601.4000000000001,,22541.4,601.4000000000001,11.144,127,,11.144,24,2025-06-04 17:35:58,566106814.0,145013267.0
601.4000000000001,,22553.7,601.4000000000001,10.994,127,,10.994,24,2025-06-04 17:35:59,566106814.0,145013267.0
601.4000000000001,,22562.8,601.4000000000001,10.769,127,,10.769,24,2025-06-04 17:36:00,566108325.0,145009946.0
601.4000000000001,,22573.6,601.4000000000001,10.483,127,,10.483,24,2025-06-04 17:36:01,566109041.0,145008515.0
600.4000000000001,,22583.1,600.4000000000001,10.483,128,,10.483,24,2025-06-04 17:36:02,566109756.0,145007103.0
600.4000000000001,,22591.2,600.4000000000001,9.908,128,,9.908,24,2025-06-04 17:36:03,566110432.0,145005791.0
600.4000000000001,,22600.4,600.4000000000001,9.65,129,,9.65,24,2025-06-04 17:36:04,566111089.0,145004498.0
600.4000000000001,,22608.2,600.4000000000001,9.428,130,,9.428,24,2025-06-04 17:36:05,566111765.0,145003325.0
600.4000000000001,,22616.0,600.4000000000001,9.253,130,,9.253,24,2025-06-04 17:36:06,566112441.0,145002251.0
600.4000000000001,,22623.7,600.4000000000001,9.117,131,,9.117,24,2025-06-04 17:36:07,566112978.0,145001436.0
600.4000000000001,,22631.7,600.4000000000001,9.117,131,,9.117,24,2025-06-04 17:36:08,566112978.0,145001436.0
600.4000000000001,,22639.1,600.4000000000001,8.894,131,,8.894,24,2025-06-04 17:36:09,566114449.0,144999229.0
600.4000000000001,,22647.9,600.4000000000001,8.808,131,,8.808,24,2025-06-04 17:36:10,566115165.0,144998334.0
600.4000000000001,,22656.1,600.4000000000001,8.719,130,,8.719,24,2025-06-04 17:36:11,566115960.0,144997638.0
600.4000000000001,,22665.2,600.4000000000001,8.642,128,,8.642,24,2025-06-04 17:36:12,566116775.0,144997002.0
600.4000000000001,,22673.2,600.4000000000001,8.589,126,,8.589,24,2025-06-04 17:36:13,566117631.0,144996445.0
600.4000000000001,,22679.7,600.4000000000001,8.569,124,,8.569,24,2025-06-04 17:36:14,566117631.0,144996445.0
600.4000000000001,,22688.5,600.4000000000001,8.606,122,,8.606,24,2025-06-04 17:36:15,566119281.0,144995351.0
600.4000000000001,,22697.4,600.4000000000001,8.706,121,,8.706,24,2025-06-04 17:36:16,566120076.0,144994735.0
600.4000000000001,,22706.3,600.4000000000001,8.706,120,,8.706,24,2025-06-04 17:36:17,566120812.0,144994039.0
600.4000000000001,,22714.7,600.4000000000001,8.975,119,,8.975,24,2025-06-04 17:36:18,566121389.0,144993383.0
600.4000000000001,,22724.8,600.4000000000001,9.133,118,,9.133,24,2025-06-04 17:36:19,566122204.0,144992309.0
600.4000000000001,,22734.2,600.4000000000001,9.264,118,,9.264,24,2025-06-04 17:36:20,566122880.0,144991355.0
600.4000000000001,,22744.6,600.4000000000001,9.353,118,,9.353,24,2025-06-04 17:36:21,566123596.0,144990361.0
600.4000000000001,,22754.6,600.4000000000001,9.417,118,,9.417,24,2025-06-04 17:36:22,566124351.0,144989386.0
600.4000000000001,,22765.3,600.4000000000001,9.417,118,,9.417,24,2025-06-04 17:36:23,566124351.0,144989386.0
600.4000000000001,,22773.8,600.4000000000001,9.497,118,,9.497,24,2025-06-04 17:36:24,566125962.0,144987577.0
600.4000000000001,,22784.4,600.4000000000001,9.517,119,,9.517,24,2025-06-04 17:36:25,566126797.0,144986682.0
600.4000000000001,,22794.3,600.4000000000001,9.517,119,,9.517,24,2025-06-04 17:36:26,566127632.0,144985827.0
600.4000000000001,,22803.8,600.4000000000001,9.503,119,,9.503,24,2025-06-04 17:36:27,566128467.0,144985012.0
600.4000000000001,,22813.2,600.4000000000001,9.456,119,,9.456,24,2025-06-04 17:36:28,566129322.0,144984216.0
600.4000000000001,,22822.4,600.4000000000001,9.386,119,,9.386,24,2025-06-04 17:36:29,566129322.0,144984216.0
598.4000000000001,,22831.1,598.4000000000001,9.3,119,,9.3,24,2025-06-04 17:36:30,566131072.0,144982645.0
598.4000000000001,,22840.3,598.4000000000001,9.219,119,,9.219,24,2025-06-04 17:36:31,566131947.0,144981890.0
597.2,,22849.3,597.2,9.219,119,,9.219,24,2025-06-04 17:36:32,566132802.0,144981194.0
597.2,,22857.3,597.2,9.003,119,,9.003,24,2025-06-04 17:36:33,566133677.0,144980518.0
596.4000000000001,,22866.3,596.4000000000001,8.883,119,,8.883,24,2025-06-04 17:36:34,566134532.0,144979862.0
596.4000000000001,,22874.5,596.4000000000001,8.75,120,,8.75,24,2025-06-04 17:36:35,566135387.0,144979245.0
596.4000000000001,,22882.4,596.4000000000001,8.608,120,,8.608,24,2025-06-04 17:36:36,566136242.0,144978649.0
596.4000000000001,,22890.3,596.4000000000001,8.481,120,,8.481,24,2025-06-04 17:36:37,566137097.0,144978052.0
596.4000000000001,,22898.2,596.4000000000001,8.344,119,,8.344,24,2025-06-04 17:36:38,566137097.0,144978052.0
596.4000000000001,,22905.3,596.4000000000001,8.214,119,,8.214,24,2025-06-04 17:36:39,566138728.0,144976939.0
595.2,,22913.2,595.2,8.083,119,,8.083,24,2025-06-04 17:36:40,566139523.0,144976402.0
595.2,,22919.7,595.2,8.083,119,,8.083,24,2025-06-04 17:36:41,566140318.0,144975905.0
595.2,,22926.8,595.2,7.831,119,,7.831,24,2025-06-04 17:36:42,566141094.0,144975368.0
595.2,,22934.6,595.2,7.731,119,,7.731,24,2025-06-04 17:36:43,566141869.0,144974871.0
595.2,,22941.7,595.2,7.644,120,,7.644,24,2025-06-04 17:36:44,566142605.0,144974334.0
595.2,,22948.6,595.2,7.586,120,,7.586,24,2025-06-04 17:36:45,566143182.0,144973896.0
595.2,,22956.0,595.2,7.547,120,,7.547,24,2025-06-04 17:36:46,566144037.0,144973280.0
595.2,,22963.3,595.2,7.547,120,,7.547,24,2025-06-04 17:36:47,566144037.0,144973280.0
595.2,,22969.8,595.2,7.525,121,,7.525,24,2025-06-04 17:36:48,566145448.0,144972206.0
595.2,,22977.8,595.2,7.547,123,,7.547,24,2025-06-04 17:36:49,566146144.0,144971669.0
595.2,,22986.1,595.2,7.594,124,,7.594,24,2025-06-04 17:36:50,566146840.0,144971133.0
595.2,,22993.2,595.2,7.661,125,,7.661,24,2025-06-04 17:36:51,566147536.0,144970576.0
596.4000000000001,,23001.1,596.4000000000001,7.736,126,,7.736,24,2025-06-04 17:36:52,566148212.0,144969979.0
596.4000000000001,,23009.0,596.4000000000001,7.808,127,,7.808,24,2025-06-04 17:36:53,566148212.0,144969979.0
596.4000000000001,,23016.7,596.4000000000001,7.889,128,,7.889,24,2025-06-04 17:36:54,566149604.0,144968727.0
596.4000000000001,,23024.4,596.4000000000001,7.967,128,,7.967,24,2025-06-04 17:36:55,566150300.0,144968070.0
596.4000000000001,,23033.6,596.4000000000001,7.967,128,,7.967,24,2025-06-04 17:36:56,566151016.0,144967414.0
596.4000000000001,,23041.5,596.4000000000001,8.1,128,,8.1,24,2025-06-04 17:36:57,566151732.0,144966738.0
596.4000000000001,,23050.6,596.4000000000001,8.172,129,,8.172,24,2025-06-04 17:36:58,566152448.0,144966022.0
596.4000000000001,,23059.1,596.4000000000001,8.236,129,,8.236,24,2025-06-04 17:36:59,566153004.0,144965446.0
596.4000000000001,,23067.5,596.4000000000001,8.289,129,,8.289,24,2025-06-04 17:37:00,566153859.0,144964531.0
596.4000000000001,,23076.3,596.4000000000001,8.325,128,,8.325,24,2025-06-04 17:37:01,566154575.0,144963775.0
596.4000000000001,,23085.0,596.4000000000001,8.325,128,,8.325,24,2025-06-04 17:37:02,566154575.0,144963775.0
596.4000000000001,,23092.9,596.4000000000001,8.358,128,,8.358,24,2025-06-04 17:37:03,566156027.0,144962304.0
596.4000000000001,,23102.8,596.4000000000001,8.347,128,,8.347,24,2025-06-04 17:37:04,566156782.0,144961568.0
596.4000000000001,,23110.3,596.4000000000001,8.333,128,,8.333,24,2025-06-04 17:37:05,566157518.0,144960793.0
596.4000000000001,,23118.7,596.4000000000001,8.317,128,,8.317,24,2025-06-04 17:37:06,566158274.0,144960077.0
595.2,,23126.9,595.2,8.292,128,,8.292,24,2025-06-04 17:37:07,566158989.0,144959321.0
595.2,,23135.2,595.2,8.278,128,,8.278,24,2025-06-04 17:37:08,566158989.0,144959321.0
595.2,,23142.7,595.2,8.261,128,,8.261,24,2025-06-04 17:37:09,566160421.0,144957810.0
595.2,,23151.2,595.2,8.236,128,,8.236,24,2025-06-04 17:37:10,566161157.0,144957094.0
595.2,,23159.2,595.2,8.236,128,,8.236,24,2025-06-04 17:37:11,566161893.0,144956379.0
595.2,,23166.6,595.2,8.203,128,,8.203,24,2025-06-04 17:37:12,566162628.0,144955683.0
596.4000000000001,,23175.5,596.4000000000001,8.186,128,,8.186,24,2025-06-04 17:37:13,566163344.0,144955007.0
596.4000000000001,,23183.5,596.4000000000001,8.15,128,,8.15,24,2025-06-04 17:37:14,566164100.0,144954311.0
596.4000000000001,,23191.4,596.4000000000001,8.119,128,,8.119,24,2025-06-04 17:37:15,566164835.0,144953635.0
596.4000000000001,,23199.3,596.4000000000001,8.089,128,,8.089,24,2025-06-04 17:37:16,566165571.0,144952978.0
595.2,,23207.4,595.2,8.089,128,,8.089,24,2025-06-04 17:37:17,566165571.0,144952978.0
595.2,,23214.7,595.2,7.989,127,,7.989,24,2025-06-04 17:37:18,566167042.0,144951666.0
595.2,,23223.0,595.2,7.936,127,,7.936,24,2025-06-04 17:37:19,566167798.0,144951010.0
595.2,,23230.6,595.2,7.886,127,,7.886,24,2025-06-04 17:37:20,566168514.0,144950393.0
595.2,,23238.2,595.2,7.831,127,,7.831,24,2025-06-04 17:37:21,566169250.0,144949777.0
595.2,,23245.8,595.2,7.764,127,,7.764,24,2025-06-04 17:37:22,566169965.0,144949101.0
595.2,,23253.3,595.2,7.683,127,,7.683,24,2025-06-04 17:37:23,566169965.0,144949101.0
595.2,,23260.0,595.2,7.569,127,,7.569,24,2025-06-04 17:37:24,566171377.0,144947868.0
595.2,,23267.5,595.2,7.417,128,,7.417,24,2025-06-04 17:37:25,566172093.0,144947311.0
595.2,,23274.2,595.2,7.417,128,,7.417,24,2025-06-04 17:37:26,566172829.0,144946755.0
595.2,,23280.1,595.2,7.075,127,,7.075,24,2025-06-04 17:37:27,566173545.0,144946198.0
595.2,,23287.0,595.2,6.894,127,,6.894,24,2025-06-04 17:37:28,566174221.0,144945661.0
595.2,,23293.1,595.2,6.717,127,,6.717,24,2025-06-04 17:37:29,566174897.0,144945124.0
595.2,,23298.9,595.2,6.539,126,,6.539,24,2025-06-04 17:37:30,566175513.0,144944627.0
595.2,,23304.3,595.2,6.364,127,,6.364,24,2025-06-04 17:37:31,566176130.0,144944130.0
595.2,,23309.4,595.2,6.364,126,,6.364,24,2025-06-04 17:37:32,566176130.0,144944130.0
595.2,,23314.4,595.2,6.019,127,,6.019,24,2025-06-04 17:37:33,566177343.0,144943195.0
595.2,,23319.9,595.2,5.853,127,,5.853,24,2025-06-04 17:37:34,566177919.0,144942718.0
595.2,,23324.2,595.2,5.697,127,,5.697,24,2025-06-04 17:37:35,566178456.0,144942281.0
595.2,,23328.9,595.2,5.536,127,,5.536,24,2025-06-04 17:37:36,566178973.0,144941804.0
595.2,,23334.0,595.2,5.211,127,,5.211,24,2025-06-04 17:37:37,566179490.0,144941346.0
595.2,,23338.4,595.2,5.022,127,,5.022,24,2025-06-04 17:37:38,566179490.0,144941346.0
595.2,,23342.5,595.2,4.95,126,,4.95,24,2025-06-04 17:37:39,566180385.0,144940571.0
595.2,,23347.2,595.2,4.958,125,,4.958,24,2025-06-04 17:37:40,566180842.0,144940153.0
595.2,,23351.8,595.2,4.958,124,,4.958,24,2025-06-04 17:37:41,566181399.0,144939656.0
595.2,,23355.7,595.2,5.294,123,,5.294,24,2025-06-04 17:37:42,566181836.0,144939258.0
595.2,,23362.1,595.2,5.294,122,,5.294,24,2025-06-04 17:37:43,566182254.0,144938841.0
595.2,,23369.3,595.2,6.042,122,,6.042,24,2025-06-04 17:37:44,566182691.0,144938483.0
596.4000000000001,,23377.0,596.4000000000001,6.489,122,,6.489,24,2025-06-04 17:37:45,566183208.0,144938244.0
596.4000000000001,,23383.4,596.4000000000001,6.872,122,,6.872,24,2025-06-04 17:37:46,566183666.0,144938185.0
596.4000000000001,,23392.6,596.4000000000001,7.139,122,,7.139,24,2025-06-04 17:37:47,566183666.0,144938185.0
596.4000000000001,,23399.9,596.4000000000001,7.242,122,,7.242,24,2025-06-04 17:37:48,566185276.0,144938284.0
596.4000000000001,,23409.0,596.4000000000001,7.147,122,,7.147,24,2025-06-04 17:37:49,566185276.0,144938284.0
596.4000000000001,,23416.9,596.4000000000001,7.147,121,,7.147,24,2025-06-04 17:37:50,566186748.0,144938622.0
599.2,,23423.2,599.2,5.394,122,,5.394,24,2025-06-04 17:37:51,566187782.0,144938702.0
599.2,,23427.1,599.2,4.186,123,,4.186,24,2025-06-04 17:37:52,566188438.0,144938682.0
599.2,,23428.8,599.2,2.981,123,,2.981,24,2025-06-04 17:37:53,566189213.0,144938602.0
599.2,,23429.0,599.2,1.919,123,,1.919,24,2025-06-04 17:37:54,566189889.0,144938562.0
599.2,,23429.1,599.2,0.0,123,,0.0,24,2025-06-04 17:37:55,566190426.0,144938542.0
594.4000000000001,,23430.0,594.4000000000001,2.817,132,,2.817,24,2025-06-04 17:37:56,566190426.0,144938542.0
594.4000000000001,,23430.2,594.4000000000001,2.958,132,,2.958,24,2025-06-04 17:37:57,566190923.0,144938523.0
594.4000000000001,,23430.3,594.4000000000001,3.1,133,,3.1,24,2025-06-04 17:37:58,566191003.0,144938542.0
594.4000000000001,,23433.0,594.4000000000001,3.272,134,,3.272,24,2025-06-04 17:37:59,566191043.0,144938542.0
594.4000000000001,,23436.2,594.4000000000001,3.453,135,,3.453,24,2025-06-04 17:38:00,566191063.0,144938562.0
594.4000000000001,,23440.2,594.4000000000001,3.628,136,,3.628,24,2025-06-04 17:38:01,566191063.0,144938542.0
594.4000000000001,,23444.9,594.4000000000001,3.761,136,,3.761,24,2025-06-04 17:39:01,566192395.0,144937091.0
594.4000000000001,,23449.8,594.4000000000001,3.792,135,,3.792,24,2025-06-04 17:39:02,566192693.0,144936693.0
594.4000000000001,,23455.3,594.4000000000001,3.792,137,,3.792,24,2025-06-04 17:39:03,566193031.0,144936316.0
594.4000000000001,,23460.9,594.4000000000001,3.772,139,,3.772,24,2025-06-04 17:39:04,566193369.0,144935878.0
594.4000000000001,,23466.6,594.4000000000001,3.789,139,,3.789,24,2025-06-04 17:39:05,566193747.0,144935460.0
594.4000000000001,,23472.3,594.4000000000001,3.797,140,,3.797,24,2025-06-04 17:39:06,566194105.0,144935142.0
594.4000000000001,,23476.4,594.4000000000001,3.8,140,,3.8,24,2025-06-04 17:39:07,566194483.0,144934844.0
594.4000000000001,,23480.0,594.4000000000001,3.8,141,,3.8,24,2025-06-04 17:39:08,566194860.0,144934605.0
594.4000000000001,,23483.6,594.4000000000001,3.806,140,,3.806,24,2025-06-04 17:39:09,566195238.0,144934387.0
594.4000000000001,,23486.9,594.4000000000001,3.806,140,,3.806,24,2025-06-04 17:39:10,566195636.0,144934228.0
595.2,,23490.6,595.2,3.808,140,,3.808,24,2025-06-04 17:39:11,566196014.0,144934069.0
595.2,,23494.1,595.2,3.808,140,,3.808,24,2025-06-04 17:39:12,566196391.0,144933929.0
595.2,,23498.0,595.2,3.806,139,,3.806,24,2025-06-04 17:39:13,566196769.0,144933770.0
595.2,,23501.8,595.2,3.803,139,,3.803,24,2025-06-04 17:39:14,566197167.0,144933631.0
596.4000000000001,,23505.0,596.4000000000001,3.794,140,,3.794,24,2025-06-04 17:39:15,566197565.0,144933532.0
596.4000000000001,,23509.1,596.4000000000001,3.783,141,,3.783,24,2025-06-04 17:39:16,566197923.0,144933373.0
596.4000000000001,,23512.8,596.4000000000001,3.783,142,,3.783,24,2025-06-04 17:39:17,566198340.0,144933293.0
596.4000000000001,,23516.8,596.4000000000001,3.781,142,,3.781,24,2025-06-04 17:39:18,566198738.0,144933194.0
596.4000000000001,,23520.4,596.4000000000001,3.781,143,,3.781,24,2025-06-04 17:39:19,566199116.0,144933015.0
596.4000000000001,,23524.1,596.4000000000001,3.781,144,,3.781,24,2025-06-04 17:39:20,566199493.0,144932796.0
597.2,,23527.9,597.2,3.781,145,,3.781,24,2025-06-04 17:39:21,566199851.0,144932557.0
597.2,,23531.6,597.2,3.783,146,,3.783,24,2025-06-04 17:39:22,566200209.0,144932279.0
597.2,,23535.4,597.2,3.789,146,,3.789,24,2025-06-04 17:39:23,566200567.0,144932001.0
597.2,,23539.2,597.2,3.794,146,,3.794,24,2025-06-04 17:39:24,566200905.0,144931702.0
597.2,,23543.0,597.2,3.797,146,,3.797,24,2025-06-04 17:39:25,566201243.0,144931384.0
597.2,,23546.9,597.2,3.797,146,,3.797,24,2025-06-04 17:39:26,566201561.0,144931026.0
597.2,,23550.4,597.2,3.794,147,,3.794,24,2025-06-04 17:39:27,566201879.0,144930629.0
597.2,,23554.3,597.2,3.789,147,,3.789,24,2025-06-04 17:39:28,566202218.0,144930291.0
600.4000000000001,,23558.0,600.4000000000001,3.778,147,,3.778,24,2025-06-04 17:39:29,566202556.0,144929953.0
600.4000000000001,,23561.5,600.4000000000001,3.767,148,,3.767,24,2025-06-04 17:39:30,566202913.0,144929654.0
600.4000000000001,,23565.1,600.4000000000001,3.75,148,,3.75,24,2025-06-04 17:39:31,566203251.0,144929376.0
600.4000000000001,,23568.3,600.4000000000001,3.731,149,,3.731,24,2025-06-04 17:39:32,566203609.0,144929117.0
600.4000000000001,,23571.5,600.4000000000001,3.711,149,,3.711,24,2025-06-04 17:39:33,566203967.0,144928919.0
600.4000000000001,,23574.7,600.4000000000001,3.675,150,,3.675,24,2025-06-04 17:39:34,566204345.0,144928779.0
601.4000000000001,,23577.7,601.4000000000001,3.633,150,,3.633,24,2025-06-04 17:39:35,566204683.0,144928660.0
601.4000000000001,,23580.9,601.4000000000001,3.597,150,,3.597,24,2025-06-04 17:39:36,566205041.0,144928581.0
602.2,,23583.9,602.2,3.558,150,,3.558,24,2025-06-04 17:39:37,566205379.0,144928521.0
602.2,,23586.8,602.2,3.45,150,,3.45,24,2025-06-04 17:39:38,566205737.0,144928441.0
602.2,,23590.0,602.2,3.364,150,,3.364,24,2025-06-04 17:39:39,566206075.0,144928362.0
602.2,,23593.0,602.2,3.294,150,,3.294,24,2025-06-04 17:39:40,566206433.0,144928282.0
603.4000000000001,,23596.0,603.4000000000001,3.228,150,,3.228,24,2025-06-04 17:39:41,566206771.0,144928262.0
603.4000000000001,,23599.0,603.4000000000001,3.186,150,,3.186,24,2025-06-04 17:39:42,566207109.0,144928223.0
603.4000000000001,,23601.9,603.4000000000001,3.153,150,,3.153,24,2025-06-04 17:39:43,566207447.0,144928183.0
603.4000000000001,,23604.8,603.4000000000001,3.122,150,,3.122,24,2025-06-04 17:39:44,566207765.0,144928123.0
603.4000000000001,,23607.3,603.4000000000001,3.1,151,,3.1,24,2025-06-04 17:39:45,566208103.0,144928084.0
603.4000000000001,,23610.5,603.4000000000001,3.094,151,,3.094,24,2025-06-04 17:39:46,566208421.0,144927984.0
604.2,,23613.5,604.2,3.092,151,,3.092,24,2025-06-04 17:39:47,566208720.0,144927885.0
604.2,,23616.5,604.2,3.097,151,,3.097,24,2025-06-04 17:39:48,566209018.0,144927745.0
604.2,,23619.5,604.2,3.1,152,,3.1,24,2025-06-04 17:39:49,566209316.0,144927586.0
604.2,,23622.5,604.2,3.106,152,,3.106,24,2025-06-04 17:39:50,566209634.0,144927427.0
605.4000000000001,,23625.5,605.4000000000001,3.106,152,,3.106,24,2025-06-04 17:39:51,566209952.0,144927328.0
605.4000000000001,,23628.9,605.4000000000001,3.119,153,,3.119,24,2025-06-04 17:39:52,566210271.0,144927169.0
605.4000000000001,,23632.1,605.4000000000001,3.128,153,,3.128,24,2025-06-04 17:39:53,566210569.0,144926990.0
605.4000000000001,,23635.4,605.4000000000001,3.139,153,,3.139,24,2025-06-04 17:39:54,566210867.0,144926751.0
606.2,,23638.6,606.2,3.147,153,,3.147,24,2025-06-04 17:39:55,566211145.0,144926493.0
606.2,,23641.8,606.2,3.147,153,,3.147,24,2025-06-04 17:39:56,566211444.0,144926254.0
606.2,,23645.1,606.2,3.153,153,,3.153,24,2025-06-04 17:39:57,566211742.0,144926015.0
606.2,,23648.3,606.2,3.153,153,,3.153,24,2025-06-04 17:39:58,566212040.0,144925757.0
607.4000000000001,,23651.4,607.4000000000001,3.158,153,,3.158,24,2025-06-04 17:39:59,566212338.0,144925499.0
607.4000000000001,,23654.4,607.4000000000001,3.158,153,,3.158,24,2025-06-04 17:40:00,566212617.0,144925220.0
607.4000000000001,,23657.9,607.4000000000001,3.164,153,,3.164,24,2025-06-04 17:40:01,566212895.0,144924922.0
607.4000000000001,,23661.1,607.4000000000001,3.164,154,,3.164,24,2025-06-04 17:40:02,566213154.0,144924624.0
607.4000000000001,,23664.2,607.4000000000001,3.175,154,,3.175,24,2025-06-04 17:40:03,566213432.0,144924345.0
607.4000000000001,,23667.3,607.4000000000001,3.175,154,,3.175,24,2025-06-04 17:40:04,566213711.0,144924067.0
607.4000000000001,,23670.6,607.4000000000001,3.175,154,,3.175,24,2025-06-04 17:40:05,566213969.0,144923729.0
607.4000000000001,,23673.6,607.4000000000001,3.169,153,,3.169,24,2025-06-04 17:40:06,566214227.0,144923411.0
607.4000000000001,,23676.9,607.4000000000001,3.164,153,,3.164,24,2025-06-04 17:40:07,566214506.0,144923112.0
607.4000000000001,,23679.9,607.4000000000001,3.158,153,,3.158,24,2025-06-04 17:40:08,566214784.0,144922854.0
607.4000000000001,,23682.8,607.4000000000001,3.153,153,,3.153,24,2025-06-04 17:40:09,566215083.0,144922556.0
607.4000000000001,,23686.0,607.4000000000001,3.147,153,,3.147,24,2025-06-04 17:40:10,566215341.0,144922277.0
609.4000000000001,,23688.9,609.4000000000001,3.144,153,,3.144,24,2025-06-04 17:40:11,566215619.0,144922019.0
609.4000000000001,,23691.9,609.4000000000001,3.144,153,,3.144,24,2025-06-04 17:40:12,566215898.0,144921780.0
609.4000000000001,,23695.0,609.4000000000001,3.144,153,,3.144,24,2025-06-04 17:40:13,566216156.0,144921522.0
609.4000000000001,,23698.1,609.4000000000001,3.139,153,,3.139,24,2025-06-04 17:40:14,566216435.0,144921243.0
610.4000000000001,,23700.9,610.4000000000001,3.139,153,,3.139,24,2025-06-04 17:40:15,566216693.0,144920965.0
610.4000000000001,,23704.2,610.4000000000001,3.136,153,,3.136,24,2025-06-04 17:40:16,566216952.0,144920687.0
611.2,,23707.3,611.2,3.133,153,,3.133,24,2025-06-04 17:40:17,566217210.0,144920349.0
611.2,,23710.3,611.2,3.133,153,,3.133,24,2025-06-04 17:40:18,566217489.0,144920050.0
611.2,,23713.4,611.2,3.133,153,,3.133,24,2025-06-04 17:40:19,566217747.0,144919772.0
611.2,,23716.6,611.2,3.128,154,,3.128,24,2025-06-04 17:40:20,566218005.0,144919494.0
611.2,,23719.5,611.2,3.128,154,,3.128,24,2025-06-04 17:40:21,566218264.0,144919155.0
611.2,,23722.7,611.2,3.128,154,,3.128,24,2025-06-04 17:40:22,566218483.0,144918837.0
611.2,,23725.7,611.2,3.125,154,,3.125,24,2025-06-04 17:40:23,566218721.0,144918479.0
611.2,,23728.7,611.2,3.125,154,,3.125,24,2025-06-04 17:40:24,566218960.0,144918122.0
612.4000000000001,,23732.0,612.4000000000001,3.125,154,,3.125,24,2025-06-04 17:40:25,566219179.0,144917783.0
612.4000000000001,,23735.0,612.4000000000001,3.125,154,,3.125,24,2025-06-04 17:40:26,566219417.0,144917465.0
613.2,,23738.3,613.2,3.125,154,,3.125,24,2025-06-04 17:40:27,566219676.0,144917127.0
613.2,,23741.2,613.2,3.117,155,,3.117,24,2025-06-04 17:40:28,566219934.0,144916829.0
613.2,,23744.2,613.2,3.111,155,,3.111,24,2025-06-04 17:40:29,566220193.0,144916531.0
613.2,,23747.1,613.2,3.1,155,,3.1,24,2025-06-04 17:40:30,566220471.0,144916272.0
614.4000000000001,,23750.0,614.4000000000001,3.089,155,,3.089,24,2025-06-04 17:40:31,566220769.0,144916034.0
614.4000000000001,,23752.8,614.4000000000001,3.075,155,,3.075,24,2025-06-04 17:40:32,566221048.0,144915815.0
614.4000000000001,,23755.5,614.4000000000001,3.056,155,,3.056,24,2025-06-04 17:40:33,566221346.0,144915636.0
614.4000000000001,,23758.0,614.4000000000001,3.019,155,,3.019,24,2025-06-04 17:40:34,566221644.0,144915517.0
615.2,,23760.4,615.2,2.989,155,,2.989,24,2025-06-04 17:40:35,566221923.0,144915378.0
615.2,,23763.0,615.2,2.961,155,,2.961,24,2025-06-04 17:40:36,566222221.0,144915238.0
616.4000000000001,,23765.6,616.4000000000001,2.942,155,,2.942,24,2025-06-04 17:40:37,566222499.0,144915159.0
616.4000000000001,,23768.0,616.4000000000001,2.917,155,,2.917,24,2025-06-04 17:40:38,566222778.0,144915139.0
616.4000000000001,,23770.4,616.4000000000001,2.9,155,,2.9,24,2025-06-04 17:40:39,566223056.0,144915179.0
616.4000000000001,,23773.5,616.4000000000001,2.9,155,,2.9,24,2025-06-04 17:40:40,566223354.0,144915199.0
616.4000000000001,,23776.2,616.4000000000001,2.917,154,,2.917,24,2025-06-04 17:40:41,566223633.0,144915278.0
616.4000000000001,,23779.0,616.4000000000001,2.931,154,,2.931,24,2025-06-04 17:40:42,566223911.0,144915358.0
616.4000000000001,,23782.4,616.4000000000001,2.944,153,,2.944,24,2025-06-04 17:40:43,566224209.0,144915477.0
616.4000000000001,,23785.1,616.4000000000001,2.956,153,,2.956,24,2025-06-04 17:40:44,566224508.0,144915596.0
618.2,,23788.0,618.2,2.956,152,,2.956,25,2025-06-04 17:40:45,566224806.0,144915735.0
618.2,,23791.1,618.2,2.967,152,,2.967,24,2025-06-04 17:40:46,566225044.0,144915914.0
618.2,,23794.6,618.2,2.975,151,,2.975,24,2025-06-04 17:40:47,566225402.0,144916173.0
618.2,,23797.7,618.2,2.997,151,,2.997,25,2025-06-04 17:40:48,566225621.0,144916352.0
618.2,,23800.7,618.2,3.028,152,,3.028,24,2025-06-04 17:40:49,566225899.0,144916590.0
618.2,,23803.7,618.2,3.047,153,,3.047,24,2025-06-04 17:40:50,566226158.0,144916849.0
618.2,,23807.0,618.2,3.056,154,,3.056,24,2025-06-04 17:40:51,566226456.0,144917207.0
618.2,,23810.2,618.2,3.064,155,,3.064,24,2025-06-04 17:40:52,566226715.0,144917525.0
619.4000000000001,,23813.5,619.4000000000001,3.058,155,,3.058,24,2025-06-04 17:40:53,566226914.0,144917883.0
619.4000000000001,,23816.3,619.4000000000001,3.044,156,,3.044,24,2025-06-04 17:40:54,566227112.0,144918201.0
620.2,,23819.6,620.2,3.036,157,,3.036,24,2025-06-04 17:40:55,566227331.0,144918619.0
620.2,,23822.2,620.2,3.031,157,,3.031,24,2025-06-04 17:40:56,566227550.0,144919056.0
620.2,,23825.3,620.2,3.025,158,,3.025,24,2025-06-04 17:40:57,566227709.0,144919434.0
620.2,,23828.2,620.2,3.025,158,,3.025,24,2025-06-04 17:40:58,566227848.0,144919871.0
620.2,,23831.2,620.2,3.044,158,,3.044,24,2025-06-04 17:40:59,566227967.0,144920289.0
620.2,,23833.8,620.2,3.067,159,,3.067,24,2025-06-04 17:41:00,566228047.0,144920746.0
621.4000000000001,,23837.8,621.4000000000001,3.097,159,,3.097,24,2025-06-04 17:41:01,566228146.0,144921204.0
621.4000000000001,,23841.6,621.4000000000001,3.128,159,,3.128,24,2025-06-04 17:41:02,566228206.0,144921641.0
621.4000000000001,,23845.4,621.4000000000001,3.158,159,,3.158,24,2025-06-04 17:41:03,566228266.0,144922098.0
621.4000000000001,,23849.1,621.4000000000001,3.175,159,,3.175,24,2025-06-04 17:41:04,566228305.0,144922516.0
622.2,,23852.3,622.2,3.186,159,,3.186,24,2025-06-04 17:41:05,566228186.0,144923331.0
622.2,,23856.0,622.2,3.197,159,,3.197,24,2025-06-04 17:41:06,566228186.0,144923928.0
623.4000000000001,,23859.7,623.4000000000001,3.206,159,,3.206,24,2025-06-04 17:41:07,566228146.0,144924504.0
623.4000000000001,,23863.3,623.4000000000001,3.208,159,,3.208,24,2025-06-04 17:41:08,566228186.0,144925021.0
623.4000000000001,,23866.9,623.4000000000001,3.208,160,,3.208,24,2025-06-04 17:41:09,566228266.0,144925439.0
623.4000000000001,,23869.1,623.4000000000001,3.206,160,,3.206,24,2025-06-04 17:41:10,566228305.0,144925956.0
623.4000000000001,,23872.1,623.4000000000001,3.192,160,,3.192,24,2025-06-04 17:41:11,566228325.0,144926473.0
623.4000000000001,,23874.4,623.4000000000001,3.142,160,,3.142,24,2025-06-04 17:41:12,566228286.0,144927010.0
623.4000000000001,,23876.7,623.4000000000001,3.106,160,,3.106,24,2025-06-04 17:41:13,566228226.0,144927527.0
623.4000000000001,,23880.0,623.4000000000001,3.05,160,,3.05,24,2025-06-04 17:41:14,566228206.0,144928004.0
624.4000000000001,,23882.3,624.4000000000001,2.986,160,,2.986,24,2025-06-04 17:41:15,566228305.0,144928541.0
624.4000000000001,,23883.7,624.4000000000001,2.883,160,,2.883,24,2025-06-04 17:41:16,566228405.0,144928859.0
624.4000000000001,,23885.5,624.4000000000001,2.85,160,,2.85,24,2025-06-04 17:41:17,566228524.0,144929217.0
624.4000000000001,,23886.9,624.4000000000001,2.831,160,,2.831,24,2025-06-04 17:41:18,566228783.0,144929575.0
625.4000000000001,,23889.2,625.4000000000001,2.836,160,,2.836,24,2025-06-04 17:41:19,566229061.0,144929794.0
625.4000000000001,,23891.3,625.4000000000001,2.858,160,,2.858,24,2025-06-04 17:41:20,566229220.0,144929833.0
625.4000000000001,,23893.6,625.4000000000001,2.881,160,,2.881,24,2025-06-04 17:41:21,566229518.0,144929714.0
625.4000000000001,,23896.5,625.4000000000001,2.9,160,,2.9,24,2025-06-04 17:41:22,566229717.0,144929456.0
626.4000000000001,,23899.6,626.4000000000001,2.911,160,,2.911,24,2025-06-04 17:41:23,566229976.0,144929177.0
626.4000000000001,,23902.7,626.4000000000001,2.931,160,,2.931,24,2025-06-04 17:41:24,566230234.0,144928859.0
626.4000000000001,,23906.6,626.4000000000001,2.947,160,,2.947,24,2025-06-04 17:41:25,566230453.0,144928600.0
626.4000000000001,,23910.2,626.4000000000001,2.961,160,,2.961,24,2025-06-04 17:41:26,566230711.0,144928183.0
627.2,,23913.6,627.2,2.969,160,,2.969,24,2025-06-04 17:41:27,566230890.0,144927726.0
627.2,,23916.3,627.2,3.0,160,,3.0,24,2025-06-04 17:41:28,566231089.0,144927348.0
628.4000000000001,,23919.4,628.4000000000001,3.014,160,,3.014,24,2025-06-04 17:41:29,566231268.0,144927089.0
628.4000000000001,,23922.5,628.4000000000001,3.003,160,,3.003,24,2025-06-04 17:41:30,566231547.0,144926652.0
628.4000000000001,,23925.3,628.4000000000001,2.989,160,,2.989,24,2025-06-04 17:41:31,566231745.0,144926254.0
628.4000000000001,,23928.2,628.4000000000001,2.969,160,,2.969,24,2025-06-04 17:41:32,566231904.0,144925976.0
629.2,,23931.0,629.2,2.95,159,,2.95,24,2025-06-04 17:41:33,566232143.0,144925638.0
629.2,,23934.1,629.2,2.944,159,,2.944,24,2025-06-04 17:41:34,566232362.0,144925300.0
629.2,,23936.3,629.2,2.944,160,,2.944,24,2025-06-04 17:41:35,566232581.0,144924942.0
629.2,,23939.6,629.2,2.95,160,,2.95,24,2025-06-04 17:41:36,566232839.0,144924604.0
629.2,,23943.0,629.2,2.95,160,,2.95,24,2025-06-04 17:41:37,566233078.0,144924365.0
629.2,,23945.4,629.2,2.95,160,,2.95,24,2025-06-04 17:41:38,566233296.0,144924067.0
630.4000000000001,,23947.9,630.4000000000001,2.939,160,,2.939,24,2025-06-04 17:41:39,566233455.0,144923789.0
630.4000000000001,,23950.9,630.4000000000001,2.931,160,,2.931,24,2025-06-04 17:41:40,566233734.0,144923311.0
630.4000000000001,,23953.4,630.4000000000001,2.925,160,,2.925,24,2025-06-04 17:41:41,566233933.0,144922933.0
630.4000000000001,,23955.9,630.4000000000001,2.925,161,,2.925,24,2025-06-04 17:41:42,566234052.0,144922635.0
630.4000000000001,,23958.9,630.4000000000001,2.925,161,,2.925,24,2025-06-04 17:41:43,566234151.0,144922218.0
630.4000000000001,,23961.8,630.4000000000001,2.931,161,,2.931,24,2025-06-04 17:41:44,566234191.0,144921721.0
630.4000000000001,,23964.2,630.4000000000001,2.936,161,,2.936,24,2025-06-04 17:41:45,566234151.0,144921283.0
630.4000000000001,,23967.2,630.4000000000001,2.947,161,,2.947,24,2025-06-04 17:41:46,566234052.0,144920925.0
630.4000000000001,,23970.5,630.4000000000001,2.956,161,,2.956,24,2025-06-04 17:41:47,566233972.0,144920408.0
630.4000000000001,,23973.3,630.4000000000001,2.956,161,,2.956,24,2025-06-04 17:41:48,566233933.0,144919951.0
630.4000000000001,,23976.2,630.4000000000001,2.95,161,,2.95,24,2025-06-04 17:41:49,566233833.0,144919474.0
630.4000000000001,,23979.4,630.4000000000001,2.942,161,,2.942,24,2025-06-04 17:41:50,566233714.0,144918996.0
631.2,,23982.2,631.2,2.931,161,,2.931,24,2025-06-04 17:41:51,566233475.0,144918639.0
631.2,,23984.7,631.2,2.928,161,,2.928,24,2025-06-04 17:41:52,566233356.0,144918281.0
631.2,,23987.3,631.2,2.925,160,,2.925,24,2025-06-04 17:41:53,566233177.0,144917962.0
631.2,,23990.0,631.2,2.919,159,,2.919,24,2025-06-04 17:41:54,566232978.0,144917565.0
631.2,,23993.0,631.2,2.914,159,,2.914,24,2025-06-04 17:41:55,566232799.0,144917247.0
631.2,,23995.3,631.2,2.9,159,,2.9,24,2025-06-04 17:41:56,566232620.0,144916909.0
631.2,,23998.1,631.2,2.883,159,,2.883,24,2025-06-04 17:41:57,566232481.0,144916571.0
631.2,,24000.8,631.2,2.861,158,,2.861,24,2025-06-04 17:41:58,566232302.0,144916153.0
635.4000000000001,,24002.7,635.4000000000001,2.842,158,,2.842,24,2025-06-04 17:41:59,566232163.0,144915696.0
635.4000000000001,,24005.3,635.4000000000001,2.814,158,,2.814,24,2025-06-04 17:42:00,566232083.0,144915338.0
635.4000000000001,,24007.6,635.4000000000001,2.786,158,,2.786,24,2025-06-04 17:42:01,566231984.0,144914960.0
635.4000000000001,,24009.5,635.4000000000001,2.758,158,,2.758,24,2025-06-04 17:42:02,566231904.0,144914582.0
635.4000000000001,,24011.0,635.4000000000001,2.7,159,,2.7,24,2025-06-04 17:42:03,566231825.0,144914284.0
635.4000000000001,,24013.0,635.4000000000001,2.65,159,,2.65,24,2025-06-04 17:42:04,566231706.0,144913886.0
636.2,,24015.3,636.2,2.603,159,,2.603,24,2025-06-04 17:42:05,566231606.0,144913568.0
636.2,,24017.2,636.2,2.567,159,,2.567,24,2025-06-04 17:42:06,566231527.0,144913349.0
636.2,,24019.3,636.2,2.533,160,,2.533,24,2025-06-04 17:42:07,566231407.0,144913051.0
636.2,,24021.3,636.2,2.492,160,,2.492,24,2025-06-04 17:42:08,566231308.0,144912733.0
636.2,,24023.4,636.2,2.456,161,,2.456,24,2025-06-04 17:42:09,566231189.0,144912375.0
636.2,,24025.8,636.2,2.433,161,,2.433,24,2025-06-04 17:42:10,566231089.0,144912057.0
637.4000000000001,,24028.4,637.4000000000001,2.419,161,,2.419,24,2025-06-04 17:42:11,566230990.0,144911739.0
637.4000000000001,,24030.5,637.4000000000001,2.417,161,,2.417,24,2025-06-04 17:42:12,566230910.0,144911480.0
638.2,,24032.9,638.2,2.417,161,,2.417,24,2025-06-04 17:42:13,566230791.0,144911102.0
638.2,,24035.4,638.2,2.422,161,,2.422,24,2025-06-04 17:42:14,566230691.0,144910744.0
639.4000000000001,,24038.0,639.4000000000001,2.419,161,,2.419,24,2025-06-04 17:42:15,566230612.0,144910426.0
639.4000000000001,,24040.4,639.4000000000001,2.406,161,,2.406,24,2025-06-04 17:42:16,566230532.0,144910148.0
639.4000000000001,,24042.8,639.4000000000001,2.4,161,,2.4,24,2025-06-04 17:42:17,566230473.0,144909770.0
639.4000000000001,,24044.7,639.4000000000001,2.389,161,,2.389,24,2025-06-04 17:42:18,566230353.0,144909333.0
639.4000000000001,,24047.5,639.4000000000001,2.369,161,,2.369,24,2025-06-04 17:42:19,566230234.0,144908975.0
639.4000000000001,,24049.9,639.4000000000001,2.356,161,,2.356,24,2025-06-04 17:42:20,566230095.0,144908657.0
639.4000000000001,,24052.0,639.4000000000001,2.342,160,,2.342,24,2025-06-04 17:42:21,566229976.0,144908438.0
639.4000000000001,,24054.2,639.4000000000001,2.325,160,,2.325,24,2025-06-04 17:42:22,566229837.0,144908160.0
640.4000000000001,,24056.2,640.4000000000001,2.311,160,,2.311,24,2025-06-04 17:42:23,566229677.0,144907762.0
640.4000000000001,,24058.4,640.4000000000001,2.306,160,,2.306,24,2025-06-04 17:42:24,566229558.0,144907444.0
640.4000000000001,,24060.3,640.4000000000001,2.3,160,,2.3,24,2025-06-04 17:42:25,566229479.0,144907205.0
640.4000000000001,,24063.1,640.4000000000001,2.3,160,,2.3,24,2025-06-04 17:42:26,566229379.0,144906887.0
641.4000000000001,,24065.1,641.4000000000001,2.294,160,,2.294,24,2025-06-04 17:42:27,566229240.0,144906549.0
641.4000000000001,,24067.2,641.4000000000001,2.292,160,,2.292,24,2025-06-04 17:42:28,566229121.0,144906231.0
642.4000000000001,,24069.0,642.4000000000001,2.289,160,,2.289,24,2025-06-04 17:42:29,566229001.0,144906012.0
642.4000000000001,,24071.5,642.4000000000001,2.289,160,,2.289,24,2025-06-04 17:42:30,566228842.0,144905634.0
642.4000000000001,,24073.7,642.4000000000001,2.289,160,,2.289,24,2025-06-04 17:42:31,566228743.0,144905396.0
642.4000000000001,,24075.9,642.4000000000001,2.294,160,,2.294,24,2025-06-04 17:42:32,566228624.0,144905018.0
642.4000000000001,,24078.1,642.4000000000001,2.303,160,,2.303,24,2025-06-04 17:42:33,566228584.0,144904759.0
642.4000000000001,,24081.0,642.4000000000001,2.314,160,,2.314,24,2025-06-04 17:42:34,566228524.0,144904402.0
642.4000000000001,,24083.3,642.4000000000001,2.325,160,,2.325,24,2025-06-04 17:42:35,566228504.0,144904044.0
642.4000000000001,,24086.2,642.4000000000001,2.339,160,,2.339,24,2025-06-04 17:42:36,566228504.0,144903666.0
645.2,,24088.3,645.2,2.361,160,,2.361,24,2025-06-04 17:42:37,566228544.0,144903228.0
645.2,,24091.6,645.2,2.386,160,,2.386,24,2025-06-04 17:42:38,566228604.0,144902831.0
646.4000000000001,,24094.1,646.4000000000001,2.408,160,,2.408,24,2025-06-04 17:42:39,566228683.0,144902433.0
646.4000000000001,,24096.6,646.4000000000001,2.428,161,,2.428,24,2025-06-04 17:42:40,566228803.0,144902035.0
646.4000000000001,,24099.1,646.4000000000001,2.436,161,,2.436,24,2025-06-04 17:42:41,566228902.0,144901777.0
646.4000000000001,,24101.6,646.4000000000001,2.453,161,,2.453,24,2025-06-04 17:42:42,566229121.0,144901379.0
647.2,,24104.0,647.2,2.472,161,,2.472,24,2025-06-04 17:42:43,566229319.0,144901101.0
647.2,,24106.3,647.2,2.492,161,,2.492,24,2025-06-04 17:42:44,566229479.0,144900882.0
647.2,,24108.9,647.2,2.517,162,,2.517,24,2025-06-04 17:42:45,566229658.0,144900624.0
647.2,,24111.9,647.2,2.544,162,,2.544,24,2025-06-04 17:42:46,566229896.0,144900345.0
649.4000000000001,,24114.1,649.4000000000001,2.567,163,,2.567,24,2025-06-04 17:42:47,566230135.0,144900146.0
649.4000000000001,,24116.7,649.4000000000001,2.594,163,,2.594,24,2025-06-04 17:42:48,566230353.0,144899987.0
650.2,,24120.4,650.2,2.622,164,,2.622,24,2025-06-04 17:42:49,566230632.0,144899828.0
650.2,,24123.4,650.2,2.653,164,,2.653,24,2025-06-04 17:42:50,566230890.0,144899689.0
652.2,,24126.5,652.2,2.694,165,,2.694,24,2025-06-04 17:42:51,566231169.0,144899570.0
652.2,,24129.7,652.2,2.728,165,,2.728,24,2025-06-04 17:42:52,566231467.0,144899470.0
653.4000000000001,,24133.0,653.4000000000001,2.742,166,,2.742,24,2025-06-04 17:42:53,566231845.0,144899371.0
653.4000000000001,,24136.1,653.4000000000001,2.758,166,,2.758,24,2025-06-04 17:42:54,566232123.0,144899311.0
654.2,,24139.1,654.2,2.747,167,,2.747,24,2025-06-04 17:42:55,566232441.0,144899172.0
654.2,,24141.8,654.2,2.728,167,,2.728,24,2025-06-04 17:42:56,566232760.0,144899033.0
655.4000000000001,,24144.2,655.4000000000001,2.697,168,,2.697,24,2025-06-04 17:42:57,566233058.0,144898874.0
655.4000000000001,,24146.8,655.4000000000001,2.669,168,,2.669,24,2025-06-04 17:42:58,566233356.0,144898715.0
655.4000000000001,,24149.2,655.4000000000001,2.65,169,,2.65,24,2025-06-04 17:42:59,566233614.0,144898556.0
655.4000000000001,,24151.4,655.4000000000001,2.633,169,,2.633,24,2025-06-04 17:43:00,566233853.0,144898396.0
655.4000000000001,,24153.9,655.4000000000001,2.617,170,,2.617,24,2025-06-04 17:43:01,566234072.0,144898217.0
655.4000000000001,,24155.8,655.4000000000001,2.608,170,,2.608,24,2025-06-04 17:43:02,566234350.0,144897939.0
658.4000000000001,,24158.2,658.4000000000001,2.608,171,,2.608,24,2025-06-04 17:43:03,566234509.0,144897740.0
658.4000000000001,,24160.7,658.4000000000001,2.614,171,,2.614,24,2025-06-04 17:43:04,566234708.0,144897482.0
658.4000000000001,,24163.3,658.4000000000001,2.622,171,,2.622,24,2025-06-04 17:43:05,566234927.0,144897124.0
658.4000000000001,,24166.4,658.4000000000001,2.633,171,,2.633,24,2025-06-04 17:43:06,566235046.0,144896885.0
660.4000000000001,,24168.8,660.4000000000001,2.644,172,,2.644,24,2025-06-04 17:43:07,566235225.0,144896488.0
660.4000000000001,,24171.8,660.4000000000001,2.656,172,,2.656,24,2025-06-04 17:43:08,566235364.0,144896189.0
660.4000000000001,,24174.2,660.4000000000001,2.672,171,,2.672,24,2025-06-04 17:43:09,566235543.0,144895851.0
660.4000000000001,,24177.3,660.4000000000001,2.678,171,,2.678,24,2025-06-04 17:43:10,566235722.0,144895434.0
661.2,,24180.1,661.2,2.678,171,,2.678,24,2025-06-04 17:43:11,566235861.0,144895076.0
661.2,,24182.4,661.2,2.686,171,,2.686,24,2025-06-04 17:43:12,566235961.0,144894678.0
661.2,,24185.4,661.2,2.683,171,,2.683,24,2025-06-04 17:43:13,566236060.0,144894340.0
661.2,,24188.4,661.2,2.672,171,,2.672,24,2025-06-04 17:43:14,566236199.0,144893863.0
661.2,,24190.8,661.2,2.656,170,,2.656,24,2025-06-04 17:43:15,566236299.0,144893545.0
661.2,,24193.4,661.2,2.644,170,,2.644,24,2025-06-04 17:43:16,566236438.0,144893187.0
662.4000000000001,,24195.8,662.4000000000001,2.631,170,,2.631,24,2025-06-04 17:43:17,566236577.0,144892829.0
662.4000000000001,,24198.1,662.4000000000001,2.611,170,,2.611,24,2025-06-04 17:43:18,566236756.0,144892391.0
662.4000000000001,,24200.3,662.4000000000001,2.597,170,,2.597,24,2025-06-04 17:43:19,566236935.0,144892073.0
662.4000000000001,,24202.7,662.4000000000001,2.581,170,,2.581,24,2025-06-04 17:43:20,566237114.0,144891795.0
663.2,,24205.3,663.2,2.572,170,,2.572,24,2025-06-04 17:43:21,566237313.0,144891556.0
663.2,,24207.5,663.2,2.561,169,,2.561,24,2025-06-04 17:43:22,566237512.0,144891397.0
663.2,,24209.6,663.2,2.556,169,,2.556,24,2025-06-04 17:43:23,566237750.0,144891238.0
663.2,,24212.0,663.2,2.536,169,,2.536,24,2025-06-04 17:43:24,566237989.0,144891119.0
663.2,,24214.7,663.2,2.522,169,,2.522,24,2025-06-04 17:43:25,566238307.0,144891019.0
663.2,,24217.0,663.2,2.519,169,,2.519,24,2025-06-04 17:43:26,566238546.0,144890940.0
663.2,,24219.1,663.2,2.519,169,,2.519,24,2025-06-04 17:43:27,566238824.0,144890900.0
663.2,,24221.9,663.2,2.519,169,,2.519,24,2025-06-04 17:43:28,566239083.0,144890841.0
663.2,,24224.9,663.2,2.528,169,,2.528,24,2025-06-04 17:43:29,566239361.0,144890761.0
663.2,,24227.2,663.2,2.539,169,,2.539,24,2025-06-04 17:43:30,566239580.0,144890701.0
663.2,,24229.6,663.2,2.539,169,,2.539,24,2025-06-04 17:43:31,566239779.0,144890642.0
663.2,,24232.0,663.2,2.544,168,,2.544,24,2025-06-04 17:43:32,566240077.0,144890562.0
663.2,,24234.5,663.2,2.542,168,,2.542,24,2025-06-04 17:43:33,566240395.0,144890463.0
663.2,,24237.0,663.2,2.542,168,,2.542,24,2025-06-04 17:43:34,566240673.0,144890383.0
663.2,,24239.9,663.2,2.542,168,,2.542,24,2025-06-04 17:43:35,566240892.0,144890324.0
663.2,,24242.9,663.2,2.542,168,,2.542,24,2025-06-04 17:43:36,566241151.0,144890244.0
662.4000000000001,,24245.0,662.4000000000001,2.544,168,,2.544,24,2025-06-04 17:43:37,566241409.0,144890145.0
662.4000000000001,,24247.3,662.4000000000001,2.544,167,,2.544,24,2025-06-04 17:43:38,566241668.0,144890065.0
662.4000000000001,,24250.1,662.4000000000001,2.544,167,,2.544,24,2025-06-04 17:43:39,566241966.0,144889966.0
662.4000000000001,,24252.8,662.4000000000001,2.542,167,,2.542,24,2025-06-04 17:43:40,566242244.0,144889866.0
662.4000000000001,,24255.0,662.4000000000001,2.536,167,,2.536,24,2025-06-04 17:43:41,566242463.0,144889787.0
662.4000000000001,,24257.2,662.4000000000001,2.528,167,,2.528,24,2025-06-04 17:43:42,566242741.0,144889747.0
662.4000000000001,,24259.8,662.4000000000001,2.519,168,,2.519,24,2025-06-04 17:43:43,566243059.0,144889707.0
662.4000000000001,,24261.9,662.4000000000001,2.511,168,,2.511,24,2025-06-04 17:43:44,566243318.0,144889687.0
662.4000000000001,,24264.2,662.4000000000001,2.508,168,,2.508,24,2025-06-04 17:43:45,566243517.0,144889687.0
662.4000000000001,,24266.4,662.4000000000001,2.508,168,,2.508,24,2025-06-04 17:43:46,566243775.0,144889628.0
662.4000000000001,,24268.8,662.4000000000001,2.511,168,,2.511,24,2025-06-04 17:43:47,566244034.0,144889628.0
661.2,,24270.9,661.2,2.517,168,,2.517,24,2025-06-04 17:43:48,566244272.0,144889707.0
661.2,,24273.8,661.2,2.525,168,,2.525,24,2025-06-04 17:43:49,566244531.0,144889866.0
661.2,,24276.6,661.2,2.528,168,,2.528,24,2025-06-04 17:43:50,566244710.0,144890025.0
661.2,,24279.0,661.2,2.522,168,,2.522,24,2025-06-04 17:43:51,566244948.0,144890264.0
661.2,,24281.5,661.2,2.511,167,,2.511,24,2025-06-04 17:43:52,566245187.0,144890522.0
661.2,,24284.2,661.2,2.494,167,,2.494,24,2025-06-04 17:43:53,566245446.0,144890860.0
661.2,,24286.2,661.2,2.469,166,,2.469,24,2025-06-04 17:43:54,566245664.0,144891099.0
661.2,,24288.2,661.2,2.439,166,,2.439,24,2025-06-04 17:43:55,566245843.0,144891278.0
660.4000000000001,,24289.9,660.4000000000001,2.408,166,,2.408,24,2025-06-04 17:43:56,566246022.0,144891536.0
660.4000000000001,,24291.4,660.4000000000001,2.378,166,,2.378,24,2025-06-04 17:43:57,566246221.0,144891795.0
660.4000000000001,,24292.8,660.4000000000001,2.356,166,,2.356,24,2025-06-04 17:43:58,566246380.0,144891994.0
660.4000000000001,,24294.5,660.4000000000001,2.339,167,,2.339,24,2025-06-04 17:43:59,566246499.0,144892133.0
660.4000000000001,,24296.2,660.4000000000001,2.322,167,,2.322,24,2025-06-04 17:44:00,566246659.0,144892292.0
660.4000000000001,,24298.3,660.4000000000001,2.314,167,,2.314,24,2025-06-04 17:44:01,566246818.0,144892511.0
659.2,,24299.7,659.2,2.303,168,,2.303,24,2025-06-04 17:44:02,566246977.0,144892670.0
659.2,,24301.8,659.2,2.292,168,,2.292,24,2025-06-04 17:44:03,566247156.0,144892849.0
659.2,,24304.0,659.2,2.281,168,,2.281,24,2025-06-04 17:44:04,566247315.0,144893008.0
659.2,,24306.2,659.2,2.272,169,,2.272,24,2025-06-04 17:44:05,566247553.0,144893207.0
659.2,,24308.1,659.2,2.261,169,,2.261,24,2025-06-04 17:44:06,566247712.0,144893286.0
659.2,,24310.7,659.2,2.253,169,,2.253,24,2025-06-04 17:44:07,566247931.0,144893406.0
659.2,,24312.6,659.2,2.242,169,,2.242,24,2025-06-04 17:44:08,566248110.0,144893565.0
659.2,,24314.6,659.2,2.233,168,,2.233,24,2025-06-04 17:44:09,566248309.0,144893724.0
659.2,,24316.4,659.2,2.225,168,,2.225,24,2025-06-04 17:44:10,566248508.0,144893883.0
659.2,,24319.2,659.2,2.217,168,,2.217,24,2025-06-04 17:44:11,566248746.0,144894042.0
659.2,,24320.7,659.2,2.211,168,,2.211,24,2025-06-04 17:44:12,566248905.0,144894141.0
659.2,,24323.2,659.2,2.206,168,,2.206,24,2025-06-04 17:44:13,566249104.0,144894241.0
659.2,,24325.0,659.2,2.197,169,,2.197,24,2025-06-04 17:44:14,566249323.0,144894300.0
659.2,,24327.1,659.2,2.192,169,,2.192,24,2025-06-04 17:44:15,566249601.0,144894420.0
659.2,,24328.9,659.2,2.186,169,,2.186,24,2025-06-04 17:44:16,566249760.0,144894459.0
659.2,,24331.2,659.2,2.186,169,,2.186,24,2025-06-04 17:44:17,566250019.0,144894579.0
659.2,,24333.2,659.2,2.186,168,,2.186,24,2025-06-04 17:44:18,566250178.0,144894638.0
659.2,,24335.6,659.2,2.189,168,,2.189,24,2025-06-04 17:44:19,566250397.0,144894798.0
659.2,,24337.4,659.2,2.194,168,,2.194,24,2025-06-04 17:44:20,566250596.0,144894877.0
659.2,,24339.8,659.2,2.2,168,,2.2,24,2025-06-04 17:44:21,566250814.0,144894897.0
659.2,,24342.1,659.2,2.2,168,,2.2,24,2025-06-04 17:44:22,566251053.0,144894897.0
659.2,,24344.9,659.2,2.2,168,,2.2,24,2025-06-04 17:44:23,566251311.0,144894917.0
659.2,,24346.9,659.2,2.206,168,,2.206,24,2025-06-04 17:44:24,566251530.0,144894917.0
659.2,,24349.3,659.2,2.203,168,,2.203,24,2025-06-04 17:44:25,566251789.0,144894976.0
659.2,,24351.5,659.2,2.203,168,,2.203,24,2025-06-04 17:44:26,566252027.0,144895056.0
659.2,,24353.7,659.2,2.194,168,,2.194,24,2025-06-04 17:44:27,566252306.0,144895155.0
660.4000000000001,,24355.7,660.4000000000001,2.189,168,,2.189,24,2025-06-04 17:44:28,566252465.0,144895255.0
660.4000000000001,,24357.6,660.4000000000001,2.181,168,,2.181,24,2025-06-04 17:44:29,566252683.0,144895414.0
660.4000000000001,,24359.5,660.4000000000001,2.175,167,,2.175,24,2025-06-04 17:44:30,566252902.0,144895533.0
660.4000000000001,,24361.4,660.4000000000001,2.169,167,,2.169,24,2025-06-04 17:44:31,566253101.0,144895672.0
660.4000000000001,,24363.3,660.4000000000001,2.169,167,,2.169,24,2025-06-04 17:44:32,566253320.0,144895792.0
660.4000000000001,,24365.5,660.4000000000001,2.178,166,,2.178,24,2025-06-04 17:44:33,566253479.0,144895911.0
660.4000000000001,,24367.6,660.4000000000001,2.178,166,,2.178,24,2025-06-04 17:44:34,566253697.0,144895991.0
660.4000000000001,,24369.7,660.4000000000001,2.178,166,,2.178,24,2025-06-04 17:44:35,566253916.0,144896030.0
661.2,,24371.6,661.2,2.172,166,,2.172,24,2025-06-04 17:44:36,566254155.0,144896070.0
661.2,,24373.8,661.2,2.172,166,,2.172,24,2025-06-04 17:44:37,566254393.0,144896030.0
661.2,,24376.2,661.2,2.172,166,,2.172,24,2025-06-04 17:44:38,566254612.0,144895971.0
661.2,,24378.4,661.2,2.181,166,,2.181,24,2025-06-04 17:44:39,566254851.0,144895911.0
661.2,,24380.9,661.2,2.186,167,,2.186,24,2025-06-04 17:44:40,566255069.0,144895851.0
661.2,,24383.0,661.2,2.194,168,,2.194,24,2025-06-04 17:44:41,566255288.0,144895792.0
661.2,,24385.1,661.2,2.2,169,,2.2,24,2025-06-04 17:44:42,566255487.0,144895652.0
661.2,,24387.3,661.2,2.2,168,,2.2,24,2025-06-04 17:44:43,566255706.0,144895493.0
661.2,,24389.2,661.2,2.197,168,,2.197,24,2025-06-04 17:44:44,566255944.0,144895235.0
661.2,,24391.6,661.2,2.192,168,,2.192,24,2025-06-04 17:44:45,566256123.0,144895076.0
661.2,,24393.7,661.2,2.186,168,,2.186,24,2025-06-04 17:44:46,566256322.0,144894917.0
661.2,,24395.8,661.2,2.186,168,,2.186,24,2025-06-04 17:44:47,566256501.0,144894718.0
661.2,,24397.8,661.2,2.181,168,,2.181,24,2025-06-04 17:44:48,566256680.0,144894579.0
661.2,,24399.8,661.2,2.186,168,,2.186,24,2025-06-04 17:44:49,566256899.0,144894360.0
662.4000000000001,,24402.1,662.4000000000001,2.192,168,,2.192,24,2025-06-04 17:44:50,566257058.0,144894181.0
662.4000000000001,,24404.3,662.4000000000001,2.208,168,,2.208,24,2025-06-04 17:44:51,566257237.0,144894022.0
663.2,,24406.8,663.2,2.231,168,,2.231,24,2025-06-04 17:44:52,566257436.0,144893843.0
663.2,,24409.6,663.2,2.258,168,,2.258,24,2025-06-04 17:44:53,566257674.0,144893684.0
664.4000000000001,,24412.8,664.4000000000001,2.286,168,,2.286,24,2025-06-04 17:44:54,566257893.0,144893545.0
664.4000000000001,,24416.0,664.4000000000001,2.336,168,,2.336,24,2025-06-04 17:44:55,566258132.0,144893426.0
664.4000000000001,,24418.8,664.4000000000001,2.372,168,,2.372,24,2025-06-04 17:44:56,566258390.0,144893386.0
664.4000000000001,,24421.5,664.4000000000001,2.397,169,,2.397,24,2025-06-04 17:44:57,566258708.0,144893406.0
664.4000000000001,,24424.5,664.4000000000001,2.444,169,,2.444,24,2025-06-04 17:44:58,566259106.0,144893485.0
664.4000000000001,,24427.5,664.4000000000001,2.481,168,,2.481,24,2025-06-04 17:44:59,566259404.0,144893565.0
664.4000000000001,,24430.9,664.4000000000001,2.511,168,,2.511,24,2025-06-04 17:45:00,566259643.0,144893604.0
664.4000000000001,,24433.9,664.4000000000001,2.533,168,,2.533,24,2025-06-04 17:45:01,566259921.0,144893644.0
664.4000000000001,,24436.4,664.4000000000001,2.547,168,,2.547,24,2025-06-04 17:45:02,566260200.0,144893644.0
664.4000000000001,,24438.2,664.4000000000001,2.539,169,,2.539,24,2025-06-04 17:45:03,566260478.0,144893684.0
664.4000000000001,,24440.9,664.4000000000001,2.508,168,,2.508,24,2025-06-04 17:45:04,566260816.0,144893704.0
664.4000000000001,,24443.3,664.4000000000001,2.469,168,,2.469,24,2025-06-04 17:45:05,566261114.0,144893744.0
664.4000000000001,,24444.8,664.4000000000001,2.417,167,,2.417,24,2025-06-04 17:45:06,566261393.0,144893704.0
664.4000000000001,,24446.8,664.4000000000001,2.389,167,,2.389,24,2025-06-04 17:45:07,566261611.0,144893684.0
665.4000000000001,,24449.0,665.4000000000001,2.369,166,,2.369,24,2025-06-04 17:45:08,566261930.0,144893664.0
665.4000000000001,,24450.5,665.4000000000001,2.369,165,,2.369,24,2025-06-04 17:45:09,566262128.0,144893624.0
665.4000000000001,,24452.5,665.4000000000001,2.369,165,,2.369,24,2025-06-04 17:45:10,566262267.0,144893624.0
665.4000000000001,,24454.4,665.4000000000001,2.361,164,,2.361,24,2025-06-04 17:45:11,566262486.0,144893684.0
665.4000000000001,,24456.6,665.4000000000001,2.35,163,,2.35,24,2025-06-04 17:45:12,566262745.0,144893684.0
665.4000000000001,,24458.5,665.4000000000001,2.336,163,,2.336,24,2025-06-04 17:45:13,566262944.0,144893664.0
665.4000000000001,,24460.9,665.4000000000001,2.294,164,,2.294,24,2025-06-04 17:45:14,566263222.0,144893644.0
665.4000000000001,,24463.4,665.4000000000001,2.244,165,,2.244,24,2025-06-04 17:45:15,566263441.0,144893644.0
665.4000000000001,,24465.1,665.4000000000001,2.194,166,,2.194,24,2025-06-04 17:45:16,566263719.0,144893624.0
665.4000000000001,,24466.9,665.4000000000001,2.144,166,,2.144,24,2025-06-04 17:45:17,566263958.0,144893545.0
667.4000000000001,,24468.6,667.4000000000001,2.1,166,,2.1,24,2025-06-04 17:45:18,566264176.0,144893445.0
667.4000000000001,,24469.8,667.4000000000001,2.069,167,,2.069,24,2025-06-04 17:45:19,566264375.0,144893366.0
667.4000000000001,,24471.5,667.4000000000001,2.039,167,,2.039,24,2025-06-04 17:45:20,566264495.0,144893306.0
667.4000000000001,,24472.8,667.4000000000001,2.011,168,,2.011,24,2025-06-04 17:45:21,566264733.0,144893286.0
667.4000000000001,,24474.0,667.4000000000001,1.994,167,,1.994,24,2025-06-04 17:45:22,566264892.0,144893326.0
667.4000000000001,,24475.7,667.4000000000001,2.017,166,,2.017,24,2025-06-04 17:45:23,566265031.0,144893366.0
667.4000000000001,,24477.8,667.4000000000001,2.061,166,,2.061,24,2025-06-04 17:45:24,566265250.0,144893386.0
667.4000000000001,,24480.6,667.4000000000001,2.122,165,,2.122,24,2025-06-04 17:45:25,566265429.0,144893326.0
667.4000000000001,,24483.1,667.4000000000001,2.183,165,,2.183,24,2025-06-04 17:45:26,566265588.0,144893286.0
667.4000000000001,,24485.7,667.4000000000001,2.222,164,,2.222,24,2025-06-04 17:45:27,566265807.0,144893266.0
667.4000000000001,,24488.6,667.4000000000001,2.242,164,,2.242,24,2025-06-04 17:45:28,566266065.0,144893366.0
667.4000000000001,,24490.9,667.4000000000001,2.253,164,,2.253,24,2025-06-04 17:45:29,566266364.0,144893406.0
667.4000000000001,,24493.6,667.4000000000001,2.269,165,,2.269,24,2025-06-04 17:45:30,566266642.0,144893485.0
667.4000000000001,,24496.8,667.4000000000001,2.281,165,,2.281,24,2025-06-04 17:45:31,566266900.0,144893545.0
667.4000000000001,,24499.6,667.4000000000001,2.292,165,,2.292,24,2025-06-04 17:45:32,566267159.0,144893545.0
667.4000000000001,,24502.0,667.4000000000001,2.3,165,,2.3,24,2025-06-04 17:45:33,566267338.0,144893525.0
667.4000000000001,,24504.0,667.4000000000001,2.303,166,,2.303,24,2025-06-04 17:45:34,566267636.0,144893505.0
667.4000000000001,,24505.9,667.4000000000001,2.297,166,,2.297,24,2025-06-04 17:45:35,566267895.0,144893505.0
667.4000000000001,,24508.4,667.4000000000001,2.286,167,,2.286,24,2025-06-04 17:45:36,566268193.0,144893485.0
667.4000000000001,,24510.4,667.4000000000001,2.269,167,,2.269,24,2025-06-04 17:45:37,566268451.0,144893445.0
667.4000000000001,,24512.8,667.4000000000001,2.258,167,,2.258,24,2025-06-04 17:45:38,566268670.0,144893366.0
667.4000000000001,,24514.5,667.4000000000001,2.258,167,,2.258,24,2025-06-04 17:45:39,566268849.0,144893286.0
667.4000000000001,,24516.8,667.4000000000001,2.258,167,,2.258,24,2025-06-04 17:45:40,566269128.0,144893207.0
667.4000000000001,,24518.6,667.4000000000001,2.269,167,,2.269,24,2025-06-04 17:45:41,566269326.0,144893107.0
669.4000000000001,,24520.8,669.4000000000001,2.275,167,,2.275,24,2025-06-04 17:45:42,566269525.0,144892988.0
669.4000000000001,,24522.9,669.4000000000001,2.281,166,,2.281,24,2025-06-04 17:45:43,566269704.0,144892869.0
669.4000000000001,,24525.4,669.4000000000001,2.283,166,,2.283,24,2025-06-04 17:45:44,566269963.0,144892710.0
669.4000000000001,,24527.4,669.4000000000001,2.281,165,,2.281,24,2025-06-04 17:45:45,566270181.0,144892590.0
669.4000000000001,,24530.0,669.4000000000001,2.269,165,,2.269,24,2025-06-04 17:45:46,566270420.0,144892451.0
669.4000000000001,,24532.3,669.4000000000001,2.261,165,,2.261,24,2025-06-04 17:45:47,566270619.0,144892352.0
669.4000000000001,,24534.5,669.4000000000001,2.25,164,,2.25,24,2025-06-04 17:45:48,566270838.0,144892213.0
669.4000000000001,,24536.7,669.4000000000001,2.242,164,,2.242,24,2025-06-04 17:45:49,566271096.0,144892054.0
669.4000000000001,,24538.9,669.4000000000001,2.236,164,,2.236,24,2025-06-04 17:45:50,566271315.0,144891934.0
669.4000000000001,,24540.8,669.4000000000001,2.233,164,,2.233,24,2025-06-04 17:45:51,566271534.0,144891795.0
669.4000000000001,,24543.2,669.4000000000001,2.236,163,,2.236,24,2025-06-04 17:45:52,566271693.0,144891696.0
669.4000000000001,,24545.2,669.4000000000001,2.242,163,,2.242,24,2025-06-04 17:45:53,566271951.0,144891517.0
669.4000000000001,,24547.6,669.4000000000001,2.247,163,,2.247,24,2025-06-04 17:45:54,566272170.0,144891417.0
669.4000000000001,,24550.0,669.4000000000001,2.253,163,,2.253,24,2025-06-04 17:45:55,566272388.0,144891357.0
669.4000000000001,,24552.2,669.4000000000001,2.261,163,,2.261,24,2025-06-04 17:45:56,566272627.0,144891357.0
669.4000000000001,,24554.9,669.4000000000001,2.267,162,,2.267,24,2025-06-04 17:45:57,566272826.0,144891357.0
669.4000000000001,,24557.1,669.4000000000001,2.278,160,,2.278,24,2025-06-04 17:45:58,566273144.0,144891338.0
669.4000000000001,,24559.6,669.4000000000001,2.294,160,,2.294,24,2025-06-04 17:45:59,566273403.0,144891338.0
669.4000000000001,,24561.9,669.4000000000001,2.311,160,,2.311,24,2025-06-04 17:46:00,566273641.0,144891357.0
669.4000000000001,,24564.6,669.4000000000001,2.331,160,,2.331,24,2025-06-04 17:46:01,566273900.0,144891417.0
669.4000000000001,,24566.9,669.4000000000001,2.353,160,,2.353,24,2025-06-04 17:46:02,566274138.0,144891497.0
669.4000000000001,,24569.0,669.4000000000001,2.375,160,,2.375,24,2025-06-04 17:46:03,566274377.0,144891616.0
670.2,,24571.7,670.2,2.397,160,,2.397,24,2025-06-04 17:46:04,566274616.0,144891775.0
670.2,,24574.5,670.2,2.425,160,,2.425,24,2025-06-04 17:46:05,566274854.0,144891934.0
670.2,,24577.1,670.2,2.453,160,,2.453,24,2025-06-04 17:46:06,566275033.0,144892073.0
670.2,,24579.9,670.2,2.489,160,,2.489,24,2025-06-04 17:46:07,566275252.0,144892292.0
671.4000000000001,,24582.8,671.4000000000001,2.547,160,,2.547,24,2025-06-04 17:46:08,566275550.0,144892491.0
671.4000000000001,,24586.0,671.4000000000001,2.606,160,,2.606,24,2025-06-04 17:46:09,566275809.0,144892670.0
671.4000000000001,,24589.2,671.4000000000001,2.65,160,,2.65,24,2025-06-04 17:46:10,566276067.0,144892829.0
671.4000000000001,,24592.4,671.4000000000001,2.789,159,,2.789,24,2025-06-04 17:46:11,566276326.0,144893008.0
672.4000000000001,,24595.9,672.4000000000001,2.881,159,,2.881,24,2025-06-04 17:46:12,566276604.0,144893187.0
672.4000000000001,,24599.0,672.4000000000001,2.922,159,,2.922,24,2025-06-04 17:46:13,566276902.0,144893406.0
672.4000000000001,,24602.3,672.4000000000001,2.961,159,,2.961,24,2025-06-04 17:46:14,566277200.0,144893664.0
672.4000000000001,,24605.5,672.4000000000001,2.989,158,,2.989,24,2025-06-04 17:46:15,566277419.0,144893843.0
672.4000000000001,,24608.7,672.4000000000001,2.994,158,,2.994,24,2025-06-04 17:46:16,566277757.0,144894101.0
672.4000000000001,,24611.8,672.4000000000001,2.997,158,,2.997,24,2025-06-04 17:46:17,566278075.0,144894300.0
672.4000000000001,,24614.8,672.4000000000001,3.003,158,,3.003,24,2025-06-04 17:46:18,566278374.0,144894479.0
672.4000000000001,,24617.8,672.4000000000001,3.003,159,,3.003,24,2025-06-04 17:46:19,566278652.0,144894658.0
673.4000000000001,,24621.1,673.4000000000001,3.003,159,,3.003,24,2025-06-04 17:46:20,566278970.0,144894798.0
673.4000000000001,,24623.8,673.4000000000001,3.003,159,,3.003,24,2025-06-04 17:46:21,566279268.0,144894957.0
673.4000000000001,,24626.7,673.4000000000001,3.003,159,,3.003,24,2025-06-04 17:46:22,566279587.0,144895076.0
673.4000000000001,,24629.6,673.4000000000001,3.003,159,,3.003,24,2025-06-04 17:46:23,566279885.0,144895235.0
674.4000000000001,,24632.5,674.4000000000001,3.008,159,,3.008,24,2025-06-04 17:46:24,566280183.0,144895394.0
674.4000000000001,,24635.7,674.4000000000001,3.014,159,,3.014,24,2025-06-04 17:46:25,566280481.0,144895533.0
674.4000000000001,,24638.8,674.4000000000001,3.025,158,,3.025,24,2025-06-04 17:46:26,566280799.0,144895652.0
674.4000000000001,,24642.1,674.4000000000001,3.033,157,,3.033,24,2025-06-04 17:46:27,566281098.0,144895772.0
674.4000000000001,,24645.2,674.4000000000001,3.042,157,,3.042,24,2025-06-04 17:46:28,566281416.0,144895851.0
674.4000000000001,,24648.4,674.4000000000001,3.047,158,,3.047,24,2025-06-04 17:46:29,566281734.0,144895931.0
675.2,,24651.6,675.2,3.067,158,,3.067,24,2025-06-04 17:46:30,566282072.0,144896030.0
675.2,,24654.9,675.2,3.081,159,,3.081,24,2025-06-04 17:46:31,566282410.0,144896130.0
675.2,,24658.2,675.2,3.1,159,,3.1,25,2025-06-04 17:46:32,566282728.0,144896269.0
675.2,,24661.4,675.2,3.144,159,,3.144,25,2025-06-04 17:46:33,566283046.0,144896428.0
675.2,,24664.9,675.2,3.181,159,,3.181,25,2025-06-04 17:46:34,566283364.0,144896607.0
675.2,,24668.1,675.2,3.206,159,,3.206,25,2025-06-04 17:46:35,566283683.0,144896786.0
675.2,,24671.3,675.2,3.236,159,,3.236,25,2025-06-04 17:46:36,566283981.0,144897044.0
675.2,,24674.5,675.2,3.253,157,,3.253,25,2025-06-04 17:46:37,566284279.0,144897283.0
676.4000000000001,,24677.9,676.4000000000001,3.261,157,,3.261,25,2025-06-04 17:46:38,566284577.0,144897561.0
676.4000000000001,,24681.0,676.4000000000001,3.261,156,,3.261,25,2025-06-04 17:46:39,566284876.0,144897820.0
676.4000000000001,,24684.4,676.4000000000001,3.264,156,,3.264,25,2025-06-04 17:46:40,566285154.0,144898138.0
676.4000000000001,,24687.6,676.4000000000001,3.261,155,,3.261,25,2025-06-04 17:46:41,566285393.0,144898496.0
676.4000000000001,,24690.8,676.4000000000001,3.267,155,,3.267,25,2025-06-04 17:46:42,566285651.0,144898874.0
676.4000000000001,,24694.0,676.4000000000001,3.272,155,,3.272,25,2025-06-04 17:46:43,566285870.0,144899271.0
677.2,,24697.4,677.2,3.286,155,,3.286,25,2025-06-04 17:46:44,566286069.0,144899689.0
677.2,,24700.6,677.2,3.3,156,,3.3,25,2025-06-04 17:46:45,566286228.0,144900126.0
677.2,,24704.1,677.2,3.311,156,,3.311,25,2025-06-04 17:46:46,566286367.0,144900604.0
677.2,,24707.4,677.2,3.319,156,,3.319,25,2025-06-04 17:46:47,566286486.0,144901081.0
678.4000000000001,,24710.9,678.4000000000001,3.328,157,,3.328,25,2025-06-04 17:46:48,566286606.0,144901598.0
678.4000000000001,,24714.3,678.4000000000001,3.336,157,,3.336,25,2025-06-04 17:46:49,566286725.0,144902095.0
678.4000000000001,,24717.8,678.4000000000001,3.347,157,,3.347,25,2025-06-04 17:46:50,566286824.0,144902612.0
678.4000000000001,,24721.1,678.4000000000001,3.361,156,,3.361,25,2025-06-04 17:46:51,566286924.0,144903129.0
678.4000000000001,,24724.8,678.4000000000001,3.381,154,,3.381,25,2025-06-04 17:46:52,566287043.0,144903626.0
678.4000000000001,,24728.2,678.4000000000001,3.419,154,,3.419,25,2025-06-04 17:46:53,566287123.0,144904143.0
678.4000000000001,,24731.6,678.4000000000001,3.458,152,,3.458,25,2025-06-04 17:46:54,566287162.0,144904680.0
678.4000000000001,,24735.4,678.4000000000001,3.508,152,,3.508,25,2025-06-04 17:46:55,566287222.0,144905217.0
678.4000000000001,,24739.0,678.4000000000001,3.567,152,,3.567,25,2025-06-04 17:46:56,566287262.0,144905754.0
678.4000000000001,,24742.9,678.4000000000001,3.6,152,,3.6,25,2025-06-04 17:46:57,566287341.0,144906290.0
679.2,,24746.7,679.2,3.628,154,,3.628,25,2025-06-04 17:46:58,566287461.0,144906847.0
679.2,,24750.4,679.2,3.658,154,,3.658,25,2025-06-04 17:46:59,566287560.0,144907364.0
679.2,,24754.2,679.2,3.672,155,,3.672,25,2025-06-04 17:47:00,566287699.0,144907901.0
679.2,,24758.2,679.2,3.689,156,,3.689,25,2025-06-04 17:47:01,566287878.0,144908438.0
680.4000000000001,,24762.0,680.4000000000001,3.7,157,,3.7,25,2025-06-04 17:47:02,566288017.0,144909015.0
680.4000000000001,,24765.8,680.4000000000001,3.703,158,,3.703,25,2025-06-04 17:47:03,566288137.0,144909551.0
680.4000000000001,,24769.6,680.4000000000001,3.697,158,,3.697,25,2025-06-04 17:47:04,566288296.0,144910088.0
680.4000000000001,,24773.3,680.4000000000001,3.694,158,,3.694,25,2025-06-04 17:47:05,566288475.0,144910625.0
681.4000000000001,,24776.9,681.4000000000001,3.681,158,,3.681,25,2025-06-04 17:47:06,566288634.0,144911142.0
681.4000000000001,,24780.3,681.4000000000001,3.664,158,,3.664,25,2025-06-04 17:47:07,566288833.0,144911699.0
681.4000000000001,,24784.0,681.4000000000001,3.647,158,,3.647,25,2025-06-04 17:47:08,566288992.0,144912196.0
681.4000000000001,,24787.1,681.4000000000001,3.636,158,,3.636,25,2025-06-04 17:47:09,566289171.0,144912713.0
681.4000000000001,,24790.8,681.4000000000001,3.636,158,,3.636,25,2025-06-04 17:47:10,566289330.0,144913210.0
681.4000000000001,,24794.3,681.4000000000001,3.633,158,,3.633,25,2025-06-04 17:47:11,566289529.0,144913707.0
681.4000000000001,,24797.8,681.4000000000001,3.644,157,,3.644,25,2025-06-04 17:47:12,566289727.0,144914185.0
681.4000000000001,,24801.5,681.4000000000001,3.667,159,,3.667,25,2025-06-04 17:47:13,566289926.0,144914622.0
681.4000000000001,,24805.2,681.4000000000001,3.683,159,,3.683,25,2025-06-04 17:47:14,566290105.0,144915099.0
681.4000000000001,,24809.0,681.4000000000001,3.697,159,,3.697,25,2025-06-04 17:47:15,566290324.0,144915576.0
681.4000000000001,,24812.9,681.4000000000001,3.708,158,,3.708,25,2025-06-04 17:47:16,566290563.0,144916054.0
681.4000000000001,,24816.7,681.4000000000001,3.706,158,,3.706,25,2025-06-04 17:47:17,566290801.0,144916531.0
681.4000000000001,,24820.6,681.4000000000001,3.7,158,,3.7,25,2025-06-04 17:47:18,566291080.0,144916968.0
681.4000000000001,,24824.2,681.4000000000001,3.686,158,,3.686,25,2025-06-04 17:47:19,566291378.0,144917386.0
682.4000000000001,,24827.7,682.4000000000001,3.675,157,,3.675,25,2025-06-04 17:47:20,566291656.0,144917803.0
682.4000000000001,,24831.1,682.4000000000001,3.661,158,,3.661,25,2025-06-04 17:47:21,566291935.0,144918221.0
682.4000000000001,,24834.7,682.4000000000001,3.653,158,,3.653,25,2025-06-04 17:47:22,566292253.0,144918579.0
682.4000000000001,,24838.1,682.4000000000001,3.644,158,,3.644,25,2025-06-04 17:47:23,566292511.0,144918937.0
683.4000000000001,,24841.1,683.4000000000001,3.631,158,,3.631,25,2025-06-04 17:47:24,566292809.0,144919295.0
683.4000000000001,,24844.7,683.4000000000001,3.619,158,,3.619,25,2025-06-04 17:47:25,566293068.0,144919653.0
683.4000000000001,,24848.1,683.4000000000001,3.606,158,,3.606,25,2025-06-04 17:47:26,566293366.0,144920011.0
683.4000000000001,,24851.5,683.4000000000001,3.6,158,,3.6,25,2025-06-04 17:47:27,566293665.0,144920349.0
683.4000000000001,,24855.2,683.4000000000001,3.6,158,,3.6,25,2025-06-04 17:47:28,566293983.0,144920627.0
683.4000000000001,,24858.7,683.4000000000001,3.614,158,,3.614,25,2025-06-04 17:47:29,566294301.0,144920885.0
684.2,,24862.4,684.2,3.617,158,,3.617,25,2025-06-04 17:47:30,566294639.0,144921144.0
684.2,,24866.2,684.2,3.622,157,,3.622,25,2025-06-04 17:47:31,566294977.0,144921402.0
684.2,,24869.8,684.2,3.622,157,,3.622,25,2025-06-04 17:47:32,566295315.0,144921661.0
684.2,,24873.4,684.2,3.628,155,,3.628,25,2025-06-04 17:47:33,566295673.0,144921899.0
684.2,,24877.2,684.2,3.619,155,,3.619,25,2025-06-04 17:47:34,566296031.0,144922118.0
684.2,,24880.9,684.2,3.628,155,,3.628,25,2025-06-04 17:47:35,566296409.0,144922357.0
684.2,,24884.5,684.2,3.644,154,,3.644,25,2025-06-04 17:47:36,566296747.0,144922556.0
684.2,,24888.2,684.2,3.667,153,,3.667,25,2025-06-04 17:47:37,566297104.0,144922755.0
684.2,,24892.0,684.2,3.692,153,,3.692,25,2025-06-04 17:47:38,566297462.0,144922973.0
684.2,,24895.7,684.2,3.722,153,,3.722,25,2025-06-04 17:47:39,566297840.0,144923152.0
684.2,,24899.8,684.2,3.756,153,,3.756,25,2025-06-04 17:47:40,566298198.0,144923311.0
684.2,,24904.0,684.2,3.789,153,,3.789,25,2025-06-04 17:47:41,566298596.0,144923450.0
684.2,,24908.1,684.2,3.828,153,,3.828,25,2025-06-04 17:47:42,566299013.0,144923510.0
684.2,,24912.5,684.2,3.886,153,,3.886,25,2025-06-04 17:47:43,566299431.0,144923570.0
684.2,,24917.0,684.2,3.947,153,,3.947,25,2025-06-04 17:47:44,566299848.0,144923590.0
684.2,,24921.4,684.2,4.014,153,,4.014,25,2025-06-04 17:47:45,566300286.0,144923610.0
685.4000000000001,,24926.2,685.4000000000001,4.203,153,,4.203,25,2025-06-04 17:47:46,566300723.0,144923610.0
685.4000000000001,,24931.3,685.4000000000001,4.356,153,,4.356,25,2025-06-04 17:47:47,566301181.0,144923570.0
685.4000000000001,,24936.0,685.4000000000001,4.497,152,,4.497,25,2025-06-04 17:47:48,566301658.0,144923490.0
685.4000000000001,,24941.5,685.4000000000001,4.628,152,,4.628,25,2025-06-04 17:47:49,566302115.0,144923371.0
685.4000000000001,,24946.6,685.4000000000001,4.739,152,,4.739,25,2025-06-04 17:47:50,566302592.0,144923212.0
685.4000000000001,,24952.1,685.4000000000001,4.817,151,,4.817,25,2025-06-04 17:47:51,566303090.0,144923033.0
685.4000000000001,,24957.4,685.4000000000001,4.925,150,,4.925,25,2025-06-04 17:47:52,566303587.0,144922814.0
685.4000000000001,,24963.0,685.4000000000001,5.175,150,,5.175,25,2025-06-04 17:47:53,566304084.0,144922615.0
685.4000000000001,,24969.0,685.4000000000001,5.517,150,,5.517,25,2025-06-04 17:47:54,566304581.0,144922357.0
685.4000000000001,,24976.2,685.4000000000001,5.958,151,,5.958,25,2025-06-04 17:47:55,566305098.0,144922098.0
685.4000000000001,,24984.0,685.4000000000001,6.497,151,,6.497,25,2025-06-04 17:47:56,566305615.0,144921840.0
685.4000000000001,,24992.7,685.4000000000001,7.1,154,,7.1,25,2025-06-04 17:47:57,566306152.0,144921502.0
684.2,,25002.4,684.2,7.736,154,,7.736,25,2025-06-04 17:47:58,566306728.0,144921084.0
684.2,,25012.8,684.2,8.369,156,,8.369,25,2025-06-04 17:47:59,566307385.0,144920587.0
685.4000000000001,,25024.3,685.4000000000001,9.003,156,,9.003,25,2025-06-04 17:48:00,566308120.0,144919991.0
685.4000000000001,,25036.8,685.4000000000001,9.611,158,,9.611,25,2025-06-04 17:48:01,566308896.0,144919295.0
686.2,,25050.0,686.2,10.214,158,,10.214,25,2025-06-04 17:48:02,566309731.0,144918519.0
686.2,,25062.9,686.2,10.769,160,,10.769,25,2025-06-04 17:48:03,566310586.0,144917644.0
686.2,,25078.0,686.2,11.242,160,,11.242,25,2025-06-04 17:48:04,566311461.0,144916610.0
686.2,,25092.0,686.2,11.611,161,,11.611,25,2025-06-04 17:48:05,566312356.0,144915497.0
686.2,,25106.0,686.2,11.867,162,,11.867,25,2025-06-04 17:48:06,566313290.0,144914284.0
686.2,,25119.8,686.2,12.025,164,,12.025,25,2025-06-04 17:48:07,566314225.0,144912991.0
686.2,,25133.2,686.2,12.081,164,,12.081,25,2025-06-04 17:48:08,566315219.0,144911639.0
686.2,,25146.3,686.2,12.05,165,,12.05,25,2025-06-04 17:48:09,566316233.0,144910307.0
685.4000000000001,,25158.9,685.4000000000001,11.95,167,,11.95,25,2025-06-04 17:48:10,566317207.0,144908995.0
685.4000000000001,,25169.4,685.4000000000001,11.797,167,,11.797,25,2025-06-04 17:48:11,566318162.0,144907662.0
684.2,,25181.7,684.2,11.572,169,,11.572,25,2025-06-04 17:48:12,566319076.0,144906350.0
684.2,,25192.1,684.2,11.294,169,,11.294,25,2025-06-04 17:48:13,566320031.0,144905018.0
683.4000000000001,,25200.7,683.4000000000001,11.011,172,,11.011,25,2025-06-04 17:48:14,566320965.0,144903765.0
683.4000000000001,,25210.0,683.4000000000001,10.731,172,,10.731,25,2025-06-04 17:48:15,566321681.0,144902831.0
683.4000000000001,,25218.9,683.4000000000001,10.464,172,,10.464,25,2025-06-04 17:48:16,566322735.0,144901459.0
683.4000000000001,,25227.7,683.4000000000001,10.217,172,,10.217,25,2025-06-04 17:48:17,566323570.0,144900325.0
683.4000000000001,,25235.2,683.4000000000001,10.008,172,,10.008,25,2025-06-04 17:48:18,566324207.0,144899430.0
683.4000000000001,,25244.4,683.4000000000001,9.822,172,,9.822,25,2025-06-04 17:48:19,566324982.0,144898377.0
683.4000000000001,,25255.1,683.4000000000001,9.644,172,,9.644,25,2025-06-04 17:48:20,566325738.0,144897323.0
683.4000000000001,,25262.6,683.4000000000001,9.469,171,,9.469,25,2025-06-04 17:48:21,566326493.0,144896309.0
682.4000000000001,,25271.0,682.4000000000001,9.308,170,,9.308,25,2025-06-04 17:48:22,566327249.0,144895314.0
682.4000000000001,,25279.6,682.4000000000001,9.147,170,,9.147,25,2025-06-04 17:48:23,566327984.0,144894340.0
682.4000000000001,,25287.7,682.4000000000001,8.994,170,,8.994,25,2025-06-04 17:48:24,566328879.0,144893167.0
682.4000000000001,,25297.1,682.4000000000001,8.839,168,,8.839,25,2025-06-04 17:48:25,566329595.0,144892213.0
681.4000000000001,,25305.4,681.4000000000001,8.708,168,,8.708,25,2025-06-04 17:48:26,566330271.0,144891258.0
681.4000000000001,,25313.0,681.4000000000001,8.578,167,,8.578,25,2025-06-04 17:48:27,566330808.0,144890503.0
681.4000000000001,,25320.2,681.4000000000001,8.456,167,,8.456,25,2025-06-04 17:48:28,566331484.0,144889588.0
681.4000000000001,,25327.6,681.4000000000001,8.358,167,,8.358,25,2025-06-04 17:48:29,566332260.0,144888454.0
681.4000000000001,,25334.5,681.4000000000001,8.283,167,,8.283,25,2025-06-04 17:48:30,566332896.0,144887520.0
681.4000000000001,,25343.1,681.4000000000001,8.222,167,,8.222,25,2025-06-04 17:48:31,566333492.0,144886625.0
681.4000000000001,,25350.8,681.4000000000001,8.194,167,,8.194,25,2025-06-04 17:48:32,566334009.0,144885909.0
681.4000000000001,,25358.0,681.4000000000001,8.156,167,,8.156,25,2025-06-04 17:48:33,566334725.0,144884836.0
680.4000000000001,,25366.4,680.4000000000001,8.078,167,,8.078,25,2025-06-04 17:48:34,566335222.0,144884140.0
680.4000000000001,,25373.2,680.4000000000001,7.967,167,,7.967,25,2025-06-04 17:48:35,566335998.0,144883106.0
680.4000000000001,,25380.5,680.4000000000001,7.803,167,,7.803,25,2025-06-04 17:48:36,566336515.0,144882469.0
680.4000000000001,,25388.3,680.4000000000001,7.608,166,,7.608,25,2025-06-04 17:48:37,566337191.0,144881654.0
680.4000000000001,,25394.1,680.4000000000001,7.422,166,,7.422,25,2025-06-04 17:48:38,566338006.0,144880680.0
680.4000000000001,,25401.4,680.4000000000001,7.264,166,,7.264,25,2025-06-04 17:48:39,566338543.0,144880123.0
680.4000000000001,,25406.9,680.4000000000001,7.164,166,,7.164,25,2025-06-04 17:48:40,566339199.0,144879487.0
680.4000000000001,,25414.0,680.4000000000001,7.114,166,,7.114,25,2025-06-04 17:48:41,566339835.0,144878930.0
678.4000000000001,,25420.0,678.4000000000001,7.097,166,,7.097,25,2025-06-04 17:48:42,566340492.0,144878493.0
678.4000000000001,,25425.1,678.4000000000001,7.086,166,,7.086,25,2025-06-04 17:48:43,566341188.0,144878155.0
678.4000000000001,,25431.7,678.4000000000001,7.05,165,,7.05,25,2025-06-04 17:48:44,566341903.0,144877956.0
678.4000000000001,,25438.5,678.4000000000001,6.95,165,,6.95,25,2025-06-04 17:48:45,566342639.0,144877876.0
677.2,,25444.2,677.2,6.775,163,,6.775,25,2025-06-04 17:48:46,566343395.0,144877976.0
677.2,,25449.9,677.2,6.589,163,,6.589,25,2025-06-04 17:48:47,566344091.0,144878413.0
677.2,,25454.6,677.2,6.5,163,,6.5,25,2025-06-04 17:48:48,566344687.0,144879109.0
677.2,,25459.7,677.2,6.492,163,,6.492,25,2025-06-04 17:48:49,566345284.0,144880063.0
677.2,,25466.5,677.2,6.569,163,,6.569,25,2025-06-04 17:48:50,566345661.0,144880660.0
677.2,,25474.2,677.2,6.744,162,,6.744,25,2025-06-04 17:48:51,566346218.0,144881077.0
677.2,,25479.7,677.2,6.95,162,,6.95,25,2025-06-04 17:48:52,566346894.0,144881237.0
677.2,,25485.8,677.2,7.114,162,,7.114,25,2025-06-04 17:48:53,566347411.0,144881177.0
677.2,,25491.8,677.2,7.281,162,,7.281,25,2025-06-04 17:48:54,566348167.0,144880779.0
677.2,,25501.9,677.2,7.461,161,,7.461,25,2025-06-04 17:48:55,566349082.0,144880401.0
677.2,,25511.0,677.2,7.675,161,,7.675,25,2025-06-04 17:48:56,566349698.0,144880401.0
677.2,,25519.9,677.2,7.917,161,,7.917,25,2025-06-04 17:48:57,566350473.0,144880501.0
677.2,,25529.7,677.2,8.175,160,,8.175,25,2025-06-04 17:48:58,566351249.0,144880779.0
677.2,,25538.8,677.2,8.442,159,,8.442,25,2025-06-04 17:48:59,566352203.0,144881237.0
677.2,,25547.7,677.2,8.714,159,,8.714,25,2025-06-04 17:49:00,566353019.0,144881753.0
677.2,,25559.0,677.2,8.969,158,,8.969,25,2025-06-04 17:49:01,566353814.0,144882310.0
674.4000000000001,,25569.7,674.4000000000001,9.206,158,,9.206,25,2025-06-04 17:49:02,566354649.0,144882927.0
674.4000000000001,,25579.5,674.4000000000001,9.428,158,,9.428,25,2025-06-04 17:49:03,566355504.0,144883583.0
673.4000000000001,,25590.2,673.4000000000001,9.617,158,,9.617,25,2025-06-04 17:49:04,566356379.0,144884279.0
673.4000000000001,,25601.0,673.4000000000001,9.786,158,,9.786,25,2025-06-04 17:49:05,566357294.0,144884995.0
671.4000000000001,,25611.9,671.4000000000001,9.944,157,,9.944,25,2025-06-04 17:49:06,566358188.0,144885770.0
671.4000000000001,,25622.8,671.4000000000001,10.078,157,,10.078,25,2025-06-04 17:49:07,566359063.0,144886605.0
671.4000000000001,,25633.7,671.4000000000001,10.189,156,,10.189,25,2025-06-04 17:49:08,566359958.0,144887480.0
671.4000000000001,,25644.4,671.4000000000001,10.283,156,,10.283,25,2025-06-04 17:49:09,566360833.0,144888435.0
671.4000000000001,,25655.2,671.4000000000001,10.356,154,,10.356,25,2025-06-04 17:49:10,566361708.0,144889409.0
671.4000000000001,,25666.2,671.4000000000001,10.406,154,,10.406,25,2025-06-04 17:49:11,566362603.0,144890363.0
670.2,,25677.0,670.2,10.444,153,,10.444,25,2025-06-04 17:49:12,566363478.0,144891377.0
670.2,,25687.6,670.2,10.494,152,,10.494,25,2025-06-04 17:49:13,566364353.0,144892391.0
669.4000000000001,,25698.3,669.4000000000001,10.553,152,,10.553,25,2025-06-04 17:49:14,566365247.0,144893386.0
669.4000000000001,,25709.2,669.4000000000001,10.603,152,,10.603,25,2025-06-04 17:49:15,566366142.0,144894400.0
669.4000000000001,,25720.1,669.4000000000001,10.647,149,,10.647,25,2025-06-04 17:49:16,566367017.0,144895414.0
669.4000000000001,,25730.9,669.4000000000001,10.681,147,,10.681,25,2025-06-04 17:49:17,566367892.0,144896428.0
669.4000000000001,,25741.1,669.4000000000001,10.681,147,,10.681,25,2025-06-04 17:49:18,566368767.0,144897462.0
669.4000000000001,,25752.3,669.4000000000001,10.656,144,,10.656,25,2025-06-04 17:49:19,566369681.0,144898516.0
669.4000000000001,,25762.8,669.4000000000001,10.644,144,,10.644,25,2025-06-04 17:49:20,566370616.0,144899550.0
669.4000000000001,,25773.5,669.4000000000001,10.647,140,,10.647,25,2025-06-04 17:49:21,566371511.0,144900564.0
668.2,,25784.4,668.2,10.647,140,,10.647,25,2025-06-04 17:49:22,566372425.0,144901538.0
668.2,,25795.1,668.2,10.644,137,,10.644,25,2025-06-04 17:49:23,566373340.0,144902512.0
667.4000000000001,,25804.9,667.4000000000001,10.622,137,,10.622,25,2025-06-04 17:49:24,566374235.0,144903507.0
667.4000000000001,,25815.8,667.4000000000001,10.575,135,,10.575,25,2025-06-04 17:49:25,566375110.0,144904541.0
667.4000000000001,,25826.1,667.4000000000001,10.483,135,,10.483,25,2025-06-04 17:49:26,566376024.0,144905535.0
667.4000000000001,,25836.1,667.4000000000001,10.389,134,,10.389,25,2025-06-04 17:49:27,566376959.0,144906529.0
667.4000000000001,,25846.1,667.4000000000001,10.297,133,,10.297,25,2025-06-04 17:49:28,566377854.0,144907543.0
667.4000000000001,,25856.0,667.4000000000001,10.219,133,,10.219,25,2025-06-04 17:49:29,566378709.0,144908577.0
667.4000000000001,,25866.0,667.4000000000001,10.136,133,,10.136,25,2025-06-04 17:49:30,566379544.0,144909611.0
667.4000000000001,,25875.7,667.4000000000001,10.072,133,,10.072,25,2025-06-04 17:49:31,566380339.0,144910685.0
667.4000000000001,,25885.0,667.4000000000001,9.997,133,,9.997,25,2025-06-04 17:49:32,566381095.0,144911759.0
667.4000000000001,,25894.2,667.4000000000001,9.919,133,,9.919,25,2025-06-04 17:49:33,566381850.0,144912892.0
665.4000000000001,,25903.8,665.4000000000001,9.842,133,,9.842,25,2025-06-04 17:49:34,566382586.0,144914025.0
665.4000000000001,,25913.2,665.4000000000001,9.772,133,,9.772,25,2025-06-04 17:49:35,566383302.0,144915179.0
665.4000000000001,,25922.4,665.4000000000001,9.714,132,,9.714,25,2025-06-04 17:49:36,566383978.0,144916332.0
665.4000000000001,,25932.1,665.4000000000001,9.672,132,,9.672,25,2025-06-04 17:49:37,566384654.0,144917485.0
665.4000000000001,,25941.3,665.4000000000001,9.675,131,,9.675,25,2025-06-04 17:49:38,566385291.0,144918678.0
665.4000000000001,,25950.2,665.4000000000001,9.714,131,,9.714,25,2025-06-04 17:49:39,566385907.0,144919871.0
664.4000000000001,,25960.5,664.4000000000001,9.814,131,,9.814,25,2025-06-04 17:49:40,566386543.0,144921045.0
664.4000000000001,,25970.5,664.4000000000001,9.992,131,,9.992,25,2025-06-04 17:49:41,566387179.0,144922198.0
663.2,,25980.2,663.2,10.256,131,,10.256,25,2025-06-04 17:49:42,566387796.0,144923391.0
663.2,,25992.3,663.2,10.6,131,,10.6,25,2025-06-04 17:49:43,566388452.0,144924564.0
662.4000000000001,,26004.2,662.4000000000001,11.017,131,,11.017,25,2025-06-04 17:49:44,566389148.0,144925757.0
662.4000000000001,,26017.0,662.4000000000001,11.489,132,,11.489,25,2025-06-04 17:49:45,566389844.0,144926990.0
662.4000000000001,,26030.6,662.4000000000001,11.983,132,,11.983,25,2025-06-04 17:49:46,566390580.0,144928262.0
662.4000000000001,,26045.0,662.4000000000001,12.517,133,,12.517,25,2025-06-04 17:49:47,566391375.0,144929615.0
662.4000000000001,,26059.9,662.4000000000001,13.017,133,,13.017,25,2025-06-04 17:49:48,566392210.0,144931026.0
662.4000000000001,,26076.0,662.4000000000001,13.492,133,,13.492,25,2025-06-04 17:49:49,566393085.0,144932557.0
657.4000000000001,,26092.2,657.4000000000001,13.922,133,,13.922,25,2025-06-04 17:49:50,566393980.0,144934128.0
657.4000000000001,,26108.8,657.4000000000001,14.311,134,,14.311,25,2025-06-04 17:49:51,566394914.0,144935779.0
654.2,,26125.4,654.2,14.631,135,,14.631,25,2025-06-04 17:49:52,566395889.0,144937469.0
654.2,,26142.0,654.2,14.972,136,,14.972,25,2025-06-04 17:49:53,566396962.0,144939219.0
652.2,,26157.8,652.2,15.317,136,,15.317,25,2025-06-04 17:49:54,566398036.0,144940929.0
652.2,,26175.9,652.2,15.686,136,,15.686,25,2025-06-04 17:49:55,566399189.0,144942599.0
649.4000000000001,,26193.5,649.4000000000001,16.05,136,,16.05,25,2025-06-04 17:49:56,566400422.0,144944170.0
649.4000000000001,,26210.0,649.4000000000001,16.394,137,,16.394,25,2025-06-04 17:49:57,566401774.0,144945581.0
646.4000000000001,,26228.9,646.4000000000001,16.686,138,,16.686,25,2025-06-04 17:49:58,566403226.0,144946834.0
646.4000000000001,,26246.7,646.4000000000001,16.933,138,,16.933,25,2025-06-04 17:49:59,566404837.0,144947968.0
646.4000000000001,,26265.1,646.4000000000001,17.142,140,,17.142,25,2025-06-04 17:50:00,566406507.0,144948982.0
646.4000000000001,,26283.8,646.4000000000001,17.344,141,,17.344,25,2025-06-04 17:50:01,566408237.0,144949956.0
646.4000000000001,,26302.6,646.4000000000001,17.531,142,,17.531,25,2025-06-04 17:50:02,566409967.0,144950891.0
646.4000000000001,,26321.2,646.4000000000001,17.686,142,,17.686,25,2025-06-04 17:50:03,566411697.0,144951805.0
639.4000000000001,,26340.0,639.4000000000001,17.797,143,,17.797,24,2025-06-04 17:50:04,566413446.0,144952799.0
639.4000000000001,,26358.3,639.4000000000001,17.839,143,,17.839,24,2025-06-04 17:50:05,566415176.0,144953893.0
638.2,,26376.3,638.2,17.792,142,,17.792,24,2025-06-04 17:50:06,566416906.0,144955106.0
638.2,,26394.1,638.2,17.681,142,,17.681,24,2025-06-04 17:50:07,566418616.0,144956458.0
636.2,,26411.5,636.2,17.517,143,,17.517,24,2025-06-04 17:50:08,566420267.0,144957910.0
636.2,,26427.5,636.2,17.311,143,,17.311,24,2025-06-04 17:50:09,566421877.0,144959441.0
636.2,,26444.9,636.2,17.078,144,,17.078,24,2025-06-04 17:50:10,566423448.0,144960992.0
636.2,,26461.1,636.2,16.836,144,,16.836,24,2025-06-04 17:50:11,566424979.0,144962523.0
635.4000000000001,,26475.2,635.4000000000001,16.594,146,,16.594,24,2025-06-04 17:50:12,566426451.0,144964074.0
635.4000000000001,,26491.7,635.4000000000001,16.347,146,,16.347,24,2025-06-04 17:50:13,566427902.0,144965605.0
634.2,,26506.6,634.2,16.108,146,,16.108,24,2025-06-04 17:50:14,566429354.0,144967076.0
634.2,,26521.1,634.2,15.889,148,,15.889,24,2025-06-04 17:50:15,566430765.0,144968548.0
633.4000000000001,,26535.7,633.4000000000001,15.669,148,,15.669,24,2025-06-04 17:50:16,566432157.0,144969979.0
633.4000000000001,,26550.1,633.4000000000001,15.456,149,,15.456,24,2025-06-04 17:50:17,566433509.0,144971411.0
632.4000000000001,,26563.5,632.4000000000001,15.239,149,,15.239,24,2025-06-04 17:50:18,566434862.0,144972823.0
632.4000000000001,,26576.4,632.4000000000001,15.008,149,,15.008,24,2025-06-04 17:50:19,566436194.0,144974195.0
632.4000000000001,,26591.2,632.4000000000001,14.772,149,,14.772,24,2025-06-04 17:50:20,566437546.0,144975487.0
632.4000000000001,,26604.6,632.4000000000001,14.55,149,,14.55,24,2025-06-04 17:50:21,566438898.0,144976760.0
631.2,,26618.0,631.2,14.333,149,,14.333,24,2025-06-04 17:50:22,566440230.0,144977933.0
631.2,,26630.8,631.2,14.153,148,,14.153,24,2025-06-04 17:50:23,566441324.0,144978788.0
631.2,,26643.9,631.2,14.017,148,,14.017,24,2025-06-04 17:50:24,566442934.0,144979981.0
631.2,,26656.9,631.2,13.914,147,,13.914,24,2025-06-04 17:50:25,566444287.0,144980856.0
629.2,,26670.0,629.2,13.858,147,,13.858,24,2025-06-04 17:50:26,566445659.0,144981631.0
629.2,,26682.3,629.2,13.864,147,,13.864,24,2025-06-04 17:50:27,566447031.0,144982327.0
626.4000000000001,,26698.0,626.4000000000001,13.931,147,,13.931,24,2025-06-04 17:50:28,566448403.0,144982944.0
626.4000000000001,,26710.3,626.4000000000001,14.067,147,,14.067,24,2025-06-04 17:50:29,566449814.0,144983461.0
623.4000000000001,,26724.6,623.4000000000001,14.294,146,,14.294,24,2025-06-04 17:50:30,566451246.0,144983839.0
623.4000000000001,,26739.4,623.4000000000001,14.594,146,,14.594,24,2025-06-04 17:50:31,566452698.0,144984097.0
620.2,,26755.0,620.2,14.931,146,,14.931,24,2025-06-04 17:50:32,566454169.0,144984176.0
617.4000000000001,,26771.1,617.4000000000001,15.264,146,,15.264,24,2025-06-04 17:50:33,566455680.0,144984037.0
617.4000000000001,,26787.7,617.4000000000001,15.558,145,,15.558,24,2025-06-04 17:50:34,566457231.0,144983699.0
613.2,,26804.5,613.2,15.747,145,,15.747,24,2025-06-04 17:50:35,566458802.0,144983162.0
613.2,,26821.3,613.2,15.831,144,,15.831,24,2025-06-04 17:50:36,566460433.0,144982486.0
609.4000000000001,,26838.0,609.4000000000001,15.786,144,,15.786,24,2025-06-04 17:50:37,566462063.0,144981671.0
609.4000000000001,,26854.1,609.4000000000001,15.614,144,,15.614,24,2025-06-04 17:50:38,566463674.0,144980697.0
607.4000000000001,,26869.6,607.4000000000001,15.342,141,,15.342,24,2025-06-04 17:50:39,566465244.0,144979583.0
607.4000000000001,,26883.8,607.4000000000001,15.031,139,,15.031,24,2025-06-04 17:50:40,566466716.0,144978271.0
604.2,,26897.3,604.2,14.706,137,,14.706,24,2025-06-04 17:50:41,566468048.0,144976800.0
604.2,,26909.8,604.2,14.425,137,,14.425,24,2025-06-04 17:50:42,566469241.0,144975149.0
602.2,,26922.9,602.2,14.214,134,,14.214,24,2025-06-04 17:50:43,566470295.0,144973439.0
602.2,,26935.4,602.2,14.036,134,,14.036,24,2025-06-04 17:50:44,566471309.0,144971828.0
598.4000000000001,,26947.9,598.4000000000001,13.85,132,,13.85,24,2025-06-04 17:50:45,566472363.0,144970357.0
598.4000000000001,,26960.1,598.4000000000001,13.594,131,,13.594,24,2025-06-04 17:50:46,566473556.0,144969124.0
598.4000000000001,,26971.6,598.4000000000001,13.192,131,,13.192,24,2025-06-04 17:50:47,566474829.0,144968130.0
598.4000000000001,,26982.3,598.4000000000001,12.65,130,,12.65,24,2025-06-04 17:50:48,566476220.0,144967414.0
598.4000000000001,,26992.4,598.4000000000001,11.986,130,,11.986,24,2025-06-04 17:50:49,566477632.0,144966877.0
598.4000000000001,,27002.0,598.4000000000001,11.158,130,,11.158,24,2025-06-04 17:50:50,566478984.0,144966360.0
590.2,,27009.2,590.2,10.2,129,,10.2,24,2025-06-04 17:50:51,566480277.0,144965784.0
590.2,,27016.3,590.2,9.161,129,,9.161,24,2025-06-04 17:50:52,566481430.0,144965227.0
590.2,,27020.3,590.2,7.056,129,,7.056,24,2025-06-04 17:50:53,566482464.0,144964770.0
590.2,,27021.8,590.2,5.739,128,,5.739,24,2025-06-04 17:50:54,566483438.0,144964432.0
590.2,,27023.2,590.2,5.025,128,,5.025,24,2025-06-04 17:50:55,566484313.0,144964193.0
590.2,,27024.7,590.2,4.775,129,,4.775,24,2025-06-04 17:50:56,566485009.0,144963954.0
589.4000000000001,,27026.8,589.4000000000001,4.881,128,,4.881,24,2025-06-04 17:50:57,566485526.0,144963736.0
589.4000000000001,,27029.8,589.4000000000001,4.956,128,,4.956,24,2025-06-04 17:50:58,566485924.0,144963497.0
589.4000000000001,,27033.0,589.4000000000001,5.086,128,,5.086,24,2025-06-04 17:50:59,566486302.0,144963199.0
589.4000000000001,,27036.8,589.4000000000001,5.286,128,,5.286,24,2025-06-04 17:51:00,566486719.0,144962881.0
589.4000000000001,,27041.8,589.4000000000001,5.461,128,,5.461,24,2025-06-04 17:51:01,566487216.0,144962543.0
589.4000000000001,,27047.7,589.4000000000001,5.639,128,,5.639,24,2025-06-04 17:51:02,566487733.0,144962185.0
589.4000000000001,,27054.2,589.4000000000001,5.817,127,,5.817,24,2025-06-04 17:51:03,566488310.0,144961886.0
589.4000000000001,,27061.2,589.4000000000001,6.006,126,,6.006,24,2025-06-04 17:51:04,566488887.0,144961588.0
589.4000000000001,,27067.7,589.4000000000001,6.225,125,,6.225,24,2025-06-04 17:51:05,566489503.0,144961350.0
589.4000000000001,,27075.1,589.4000000000001,6.472,124,,6.472,24,2025-06-04 17:51:06,566490119.0,144961250.0
589.4000000000001,,27083.1,589.4000000000001,6.711,124,,6.711,24,2025-06-04 17:51:07,566490756.0,144961290.0
589.4000000000001,,27090.6,589.4000000000001,6.989,124,,6.989,24,2025-06-04 17:51:08,566491452.0,144961469.0
585.4000000000001,,27098.9,585.4000000000001,7.244,124,,7.244,24,2025-06-04 17:51:09,566491989.0,144961707.0
585.4000000000001,,27107.7,585.4000000000001,7.461,124,,7.461,24,2025-06-04 17:51:10,566492863.0,144962065.0
583.4000000000001,,27116.5,583.4000000000001,7.608,123,,7.608,24,2025-06-04 17:51:11,566493599.0,144962403.0
583.4000000000001,,27125.1,583.4000000000001,7.581,123,,7.581,24,2025-06-04 17:51:12,566494375.0,144962722.0
582.4000000000001,,27133.2,582.4000000000001,7.328,123,,7.328,24,2025-06-04 17:51:13,566495170.0,144963040.0
582.4000000000001,,27139.8,582.4000000000001,6.389,123,,6.389,24,2025-06-04 17:51:14,566496045.0,144963318.0
581.2,,27144.3,581.2,5.464,122,,5.464,24,2025-06-04 17:51:15,566496900.0,144963497.0
581.2,,27147.1,581.2,4.644,122,,4.644,24,2025-06-04 17:51:16,566497735.0,144963557.0
581.2,,27149.0,581.2,4.167,122,,4.167,24,2025-06-04 17:51:17,566498530.0,144963477.0
581.2,,27150.2,581.2,4.014,122,,4.014,24,2025-06-04 17:51:18,566498988.0,144963278.0
580.4000000000001,,27152.1,580.4000000000001,4.133,122,,4.133,24,2025-06-04 17:51:19,566499505.0,144962901.0
580.4000000000001,,27153.6,580.4000000000001,5.497,122,,5.497,24,2025-06-04 17:51:20,566499684.0,144962463.0
580.4000000000001,,27156.5,580.4000000000001,6.492,122,,6.492,24,2025-06-04 17:51:21,566499723.0,144961946.0
580.4000000000001,,27161.3,580.4000000000001,7.028,122,,7.028,24,2025-06-04 17:51:22,566499624.0,144961370.0
580.4000000000001,,27168.0,580.4000000000001,7.156,122,,7.156,24,2025-06-04 17:51:23,566499425.0,144960753.0
580.4000000000001,,27175.9,580.4000000000001,7.364,122,,7.364,24,2025-06-04 17:51:24,566499167.0,144960097.0
580.4000000000001,,27184.9,580.4000000000001,7.461,122,,7.461,24,2025-06-04 17:51:25,566498729.0,144959321.0
580.4000000000001,,27194.1,580.4000000000001,7.628,122,,7.628,24,2025-06-04 17:51:26,566498252.0,144958486.0
579.2,,27203.5,579.2,7.808,123,,7.808,24,2025-06-04 17:51:27,566497795.0,144957552.0
579.2,,27213.9,579.2,8.0,123,,8.0,24,2025-06-04 17:51:28,566497377.0,144956557.0
578.4000000000001,,27223.7,578.4000000000001,8.217,123,,8.217,24,2025-06-04 17:51:29,566496999.0,144955464.0
578.4000000000001,,27233.2,578.4000000000001,8.442,124,,8.442,24,2025-06-04 17:51:30,566496661.0,144954370.0
577.2,,27242.8,577.2,8.625,124,,8.625,24,2025-06-04 17:51:31,566496284.0,144953217.0
577.2,,27252.5,577.2,8.828,123,,8.828,24,2025-06-04 17:51:32,566495846.0,144951964.0
576.4000000000001,,27262.5,576.4000000000001,9.008,123,,9.008,24,2025-06-04 17:51:33,566495508.0,144950731.0
576.4000000000001,,27272.5,576.4000000000001,9.161,123,,9.161,24,2025-06-04 17:51:34,566495210.0,144949399.0
576.4000000000001,,27282.7,576.4000000000001,9.272,124,,9.272,24,2025-06-04 17:51:35,566494951.0,144948027.0
576.4000000000001,,27292.0,576.4000000000001,9.347,124,,9.347,24,2025-06-04 17:51:36,566494733.0,144946596.0
576.4000000000001,,27302.4,576.4000000000001,9.361,124,,9.361,24,2025-06-04 17:51:37,566494554.0,144945144.0
576.4000000000001,,27312.2,576.4000000000001,9.342,124,,9.342,24,2025-06-04 17:51:38,566494395.0,144943633.0
575.4000000000001,,27321.7,575.4000000000001,9.294,124,,9.294,24,2025-06-04 17:51:39,566494295.0,144942142.0
575.4000000000001,,27330.9,575.4000000000001,9.244,124,,9.244,24,2025-06-04 17:51:40,566494196.0,144940650.0
575.4000000000001,,27340.0,575.4000000000001,9.208,124,,9.208,24,2025-06-04 17:51:41,566494136.0,144939179.0
575.4000000000001,,27349.0,575.4000000000001,9.194,124,,9.194,24,2025-06-04 17:51:42,566494116.0,144937707.0
575.4000000000001,,27357.9,575.4000000000001,9.206,124,,9.206,24,2025-06-04 17:51:43,566494076.0,144936276.0
575.4000000000001,,27366.7,575.4000000000001,9.239,124,,9.239,24,2025-06-04 17:51:44,566494037.0,144934864.0
574.2,,27374.9,574.2,9.3,124,,9.3,24,2025-06-04 17:51:45,566493977.0,144933452.0
574.2,,27384.0,574.2,9.386,124,,9.386,24,2025-06-04 17:51:46,566493897.0,144932021.0
574.2,,27394.5,574.2,9.489,124,,9.489,24,2025-06-04 17:51:47,566493778.0,144930569.0
574.2,,27404.5,574.2,9.619,124,,9.619,24,2025-06-04 17:51:48,566493639.0,144929117.0
574.2,,27414.7,574.2,9.775,125,,9.775,24,2025-06-04 17:51:49,566493500.0,144927964.0
574.2,,27425.1,574.2,9.931,125,,9.931,24,2025-06-04 17:51:50,566493301.0,144926513.0
574.2,,27433.9,574.2,10.083,125,,10.083,24,2025-06-04 17:51:51,566493003.0,144924723.0
574.2,,27446.6,574.2,10.244,126,,10.244,24,2025-06-04 17:51:52,566492744.0,144923192.0
571.4000000000001,,27457.8,571.4000000000001,10.406,126,,10.406,24,2025-06-04 17:51:53,566492486.0,144921661.0
571.4000000000001,,27470.2,571.4000000000001,10.547,126,,10.547,24,2025-06-04 17:51:54,566492247.0,144920090.0
569.4000000000001,,27481.7,569.4000000000001,10.675,126,,10.675,24,2025-06-04 17:51:55,566492048.0,144918798.0
569.4000000000001,,27492.2,569.4000000000001,10.783,126,,10.783,24,2025-06-04 17:51:56,566491790.0,144916849.0
569.4000000000001,,27503.5,569.4000000000001,10.856,126,,10.856,24,2025-06-04 17:51:57,566491611.0,144915179.0
569.4000000000001,,27514.8,569.4000000000001,10.906,126,,10.906,24,2025-06-04 17:51:58,566491392.0,144913488.0
569.4000000000001,,27525.0,569.4000000000001,10.939,126,,10.939,24,2025-06-04 17:51:59,566491193.0,144911779.0
569.4000000000001,,27536.9,569.4000000000001,10.953,126,,10.953,24,2025-06-04 17:52:00,566490994.0,144910069.0
568.4000000000001,,27547.0,568.4000000000001,10.928,127,,10.928,24,2025-06-04 17:52:01,566490835.0,144908358.0
568.4000000000001,,27558.8,568.4000000000001,10.883,127,,10.883,24,2025-06-04 17:52:02,566490676.0,144906628.0
568.4000000000001,,27569.5,568.4000000000001,10.781,128,,10.781,24,2025-06-04 17:52:03,566490537.0,144905276.0
568.4000000000001,,27578.7,568.4000000000001,10.639,129,,10.639,24,2025-06-04 17:52:04,566490358.0,144903566.0
568.4000000000001,,27589.5,568.4000000000001,10.483,129,,10.483,24,2025-06-04 17:52:05,566490159.0,144901856.0
568.4000000000001,,27597.7,568.4000000000001,10.361,129,,10.361,24,2025-06-04 17:52:06,566489940.0,144899848.0
567.4000000000001,,27607.6,567.4000000000001,10.294,129,,10.294,24,2025-06-04 17:52:07,566489722.0,144898217.0
567.4000000000001,,27618.4,567.4000000000001,10.314,129,,10.314,24,2025-06-04 17:52:08,566489583.0,144896925.0
567.4000000000001,,27628.0,567.4000000000001,10.411,130,,10.411,24,2025-06-04 17:52:09,566489523.0,144895076.0
567.4000000000001,,27639.5,567.4000000000001,10.542,130,,10.542,24,2025-06-04 17:52:10,566489602.0,144893843.0
566.4000000000001,,27647.8,566.4000000000001,10.689,131,,10.689,24,2025-06-04 17:52:11,566489781.0,144892312.0
566.4000000000001,,27658.0,566.4000000000001,10.833,131,,10.833,24,2025-06-04 17:52:12,566490020.0,144890721.0
565.2,,27672.1,565.2,10.975,132,,10.975,24,2025-06-04 17:52:13,566490298.0,144889091.0
565.2,,27681.9,565.2,11.1,132,,11.1,24,2025-06-04 17:52:14,566490656.0,144887102.0
564.4000000000001,,27693.9,564.4000000000001,11.239,133,,11.239,24,2025-06-04 17:52:15,566490895.0,144885730.0
564.4000000000001,,27707.0,564.4000000000001,11.358,133,,11.358,24,2025-06-04 17:52:16,566491213.0,144884080.0
563.2,,27719.0,563.2,11.458,134,,11.458,24,2025-06-04 17:52:17,566491531.0,144882012.0
563.2,,27731.8,563.2,11.55,134,,11.55,24,2025-06-04 17:52:18,566491730.0,144880600.0
562.4000000000001,,27742.0,562.4000000000001,11.633,134,,11.633,24,2025-06-04 17:52:19,566491989.0,144878830.0
562.4000000000001,,27755.0,562.4000000000001,11.706,134,,11.706,24,2025-06-04 17:52:20,566492227.0,144877021.0
562.4000000000001,,27766.9,562.4000000000001,11.775,135,,11.775,24,2025-06-04 17:52:21,566492426.0,144875192.0
562.4000000000001,,27778.3,562.4000000000001,11.847,136,,11.847,24,2025-06-04 17:52:22,566492605.0,144873024.0
562.4000000000001,,27791.5,562.4000000000001,11.911,136,,11.911,24,2025-06-04 17:52:23,566492684.0,144871553.0
562.4000000000001,,27805.1,562.4000000000001,11.972,136,,11.972,24,2025-06-04 17:52:24,566492744.0,144869684.0
558.2,,27817.5,558.2,12.017,137,,12.017,24,2025-06-04 17:52:25,566492784.0,144867795.0
558.2,,27829.4,558.2,12.072,137,,12.072,24,2025-06-04 17:52:26,566492824.0,144865906.0
557.4000000000001,,27841.2,557.4000000000001,12.117,137,,12.117,24,2025-06-04 17:52:27,566492863.0,144864037.0
557.4000000000001,,27853.9,557.4000000000001,12.164,137,,12.164,24,2025-06-04 17:52:28,566492923.0,144861750.0
556.2,,27866.9,556.2,12.206,137,,12.206,24,2025-06-04 17:52:29,566492923.0,144859841.0
556.2,,27879.1,556.2,12.261,137,,12.261,24,2025-06-04 17:52:30,566492863.0,144857912.0
555.4000000000001,,27892.7,555.4000000000001,12.303,137,,12.303,24,2025-06-04 17:52:31,566492764.0,144856024.0
555.4000000000001,,27903.9,555.4000000000001,12.344,137,,12.344,24,2025-06-04 17:52:32,566492625.0,144854492.0
553.4000000000001,,27914.8,553.4000000000001,12.378,137,,12.378,24,2025-06-04 17:52:33,566492386.0,144852206.0
553.4000000000001,,27927.1,553.4000000000001,12.364,136,,12.364,24,2025-06-04 17:52:34,566492148.0,144850297.0
553.4000000000001,,27939.3,553.4000000000001,12.283,136,,12.283,24,2025-06-04 17:52:35,566491909.0,144848368.0
553.4000000000001,,27952.3,553.4000000000001,12.175,136,,12.175,24,2025-06-04 17:52:36,566491670.0,144846837.0
551.4000000000001,,27965.4,551.4000000000001,12.022,135,,12.022,24,2025-06-04 17:52:37,566491392.0,144844948.0
551.4000000000001,,27975.5,551.4000000000001,11.853,135,,11.853,24,2025-06-04 17:52:38,566491074.0,144843039.0
551.4000000000001,,27986.4,551.4000000000001,11.708,134,,11.708,24,2025-06-04 17:52:39,566490756.0,144841150.0
551.4000000000001,,27997.7,551.4000000000001,11.619,134,,11.619,24,2025-06-04 17:52:40,566490477.0,144838943.0
551.4000000000001,,28009.9,551.4000000000001,11.572,134,,11.572,24,2025-06-04 17:52:41,566490418.0,144837173.0
551.4000000000001,,28020.7,551.4000000000001,11.564,134,,11.564,24,2025-06-04 17:52:42,566490557.0,144835384.0
551.4000000000001,,28031.6,551.4000000000001,11.578,134,,11.578,24,2025-06-04 17:52:43,566490835.0,144833674.0
551.4000000000001,,28042.6,551.4000000000001,11.6,135,,11.6,24,2025-06-04 17:52:44,566491193.0,144831964.0
550.4000000000001,,28052.0,550.4000000000001,11.617,136,,11.617,24,2025-06-04 17:52:45,566491611.0,144830274.0
550.4000000000001,,28064.8,550.4000000000001,11.625,137,,11.625,24,2025-06-04 17:52:46,566492048.0,144828583.0
550.4000000000001,,28076.5,550.4000000000001,11.611,137,,11.611,24,2025-06-04 17:52:47,566492525.0,144826893.0
550.4000000000001,,28088.2,550.4000000000001,11.567,139,,11.567,24,2025-06-04 17:52:48,566493062.0,144825243.0
550.4000000000001,,28099.7,550.4000000000001,11.483,140,,11.483,24,2025-06-04 17:52:49,566493579.0,144823573.0
550.4000000000001,,28110.9,550.4000000000001,11.358,140,,11.358,24,2025-06-04 17:52:50,566494116.0,144821922.0
550.4000000000001,,28121.6,550.4000000000001,11.2,141,,11.2,24,2025-06-04 17:52:51,566494653.0,144820292.0
550.4000000000001,,28132.3,550.4000000000001,11.05,141,,11.05,24,2025-06-04 17:52:52,566495150.0,144818621.0
550.4000000000001,,28142.6,550.4000000000001,10.911,142,,10.911,24,2025-06-04 17:52:53,566495627.0,144816991.0
550.4000000000001,,28152.8,550.4000000000001,10.781,142,,10.781,24,2025-06-04 17:52:54,566496085.0,144815380.0
550.4000000000001,,28162.9,550.4000000000001,10.675,142,,10.675,24,2025-06-04 17:52:55,566496582.0,144813849.0
550.4000000000001,,28172.8,550.4000000000001,10.561,142,,10.561,24,2025-06-04 17:52:56,566497059.0,144812378.0
550.4000000000001,,28182.4,550.4000000000001,10.403,144,,10.403,24,2025-06-04 17:52:57,566497497.0,144810867.0
550.4000000000001,,28191.8,550.4000000000001,10.186,144,,10.186,24,2025-06-04 17:52:58,566497854.0,144809276.0
550.4000000000001,,28200.9,550.4000000000001,9.931,145,,9.931,24,2025-06-04 17:52:59,566498212.0,144807705.0
550.4000000000001,,28208.7,550.4000000000001,9.633,146,,9.633,24,2025-06-04 17:53:00,566498550.0,144806174.0
554.2,,28218.0,554.2,9.272,147,,9.272,24,2025-06-04 17:53:01,566498849.0,144804643.0
554.2,,28225.6,554.2,8.844,147,,8.844,24,2025-06-04 17:53:02,566499107.0,144803152.0
555.4000000000001,,28232.5,555.4000000000001,8.383,148,,8.383,24,2025-06-04 17:53:03,566499385.0,144801740.0
555.4000000000001,,28238.4,555.4000000000001,7.903,150,,7.903,24,2025-06-04 17:53:04,566499684.0,144800428.0
556.2,,28243.7,556.2,7.433,151,,7.433,24,2025-06-04 17:53:05,566500002.0,144799175.0
556.2,,28247.9,556.2,7.025,153,,7.025,24,2025-06-04 17:53:06,566500280.0,144797962.0
556.2,,28253.1,556.2,6.7,154,,6.7,24,2025-06-04 17:53:07,566500439.0,144796848.0
556.2,,28257.5,556.2,6.461,155,,6.461,24,2025-06-04 17:53:08,566500499.0,144795834.0
556.2,,28262.0,556.2,6.294,156,,6.294,24,2025-06-04 17:53:09,566500439.0,144794880.0
556.2,,28266.4,556.2,6.164,157,,6.164,24,2025-06-04 17:53:10,566500340.0,144793965.0
556.2,,28271.2,556.2,6.061,157,,6.061,24,2025-06-04 17:53:11,566500221.0,144793050.0
556.2,,28276.5,556.2,5.956,158,,5.956,24,2025-06-04 17:53:12,566500101.0,144792136.0
557.4000000000001,,28281.8,557.4000000000001,5.833,159,,5.833,24,2025-06-04 17:53:13,566500042.0,144791221.0
557.4000000000001,,28287.1,557.4000000000001,5.703,160,,5.703,24,2025-06-04 17:53:14,566499982.0,144790306.0
557.4000000000001,,28291.8,557.4000000000001,5.575,159,,5.575,24,2025-06-04 17:53:15,566499982.0,144789372.0
557.4000000000001,,28297.2,557.4000000000001,5.447,159,,5.447,24,2025-06-04 17:53:16,566500002.0,144788477.0
557.4000000000001,,28302.1,557.4000000000001,5.344,158,,5.344,24,2025-06-04 17:53:17,566500042.0,144787582.0
557.4000000000001,,28306.9,557.4000000000001,5.281,157,,5.281,24,2025-06-04 17:53:18,566500042.0,144786747.0
558.2,,28311.7,558.2,5.233,156,,5.233,24,2025-06-04 17:53:19,566500042.0,144785952.0
558.2,,28316.4,558.2,5.208,156,,5.208,24,2025-06-04 17:53:20,566500042.0,144785137.0
558.2,,28321.3,558.2,5.197,155,,5.197,24,2025-06-04 17:53:21,566500022.0,144784341.0
558.2,,28326.2,558.2,5.206,154,,5.206,24,2025-06-04 17:53:22,566499982.0,144783546.0
558.2,,28331.2,558.2,5.217,153,,5.217,24,2025-06-04 17:53:23,566499922.0,144782751.0
558.2,,28336.1,558.2,5.228,153,,5.228,24,2025-06-04 17:53:24,566499863.0,144781935.0
558.2,,28341.8,558.2,5.239,153,,5.239,24,2025-06-04 17:53:25,566499783.0,144781140.0
558.2,,28346.9,558.2,5.264,152,,5.264,24,2025-06-04 17:53:26,566499704.0,144780325.0
558.2,,28352.5,558.2,5.264,152,,5.264,24,2025-06-04 17:53:27,566499604.0,144779529.0
558.2,,28357.9,558.2,5.244,153,,5.244,24,2025-06-04 17:53:28,566499505.0,144778694.0
558.2,,28363.0,558.2,5.15,154,,5.15,24,2025-06-04 17:53:29,566499405.0,144777879.0
558.2,,28367.9,558.2,5.025,155,,5.025,24,2025-06-04 17:53:30,566499286.0,144777084.0
559.4000000000001,,28372.8,559.4000000000001,4.869,156,,4.869,24,2025-06-04 17:53:31,566499167.0,144776268.0
559.4000000000001,,28377.3,559.4000000000001,4.764,157,,4.764,24,2025-06-04 17:53:32,566499047.0,144775433.0
559.4000000000001,,28381.8,559.4000000000001,4.703,158,,4.703,24,2025-06-04 17:53:33,566498948.0,144774638.0
559.4000000000001,,28386.2,559.4000000000001,4.689,160,,4.689,24,2025-06-04 17:53:34,566498888.0,144773882.0
559.4000000000001,,28390.6,559.4000000000001,4.736,160,,4.736,24,2025-06-04 17:53:35,566498849.0,144773147.0
559.4000000000001,,28395.1,559.4000000000001,4.847,161,,4.847,24,2025-06-04 17:53:36,566498849.0,144772431.0
559.4000000000001,,28399.7,559.4000000000001,4.975,162,,4.975,24,2025-06-04 17:53:37,566498888.0,144771715.0
559.4000000000001,,28404.7,559.4000000000001,5.144,162,,5.144,24,2025-06-04 17:53:38,566498988.0,144770979.0
559.4000000000001,,28409.6,559.4000000000001,5.261,163,,5.261,24,2025-06-04 17:53:39,566499107.0,144770263.0
559.4000000000001,,28415.8,559.4000000000001,5.411,163,,5.411,24,2025-06-04 17:53:40,566499266.0,144769547.0
559.4000000000001,,28422.0,559.4000000000001,5.575,164,,5.575,24,2025-06-04 17:53:41,566499425.0,144768792.0
559.4000000000001,,28428.4,559.4000000000001,5.747,164,,5.747,24,2025-06-04 17:53:42,566499584.0,144767977.0
559.4000000000001,,28435.0,559.4000000000001,5.911,164,,5.911,24,2025-06-04 17:53:43,566499743.0,144767142.0
559.4000000000001,,28441.9,559.4000000000001,6.053,164,,6.053,24,2025-06-04 17:53:44,566499942.0,144766286.0
559.4000000000001,,28448.8,559.4000000000001,6.164,164,,6.164,24,2025-06-04 17:53:45,566500121.0,144765392.0
559.4000000000001,,28455.9,559.4000000000001,6.244,164,,6.244,24,2025-06-04 17:53:46,566500340.0,144764477.0
559.4000000000001,,28462.6,559.4000000000001,6.306,164,,6.306,24,2025-06-04 17:53:47,566500579.0,144763542.0
559.4000000000001,,28469.4,559.4000000000001,6.358,163,,6.358,24,2025-06-04 17:53:48,566500857.0,144762608.0
559.4000000000001,,28476.1,559.4000000000001,6.419,164,,6.419,24,2025-06-04 17:53:49,566501175.0,144761713.0
559.4000000000001,,28482.8,559.4000000000001,6.483,163,,6.483,24,2025-06-04 17:53:50,566501533.0,144760858.0
559.4000000000001,,28489.4,559.4000000000001,6.561,164,,6.561,24,2025-06-04 17:53:51,566501931.0,144760043.0
559.4000000000001,,28496.4,559.4000000000001,6.644,164,,6.644,24,2025-06-04 17:53:52,566502348.0,144759248.0
558.2,,28503.3,558.2,6.747,164,,6.747,24,2025-06-04 17:53:53,566502825.0,144758492.0
558.2,,28510.4,558.2,6.867,164,,6.867,24,2025-06-04 17:53:54,566503283.0,144757716.0
558.2,,28517.8,558.2,7.019,164,,7.019,24,2025-06-04 17:53:55,566503760.0,144756901.0
558.2,,28525.4,558.2,7.175,164,,7.175,24,2025-06-04 17:53:56,566504178.0,144756046.0
558.2,,28533.2,558.2,7.325,164,,7.325,24,2025-06-04 17:53:57,566504536.0,144755092.0
558.2,,28541.1,558.2,7.478,164,,7.478,24,2025-06-04 17:53:58,566504854.0,144754078.0
558.2,,28549.2,558.2,7.597,164,,7.597,24,2025-06-04 17:53:59,566505152.0,144753024.0
558.2,,28557.2,558.2,7.694,163,,7.694,24,2025-06-04 17:54:00,566505371.0,144751871.0
558.2,,28565.7,558.2,7.789,162,,7.789,24,2025-06-04 17:54:01,566505530.0,144750658.0
558.2,,28574.1,558.2,7.9,161,,7.9,24,2025-06-04 17:54:02,566505649.0,144749445.0
558.2,,28582.5,558.2,7.994,161,,7.994,24,2025-06-04 17:54:03,566505709.0,144748232.0
558.2,,28591.4,558.2,8.075,160,,8.075,24,2025-06-04 17:54:04,566505709.0,144746959.0
559.4000000000001,,28599.8,559.4000000000001,8.122,159,,8.122,24,2025-06-04 17:54:05,566505709.0,144745726.0
559.4000000000001,,28608.1,559.4000000000001,8.133,159,,8.133,24,2025-06-04 17:54:06,566505729.0,144744454.0
559.4000000000001,,28616.3,559.4000000000001,8.111,158,,8.111,24,2025-06-04 17:54:07,566505709.0,144743161.0
559.4000000000001,,28624.5,559.4000000000001,8.056,158,,8.056,24,2025-06-04 17:54:08,566505709.0,144741829.0
559.4000000000001,,28631.9,559.4000000000001,7.997,157,,7.997,24,2025-06-04 17:54:09,566505689.0,144740517.0
559.4000000000001,,28640.4,559.4000000000001,7.942,156,,7.942,24,2025-06-04 17:54:10,566505689.0,144739244.0
559.4000000000001,,28648.1,559.4000000000001,7.889,155,,7.889,24,2025-06-04 17:54:11,566505669.0,144737991.0
559.4000000000001,,28655.7,559.4000000000001,7.831,155,,7.831,24,2025-06-04 17:54:12,566505669.0,144736759.0
559.4000000000001,,28662.9,559.4000000000001,7.764,156,,7.764,24,2025-06-04 17:54:13,566505669.0,144735506.0
559.4000000000001,,28670.2,559.4000000000001,7.678,155,,7.678,24,2025-06-04 17:54:14,566505689.0,144734293.0
560.4000000000001,,28676.7,560.4000000000001,7.581,155,,7.581,24,2025-06-04 17:54:15,566505748.0,144733080.0
560.4000000000001,,28684.2,560.4000000000001,7.478,155,,7.478,24,2025-06-04 17:54:16,566505908.0,144731887.0
560.4000000000001,,28691.1,560.4000000000001,7.353,155,,7.353,24,2025-06-04 17:54:17,566506126.0,144730734.0
560.4000000000001,,28697.8,560.4000000000001,7.214,155,,7.214,24,2025-06-04 17:54:18,566506385.0,144729600.0
559.4000000000001,,28704.4,559.4000000000001,7.083,155,,7.083,24,2025-06-04 17:54:19,566506683.0,144728546.0
559.4000000000001,,28710.6,559.4000000000001,6.939,155,,6.939,24,2025-06-04 17:54:20,566507001.0,144727532.0
559.4000000000001,,28716.8,559.4000000000001,6.761,155,,6.761,24,2025-06-04 17:54:21,566507319.0,144726518.0
559.4000000000001,,28722.8,559.4000000000001,6.597,155,,6.597,24,2025-06-04 17:54:22,566507617.0,144725504.0
559.4000000000001,,28728.4,559.4000000000001,6.447,156,,6.447,24,2025-06-04 17:54:23,566507896.0,144724530.0
559.4000000000001,,28733.6,559.4000000000001,6.281,156,,6.281,24,2025-06-04 17:54:24,566508154.0,144723595.0
559.4000000000001,,28739.5,559.4000000000001,6.092,156,,6.092,24,2025-06-04 17:54:25,566508413.0,144722641.0
559.4000000000001,,28744.6,559.4000000000001,5.917,156,,5.917,24,2025-06-04 17:54:26,566508652.0,144721726.0
559.4000000000001,,28749.4,559.4000000000001,5.506,156,,5.506,24,2025-06-04 17:54:27,566508850.0,144720871.0
559.4000000000001,,28753.8,559.4000000000001,5.231,156,,5.231,24,2025-06-04 17:54:28,566509069.0,144719976.0
561.2,,28758.1,561.2,5.014,157,,5.014,24,2025-06-04 17:54:29,566509268.0,144719101.0
561.2,,28762.5,561.2,4.875,157,,4.875,24,2025-06-04 17:54:30,566509467.0,144718286.0
561.2,,28766.7,561.2,4.753,158,,4.753,24,2025-06-04 17:54:31,566509666.0,144717551.0
561.2,,28770.4,561.2,4.692,159,,4.692,24,2025-06-04 17:54:32,566509884.0,144716835.0
561.2,,28774.3,561.2,4.608,159,,4.608,24,2025-06-04 17:54:33,566510083.0,144716159.0
561.2,,28778.7,561.2,4.539,159,,4.539,24,2025-06-04 17:54:34,566510322.0,144715463.0
561.2,,28782.6,561.2,4.461,159,,4.461,24,2025-06-04 17:54:35,566510560.0,144714826.0
561.2,,28786.7,561.2,4.381,160,,4.381,24,2025-06-04 17:54:36,566510779.0,144714349.0
561.2,,28790.7,561.2,4.267,161,,4.267,24,2025-06-04 17:54:37,566511117.0,144713673.0
561.2,,28794.6,561.2,4.172,161,,4.172,24,2025-06-04 17:54:38,566511435.0,144713136.0
562.4000000000001,,28798.0,562.4000000000001,4.153,162,,4.153,24,2025-06-04 17:54:39,566511753.0,144712619.0
562.4000000000001,,28801.6,562.4000000000001,4.133,161,,4.133,24,2025-06-04 17:54:40,566512091.0,144712162.0
562.4000000000001,,28805.7,562.4000000000001,4.111,161,,4.111,24,2025-06-04 17:54:41,566512410.0,144711705.0
562.4000000000001,,28808.9,562.4000000000001,4.092,160,,4.092,24,2025-06-04 17:54:42,566512728.0,144711287.0
562.4000000000001,,28812.5,562.4000000000001,4.036,160,,4.036,24,2025-06-04 17:54:43,566512986.0,144710830.0
562.4000000000001,,28816.4,562.4000000000001,3.967,159,,3.967,24,2025-06-04 17:54:44,566513205.0,144710432.0
562.4000000000001,,28819.5,562.4000000000001,3.886,158,,3.886,24,2025-06-04 17:54:45,566513463.0,144709935.0
562.4000000000001,,28822.9,562.4000000000001,3.783,158,,3.783,24,2025-06-04 17:54:46,566513702.0,144709458.0
562.4000000000001,,28826.2,562.4000000000001,3.731,159,,3.731,24,2025-06-04 17:54:47,566513961.0,144708961.0
562.4000000000001,,28829.6,562.4000000000001,3.656,159,,3.656,24,2025-06-04 17:54:48,566514299.0,144708404.0
565.2,,28833.0,565.2,3.617,160,,3.617,24,2025-06-04 17:54:49,566514478.0,144708006.0
565.2,,28836.7,565.2,3.617,160,,3.617,24,2025-06-04 17:54:50,566514676.0,144707549.0
565.2,,28840.4,565.2,3.656,159,,3.656,24,2025-06-04 17:54:51,566514855.0,144707111.0
565.2,,28844.1,565.2,3.725,159,,3.725,24,2025-06-04 17:54:52,566515014.0,144706555.0
565.2,,28847.7,565.2,3.811,158,,3.811,24,2025-06-04 17:54:53,566515134.0,144706177.0
565.2,,28852.3,565.2,3.897,158,,3.897,24,2025-06-04 17:54:54,566515313.0,144705560.0
565.2,,28856.6,565.2,3.981,158,,3.981,24,2025-06-04 17:54:55,566515492.0,144705004.0
565.2,,28862.0,565.2,4.064,158,,4.064,24,2025-06-04 17:54:56,566515671.0,144704407.0
565.2,,28866.8,565.2,4.142,158,,4.142,24,2025-06-04 17:54:57,566515869.0,144703811.0
565.2,,28872.5,565.2,4.236,158,,4.236,24,2025-06-04 17:54:58,566516108.0,144703194.0
565.2,,28877.5,565.2,4.342,157,,4.342,24,2025-06-04 17:54:59,566516287.0,144702677.0
565.2,,28882.6,565.2,4.472,157,,4.472,24,2025-06-04 17:55:00,566516565.0,144701902.0
564.4000000000001,,28888.7,564.4000000000001,4.819,157,,4.819,24,2025-06-04 17:55:01,566516804.0,144701265.0
564.4000000000001,,28894.4,564.4000000000001,5.111,156,,5.111,24,2025-06-04 17:55:02,566517102.0,144700629.0
562.4000000000001,,28900.3,562.4000000000001,5.353,156,,5.353,24,2025-06-04 17:55:03,566517400.0,144699973.0
562.4000000000001,,28907.1,562.4000000000001,5.592,155,,5.592,24,2025-06-04 17:55:04,566517639.0,144699416.0
561.2,,28912.7,561.2,5.925,155,,5.925,24,2025-06-04 17:55:05,566518017.0,144698521.0
561.2,,28918.5,561.2,6.406,156,,6.406,24,2025-06-04 17:55:06,566518275.0,144697865.0
559.4000000000001,,28926.4,559.4000000000001,7.056,156,,7.056,24,2025-06-04 17:55:07,566518594.0,144697010.0
559.4000000000001,,28936.2,559.4000000000001,7.847,155,,7.847,24,2025-06-04 17:55:08,566518733.0,144696115.0
557.4000000000001,,28946.5,557.4000000000001,8.758,155,,8.758,24,2025-06-04 17:55:09,566518474.0,144695082.0
557.4000000000001,,28956.8,557.4000000000001,9.65,155,,9.65,24,2025-06-04 17:55:10,566517997.0,144694286.0
554.2,,28970.2,554.2,10.447,155,,10.447,24,2025-06-04 17:55:11,566517261.0,144693431.0
554.2,,28985.2,554.2,11.136,154,,11.136,24,2025-06-04 17:55:12,566516386.0,144692457.0
551.4000000000001,,29001.7,551.4000000000001,11.686,154,,11.686,24,2025-06-04 17:55:13,566515432.0,144691443.0
551.4000000000001,,29017.2,551.4000000000001,12.089,153,,12.089,24,2025-06-04 17:55:14,566514418.0,144690448.0
547.2,,29032.7,547.2,12.375,153,,12.375,24,2025-06-04 17:55:15,566513284.0,144689355.0
547.2,,29047.4,547.2,12.603,153,,12.603,24,2025-06-04 17:55:16,566512250.0,144688003.0
544.4000000000001,,29061.7,544.4000000000001,12.808,152,,12.808,24,2025-06-04 17:55:17,566511316.0,144686452.0
544.4000000000001,,29075.8,544.4000000000001,13.028,152,,13.028,24,2025-06-04 17:55:18,566510501.0,144684762.0
541.4000000000001,,29090.2,541.4000000000001,13.233,151,,13.233,24,2025-06-04 17:55:19,566509805.0,144683071.0
541.4000000000001,,29104.2,541.4000000000001,13.356,151,,13.356,24,2025-06-04 17:55:20,566509109.0,144681302.0
538.2,,29118.1,538.2,13.369,150,,13.369,24,2025-06-04 17:55:21,566508433.0,144679512.0
538.2,,29131.1,538.2,13.275,150,,13.275,24,2025-06-04 17:55:22,566507598.0,144677743.0
534.4000000000001,,29144.0,534.4000000000001,13.081,149,,13.081,24,2025-06-04 17:55:23,566506564.0,144676172.0
534.4000000000001,,29155.5,534.4000000000001,12.789,148,,12.789,24,2025-06-04 17:55:24,566505450.0,144674760.0
531.2,,29168.1,531.2,12.461,148,,12.461,24,2025-06-04 17:55:25,566504257.0,144673467.0
531.2,,29179.8,531.2,12.094,147,,12.094,24,2025-06-04 17:55:26,566503163.0,144672294.0
531.2,,29189.3,531.2,11.658,147,,11.658,24,2025-06-04 17:55:27,566502129.0,144671061.0
531.2,,29199.7,531.2,11.153,146,,11.153,24,2025-06-04 17:55:28,566501195.0,144669729.0
531.2,,29208.1,531.2,10.558,144,,10.558,24,2025-06-04 17:55:29,566500340.0,144668397.0
531.2,,29215.1,531.2,9.914,144,,9.914,24,2025-06-04 17:55:30,566499525.0,144667085.0
523.4,,29222.1,523.4,9.244,143,,9.244,24,2025-06-04 17:55:31,566498749.0,144665872.0
523.4,,29227.7,523.4,8.656,144,,8.656,24,2025-06-04 17:55:32,566497974.0,144664738.0
522.2,,29231.9,522.2,8.206,144,,8.206,24,2025-06-04 17:55:33,566497278.0,144663724.0
522.2,,29237.0,522.2,7.958,145,,7.958,24,2025-06-04 17:55:34,566496641.0,144662810.0
520.2,,29241.9,520.2,7.933,144,,7.933,24,2025-06-04 17:55:35,566496144.0,144661915.0
520.2,,29247.9,520.2,8.103,143,,8.103,23,2025-06-04 17:55:36,566495846.0,144660940.0
519.4,,29254.1,519.4,8.403,143,,8.403,23,2025-06-04 17:55:37,566495767.0,144659906.0
519.4,,29261.2,519.4,8.778,143,,8.778,23,2025-06-04 17:55:38,566495926.0,144658793.0
517.2,,29270.4,517.2,9.15,144,,9.15,23,2025-06-04 17:55:39,566496244.0,144657680.0
517.2,,29281.7,517.2,9.469,143,,9.469,23,2025-06-04 17:55:40,566496701.0,144656526.0
516.4,,29293.4,516.4,9.7,142,,9.7,23,2025-06-04 17:55:41,566497218.0,144655293.0
516.4,,29304.5,516.4,9.778,141,,9.778,23,2025-06-04 17:55:42,566497775.0,144654001.0
516.4,,29316.6,516.4,9.703,141,,9.703,23,2025-06-04 17:55:43,566498332.0,144652609.0
516.4,,29326.8,516.4,9.494,141,,9.494,23,2025-06-04 17:55:44,566498869.0,144651177.0
515.2,,29336.0,515.2,9.183,141,,9.183,23,2025-06-04 17:55:45,566499326.0,144649706.0
515.2,,29344.2,515.2,8.814,140,,8.814,23,2025-06-04 17:55:46,566499704.0,144648195.0
515.2,,29351.6,515.2,8.481,138,,8.481,23,2025-06-04 17:55:47,566499982.0,144646703.0
515.2,,29357.8,515.2,8.25,138,,8.25,23,2025-06-04 17:55:48,566500101.0,144645312.0
515.2,,29364.2,515.2,8.147,136,,8.147,23,2025-06-04 17:55:49,566500081.0,144644019.0
515.2,,29371.2,515.2,8.183,136,,8.183,23,2025-06-04 17:55:50,566500081.0,144642806.0
514.4,,29378.5,514.4,8.344,136,,8.344,23,2025-06-04 17:55:51,566500260.0,144641653.0
514.4,,29386.1,514.4,8.586,134,,8.586,23,2025-06-04 17:55:52,566500598.0,144640619.0
514.4,,29394.5,514.4,8.856,134,,8.856,23,2025-06-04 17:55:53,566501056.0,144639625.0
514.4,,29403.9,514.4,9.139,135,,9.139,23,2025-06-04 17:55:54,566501593.0,144638591.0
513.2,,29414.7,513.2,9.406,135,,9.406,23,2025-06-04 17:55:55,566502169.0,144637517.0
513.2,,29425.8,513.2,9.661,136,,9.661,23,2025-06-04 17:55:56,566502806.0,144636403.0
513.2,,29436.4,513.2,9.889,137,,9.889,23,2025-06-04 17:55:57,566503462.0,144635250.0
513.2,,29448.9,513.2,10.094,138,,10.094,23,2025-06-04 17:55:58,566504118.0,144634057.0
513.2,,29460.4,513.2,10.269,140,,10.269,23,2025-06-04 17:55:59,566504774.0,144632824.0
513.2,,29471.8,513.2,10.436,141,,10.436,23,2025-06-04 17:56:00,566505450.0,144631552.0
513.2,,29483.1,513.2,10.608,143,,10.608,23,2025-06-04 17:56:01,566506146.0,144630279.0
513.2,,29494.8,513.2,10.797,144,,10.797,23,2025-06-04 17:56:02,566506862.0,144628967.0
513.2,,29506.4,513.2,11.008,145,,11.008,23,2025-06-04 17:56:03,566507558.0,144627654.0
513.2,,29518.6,513.2,11.258,145,,11.258,23,2025-06-04 17:56:04,566508274.0,144626342.0
513.2,,29530.9,513.2,11.528,146,,11.528,23,2025-06-04 17:56:05,566508990.0,144625010.0
513.2,,29543.8,513.2,11.786,147,,11.786,23,2025-06-04 17:56:06,566509725.0,144623638.0
512.4,,29556.5,512.4,12.044,148,,12.044,23,2025-06-04 17:56:07,566510461.0,144622166.0
512.4,,29568.4,512.4,12.286,149,,12.286,23,2025-06-04 17:56:08,566511217.0,144620695.0
512.4,,29583.2,512.4,12.511,149,,12.511,23,2025-06-04 17:56:09,566511992.0,144619184.0
512.4,,29597.1,512.4,12.714,149,,12.714,23,2025-06-04 17:56:10,566512787.0,144617613.0
512.4,,29610.6,512.4,12.903,150,,12.903,23,2025-06-04 17:56:11,566513603.0,144616022.0
512.4,,29624.0,512.4,13.072,150,,13.072,23,2025-06-04 17:56:12,566514239.0,144614710.0
512.4,,29639.3,512.4,13.225,151,,13.225,23,2025-06-04 17:56:13,566515173.0,144612682.0
512.4,,29653.5,512.4,13.317,152,,13.317,23,2025-06-04 17:56:14,566515929.0,144610952.0
512.4,,29667.6,512.4,13.347,152,,13.347,23,2025-06-04 17:56:15,566516685.0,144609162.0
512.4,,29681.1,512.4,13.3,152,,13.3,23,2025-06-04 17:56:16,566517440.0,144607373.0
512.4,,29694.4,512.4,13.172,154,,13.172,23,2025-06-04 17:56:17,566518196.0,144605543.0
512.4,,29707.0,512.4,12.983,155,,12.983,23,2025-06-04 17:56:18,566518912.0,144603674.0
512.4,,29719.4,512.4,12.767,156,,12.767,23,2025-06-04 17:56:19,566519647.0,144601825.0
512.4,,29731.3,512.4,12.536,156,,12.536,23,2025-06-04 17:56:20,566520323.0,144600016.0
512.4,,29741.5,512.4,12.297,158,,12.297,23,2025-06-04 17:56:21,566520880.0,144598624.0
512.4,,29753.7,512.4,12.075,159,,12.075,23,2025-06-04 17:56:22,566521676.0,144596576.0
513.2,,29764.3,513.2,11.85,160,,11.85,23,2025-06-04 17:56:23,566522312.0,144594925.0
513.2,,29774.8,513.2,11.633,161,,11.633,23,2025-06-04 17:56:24,566522928.0,144593275.0
513.2,,29785.1,513.2,11.419,161,,11.419,23,2025-06-04 17:56:25,566523405.0,144591982.0
513.2,,29796.6,513.2,11.228,162,,11.228,23,2025-06-04 17:56:26,566524121.0,144590074.0
513.2,,29804.7,513.2,11.05,161,,11.05,23,2025-06-04 17:56:27,566524698.0,144588523.0
513.2,,29815.5,513.2,10.886,161,,10.886,23,2025-06-04 17:56:28,566525275.0,144586992.0
513.2,,29825.4,513.2,10.744,161,,10.744,23,2025-06-04 17:56:29,566525831.0,144585500.0
513.2,,29836.4,513.2,10.628,161,,10.628,23,2025-06-04 17:56:30,566526388.0,144584029.0
513.2,,29845.0,513.2,10.514,161,,10.514,23,2025-06-04 17:56:31,566526905.0,144582557.0
513.2,,29854.9,513.2,10.394,161,,10.394,23,2025-06-04 17:56:32,566527422.0,144581086.0
512.4,,29863.9,512.4,10.272,162,,10.272,23,2025-06-04 17:56:33,566527959.0,144579654.0
512.4,,29874.1,512.4,10.119,163,,10.119,23,2025-06-04 17:56:34,566528496.0,144578262.0
512.4,,29883.5,512.4,9.933,162,,9.933,23,2025-06-04 17:56:35,566529033.0,144576851.0
512.4,,29891.7,512.4,9.753,162,,9.753,23,2025-06-04 17:56:36,566529550.0,144575439.0
513.2,,29901.2,513.2,9.592,161,,9.592,23,2025-06-04 17:56:37,566530047.0,144574047.0
513.2,,29909.7,513.2,9.461,161,,9.461,23,2025-06-04 17:56:38,566530544.0,144572695.0
513.2,,29918.4,513.2,9.4,162,,9.4,23,2025-06-04 17:56:39,566531001.0,144571363.0
513.2,,29927.5,513.2,9.442,163,,9.442,23,2025-06-04 17:56:40,566531439.0,144570070.0
513.2,,29936.6,513.2,9.567,163,,9.567,23,2025-06-04 17:56:41,566531836.0,144568798.0
513.2,,29945.9,513.2,9.778,163,,9.778,23,2025-06-04 17:56:42,566532214.0,144567465.0
513.2,,29956.5,513.2,10.047,163,,10.047,23,2025-06-04 17:56:43,566532552.0,144566113.0
513.2,,29967.5,513.2,10.317,163,,10.317,23,2025-06-04 17:56:44,566532870.0,144564741.0
513.2,,29978.9,513.2,10.539,164,,10.539,23,2025-06-04 17:56:45,566533188.0,144563290.0
513.2,,29990.6,513.2,10.678,165,,10.678,23,2025-06-04 17:56:46,566533507.0,144561739.0
513.2,,30002.1,513.2,10.717,165,,10.717,23,2025-06-04 17:56:47,566533825.0,144560108.0
513.2,,30013.0,513.2,10.697,165,,10.697,23,2025-06-04 17:56:48,566534123.0,144558398.0
513.2,,30024.8,513.2,10.644,165,,10.644,23,2025-06-04 17:56:49,566534362.0,144556668.0
513.2,,30035.9,513.2,10.569,165,,10.569,23,2025-06-04 17:56:50,566534580.0,144554958.0
513.2,,30045.6,513.2,10.517,166,,10.517,23,2025-06-04 17:56:51,566534759.0,144553268.0
513.2,,30056.8,513.2,10.492,166,,10.492,23,2025-06-04 17:56:52,566534918.0,144551637.0
513.2,,30066.9,513.2,10.467,166,,10.467,23,2025-06-04 17:56:53,566535038.0,144550027.0
513.2,,30076.6,513.2,10.447,166,,10.447,23,2025-06-04 17:56:54,566535137.0,144548396.0
512.4,,30086.8,512.4,10.433,166,,10.433,23,2025-06-04 17:56:55,566535256.0,144546766.0
512.4,,30096.9,512.4,10.414,166,,10.414,23,2025-06-04 17:56:56,566535356.0,144545155.0
512.4,,30107.0,512.4,10.372,166,,10.372,23,2025-06-04 17:56:57,566535455.0,144543525.0
512.4,,30117.5,512.4,10.319,166,,10.319,23,2025-06-04 17:56:58,566535555.0,144541874.0
512.4,,30127.5,512.4,10.25,166,,10.25,23,2025-06-04 17:56:59,566535634.0,144540264.0
512.4,,30137.5,512.4,10.181,166,,10.181,23,2025-06-04 17:57:00,566535714.0,144538633.0
512.4,,30147.3,512.4,10.106,166,,10.106,23,2025-06-04 17:57:01,566535813.0,144537023.0
512.4,,30157.0,512.4,10.047,166,,10.047,23,2025-06-04 17:57:02,566535913.0,144535412.0
512.4,,30166.7,512.4,10.0,166,,10.0,23,2025-06-04 17:57:03,566535992.0,144533841.0
512.4,,30176.4,512.4,9.958,166,,9.958,23,2025-06-04 17:57:04,566536072.0,144532290.0
512.4,,30186.0,512.4,9.933,165,,9.933,23,2025-06-04 17:57:05,566536151.0,144530739.0
512.4,,30194.8,512.4,9.933,165,,9.933,23,2025-06-04 17:57:06,566536231.0,144529188.0
512.4,,30205.3,512.4,9.95,165,,9.95,23,2025-06-04 17:57:07,566536310.0,144527637.0
512.4,,30215.2,512.4,9.972,165,,9.972,23,2025-06-04 17:57:08,566536390.0,144526087.0
512.4,,30225.3,512.4,10.006,164,,10.006,23,2025-06-04 17:57:09,566536489.0,144524555.0
512.4,,30235.3,512.4,10.053,165,,10.053,23,2025-06-04 17:57:10,566536569.0,144523024.0
511.4,,30245.4,511.4,10.078,165,,10.078,23,2025-06-04 17:57:11,566536688.0,144521473.0
511.4,,30255.5,511.4,10.081,165,,10.081,23,2025-06-04 17:57:12,566536847.0,144519883.0
511.4,,30265.7,511.4,10.081,165,,10.081,23,2025-06-04 17:57:13,566537046.0,144518312.0
511.4,,30275.8,511.4,10.069,165,,10.069,23,2025-06-04 17:57:14,566537265.0,144516781.0
511.4,,30285.9,511.4,10.025,165,,10.025,23,2025-06-04 17:57:15,566537523.0,144515250.0
511.4,,30295.9,511.4,9.972,165,,9.972,23,2025-06-04 17:57:16,566537802.0,144513679.0
511.4,,30305.5,511.4,9.928,166,,9.928,23,2025-06-04 17:57:17,566538100.0,144512148.0
511.4,,30315.2,511.4,9.883,166,,9.883,23,2025-06-04 17:57:18,566538438.0,144510676.0
511.4,,30324.8,511.4,9.839,166,,9.839,23,2025-06-04 17:57:19,566538796.0,144509205.0
511.4,,30334.6,511.4,9.792,166,,9.792,23,2025-06-04 17:57:20,566539154.0,144507753.0
511.4,,30343.1,511.4,9.731,166,,9.731,23,2025-06-04 17:57:21,566539512.0,144506322.0
511.4,,30353.2,511.4,9.683,166,,9.683,23,2025-06-04 17:57:22,566539869.0,144504870.0
511.4,,30362.5,511.4,9.636,166,,9.636,23,2025-06-04 17:57:23,566540227.0,144503438.0
511.4,,30371.9,511.4,9.594,166,,9.594,23,2025-06-04 17:57:24,566540585.0,144502007.0
511.4,,30381.2,511.4,9.536,166,,9.536,23,2025-06-04 17:57:25,566540884.0,144500555.0
511.4,,30390.5,511.4,9.439,165,,9.439,23,2025-06-04 17:57:26,566541142.0,144499124.0
511.4,,30398.6,511.4,9.311,165,,9.311,23,2025-06-04 17:57:27,566541381.0,144497692.0
511.4,,30407.9,511.4,9.089,165,,9.089,23,2025-06-04 17:57:28,566541599.0,144496220.0
510.4,,30416.0,510.4,8.706,165,,8.706,23,2025-06-04 17:57:29,566541798.0,144494749.0
510.4,,30423.5,510.4,8.133,165,,8.133,23,2025-06-04 17:57:30,566541957.0,144493278.0
510.4,,30429.3,510.4,6.681,165,,6.681,23,2025-06-04 17:57:31,566542077.0,144491886.0
510.4,,30432.9,510.4,5.325,164,,5.325,23,2025-06-04 17:57:32,566542216.0,144490573.0
510.4,,30435.0,510.4,4.144,164,,4.144,23,2025-06-04 17:57:33,566542435.0,144489261.0
510.4,,30436.2,510.4,3.292,164,,3.292,23,2025-06-04 17:57:34,566542633.0,144488148.0
509.4,,30436.5,509.4,2.925,164,,2.925,23,2025-06-04 17:57:35,566542812.0,144487293.0
509.4,,30436.5,509.4,3.064,164,,3.064,23,2025-06-04 17:57:36,566542952.0,144486716.0
509.4,,30436.5,509.4,3.269,163,,3.269,23,2025-06-04 17:57:37,566543071.0,144486278.0
509.4,,30437.6,509.4,5.261,163,,5.261,23,2025-06-04 17:57:38,566543150.0,144485960.0
509.4,,30441.9,509.4,6.114,162,,6.114,23,2025-06-04 17:57:39,566543150.0,144485642.0
509.4,,30446.2,509.4,6.519,162,,6.519,23,2025-06-04 17:57:40,566542971.0,144485344.0
509.4,,30451.1,509.4,6.594,162,,6.594,23,2025-06-04 17:57:41,566542594.0,144485205.0
509.4,,30458.2,509.4,6.689,162,,6.689,23,2025-06-04 17:57:42,566542017.0,144485085.0
510.4,,30467.1,510.4,6.669,162,,6.669,23,2025-06-04 17:57:43,566541361.0,144484926.0
510.4,,30476.4,510.4,6.575,162,,6.575,23,2025-06-04 17:57:44,566540685.0,144484668.0
510.4,,30483.8,510.4,6.422,161,,6.422,23,2025-06-04 17:57:45,566540029.0,144484310.0
510.4,,30490.8,510.4,6.264,160,,6.264,23,2025-06-04 17:57:46,566539353.0,144483892.0
509.4,,30495.8,509.4,6.169,159,,6.169,23,2025-06-04 17:57:47,566538696.0,144483455.0
509.4,,30500.3,509.4,6.194,158,,6.194,23,2025-06-04 17:57:48,566538060.0,144482958.0
509.4,,30506.2,509.4,6.389,158,,6.389,23,2025-06-04 17:57:49,566537563.0,144482361.0
509.4,,30512.1,509.4,6.722,158,,6.722,23,2025-06-04 17:57:50,566537304.0,144481626.0
508.20000000000005,,30517.9,508.20000000000005,7.117,159,,7.117,23,2025-06-04 17:57:51,566537285.0,144480771.0
508.20000000000005,,30525.0,508.20000000000005,7.542,160,,7.542,23,2025-06-04 17:57:52,566537464.0,144479876.0
508.20000000000005,,30533.4,508.20000000000005,7.947,161,,7.947,23,2025-06-04 17:57:53,566537782.0,144478882.0
508.20000000000005,,30544.0,508.20000000000005,8.189,161,,8.189,23,2025-06-04 17:57:54,566538159.0,144477828.0
508.20000000000005,,30554.9,508.20000000000005,8.269,161,,8.269,23,2025-06-04 17:57:55,566538577.0,144476694.0
508.20000000000005,,30564.4,508.20000000000005,8.178,161,,8.178,23,2025-06-04 17:57:56,566539054.0,144475521.0
505.4,,30573.2,505.4,7.831,162,,7.831,23,2025-06-04 17:57:57,566539512.0,144474348.0
505.4,,30579.7,505.4,7.281,162,,7.281,23,2025-06-04 17:57:58,566539929.0,144472996.0
505.4,,30583.6,505.4,6.158,161,,6.158,23,2025-06-04 17:57:59,566540188.0,144471564.0
505.4,,30584.8,505.4,5.347,161,,5.347,23,2025-06-04 17:58:00,566540267.0,144470391.0
505.4,,30587.3,505.4,4.958,161,,4.958,23,2025-06-04 17:58:01,566540307.0,144469258.0
505.4,,30588.1,505.4,4.881,161,,4.881,23,2025-06-04 17:58:02,566540029.0,144468383.0
505.4,,30588.3,505.4,5.017,160,,5.017,23,2025-06-04 17:58:03,566539571.0,144468065.0
505.4,,30588.8,505.4,5.075,160,,5.075,23,2025-06-04 17:58:04,566539114.0,144468085.0
505.4,,30591.0,505.4,5.306,160,,5.306,23,2025-06-04 17:58:05,566538676.0,144468403.0
505.4,,30594.6,505.4,5.392,160,,5.392,23,2025-06-04 17:58:06,566538438.0,144468959.0
506.20000000000005,,30601.0,506.20000000000005,5.475,159,,5.475,23,2025-06-04 17:58:07,566538179.0,144469755.0
506.20000000000005,,30607.6,506.20000000000005,5.567,159,,5.567,23,2025-06-04 17:58:08,566537941.0,144470530.0
507.4,,30614.6,507.4,5.667,158,,5.667,23,2025-06-04 17:58:09,566537722.0,144471365.0
507.4,,30621.6,507.4,5.769,158,,5.769,23,2025-06-04 17:58:10,566537583.0,144472041.0
508.20000000000005,,30628.5,508.20000000000005,5.858,158,,5.858,23,2025-06-04 17:58:11,566537324.0,144473016.0
508.20000000000005,,30634.6,508.20000000000005,5.892,157,,5.892,23,2025-06-04 17:58:12,566537125.0,144473851.0
508.20000000000005,,30640.8,508.20000000000005,5.906,157,,5.906,23,2025-06-04 17:58:13,566536907.0,144474706.0
508.20000000000005,,30646.5,508.20000000000005,5.831,156,,5.831,23,2025-06-04 17:58:14,566536668.0,144475621.0
508.20000000000005,,30652.2,508.20000000000005,5.425,156,,5.425,23,2025-06-04 17:58:15,566536430.0,144476535.0
508.20000000000005,,30657.0,508.20000000000005,4.858,156,,4.858,23,2025-06-04 17:58:16,566536171.0,144477410.0
509.4,,30660.2,509.4,4.314,155,,4.314,23,2025-06-04 17:58:17,566535893.0,144478245.0
509.4,,30661.8,509.4,3.775,155,,3.775,23,2025-06-04 17:58:18,566535594.0,144478961.0
509.4,,30662.0,509.4,3.461,154,,3.461,23,2025-06-04 17:58:19,566535276.0,144479558.0
509.4,,30662.8,509.4,3.444,155,,3.444,23,2025-06-04 17:58:20,566534799.0,144480134.0
509.4,,30663.7,509.4,3.553,156,,3.553,23,2025-06-04 17:58:21,566534421.0,144480214.0
509.4,,30665.0,509.4,4.589,157,,4.589,23,2025-06-04 17:58:22,566534203.0,144479975.0
509.4,,30667.1,509.4,5.108,157,,5.108,23,2025-06-04 17:58:23,566534143.0,144479558.0
509.4,,30670.4,509.4,5.367,157,,5.367,23,2025-06-04 17:58:24,566534183.0,144479140.0
509.4,,30674.9,509.4,5.483,158,,5.483,23,2025-06-04 17:58:25,566534322.0,144478544.0
509.4,,30682.5,509.4,5.714,158,,5.714,24,2025-06-04 17:58:26,566534580.0,144477788.0
509.4,,30690.3,509.4,5.819,159,,5.819,24,2025-06-04 17:58:27,566534799.0,144477052.0
509.4,,30697.9,509.4,5.975,159,,5.975,24,2025-06-04 17:58:28,566535018.0,144476257.0
509.4,,30705.9,509.4,6.181,159,,6.181,24,2025-06-04 17:58:29,566535177.0,144475621.0
509.4,,30713.5,509.4,6.381,160,,6.381,24,2025-06-04 17:58:30,566535435.0,144474646.0
509.4,,30720.8,509.4,6.567,160,,6.567,24,2025-06-04 17:58:31,566535634.0,144473732.0
509.4,,30728.5,509.4,6.731,159,,6.731,24,2025-06-04 17:58:32,566535793.0,144472737.0
509.4,,30736.3,509.4,6.875,159,,6.875,24,2025-06-04 17:58:33,566535952.0,144471703.0
509.4,,30744.8,509.4,6.989,159,,6.989,24,2025-06-04 17:58:34,566536111.0,144470669.0
509.4,,30751.6,509.4,7.094,159,,7.094,24,2025-06-04 17:58:35,566536290.0,144469576.0
509.4,,30760.0,509.4,7.181,159,,7.181,24,2025-06-04 17:58:36,566536469.0,144468502.0
509.4,,30767.8,509.4,7.236,159,,7.236,24,2025-06-04 17:58:37,566536688.0,144467408.0
509.4,,30774.5,509.4,7.278,159,,7.278,24,2025-06-04 17:58:38,566536927.0,144466315.0
508.20000000000005,,30782.8,508.20000000000005,7.3,159,,7.3,24,2025-06-04 17:58:39,566537185.0,144465241.0
508.20000000000005,,30790.1,508.20000000000005,7.306,159,,7.306,24,2025-06-04 17:58:40,566537483.0,144464167.0
508.20000000000005,,30797.5,508.20000000000005,7.286,158,,7.286,24,2025-06-04 17:58:41,566537802.0,144463094.0
508.20000000000005,,30804.9,508.20000000000005,7.267,158,,7.267,24,2025-06-04 17:58:42,566538060.0,144462239.0
508.20000000000005,,30812.0,508.20000000000005,7.244,158,,7.244,24,2025-06-04 17:58:43,566538458.0,144461006.0
508.20000000000005,,30818.4,508.20000000000005,7.231,158,,7.231,24,2025-06-04 17:58:44,566538796.0,144459972.0
508.20000000000005,,30824.8,508.20000000000005,7.203,158,,7.203,24,2025-06-04 17:58:45,566539114.0,144458938.0
508.20000000000005,,30833.0,508.20000000000005,7.172,158,,7.172,24,2025-06-04 17:58:46,566539452.0,144457904.0
508.20000000000005,,30840.7,508.20000000000005,7.139,157,,7.139,24,2025-06-04 17:58:47,566539790.0,144456910.0
508.20000000000005,,30846.1,508.20000000000005,7.103,157,,7.103,24,2025-06-04 17:58:48,566540068.0,144456114.0
508.20000000000005,,30852.8,508.20000000000005,7.061,156,,7.061,24,2025-06-04 17:58:49,566540406.0,144455100.0
508.20000000000005,,30859.6,508.20000000000005,7.028,156,,7.028,24,2025-06-04 17:58:50,566540844.0,144453907.0
508.20000000000005,,30867.1,508.20000000000005,7.017,156,,7.017,24,2025-06-04 17:58:51,566541202.0,144452933.0
508.20000000000005,,30874.1,508.20000000000005,7.017,156,,7.017,24,2025-06-04 17:58:52,566541460.0,144452157.0
509.4,,30881.9,509.4,7.031,155,,7.031,24,2025-06-04 17:58:53,566541798.0,144451183.0
509.4,,30888.4,509.4,7.058,155,,7.058,24,2025-06-04 17:58:54,566542156.0,144450229.0
509.4,,30895.4,509.4,7.094,155,,7.094,24,2025-06-04 17:58:55,566542574.0,144449075.0
509.4,,30902.6,509.4,7.119,154,,7.119,24,2025-06-04 17:58:56,566542912.0,144448101.0
509.4,,30910.8,509.4,7.133,154,,7.133,24,2025-06-04 17:58:57,566543250.0,144447107.0
509.4,,30917.5,509.4,7.142,154,,7.142,24,2025-06-04 17:58:58,566543568.0,144446093.0
508.20000000000005,,30925.2,508.20000000000005,7.142,154,,7.142,24,2025-06-04 17:58:59,566543866.0,144445059.0
508.20000000000005,,30931.6,508.20000000000005,7.128,154,,7.128,24,2025-06-04 17:59:00,566544125.0,144443985.0
508.20000000000005,,30938.9,508.20000000000005,7.136,154,,7.136,24,2025-06-04 17:59:01,566544383.0,144442911.0
508.20000000000005,,30946.0,508.20000000000005,7.169,154,,7.169,24,2025-06-04 17:59:02,566544662.0,144441877.0
508.20000000000005,,30953.2,508.20000000000005,7.233,153,,7.233,24,2025-06-04 17:59:03,566544960.0,144440863.0
508.20000000000005,,30960.6,508.20000000000005,7.308,153,,7.308,24,2025-06-04 17:59:04,566545338.0,144439889.0
507.4,,30968.1,507.4,7.397,153,,7.397,24,2025-06-04 17:59:05,566545715.0,144438915.0
507.4,,30975.8,507.4,7.494,153,,7.494,24,2025-06-04 17:59:06,566546113.0,144437980.0
507.4,,30983.5,507.4,7.567,152,,7.567,24,2025-06-04 17:59:07,566546570.0,144437045.0
507.4,,30990.9,507.4,7.633,152,,7.633,24,2025-06-04 17:59:08,566547048.0,144436091.0
508.20000000000005,,30998.8,508.20000000000005,7.686,152,,7.686,24,2025-06-04 17:59:09,566547545.0,144435117.0
508.20000000000005,,31007.6,508.20000000000005,7.731,152,,7.731,24,2025-06-04 17:59:10,566548042.0,144434162.0
508.20000000000005,,31015.8,508.20000000000005,7.761,151,,7.761,24,2025-06-04 17:59:11,566548539.0,144433208.0
508.20000000000005,,31023.2,508.20000000000005,7.806,151,,7.806,24,2025-06-04 17:59:12,566549056.0,144432233.0
508.20000000000005,,31030.9,508.20000000000005,7.833,151,,7.833,24,2025-06-04 17:59:13,566549553.0,144431279.0
508.20000000000005,,31039.7,508.20000000000005,7.883,151,,7.883,24,2025-06-04 17:59:14,566550090.0,144430305.0
508.20000000000005,,31046.7,508.20000000000005,7.936,151,,7.936,24,2025-06-04 17:59:15,566550607.0,144429350.0
508.20000000000005,,31055.9,508.20000000000005,7.997,151,,7.997,24,2025-06-04 17:59:16,566551124.0,144428396.0
508.20000000000005,,31064.0,508.20000000000005,8.044,150,,8.044,24,2025-06-04 17:59:17,566551661.0,144427441.0
508.20000000000005,,31072.3,508.20000000000005,8.092,150,,8.092,24,2025-06-04 17:59:18,566552198.0,144426467.0
508.20000000000005,,31080.5,508.20000000000005,8.142,149,,8.142,24,2025-06-04 17:59:19,566552615.0,144425672.0
508.20000000000005,,31088.0,508.20000000000005,8.2,149,,8.2,24,2025-06-04 17:59:20,566553271.0,144424459.0
508.20000000000005,,31097.4,508.20000000000005,8.258,148,,8.258,24,2025-06-04 17:59:21,566553808.0,144423465.0
508.20000000000005,,31106.0,508.20000000000005,8.325,148,,8.325,24,2025-06-04 17:59:22,566554345.0,144422431.0
508.20000000000005,,31114.8,508.20000000000005,8.397,148,,8.397,24,2025-06-04 17:59:23,566554862.0,144421416.0
508.20000000000005,,31124.3,508.20000000000005,8.45,148,,8.45,24,2025-06-04 17:59:24,566555280.0,144420581.0
508.20000000000005,,31132.2,508.20000000000005,8.486,148,,8.486,24,2025-06-04 17:59:25,566555916.0,144419289.0
508.20000000000005,,31141.0,508.20000000000005,8.522,148,,8.522,24,2025-06-04 17:59:26,566556453.0,144418215.0
508.20000000000005,,31149.5,508.20000000000005,8.556,148,,8.556,24,2025-06-04 17:59:27,566556990.0,144417122.0
508.20000000000005,,31158.7,508.20000000000005,8.578,148,,8.578,24,2025-06-04 17:59:28,566557507.0,144416028.0
508.20000000000005,,31168.3,508.20000000000005,8.606,148,,8.606,24,2025-06-04 17:59:29,566558044.0,144414914.0
508.20000000000005,,31176.0,508.20000000000005,8.644,148,,8.644,24,2025-06-04 17:59:30,566558561.0,144413821.0
508.20000000000005,,31184.9,508.20000000000005,8.678,148,,8.678,24,2025-06-04 17:59:31,566559078.0,144412727.0
508.20000000000005,,31193.6,508.20000000000005,8.711,148,,8.711,24,2025-06-04 17:59:32,566559595.0,144411574.0
507.4,,31201.5,507.4,8.753,148,,8.753,24,2025-06-04 17:59:33,566560131.0,144410480.0
507.4,,31211.1,507.4,8.789,149,,8.789,24,2025-06-04 17:59:34,566560648.0,144409347.0
507.4,,31220.1,507.4,8.819,149,,8.819,24,2025-06-04 17:59:35,566561185.0,144408233.0
507.4,,31228.9,507.4,8.844,148,,8.844,24,2025-06-04 17:59:36,566561722.0,144407100.0
507.4,,31238.0,507.4,8.878,148,,8.878,24,2025-06-04 17:59:37,566562160.0,144406185.0
507.4,,31247.1,507.4,8.922,148,,8.922,24,2025-06-04 17:59:38,566562836.0,144404873.0
507.4,,31256.1,507.4,8.983,148,,8.983,24,2025-06-04 17:59:39,566563372.0,144403700.0
507.4,,31265.6,507.4,9.067,148,,9.067,24,2025-06-04 17:59:40,566563929.0,144402586.0
507.4,,31275.0,507.4,9.158,148,,9.158,24,2025-06-04 17:59:41,566564506.0,144401473.0
507.4,,31284.3,507.4,9.231,148,,9.231,24,2025-06-04 17:59:42,566565083.0,144400359.0
507.4,,31293.9,507.4,9.281,148,,9.281,24,2025-06-04 17:59:43,566565679.0,144399246.0
507.4,,31303.3,507.4,9.322,148,,9.322,24,2025-06-04 17:59:44,566566295.0,144398092.0
507.4,,31312.8,507.4,9.369,148,,9.369,24,2025-06-04 17:59:45,566566892.0,144396919.0
507.4,,31322.5,507.4,9.45,148,,9.45,24,2025-06-04 17:59:46,566567389.0,144395965.0
506.20000000000005,,31332.4,506.20000000000005,9.589,148,,9.589,24,2025-06-04 17:59:47,566568105.0,144394533.0
506.20000000000005,,31342.6,506.20000000000005,9.786,148,,9.786,24,2025-06-04 17:59:48,566568662.0,144393340.0
505.4,,31353.0,505.4,10.072,148,,10.072,24,2025-06-04 17:59:49,566569218.0,144392127.0
505.4,,31364.3,505.4,10.428,148,,10.428,24,2025-06-04 17:59:50,566569716.0,144390835.0
504.20000000000005,,31376.9,504.20000000000005,10.836,148,,10.836,24,2025-06-04 17:59:51,566570173.0,144389443.0
504.20000000000005,,31387.0,504.20000000000005,11.289,148,,11.289,24,2025-06-04 17:59:52,566570551.0,144387932.0
504.20000000000005,,31401.6,504.20000000000005,11.764,148,,11.764,24,2025-06-04 17:59:53,566570968.0,144386381.0
504.20000000000005,,31415.1,504.20000000000005,12.217,150,,12.217,24,2025-06-04 17:59:54,566571386.0,144384770.0
503.4,,31428.9,503.4,12.633,150,,12.633,24,2025-06-04 17:59:55,566571843.0,144383020.0
503.4,,31445.0,503.4,12.972,151,,12.972,24,2025-06-04 17:59:56,566572201.0,144381549.0
502.4,,31458.7,502.4,13.189,153,,13.189,24,2025-06-04 17:59:57,566572758.0,144379262.0
502.4,,31475.0,502.4,13.272,153,,13.272,24,2025-06-04 17:59:58,566573255.0,144377294.0
502.4,,31489.2,502.4,13.231,155,,13.231,24,2025-06-04 17:59:59,566573653.0,144375683.0
502.4,,31501.8,502.4,13.067,156,,13.067,24,2025-06-04 18:00:00,566574269.0,144373217.0
502.4,,31516.5,502.4,12.828,157,,12.828,24,2025-06-04 18:00:01,566574627.0,144371527.0
502.4,,31527.1,502.4,12.564,159,,12.564,24,2025-06-04 18:00:02,566574985.0,144369002.0
502.4,,31537.1,502.4,12.306,160,,12.306,24,2025-06-04 18:00:03,566575025.0,144366954.0
502.4,,31549.9,502.4,12.136,161,,12.136,24,2025-06-04 18:00:04,566574866.0,144365005.0
502.4,,31557.7,502.4,11.994,161,,11.994,24,2025-06-04 18:00:05,566574488.0,144363156.0
502.4,,31570.4,502.4,11.844,162,,11.844,24,2025-06-04 18:00:06,566573971.0,144361466.0
502.4,,31579.5,502.4,11.653,163,,11.653,24,2025-06-04 18:00:07,566573315.0,144359915.0
502.4,,31589.7,502.4,11.458,164,,11.458,24,2025-06-04 18:00:08,566572579.0,144358483.0
502.4,,31599.6,502.4,11.186,165,,11.186,24,2025-06-04 18:00:09,566571823.0,144357111.0
502.4,,31609.6,502.4,10.897,166,,10.897,24,2025-06-04 18:00:10,566570829.0,144355819.0
501.20000000000005,,31619.4,501.20000000000005,10.619,166,,10.619,24,2025-06-04 18:00:11,566569934.0,144354606.0
501.20000000000005,,31628.9,501.20000000000005,10.383,166,,10.383,24,2025-06-04 18:00:12,566569059.0,144353512.0
501.20000000000005,,31638.2,501.20000000000005,10.156,166,,10.156,24,2025-06-04 18:00:13,566568264.0,144352458.0
501.20000000000005,,31647.1,501.20000000000005,9.933,166,,9.933,24,2025-06-04 18:00:14,566567469.0,144351365.0
501.20000000000005,,31653.6,501.20000000000005,9.725,166,,9.725,24,2025-06-04 18:00:15,566566653.0,144350311.0
501.20000000000005,,31663.2,501.20000000000005,9.547,166,,9.547,24,2025-06-04 18:00:16,566565838.0,144349356.0
501.20000000000005,,31671.6,501.20000000000005,9.383,165,,9.383,24,2025-06-04 18:00:17,566565083.0,144348362.0
501.20000000000005,,31679.5,501.20000000000005,9.231,165,,9.231,24,2025-06-04 18:00:18,566564347.0,144347368.0
501.20000000000005,,31688.5,501.20000000000005,9.083,165,,9.083,24,2025-06-04 18:00:19,566563770.0,144346593.0
501.20000000000005,,31696.7,501.20000000000005,8.953,165,,8.953,24,2025-06-04 18:00:20,566562915.0,144345419.0
500.4,,31704.8,500.4,8.831,165,,8.831,24,2025-06-04 18:00:21,566562219.0,144344465.0
500.4,,31713.0,500.4,8.736,165,,8.736,24,2025-06-04 18:00:22,566561503.0,144343530.0
500.4,,31721.0,500.4,8.653,165,,8.653,24,2025-06-04 18:00:23,566560807.0,144342636.0
500.4,,31729.1,500.4,8.586,165,,8.586,24,2025-06-04 18:00:24,566560092.0,144341801.0
500.4,,31737.1,500.4,8.522,165,,8.522,24,2025-06-04 18:00:25,566559396.0,144340965.0
500.4,,31745.2,500.4,8.444,165,,8.444,24,2025-06-04 18:00:26,566558700.0,144340110.0
500.4,,31752.9,500.4,8.364,166,,8.364,24,2025-06-04 18:00:27,566558024.0,144339235.0
500.4,,31760.6,500.4,8.269,166,,8.269,24,2025-06-04 18:00:28,566557487.0,144338520.0
501.20000000000005,,31768.3,501.20000000000005,8.178,166,,8.178,24,2025-06-04 18:00:29,566556751.0,144337386.0
501.20000000000005,,31775.1,501.20000000000005,8.083,166,,8.083,24,2025-06-04 18:00:30,566556214.0,144336352.0
502.4,,31783.3,502.4,7.997,165,,7.997,24,2025-06-04 18:00:31,566555757.0,144335259.0
502.4,,31790.6,502.4,7.917,165,,7.917,24,2025-06-04 18:00:32,566555399.0,144334125.0
502.4,,31797.3,502.4,7.844,165,,7.844,24,2025-06-04 18:00:33,566555081.0,144332952.0
502.4,,31805.2,502.4,7.769,165,,7.769,24,2025-06-04 18:00:34,566554902.0,144332018.0
502.4,,31812.6,502.4,7.719,165,,7.719,24,2025-06-04 18:00:35,566554643.0,144330586.0
502.4,,31819.9,502.4,7.686,165,,7.686,24,2025-06-04 18:00:36,566554464.0,144329413.0
502.4,,31827.5,502.4,7.667,165,,7.667,24,2025-06-04 18:00:37,566554305.0,144328478.0
502.4,,31834.7,502.4,7.669,164,,7.669,24,2025-06-04 18:00:38,566554087.0,144327066.0
502.4,,31843.4,502.4,7.706,164,,7.706,24,2025-06-04 18:00:39,566553928.0,144325913.0
502.4,,31850.3,502.4,7.733,164,,7.733,24,2025-06-04 18:00:40,566553788.0,144324760.0
502.4,,31857.2,502.4,7.772,164,,7.772,24,2025-06-04 18:00:41,566553669.0,144323567.0
502.4,,31865.6,502.4,7.819,164,,7.819,24,2025-06-04 18:00:42,566553550.0,144322374.0
502.4,,31873.5,502.4,7.858,163,,7.858,24,2025-06-04 18:00:43,566553450.0,144321161.0
502.4,,31880.7,502.4,7.883,163,,7.883,24,2025-06-04 18:00:44,566553351.0,144319948.0
502.4,,31888.5,502.4,7.933,163,,7.933,24,2025-06-04 18:00:45,566553271.0,144318954.0
502.4,,31896.3,502.4,7.983,162,,7.983,24,2025-06-04 18:00:46,566553172.0,144317741.0
502.4,,31904.5,502.4,8.039,162,,8.039,24,2025-06-04 18:00:47,566553053.0,144316249.0
502.4,,31912.3,502.4,8.114,162,,8.114,24,2025-06-04 18:00:48,566552973.0,144315235.0
502.4,,31922.0,502.4,8.206,161,,8.206,24,2025-06-04 18:00:49,566552933.0,144314003.0
502.4,,31930.4,502.4,8.297,161,,8.297,24,2025-06-04 18:00:50,566552953.0,144312750.0
502.4,,31939.0,502.4,8.381,161,,8.381,24,2025-06-04 18:00:51,566553033.0,144311457.0
502.4,,31947.0,502.4,8.472,161,,8.472,24,2025-06-04 18:00:52,566553132.0,144310165.0
502.4,,31956.6,502.4,8.564,161,,8.564,24,2025-06-04 18:00:53,566553271.0,144308594.0
502.4,,31965.6,502.4,8.661,161,,8.661,24,2025-06-04 18:00:54,566553391.0,144307540.0
502.4,,31974.9,502.4,8.753,161,,8.753,24,2025-06-04 18:00:55,566553550.0,144306208.0
502.4,,31984.1,502.4,8.853,161,,8.853,24,2025-06-04 18:00:56,566553689.0,144304856.0
502.4,,31993.3,502.4,8.961,161,,8.961,24,2025-06-04 18:00:57,566553868.0,144303524.0
502.4,,32002.0,502.4,9.075,160,,9.075,24,2025-06-04 18:00:58,566554047.0,144302152.0
502.4,,32012.4,502.4,9.178,159,,9.178,24,2025-06-04 18:00:59,566554226.0,144300760.0
502.4,,32022.2,502.4,9.281,159,,9.281,24,2025-06-04 18:01:00,566554385.0,144299348.0
502.4,,32032.0,502.4,9.383,159,,9.383,24,2025-06-04 18:01:01,566554564.0,144297936.0
502.4,,32043.1,502.4,9.467,159,,9.467,24,2025-06-04 18:01:02,566554723.0,144296505.0
502.4,,32053.0,502.4,9.533,158,,9.533,24,2025-06-04 18:01:03,566554902.0,144295033.0
502.4,,32063.6,502.4,9.608,158,,9.608,24,2025-06-04 18:01:04,566555081.0,144293542.0
502.4,,32073.9,502.4,9.681,158,,9.681,24,2025-06-04 18:01:05,566555260.0,144292070.0
502.4,,32084.2,502.4,9.742,159,,9.742,24,2025-06-04 18:01:06,566555459.0,144290281.0
502.4,,32094.6,502.4,9.8,160,,9.8,24,2025-06-04 18:01:07,566555638.0,144288770.0
502.4,,32104.7,502.4,9.85,160,,9.85,24,2025-06-04 18:01:08,566555797.0,144287258.0
502.4,,32113.7,502.4,9.914,161,,9.914,24,2025-06-04 18:01:09,566555976.0,144285747.0
502.4,,32124.9,502.4,9.978,161,,9.978,24,2025-06-04 18:01:10,566556135.0,144284196.0
502.4,,32134.3,502.4,10.044,162,,10.044,24,2025-06-04 18:01:11,566556353.0,144282665.0
500.4,,32143.8,500.4,10.117,162,,10.117,24,2025-06-04 18:01:12,566556552.0,144281134.0
500.4,,32154.9,500.4,10.194,163,,10.194,24,2025-06-04 18:01:13,566556711.0,144279901.0
499.20000000000005,,32164.4,499.20000000000005,10.239,163,,10.239,24,2025-06-04 18:01:14,566556930.0,144278052.0
499.20000000000005,,32175.9,499.20000000000005,10.258,163,,10.258,24,2025-06-04 18:01:15,566557129.0,144276442.0
499.20000000000005,,32186.4,499.20000000000005,10.25,162,,10.25,24,2025-06-04 18:01:16,566557308.0,144274851.0
499.20000000000005,,32196.7,499.20000000000005,10.231,162,,10.231,24,2025-06-04 18:01:17,566557447.0,144273240.0
499.20000000000005,,32207.7,499.20000000000005,10.203,162,,10.203,24,2025-06-04 18:01:18,566557566.0,144271948.0
499.20000000000005,,32217.3,499.20000000000005,10.186,162,,10.186,24,2025-06-04 18:01:19,566557745.0,144269999.0
499.20000000000005,,32227.4,499.20000000000005,10.178,161,,10.178,24,2025-06-04 18:01:20,566557904.0,144268408.0
499.20000000000005,,32237.6,499.20000000000005,10.194,161,,10.194,24,2025-06-04 18:01:21,566558063.0,144266838.0
499.20000000000005,,32247.8,499.20000000000005,10.222,161,,10.222,24,2025-06-04 18:01:22,566558203.0,144265287.0
499.20000000000005,,32259.0,499.20000000000005,10.253,161,,10.253,24,2025-06-04 18:01:23,566558362.0,144263716.0
499.20000000000005,,32268.2,499.20000000000005,10.269,161,,10.269,24,2025-06-04 18:01:24,566558501.0,144262125.0
499.20000000000005,,32278.5,499.20000000000005,10.3,161,,10.3,24,2025-06-04 18:01:25,566558600.0,144260514.0
498.4,,32288.8,498.4,10.344,161,,10.344,24,2025-06-04 18:01:26,566558720.0,144258924.0
498.4,,32298.5,498.4,10.392,161,,10.392,24,2025-06-04 18:01:27,566558819.0,144257313.0
498.4,,32308.8,498.4,10.453,161,,10.453,24,2025-06-04 18:01:28,566558879.0,144255683.0
498.4,,32320.3,498.4,10.556,161,,10.556,24,2025-06-04 18:01:29,566558978.0,144254052.0
498.4,,32331.4,498.4,10.667,161,,10.667,24,2025-06-04 18:01:30,566559078.0,144252461.0
498.4,,32342.5,498.4,10.775,161,,10.775,24,2025-06-04 18:01:31,566559177.0,144250811.0
499.20000000000005,,32353.8,499.20000000000005,10.881,161,,10.881,23,2025-06-04 18:01:32,566559256.0,144249479.0
499.20000000000005,,32365.0,499.20000000000005,10.992,160,,10.992,23,2025-06-04 18:01:33,566559336.0,144247470.0
499.20000000000005,,32376.6,499.20000000000005,11.092,160,,11.092,23,2025-06-04 18:01:34,566559416.0,144245760.0
499.20000000000005,,32388.5,499.20000000000005,11.194,160,,11.194,23,2025-06-04 18:01:35,566559515.0,144244010.0
499.20000000000005,,32400.4,499.20000000000005,11.294,160,,11.294,23,2025-06-04 18:01:36,566559595.0,144242261.0
499.20000000000005,,32413.3,499.20000000000005,11.397,160,,11.397,23,2025-06-04 18:01:37,566559694.0,144240511.0
500.4,,32424.3,500.4,11.481,160,,11.481,23,2025-06-04 18:01:38,566559774.0,144238761.0
500.4,,32436.1,500.4,11.556,160,,11.556,23,2025-06-04 18:01:39,566559833.0,144236952.0
500.4,,32446.6,500.4,11.608,160,,11.608,23,2025-06-04 18:01:40,566559893.0,144235142.0
500.4,,32458.1,500.4,11.644,161,,11.644,23,2025-06-04 18:01:41,566560012.0,144233313.0
500.4,,32469.5,500.4,11.669,161,,11.669,23,2025-06-04 18:01:42,566560092.0,144231483.0
500.4,,32481.3,500.4,11.678,162,,11.678,23,2025-06-04 18:01:43,566560191.0,144229654.0
500.4,,32492.7,500.4,11.653,162,,11.653,23,2025-06-04 18:01:44,566560271.0,144228183.0
500.4,,32504.0,500.4,11.611,163,,11.611,23,2025-06-04 18:01:45,566560370.0,144226334.0
500.4,,32515.2,500.4,11.569,163,,11.569,23,2025-06-04 18:01:46,566560469.0,144224504.0
500.4,,32526.6,500.4,11.525,164,,11.525,23,2025-06-04 18:01:47,566560569.0,144222675.0
500.4,,32539.1,500.4,11.5,164,,11.5,23,2025-06-04 18:01:48,566560668.0,144220846.0
500.4,,32552.0,500.4,11.497,164,,11.497,23,2025-06-04 18:01:49,566560768.0,144219036.0
500.4,,32563.7,500.4,11.506,165,,11.506,23,2025-06-04 18:01:50,566560867.0,144217266.0
500.4,,32575.3,500.4,11.506,165,,11.506,23,2025-06-04 18:01:51,566560986.0,144215497.0
500.4,,32585.7,500.4,11.506,165,,11.506,23,2025-06-04 18:01:52,566561106.0,144213349.0
500.4,,32598.3,500.4,11.494,165,,11.494,23,2025-06-04 18:01:53,566561205.0,144211560.0
500.4,,32609.8,500.4,11.492,165,,11.492,23,2025-06-04 18:01:54,566561305.0,144209730.0
500.4,,32621.4,500.4,11.478,166,,11.478,23,2025-06-04 18:01:55,566561404.0,144207921.0
500.4,,32633.2,500.4,11.464,166,,11.464,23,2025-06-04 18:01:56,566561503.0,144206489.0
500.4,,32643.2,500.4,11.464,166,,11.464,23,2025-06-04 18:01:57,566561623.0,144204362.0
500.4,,32654.7,500.4,11.453,166,,11.453,23,2025-06-04 18:01:58,566561722.0,144202572.0
500.4,,32664.7,500.4,11.428,167,,11.428,24,2025-06-04 18:01:59,566561841.0,144200763.0
500.4,,32675.8,500.4,11.4,167,,11.4,24,2025-06-04 18:02:00,566561961.0,144198953.0
500.4,,32689.3,500.4,11.389,167,,11.389,24,2025-06-04 18:02:01,566562020.0,144197183.0
500.4,,32699.4,500.4,11.364,168,,11.364,24,2025-06-04 18:02:02,566562060.0,144195414.0
500.4,,32709.9,500.4,11.364,168,,11.364,24,2025-06-04 18:02:03,566562060.0,144193962.0
500.4,,32721.8,500.4,11.383,168,,11.383,24,2025-06-04 18:02:04,566562060.0,144192173.0
500.4,,32733.4,500.4,11.422,168,,11.422,24,2025-06-04 18:02:05,566562100.0,144190045.0
500.4,,32744.2,500.4,11.464,168,,11.464,24,2025-06-04 18:02:06,566562120.0,144188295.0
500.4,,32756.8,500.4,11.517,168,,11.517,24,2025-06-04 18:02:07,566562120.0,144186506.0
499.20000000000005,,32769.6,499.20000000000005,11.553,168,,11.553,24,2025-06-04 18:02:08,566562080.0,144184736.0
499.20000000000005,,32781.1,499.20000000000005,11.592,168,,11.592,24,2025-06-04 18:02:09,566562040.0,144182907.0
498.4,,32792.0,498.4,11.636,168,,11.636,24,2025-06-04 18:02:10,566562000.0,144181077.0
498.4,,32803.9,498.4,11.681,169,,11.681,24,2025-06-04 18:02:11,566561961.0,144179268.0
498.4,,32815.4,498.4,11.728,169,,11.728,24,2025-06-04 18:02:12,566561941.0,144177438.0
498.4,,32827.9,498.4,11.761,170,,11.761,24,2025-06-04 18:02:13,566561901.0,144175609.0
498.4,,32839.6,498.4,11.778,171,,11.778,24,2025-06-04 18:02:14,566561861.0,144173780.0
498.4,,32851.5,498.4,11.789,171,,11.789,24,2025-06-04 18:02:15,566561822.0,144171911.0
498.4,,32863.4,498.4,11.767,171,,11.767,24,2025-06-04 18:02:16,566561802.0,144170062.0
498.4,,32875.3,498.4,11.706,171,,11.706,24,2025-06-04 18:02:17,566561782.0,144168192.0
498.4,,32886.7,498.4,11.619,172,,11.619,24,2025-06-04 18:02:18,566561742.0,144166323.0
498.4,,32897.9,498.4,11.5,172,,11.5,24,2025-06-04 18:02:19,566561702.0,144164494.0
498.4,,32908.9,498.4,11.356,172,,11.356,24,2025-06-04 18:02:20,566561643.0,144162645.0
498.4,,32918.5,498.4,11.194,172,,11.194,24,2025-06-04 18:02:21,566561603.0,144160795.0
499.20000000000005,,32928.7,499.20000000000005,11.006,172,,11.006,24,2025-06-04 18:02:22,566561543.0,144159006.0
499.20000000000005,,32938.5,499.20000000000005,10.808,173,,10.808,24,2025-06-04 18:02:23,566561464.0,144157256.0
499.20000000000005,,32947.6,499.20000000000005,10.608,173,,10.608,24,2025-06-04 18:02:24,566561384.0,144155546.0
499.20000000000005,,32957.8,499.20000000000005,10.386,173,,10.386,24,2025-06-04 18:02:25,566561325.0,144153856.0
499.20000000000005,,32965.4,499.20000000000005,10.172,172,,10.172,24,2025-06-04 18:02:26,566561245.0,144152504.0
499.20000000000005,,32973.7,499.20000000000005,9.964,172,,9.964,24,2025-06-04 18:02:27,566561066.0,144150893.0
499.20000000000005,,32982.4,499.20000000000005,9.747,172,,9.747,24,2025-06-04 18:02:28,566560768.0,144149402.0
499.20000000000005,,32990.5,499.20000000000005,9.494,172,,9.494,24,2025-06-04 18:02:29,566560191.0,144147752.0
500.4,,32998.2,500.4,9.203,172,,9.203,24,2025-06-04 18:02:30,566559714.0,144146757.0
500.4,,33006.6,500.4,8.872,171,,8.872,24,2025-06-04 18:02:31,566559097.0,144145584.0
500.4,,33013.7,500.4,8.517,170,,8.517,24,2025-06-04 18:02:32,566558461.0,144144451.0
500.4,,33020.3,500.4,8.153,170,,8.153,24,2025-06-04 18:02:33,566557865.0,144143357.0
501.20000000000005,,33026.1,501.20000000000005,7.825,169,,7.825,24,2025-06-04 18:02:34,566557248.0,144142343.0
501.20000000000005,,33033.0,501.20000000000005,7.533,170,,7.533,24,2025-06-04 18:02:35,566556612.0,144141508.0
501.20000000000005,,33038.3,501.20000000000005,7.286,169,,7.286,24,2025-06-04 18:02:36,566555996.0,144140752.0
501.20000000000005,,33045.2,501.20000000000005,7.097,168,,7.097,24,2025-06-04 18:02:37,566555359.0,144140096.0
501.20000000000005,,33050.9,501.20000000000005,6.964,168,,6.964,24,2025-06-04 18:02:38,566554743.0,144139520.0
501.20000000000005,,33056.8,501.20000000000005,6.869,167,,6.869,24,2025-06-04 18:02:39,566554126.0,144138983.0
501.20000000000005,,33063.0,501.20000000000005,6.833,167,,6.833,24,2025-06-04 18:02:40,566553490.0,144138466.0
501.20000000000005,,33068.7,501.20000000000005,6.814,167,,6.814,24,2025-06-04 18:02:41,566552794.0,144137810.0
501.20000000000005,,33075.9,501.20000000000005,6.819,167,,6.819,24,2025-06-04 18:02:42,566552218.0,144137213.0
501.20000000000005,,33082.0,501.20000000000005,6.836,168,,6.836,24,2025-06-04 18:02:43,566551661.0,144136597.0
501.20000000000005,,33089.5,501.20000000000005,6.867,168,,6.867,24,2025-06-04 18:02:44,566551084.0,144135960.0
501.20000000000005,,33096.3,501.20000000000005,6.9,167,,6.9,24,2025-06-04 18:02:45,566550627.0,144135443.0
501.20000000000005,,33102.2,501.20000000000005,6.936,167,,6.936,24,2025-06-04 18:02:46,566549911.0,144134668.0
501.20000000000005,,33110.0,501.20000000000005,6.981,167,,6.981,24,2025-06-04 18:02:47,566549454.0,144134151.0
501.20000000000005,,33116.4,501.20000000000005,7.017,166,,7.017,24,2025-06-04 18:02:48,566548758.0,144133375.0
501.20000000000005,,33123.5,501.20000000000005,7.047,167,,7.047,24,2025-06-04 18:02:49,566548161.0,144132719.0
501.20000000000005,,33132.2,501.20000000000005,7.069,167,,7.069,24,2025-06-04 18:02:50,566547664.0,144132222.0
501.20000000000005,,33138.2,501.20000000000005,7.089,166,,7.089,24,2025-06-04 18:02:51,566546889.0,144131506.0
500.4,,33146.6,500.4,7.114,165,,7.114,24,2025-06-04 18:02:52,566546372.0,144131069.0
500.4,,33153.3,500.4,7.133,165,,7.133,24,2025-06-04 18:02:53,566545696.0,144130572.0
500.4,,33160.5,500.4,7.147,164,,7.147,24,2025-06-04 18:02:54,566544860.0,144130035.0
500.4,,33168.2,500.4,7.136,163,,7.136,24,2025-06-04 18:02:55,566544145.0,144129677.0
500.4,,33173.7,500.4,7.114,163,,7.114,24,2025-06-04 18:02:56,566543409.0,144129379.0
500.4,,33181.8,500.4,7.067,163,,7.067,24,2025-06-04 18:02:57,566542673.0,144129160.0
500.4,,33188.6,500.4,7.025,163,,7.025,24,2025-06-04 18:02:58,566541898.0,144129080.0
500.4,,33194.5,500.4,6.986,163,,6.986,24,2025-06-04 18:02:59,566541142.0,144129180.0
501.20000000000005,,33201.0,501.20000000000005,6.967,163,,6.967,24,2025-06-04 18:03:00,566540546.0,144129359.0
501.20000000000005,,33207.8,501.20000000000005,6.967,162,,6.967,24,2025-06-04 18:03:01,566539710.0,144129717.0
501.20000000000005,,33214.7,501.20000000000005,6.981,162,,6.981,24,2025-06-04 18:03:02,566539034.0,144130094.0
501.20000000000005,,33221.5,501.20000000000005,6.994,162,,6.994,24,2025-06-04 18:03:03,566538378.0,144130552.0
501.20000000000005,,33227.7,501.20000000000005,7.0,162,,7.0,24,2025-06-04 18:03:04,566537742.0,144131109.0
501.20000000000005,,33235.9,501.20000000000005,6.958,162,,6.958,24,2025-06-04 18:03:05,566537125.0,144131725.0
501.20000000000005,,33241.6,501.20000000000005,6.9,161,,6.9,24,2025-06-04 18:03:06,566536509.0,144132341.0
501.20000000000005,,33248.7,501.20000000000005,6.847,160,,6.847,24,2025-06-04 18:03:07,566535913.0,144132997.0
501.20000000000005,,33254.6,501.20000000000005,6.797,158,,6.797,24,2025-06-04 18:03:08,566535435.0,144133534.0
501.20000000000005,,33261.2,501.20000000000005,6.75,157,,6.75,24,2025-06-04 18:03:09,566534720.0,144134330.0
501.20000000000005,,33268.5,501.20000000000005,6.756,156,,6.756,24,2025-06-04 18:03:10,566534143.0,144135006.0
501.20000000000005,,33275.1,501.20000000000005,6.811,155,,6.811,24,2025-06-04 18:03:11,566533626.0,144135622.0
501.20000000000005,,33281.3,501.20000000000005,6.831,154,,6.831,24,2025-06-04 18:03:12,566533208.0,144136159.0
501.20000000000005,,33288.6,501.20000000000005,6.8,154,,6.8,24,2025-06-04 18:03:13,566532652.0,144136855.0
501.20000000000005,,33294.1,501.20000000000005,6.744,153,,6.744,24,2025-06-04 18:03:14,566531976.0,144137670.0
501.20000000000005,,33299.7,501.20000000000005,6.658,152,,6.658,24,2025-06-04 18:03:15,566531419.0,144138326.0
501.20000000000005,,33306.6,501.20000000000005,6.5,151,,6.5,24,2025-06-04 18:03:16,566530862.0,144139022.0
501.20000000000005,,33313.3,501.20000000000005,6.35,150,,6.35,24,2025-06-04 18:03:17,566530444.0,144139718.0
501.20000000000005,,33318.8,501.20000000000005,6.219,150,,6.219,24,2025-06-04 18:03:18,566530106.0,144140613.0
501.20000000000005,,33323.2,501.20000000000005,6.094,149,,6.094,24,2025-06-04 18:03:19,566529967.0,144141548.0
502.4,,33328.2,502.4,5.956,148,,5.956,24,2025-06-04 18:03:20,566529888.0,144142701.0
502.4,,33333.1,502.4,5.85,148,,5.85,24,2025-06-04 18:03:21,566529848.0,144143655.0
502.4,,33339.0,502.4,5.731,148,,5.731,24,2025-06-04 18:03:22,566529729.0,144144550.0
502.4,,33344.1,502.4,5.575,147,,5.575,24,2025-06-04 18:03:23,566529470.0,144145385.0
502.4,,33348.4,502.4,5.233,147,,5.233,24,2025-06-04 18:03:24,566529112.0,144146101.0
502.4,,33350.8,502.4,4.961,147,,4.961,24,2025-06-04 18:03:25,566528695.0,144146718.0
502.4,,33354.1,502.4,4.806,147,,4.806,24,2025-06-04 18:03:26,566528257.0,144147235.0
502.4,,33357.5,502.4,4.717,147,,4.717,24,2025-06-04 18:03:27,566527760.0,144147732.0
502.4,,33361.3,502.4,4.775,147,,4.775,24,2025-06-04 18:03:28,566527263.0,144148050.0
502.4,,33364.9,502.4,4.894,148,,4.894,24,2025-06-04 18:03:29,566526885.0,144148090.0
501.20000000000005,,33368.2,501.20000000000005,5.106,148,,5.106,24,2025-06-04 18:03:30,566526428.0,144147871.0
501.20000000000005,,33372.4,501.20000000000005,5.178,148,,5.178,24,2025-06-04 18:03:31,566526030.0,144147354.0
501.20000000000005,,33376.7,501.20000000000005,5.283,148,,5.283,24,2025-06-04 18:03:32,566525752.0,144146638.0
501.20000000000005,,33382.0,501.20000000000005,5.4,148,,5.4,24,2025-06-04 18:03:33,566525533.0,144145942.0
501.20000000000005,,33388.7,501.20000000000005,5.528,148,,5.528,24,2025-06-04 18:03:34,566525354.0,144145167.0
501.20000000000005,,33395.8,501.20000000000005,5.661,148,,5.661,24,2025-06-04 18:03:35,566525235.0,144144331.0
501.20000000000005,,33402.1,501.20000000000005,5.811,147,,5.811,24,2025-06-04 18:03:36,566525155.0,144143457.0
501.20000000000005,,33408.7,501.20000000000005,5.947,147,,5.947,24,2025-06-04 18:03:37,566525135.0,144142761.0
500.4,,33415.6,500.4,6.075,146,,6.075,24,2025-06-04 18:03:38,566525116.0,144141846.0
500.4,,33422.3,500.4,6.175,146,,6.175,24,2025-06-04 18:03:39,566525135.0,144140732.0
500.4,,33429.2,500.4,6.25,145,,6.25,24,2025-06-04 18:03:40,566525175.0,144139758.0
500.4,,33436.0,500.4,6.294,144,,6.294,24,2025-06-04 18:03:41,566525235.0,144138764.0
500.4,,33443.5,500.4,6.336,143,,6.336,24,2025-06-04 18:03:42,566525275.0,144137750.0
500.4,,33450.1,500.4,6.339,142,,6.339,24,2025-06-04 18:03:43,566525334.0,144136756.0
500.4,,33456.2,500.4,6.336,142,,6.336,24,2025-06-04 18:03:44,566525394.0,144135741.0
500.4,,33461.9,500.4,6.317,141,,6.317,24,2025-06-04 18:03:45,566525454.0,144134747.0
500.4,,33468.6,500.4,6.294,140,,6.294,24,2025-06-04 18:03:46,566525473.0,144133733.0
500.4,,33474.6,500.4,6.264,140,,6.264,24,2025-06-04 18:03:47,566525473.0,144132739.0
500.4,,33480.7,500.4,6.236,139,,6.236,24,2025-06-04 18:03:48,566525374.0,144131725.0
500.4,,33486.6,500.4,6.217,139,,6.217,24,2025-06-04 18:03:49,566525255.0,144130790.0
500.4,,33491.8,500.4,6.211,138,,6.211,24,2025-06-04 18:03:50,566525056.0,144129856.0
500.4,,33497.7,500.4,6.219,138,,6.219,24,2025-06-04 18:03:51,566524837.0,144128941.0
500.4,,33504.5,500.4,6.244,137,,6.244,24,2025-06-04 18:03:52,566524579.0,144128046.0
500.4,,33510.7,500.4,6.297,136,,6.297,24,2025-06-04 18:03:53,566524300.0,144127152.0
500.4,,33517.2,500.4,6.375,135,,6.375,24,2025-06-04 18:03:54,566524082.0,144126476.0
500.4,,33523.9,500.4,6.461,134,,6.461,24,2025-06-04 18:03:55,566523783.0,144125601.0
500.4,,33530.7,500.4,6.553,133,,6.553,24,2025-06-04 18:03:56,566523366.0,144124587.0
500.4,,33537.4,500.4,6.642,133,,6.642,24,2025-06-04 18:03:57,566523028.0,144123712.0
500.4,,33544.9,500.4,6.708,132,,6.708,24,2025-06-04 18:03:58,566522710.0,144122797.0
500.4,,33552.8,500.4,6.761,131,,6.761,24,2025-06-04 18:03:59,566522411.0,144121862.0
500.4,,33559.2,500.4,6.786,130,,6.786,24,2025-06-04 18:04:00,566522093.0,144120888.0
500.4,,33566.3,500.4,6.786,129,,6.786,24,2025-06-04 18:04:01,566521755.0,144119934.0
500.4,,33573.2,500.4,6.772,128,,6.772,24,2025-06-04 18:04:02,566521397.0,144118979.0
500.4,,33580.0,500.4,6.761,128,,6.761,24,2025-06-04 18:04:03,566521039.0,144118025.0
500.4,,33586.9,500.4,6.719,128,,6.719,24,2025-06-04 18:04:04,566520721.0,144117090.0
500.4,,33593.5,500.4,6.681,128,,6.681,24,2025-06-04 18:04:05,566520383.0,144116116.0
499.20000000000005,,33599.8,499.20000000000005,6.642,129,,6.642,24,2025-06-04 18:04:06,566520065.0,144115181.0
499.20000000000005,,33606.0,499.20000000000005,6.619,130,,6.619,24,2025-06-04 18:04:07,566519747.0,144114247.0
499.20000000000005,,33612.2,499.20000000000005,6.614,130,,6.614,24,2025-06-04 18:04:08,566519468.0,144113272.0
499.20000000000005,,33618.1,499.20000000000005,6.617,130,,6.617,24,2025-06-04 18:04:09,566519230.0,144112298.0
498.4,,33625.0,498.4,6.628,130,,6.628,24,2025-06-04 18:04:10,566519091.0,144111304.0
498.4,,33631.3,498.4,6.644,131,,6.644,24,2025-06-04 18:04:11,566519031.0,144110290.0
498.4,,33637.9,498.4,6.644,131,,6.644,24,2025-06-04 18:04:12,566519031.0,144109276.0
498.4,,33644.3,498.4,6.631,131,,6.631,24,2025-06-04 18:04:13,566519051.0,144108421.0
498.4,,33651.2,498.4,6.606,131,,6.606,24,2025-06-04 18:04:14,566519091.0,144107148.0
498.4,,33657.3,498.4,6.583,131,,6.583,24,2025-06-04 18:04:15,566519150.0,144106114.0
498.4,,33664.3,498.4,6.558,131,,6.558,24,2025-06-04 18:04:16,566519210.0,144105080.0
498.4,,33670.9,498.4,6.519,132,,6.519,24,2025-06-04 18:04:17,566519289.0,144104046.0
498.4,,33678.0,498.4,6.475,132,,6.475,24,2025-06-04 18:04:18,566519369.0,144103012.0
498.4,,33683.5,498.4,6.444,131,,6.444,24,2025-06-04 18:04:19,566519449.0,144101998.0
497.20000000000005,,33689.7,497.20000000000005,6.406,131,,6.406,24,2025-06-04 18:04:20,566519528.0,144101004.0
497.20000000000005,,33695.5,497.20000000000005,6.367,131,,6.367,24,2025-06-04 18:04:21,566519608.0,144099990.0
497.20000000000005,,33702.0,497.20000000000005,6.339,131,,6.339,24,2025-06-04 18:04:22,566519687.0,144098976.0
497.20000000000005,,33708.2,497.20000000000005,6.336,131,,6.336,24,2025-06-04 18:04:23,566519767.0,144098002.0
497.20000000000005,,33714.4,497.20000000000005,6.35,131,,6.35,24,2025-06-04 18:04:24,566519826.0,144097027.0
497.20000000000005,,33720.7,497.20000000000005,6.383,130,,6.383,24,2025-06-04 18:04:25,566519886.0,144096033.0
497.20000000000005,,33727.1,497.20000000000005,6.431,130,,6.431,24,2025-06-04 18:04:26,566519926.0,144095059.0
497.20000000000005,,33733.6,497.20000000000005,6.5,130,,6.5,24,2025-06-04 18:04:27,566519966.0,144094064.0
497.20000000000005,,33740.3,497.20000000000005,6.556,129,,6.556,24,2025-06-04 18:04:28,566520005.0,144093090.0
497.20000000000005,,33747.2,497.20000000000005,6.608,128,,6.608,24,2025-06-04 18:04:29,566520085.0,144092076.0
496.4,,33753.3,496.4,6.664,127,,6.664,24,2025-06-04 18:04:30,566520164.0,144091042.0
496.4,,33760.1,496.4,6.703,126,,6.703,24,2025-06-04 18:04:31,566520224.0,144090008.0
496.4,,33766.9,496.4,6.722,126,,6.722,24,2025-06-04 18:04:32,566520264.0,144088954.0
496.4,,33774.6,496.4,6.758,125,,6.758,24,2025-06-04 18:04:33,566520323.0,144087881.0
496.4,,33781.4,496.4,6.8,124,,6.8,24,2025-06-04 18:04:34,566520383.0,144086847.0
496.4,,33788.5,496.4,6.847,124,,6.847,24,2025-06-04 18:04:35,566520443.0,144085991.0
496.4,,33795.6,496.4,6.9,124,,6.9,24,2025-06-04 18:04:36,566520562.0,144084918.0
496.4,,33802.8,496.4,6.953,124,,6.953,24,2025-06-04 18:04:37,566520681.0,144083665.0
496.4,,33809.9,496.4,6.989,124,,6.989,24,2025-06-04 18:04:38,566520721.0,144082611.0
496.4,,33816.6,496.4,7.017,124,,7.017,24,2025-06-04 18:04:39,566520781.0,144081518.0
496.4,,33825.1,496.4,7.022,124,,7.022,24,2025-06-04 18:04:40,566520840.0,144080404.0
496.4,,33832.2,496.4,7.025,124,,7.025,24,2025-06-04 18:04:41,566520920.0,144079271.0
495.4,,33838.7,495.4,7.019,124,,7.019,24,2025-06-04 18:04:42,566521000.0,144078177.0
495.4,,33845.9,495.4,6.994,124,,6.994,24,2025-06-04 18:04:43,566521079.0,144077083.0
495.4,,33852.8,495.4,6.958,124,,6.958,24,2025-06-04 18:04:44,566521139.0,144075990.0
495.4,,33859.3,495.4,6.914,124,,6.914,24,2025-06-04 18:04:45,566521238.0,144074876.0
495.4,,33866.1,495.4,6.872,124,,6.872,24,2025-06-04 18:04:46,566521318.0,144073783.0
495.4,,33872.8,495.4,6.819,124,,6.819,24,2025-06-04 18:04:47,566521397.0,144072689.0
495.4,,33879.4,495.4,6.781,125,,6.781,24,2025-06-04 18:04:48,566521457.0,144071615.0
495.4,,33885.9,495.4,6.725,125,,6.725,24,2025-06-04 18:04:49,566521536.0,144070581.0
494.4,,33891.4,494.4,6.669,125,,6.669,24,2025-06-04 18:04:50,566521616.0,144069508.0
494.4,,33898.4,494.4,6.589,125,,6.589,24,2025-06-04 18:04:51,566521715.0,144068474.0
494.4,,33904.5,494.4,6.5,124,,6.5,24,2025-06-04 18:04:52,566521854.0,144067420.0
494.4,,33910.6,494.4,6.389,124,,6.389,24,2025-06-04 18:04:53,566521994.0,144066425.0
494.4,,33916.0,494.4,6.264,124,,6.264,24,2025-06-04 18:04:54,566522093.0,144065610.0
494.4,,33922.1,494.4,6.117,124,,6.117,24,2025-06-04 18:04:55,566522232.0,144064417.0
494.4,,33927.7,494.4,5.953,124,,5.953,24,2025-06-04 18:04:56,566522372.0,144063443.0
494.4,,33932.8,494.4,5.781,124,,5.781,24,2025-06-04 18:04:57,566522491.0,144062488.0
494.4,,33937.7,494.4,5.331,123,,5.331,24,2025-06-04 18:04:58,566522610.0,144061574.0
494.4,,33942.1,494.4,4.867,123,,4.867,24,2025-06-04 18:04:59,566522690.0,144060679.0
494.4,,33945.2,494.4,4.447,124,,4.447,24,2025-06-04 18:05:00,566522789.0,144059804.0
494.4,,33947.2,494.4,4.156,124,,4.156,24,2025-06-04 18:05:01,566522829.0,144058969.0
494.4,,33949.1,494.4,4.078,123,,4.078,24,2025-06-04 18:05:02,566522849.0,144058154.0
494.4,,33950.6,494.4,4.203,123,,4.203,24,2025-06-04 18:05:03,566522968.0,144057557.0
493.4,,33952.9,493.4,4.369,123,,4.369,24,2025-06-04 18:05:04,566523246.0,144056921.0
493.4,,33955.7,493.4,5.728,122,,5.728,24,2025-06-04 18:05:05,566523584.0,144056802.0
493.4,,33960.7,493.4,5.889,122,,5.889,24,2025-06-04 18:05:06,566523942.0,144056841.0
493.4,,33964.8,493.4,6.061,122,,6.061,24,2025-06-04 18:05:07,566524260.0,144057299.0
493.4,,33970.9,493.4,6.231,121,,6.231,24,2025-06-04 18:05:08,566524479.0,144057875.0
493.4,,33978.3,493.4,6.278,121,,6.278,24,2025-06-04 18:05:09,566524837.0,144058750.0
493.4,,33986.9,493.4,6.306,121,,6.306,24,2025-06-04 18:05:10,566525215.0,144059685.0
493.4,,33995.3,493.4,6.333,121,,6.333,24,2025-06-04 18:05:11,566525533.0,144060599.0
493.4,,34002.2,493.4,6.367,121,,6.367,24,2025-06-04 18:05:12,566525772.0,144061514.0
493.4,,34010.2,493.4,6.394,121,,6.394,24,2025-06-04 18:05:13,566525970.0,144062449.0
493.4,,34016.5,493.4,6.403,121,,6.403,24,2025-06-04 18:05:14,566526189.0,144063383.0
493.4,,34022.2,493.4,6.361,121,,6.361,24,2025-06-04 18:05:15,566526428.0,144064358.0
493.4,,34028.9,493.4,6.233,122,,6.233,24,2025-06-04 18:05:16,566526627.0,144065113.0
493.4,,34034.1,493.4,5.706,122,,5.706,24,2025-06-04 18:05:17,566526965.0,144066207.0
492.20000000000005,,34038.8,492.20000000000005,5.011,122,,5.011,24,2025-06-04 18:05:18,566527263.0,144067122.0
492.20000000000005,,34042.4,492.20000000000005,4.114,123,,4.114,24,2025-06-04 18:05:19,566527541.0,144068036.0
492.20000000000005,,34044.7,492.20000000000005,3.194,123,,3.194,24,2025-06-04 18:05:20,566527760.0,144068991.0
492.20000000000005,,34046.4,492.20000000000005,2.297,122,,2.297,24,2025-06-04 18:05:21,566527899.0,144069667.0
